DrugCom_ID	DrugID_1	Drug_Name_1	Highest_status_1	order_1	DrugID_2	Drug_Name_2	Highest_status_2	order_2	DrugID_3	Drug_Name_3	DrugID_4	Drug_Name_4	Disease_Entry	Source	Highest_status	Cell Line	ZIP	Bliss	Loewe	HSA	n_drugs
DCI8H2E	DMUM7HZ	Fluorouracil	Approved	34.0	DM5TVS3	Vinblastine	Approved	34.0	.	.	.	.	Large cell lung carcinoma	SYNERGxDB Database	Investigative	NCI-H460	5.7	7.07	5.15	10.37	2
DCC1IC6	DMUM7HZ	Fluorouracil	Approved	34.0	DM62QTW	RTB101	Phase 3	25.0	.	.	.	.	Large cell lung carcinoma	SYNERGxDB Database	Investigative	NCI-H460	0.61	0.64	1.54	5.9	2
DC942A5	DMUM7HZ	Fluorouracil	Approved	34.0	DMSE3I7	Gemcitabine	Preclinical	2.1	.	.	.	.	Large cell lung carcinoma	SYNERGxDB Database	Investigative	NCI-H460	10.1	7.04	0.39	10.04	2
DCRGG7P	DMUM7HZ	Fluorouracil	Approved	34.0	DM9WLN4	10-hydroxycamptothecin	Investigative	0.0	.	.	.	.	Large cell lung carcinoma	SYNERGxDB Database	Investigative	NCI-H460	0.1	4.95	7.34	9.59	2
DC6V07Q	DMUM7HZ	Fluorouracil	Approved	34.0	DMNO38U	Bortezomib	Approved	34.0	.	.	.	.	Large cell lung carcinoma	SYNERGxDB Database	Investigative	NCI-H460	7.94	8.45	6.96	10.92	2
DCMUSHW	DMUM7HZ	Fluorouracil	Approved	34.0	DMS8IFC	Sorafenib	Approved	34.0	.	.	.	.	Large cell lung carcinoma	SYNERGxDB Database	Investigative	NCI-H460	9.77	10.18	4.28	13.55	2
DCNZOVJ	DMUM7HZ	Fluorouracil	Approved	34.0	DMUOT9V	Taxol	Approved	34.0	.	.	.	.	Large cell lung carcinoma	SYNERGxDB Database	Investigative	NCI-H460	5.41	4.82	4.15	9.24	2
DCTWB80	DMUM7HZ	Fluorouracil	Approved	34.0	DMVXFYE	Vinorelbine	Approved	34.0	.	.	.	.	Large cell lung carcinoma	SYNERGxDB Database	Investigative	NCI-H460	1.94	2.4	0.06	5.37	2
DC1N0E8	DMUM7HZ	Fluorouracil	Approved	34.0	DMWMPD4	Vorinostat	Approved	34.0	.	.	.	.	Large cell lung carcinoma	SYNERGxDB Database	Investigative	NCI-H460	10.75	9	6.77	11.92	2
DCFXDKP	DM27D4J	PD-0325901	Phase 2	21.0	DM27D4J	PD-0325901	Phase 2	21.0	.	.	.	.	Large cell lung carcinoma	SYNERGxDB Database	Investigative	NCI-H460	0.07	5.59	8.13	9.01	2
DC65KUW	DM27D4J	PD-0325901	Phase 2	21.0	DM3WDZ5	MK-1775	Phase 2	21.0	.	.	.	.	Large cell lung carcinoma	SYNERGxDB Database	Investigative	NCI-H460	14.39	20.67	7.66	23.48	2
DCEPD3N	DM27D4J	PD-0325901	Phase 2	21.0	DM62QTW	RTB101	Phase 3	25.0	.	.	.	.	Large cell lung carcinoma	SYNERGxDB Database	Investigative	NCI-H460	10.52	10.66	9.81	13.76	2
DCRM7NJ	DM27D4J	PD-0325901	Phase 2	21.0	DM67EMK	SCH-900776	Phase 2	21.0	.	.	.	.	Large cell lung carcinoma	SYNERGxDB Database	Investigative	NCI-H460	13.31	12.39	11.23	14.62	2
DCPE1GD	DM27D4J	PD-0325901	Phase 2	21.0	DM9WLN4	10-hydroxycamptothecin	Investigative	0.0	.	.	.	.	Large cell lung carcinoma	SYNERGxDB Database	Investigative	NCI-H460	1.31	2.51	3.19	5.57	2
DC1JPAP	DM27D4J	PD-0325901	Phase 2	21.0	DMB5A80	SNX-2112	Investigative	0.0	.	.	.	.	Large cell lung carcinoma	SYNERGxDB Database	Investigative	NCI-H460	3.86	3.43	0.14	4.65	2
DCYS8IE	DM27D4J	PD-0325901	Phase 2	21.0	DMLYGH4	MK-4827	Phase 3	25.0	.	.	.	.	Large cell lung carcinoma	SYNERGxDB Database	Investigative	NCI-H460	0.1	6.49	8.35	8.46	2
DCX8LC8	DM27D4J	PD-0325901	Phase 2	21.0	DMNO38U	Bortezomib	Approved	34.0	.	.	.	.	Large cell lung carcinoma	SYNERGxDB Database	Investigative	NCI-H460	5.13	5.88	3.88	7.83	2
DCM1QFD	DM27D4J	PD-0325901	Phase 2	21.0	DMS8IFC	Sorafenib	Approved	34.0	.	.	.	.	Large cell lung carcinoma	SYNERGxDB Database	Investigative	NCI-H460	4.52	8.55	1.41	10.59	2
DCI0R4X	DM27D4J	PD-0325901	Phase 2	21.0	DMT1OZ6	MK-2206	Phase 2	21.0	.	.	.	.	Large cell lung carcinoma	SYNERGxDB Database	Investigative	NCI-H460	0.18	2.33	3.5	5.42	2
DCBTV1O	DM27D4J	PD-0325901	Phase 2	21.0	DMWMPD4	Vorinostat	Approved	34.0	.	.	.	.	Large cell lung carcinoma	SYNERGxDB Database	Investigative	NCI-H460	5.38	4.75	4.65	7.93	2
DCFZES4	DM27D4J	PD-0325901	Phase 2	21.0	DMJV2EK	Dasatinib	Investigative	0.0	.	.	.	.	Large cell lung carcinoma	SYNERGxDB Database	Investigative	NCI-H460	7.93	14.19	7.36	16.43	2
DC87MA5	DM4DOUB	PMID28460551-Compound-2	Patented	15.5	DM0YZC6	Fulvestrant	Approved	34.0	.	.	.	.	Minimally invasive lung adenocarcinoma	SYNERGxDB Database	Investigative	NCI-H322M	0.05	1.73	1.53	1.33	2
DCXS5HM	DM4DOUB	PMID28460551-Compound-2	Patented	15.5	DM2OZ3G	Ixabepilone	Approved	34.0	.	.	.	.	Lung adenocarcinoma 	SYNERGxDB Database	Investigative	NCI-H522	6.47	5.82	1.09	5.63	2
DCMSP5A	DM4DOUB	PMID28460551-Compound-2	Patented	15.5	DM2YGNW	Dactinomycin	Approved	34.0	.	.	.	.	Lung adenocarcinoma	SYNERGxDB Database	Investigative	MDA-MB-231	7.25	13.28	2.31	7.16	2
DC3ZEIN	DM4DOUB	PMID28460551-Compound-2	Patented	15.5	DM3WDZ5	MK-1775	Phase 2	21.0	.	.	.	.	Large cell lung carcinoma	SYNERGxDB Database	Investigative	NCI-H460	4.95	6.05	5	11.28	2
DCWBW8S	DM4DOUB	PMID28460551-Compound-2	Patented	15.5	DM62QTW	RTB101	Phase 3	25.0	.	.	.	.	Large cell lung carcinoma	SYNERGxDB Database	Investigative	NCI-H460	5.64	2.91	3.57	8.57	2
DCV2XN1	DM4DOUB	PMID28460551-Compound-2	Patented	15.5	DM67EMK	SCH-900776	Phase 2	21.0	.	.	.	.	Large cell lung carcinoma	SYNERGxDB Database	Investigative	NCI-H460	0.63	0.97	1.9	3.82	2
DCBW055	DM4DOUB	PMID28460551-Compound-2	Patented	15.5	DM9WLN4	10-hydroxycamptothecin	Investigative	0.0	.	.	.	.	Large cell lung carcinoma	SYNERGxDB Database	Investigative	NCI-H460	2.1	2.72	6.27	8.03	2
DCVZO79	DM4DOUB	PMID28460551-Compound-2	Patented	15.5	DMAO80I	Pralatrexate	Approved	34.0	.	.	.	.	Lung adenocarcinoma	SYNERGxDB Database	Investigative	EKVX	0.08	1.5	0.93	0.48	2
DCAMXSP	DM4DOUB	PMID28460551-Compound-2	Patented	15.5	DMCJLD1	SCH 727965	Discontinued in Phase 3	9.0	.	.	.	.	Large cell lung carcinoma	SYNERGxDB Database	Investigative	NCI-H460	5.51	5.92	2.19	10.7	2
DCS4IR4	DM4DOUB	PMID28460551-Compound-2	Patented	15.5	DMCMBHA	Erlotinib	Approved	34.0	.	.	.	.	Large cell lung carcinoma	SYNERGxDB Database	Investigative	NCI-H460	4.49	2.24	5.43	6.96	2
DC8C60L	DM4DOUB	PMID28460551-Compound-2	Patented	15.5	DMCT3I8	Ifosfamide	Approved	34.0	.	.	.	.	Lung adenocarcinoma	SYNERGxDB Database	Investigative	HOP-62	2.15	11.25	0.98	5.54	2
DC820ZC	DM4DOUB	PMID28460551-Compound-2	Patented	15.5	DMH0ZJE	Mitomycin	Approved	34.0	.	.	.	.	Lung adenocarcinoma	SYNERGxDB Database	Investigative	HOP-62	5.59	7.7	0.06	8.62	2
DCWNWOX	DM4DOUB	PMID28460551-Compound-2	Patented	15.5	DMM0XGL	Idarubicin	Approved	34.0	.	.	.	.	Large cell lung carcinoma	SYNERGxDB Database	Investigative	NCI-H460	1.08	1.29	0.48	4.07	2
DCEDVB1	DM4DOUB	PMID28460551-Compound-2	Patented	15.5	DMNER5S	Bleomycin	Approved	34.0	.	.	.	.	Large cell lung carcinoma	SYNERGxDB Database	Investigative	NCI-H460	1.46	4.58	5.96	8.7	2
DC3XF02	DM4DOUB	PMID28460551-Compound-2	Patented	15.5	DMNER5S	Bleomycin	Approved	34.0	.	.	.	.	Lung adenocarcinoma	SYNERGxDB Database	Investigative	HOP-62	1.71	3.21	6.35	8.19	2
DCR8FZA	DM4DOUB	PMID28460551-Compound-2	Patented	15.5	DMNO38U	Bortezomib	Approved	34.0	.	.	.	.	Large cell lung carcinoma	SYNERGxDB Database	Investigative	NCI-H460	8.64	6.86	5.28	9.4	2
DCF5HCZ	DM4DOUB	PMID28460551-Compound-2	Patented	15.5	DMRHGI9	Cisplatin	Approved	34.0	.	.	.	.	Large cell lung carcinoma	SYNERGxDB Database	Investigative	NCI-H460	5.13	6.66	6.56	10.02	2
DCSLOTU	DM4DOUB	PMID28460551-Compound-2	Patented	15.5	DMRHGI9	Cisplatin	Approved	34.0	.	.	.	.	Non-small cell lung carcinoma	SYNERGxDB Database	Investigative	HOP-92	3.08	3.81	0.51	4.72	2
DCRJXW5	DM4DOUB	PMID28460551-Compound-2	Patented	15.5	DMRKE63	Chlorambucil	Approved	34.0	.	.	.	.	Large cell lung carcinoma	SYNERGxDB Database	Investigative	NCI-H460	1.6	3.13	3.92	4.34	2
DCGOUL9	DM4DOUB	PMID28460551-Compound-2	Patented	15.5	DMRKE63	Chlorambucil	Approved	34.0	.	.	.	.	Lung adenocarcinoma 	SYNERGxDB Database	Investigative	NCI-H522	0.49	8.93	6.3	4.38	2
DC4ZBKH	DM4DOUB	PMID28460551-Compound-2	Patented	15.5	DMS8IFC	Sorafenib	Approved	34.0	.	.	.	.	Large cell lung carcinoma	SYNERGxDB Database	Investigative	NCI-H460	6.51	6.92	1.43	11.37	2
DCHW1ZE	DM4DOUB	PMID28460551-Compound-2	Patented	15.5	DMSG91J	ER819762	Investigative	0.0	.	.	.	.	Large cell lung carcinoma	SYNERGxDB Database	Investigative	NCI-H460	8.39	9.41	7.05	4.91	2
DCIYQVI	DM4DOUB	PMID28460551-Compound-2	Patented	15.5	DMSG91J	ER819762	Investigative	0.0	.	.	.	.	Lung adenocarcinoma	SYNERGxDB Database	Investigative	HOP-62	2.22	8.82	4.89	4.39	2
DCRRMLZ	DM4DOUB	PMID28460551-Compound-2	Patented	15.5	DMTJAEP	Vinflunine	Approved	34.0	.	.	.	.	Lung adenocarcinoma	SYNERGxDB Database	Investigative	HOP-62	4.45	8.97	2.2	1.54	2
DCISRN5	DM4DOUB	PMID28460551-Compound-2	Patented	15.5	DMTM2IK	Mercaptopurine	Preclinical	2.1	.	.	.	.	Lung adenocarcinoma	SYNERGxDB Database	Investigative	HOP-62	2.02	10.86	6.57	8.3	2
DCJZSID	DM4DOUB	PMID28460551-Compound-2	Patented	15.5	DMWIDJK	FORMESTANE	Withdrawn from market	12.0	.	.	.	.	Lung adenocarcinoma	SYNERGxDB Database	Investigative	HOP-62	3.79	9.83	10.64	7.11	2
DCHTWZ6	DM4DOUB	PMID28460551-Compound-2	Patented	15.5	DMWMPD4	Vorinostat	Approved	34.0	.	.	.	.	Large cell lung carcinoma	SYNERGxDB Database	Investigative	NCI-H460	7.47	4.08	2.45	8.16	2
DCG9STD	DM4DOUB	PMID28460551-Compound-2	Patented	15.5	DMWNHPC	Aminolevulinic Acid Hydrochloride	Approved	34.0	.	.	.	.	Large cell lung carcinoma	SYNERGxDB Database	Investigative	NCI-H460	0.72	3.62	4.9	7.55	2
DC45DTY	DM4DOUB	PMID28460551-Compound-2	Patented	15.5	DMWNHPC	Aminolevulinic Acid Hydrochloride	Approved	34.0	.	.	.	.	Minimally invasive lung adenocarcinoma	SYNERGxDB Database	Investigative	NCI-H322M	2.67	5.38	2.22	1.21	2
DC42CDK	DM4DOUB	PMID28460551-Compound-2	Patented	15.5	DMJV2EK	Dasatinib	Investigative	0.0	.	.	.	.	Lung adenocarcinoma	SYNERGxDB Database	Investigative	HOP-62	0	3.14	3.29	3.92	2
DC7AIQV	DM4DOUB	PMID28460551-Compound-2	Patented	15.5	DMJV2EK	Dasatinib	Investigative	0.0	.	.	.	.	Minimally invasive lung adenocarcinoma	SYNERGxDB Database	Investigative	NCI-H322M	1.47	5.79	3.01	3.02	2
DC9NLCP	DMCJLD1	SCH 727965	Discontinued in Phase 3	9.0	DM27D4J	PD-0325901	Phase 2	21.0	.	.	.	.	Large cell lung carcinoma	SYNERGxDB Database	Investigative	NCI-H460	8.23	10.55	15.91	16.84	2
DCGEUEJ	DMCJLD1	SCH 727965	Discontinued in Phase 3	9.0	DM3BH1Y	Lapatinib	Approved	34.0	.	.	.	.	Large cell lung carcinoma	SYNERGxDB Database	Investigative	NCI-H460	0.36	4.18	8.64	9.8	2
DC6IEOO	DMCJLD1	SCH 727965	Discontinued in Phase 3	9.0	DM5JVS3	Isoniazid	Approved	34.0	.	.	.	.	Non-small cell lung carcinoma	SYNERGxDB Database	Investigative	HOP-92	0.74	5.48	4.5	4.93	2
DCI057A	DMCJLD1	SCH 727965	Discontinued in Phase 3	9.0	DM62QTW	RTB101	Phase 3	25.0	.	.	.	.	Large cell lung carcinoma	SYNERGxDB Database	Investigative	NCI-H460	13.69	12.48	7.99	17.97	2
DCMJTED	DMCJLD1	SCH 727965	Discontinued in Phase 3	9.0	DM67EMK	SCH-900776	Phase 2	21.0	.	.	.	.	Large cell lung carcinoma	SYNERGxDB Database	Investigative	NCI-H460	2.56	12.16	14.06	15.64	2
DC7HGEQ	DMCJLD1	SCH 727965	Discontinued in Phase 3	9.0	DM7C8YV	Plicamycin	Approved	34.0	.	.	.	.	Lung adenocarcinoma	SYNERGxDB Database	Investigative	HOP-62	0.42	4.22	0.37	2.52	2
DC0LXEE	DMCJLD1	SCH 727965	Discontinued in Phase 3	9.0	DM7XZY5	Triapine	Phase 2	21.0	.	.	.	.	Lung adenocarcinoma	SYNERGxDB Database	Investigative	HOP-62	9.63	11.83	5.99	4.25	2
DC7OTQE	DMCJLD1	SCH 727965	Discontinued in Phase 3	9.0	DM9WLN4	10-hydroxycamptothecin	Investigative	0.0	.	.	.	.	Large cell lung carcinoma	SYNERGxDB Database	Investigative	NCI-H460	15.63	15.99	20.55	21.99	2
DCNTZD1	DMCJLD1	SCH 727965	Discontinued in Phase 3	9.0	DMAO80I	Pralatrexate	Approved	34.0	.	.	.	.	Large cell lung carcinoma	SYNERGxDB Database	Investigative	NCI-H460	1.02	0.36	0.9	1.12	2
DCM2BSB	DMCJLD1	SCH 727965	Discontinued in Phase 3	9.0	DMAO80I	Pralatrexate	Approved	34.0	.	.	.	.	Lung adenocarcinoma 	SYNERGxDB Database	Investigative	NCI-H522	3.16	1.39	0.05	1.07	2
DCM4DWY	DMCJLD1	SCH 727965	Discontinued in Phase 3	9.0	DMB5A80	SNX-2112	Investigative	0.0	.	.	.	.	Large cell lung carcinoma	SYNERGxDB Database	Investigative	NCI-H460	5.83	5.32	3.79	7.59	2
DCETV9W	DMCJLD1	SCH 727965	Discontinued in Phase 3	9.0	DMC3P45	Terameprocol	Phase 2	21.0	.	.	.	.	Lung adenocarcinoma	SYNERGxDB Database	Investigative	EKVX	1.5	3.78	2.5	1.81	2
DC3WBS1	DMCJLD1	SCH 727965	Discontinued in Phase 3	9.0	DMC3P45	Terameprocol	Phase 2	21.0	.	.	.	.	Lung adenocarcinoma 	SYNERGxDB Database	Investigative	NCI-H522	1.18	2.5	1.27	1.18	2
DC439XI	DMCJLD1	SCH 727965	Discontinued in Phase 3	9.0	DMH0ZJE	Mitomycin	Approved	34.0	.	.	.	.	Non-small cell lung carcinoma	SYNERGxDB Database	Investigative	HOP-92	1.81	3.47	1.3	0.58	2
DCAPBAE	DMCJLD1	SCH 727965	Discontinued in Phase 3	9.0	DMLHEU7	Ridaforolimus	Phase 3	25.0	.	.	.	.	Large cell lung carcinoma	SYNERGxDB Database	Investigative	NCI-H460	8.7	6.87	5.23	9.25	2
DC61CRJ	DMCJLD1	SCH 727965	Discontinued in Phase 3	9.0	DMLYGH4	MK-4827	Phase 3	25.0	.	.	.	.	Large cell lung carcinoma	SYNERGxDB Database	Investigative	NCI-H460	9.11	15.58	19.33	19.32	2
DCUMWSL	DMCJLD1	SCH 727965	Discontinued in Phase 3	9.0	DMM0XGL	Idarubicin	Approved	34.0	.	.	.	.	Large cell lung carcinoma	SYNERGxDB Database	Investigative	NCI-H460	1.25	5.24	6.99	7.87	2
DCPVDEH	DMCJLD1	SCH 727965	Discontinued in Phase 3	9.0	DMNER5S	Bleomycin	Approved	34.0	.	.	.	.	Minimally invasive lung adenocarcinoma	SYNERGxDB Database	Investigative	NCI-H322M	0.44	5.4	5.77	6	2
DC5OS2F	DMCJLD1	SCH 727965	Discontinued in Phase 3	9.0	DMNO38U	Bortezomib	Approved	34.0	.	.	.	.	Large cell lung carcinoma	SYNERGxDB Database	Investigative	NCI-H460	0.71	2.48	3.79	5.49	2
DCJ9X6E	DMCJLD1	SCH 727965	Discontinued in Phase 3	9.0	DMOYJFK	Valrubicin	Approved	34.0	.	.	.	.	Large cell lung carcinoma	SYNERGxDB Database	Investigative	NCI-H460	0.85	2.84	0.46	4.2	2
DCKIRZX	DMCJLD1	SCH 727965	Discontinued in Phase 3	9.0	DMOYJFK	Valrubicin	Approved	34.0	.	.	.	.	Lung adenocarcinoma	SYNERGxDB Database	Investigative	MDA-MB-231	6.19	6.43	2.28	5.46	2
DCRAVKK	DMCJLD1	SCH 727965	Discontinued in Phase 3	9.0	DMOYJFK	Valrubicin	Approved	34.0	.	.	.	.	Lung adenocarcinoma	SYNERGxDB Database	Investigative	EKVX	8.86	12.8	9.83	9.87	2
DC58857	DMCJLD1	SCH 727965	Discontinued in Phase 3	9.0	DMOYJFK	Valrubicin	Approved	34.0	.	.	.	.	Lung adenocarcinoma	SYNERGxDB Database	Investigative	HOP-62	0.64	3.8	2	2.88	2
DCK864R	DMCJLD1	SCH 727965	Discontinued in Phase 3	9.0	DMOYJFK	Valrubicin	Approved	34.0	.	.	.	.	Lung adenocarcinoma 	SYNERGxDB Database	Investigative	NCI-H522	2.78	3.71	0.47	3.21	2
DCVR6RL	DMCJLD1	SCH 727965	Discontinued in Phase 3	9.0	DMOYJFK	Valrubicin	Approved	34.0	.	.	.	.	Minimally invasive lung adenocarcinoma	SYNERGxDB Database	Investigative	NCI-H322M	2.88	5.24	6.8	7.3	2
DCNGAI7	DMCJLD1	SCH 727965	Discontinued in Phase 3	9.0	DMOYJFK	Valrubicin	Approved	34.0	.	.	.	.	Non-small cell lung carcinoma	SYNERGxDB Database	Investigative	HOP-92	4.16	4.68	1.05	3.25	2
DCWFX3A	DMCJLD1	SCH 727965	Discontinued in Phase 3	9.0	DMRKE63	Chlorambucil	Approved	34.0	.	.	.	.	Lung adenocarcinoma	SYNERGxDB Database	Investigative	EKVX	0.92	4.44	5.33	2.35	2
DCW6IVX	DMCJLD1	SCH 727965	Discontinued in Phase 3	9.0	DMS8IFC	Sorafenib	Approved	34.0	.	.	.	.	Large cell lung carcinoma	SYNERGxDB Database	Investigative	NCI-H460	2.55	2.15	0.42	5.68	2
DC0OQ7U	DMCJLD1	SCH 727965	Discontinued in Phase 3	9.0	DMSG91J	ER819762	Investigative	0.0	.	.	.	.	Lung adenocarcinoma 	SYNERGxDB Database	Investigative	NCI-H522	2.33	4.38	5.1	0.62	2
DCJUW32	DMCJLD1	SCH 727965	Discontinued in Phase 3	9.0	DMT1OZ6	MK-2206	Phase 2	21.0	.	.	.	.	Large cell lung carcinoma	SYNERGxDB Database	Investigative	NCI-H460	7.48	12.5	16.93	18.23	2
DC9ISN2	DMCJLD1	SCH 727965	Discontinued in Phase 3	9.0	DMTJAEP	Vinflunine	Approved	34.0	.	.	.	.	Lung adenocarcinoma	SYNERGxDB Database	Investigative	EKVX	3.28	4.48	2.47	0.09	2
DC4TL3L	DMCJLD1	SCH 727965	Discontinued in Phase 3	9.0	DMWIDJK	FORMESTANE	Withdrawn from market	12.0	.	.	.	.	Lung adenocarcinoma 	SYNERGxDB Database	Investigative	NCI-H522	0.12	1.58	0.46	0.76	2
DCUMC3M	DMCJLD1	SCH 727965	Discontinued in Phase 3	9.0	DMWNHPC	Aminolevulinic Acid Hydrochloride	Approved	34.0	.	.	.	.	Large cell lung carcinoma	SYNERGxDB Database	Investigative	NCI-H460	0.79	1.41	1.43	2.28	2
DC92V6B	DMCJLD1	SCH 727965	Discontinued in Phase 3	9.0	DMJV2EK	Dasatinib	Investigative	0.0	.	.	.	.	Large cell lung carcinoma	SYNERGxDB Database	Investigative	NCI-H460	13.79	19.41	23.08	24.38	2
DCEDVX5	DMP6G8T	Topotecan	Approved	34.0	DMP6SC2	Irinotecan	Approved	34.0	.	.	.	.	Relapsed Small Cell Lung Cancer	ClinicalTrials.gov	Phase 3	.	.	.	.	.	2
DCYHSU1	DMP6G8T	Topotecan	Approved	34.0	DMVXFYE	Vinorelbine	Approved	34.0	.	.	.	.	Lung Cancer	ClinicalTrials.gov	Phase 1	.	.	.	.	.	2
DCQ5WST	DMP6G8T	Topotecan	Approved	34.0	DMR9PCT	VX-970	Phase 1	17.0	.	.	.	.	Carcinoma, Non-Small -Cell Lung	ClinicalTrials.gov	Phase 1	.	.	.	.	.	2
DCZN7EW	DMP6G8T	Topotecan	Approved	34.0	DM0PIY6	Picoplatin	Phase 3	25.0	.	.	.	.	Lung adenocarcinoma	SYNERGxDB Database	Investigative	EKVX	10.91	8.14	1.5	6.31	2
DC266TN	DMP6G8T	Topotecan	Approved	34.0	DM0YZC6	Fulvestrant	Approved	34.0	.	.	.	.	Minimally invasive lung adenocarcinoma	SYNERGxDB Database	Investigative	NCI-H322M	6.91	8.49	8.43	8.89	2
DCKTDYR	DMP6G8T	Topotecan	Approved	34.0	DM27D4J	PD-0325901	Phase 2	21.0	.	.	.	.	Large cell lung carcinoma	SYNERGxDB Database	Investigative	NCI-H460	4.66	3.59	1.77	6.14	2
DC6XIC2	DMP6G8T	Topotecan	Approved	34.0	DM2OZ3G	Ixabepilone	Approved	34.0	.	.	.	.	Minimally invasive lung adenocarcinoma	SYNERGxDB Database	Investigative	NCI-H322M	3.72	5.11	5.42	5.36	2
DCFHSCL	DMP6G8T	Topotecan	Approved	34.0	DM2YGNW	Dactinomycin	Approved	34.0	.	.	.	.	Lung adenocarcinoma 	SYNERGxDB Database	Investigative	NCI-H522	7.56	8.92	8.21	8.15	2
DCDXZTZ	DMP6G8T	Topotecan	Approved	34.0	DM2YGNW	Dactinomycin	Approved	34.0	.	.	.	.	Minimally invasive lung adenocarcinoma	SYNERGxDB Database	Investigative	NCI-H322M	4.94	6.86	6.07	6.02	2
DC0M8YU	DMP6G8T	Topotecan	Approved	34.0	DM2YGNW	Dactinomycin	Approved	34.0	.	.	.	.	Non-small cell lung carcinoma	SYNERGxDB Database	Investigative	HOP-92	1.56	1.84	1.87	2.13	2
DCMHL31	DMP6G8T	Topotecan	Approved	34.0	DM3BF9B	DFN-15	Phase 3	25.0	.	.	.	.	Minimally invasive lung adenocarcinoma	SYNERGxDB Database	Investigative	NCI-H322M	3.01	6.43	7.12	10	2
DCGJXJA	DMP6G8T	Topotecan	Approved	34.0	DM3BH1Y	Lapatinib	Approved	34.0	.	.	.	.	Minimally invasive lung adenocarcinoma	SYNERGxDB Database	Investigative	NCI-H322M	5.49	5.75	7.46	9.83	2
DCJEDEP	DMP6G8T	Topotecan	Approved	34.0	DM4DOUB	PMID28460551-Compound-2	Patented	15.5	.	.	.	.	Large cell lung carcinoma	SYNERGxDB Database	Investigative	NCI-H460	3.51	3.24	0.26	9.09	2
DC2M8Z3	DMP6G8T	Topotecan	Approved	34.0	DM4DOUB	PMID28460551-Compound-2	Patented	15.5	.	.	.	.	Minimally invasive lung adenocarcinoma	SYNERGxDB Database	Investigative	NCI-H322M	9.84	8.97	9.89	10.35	2
DCXV3S8	DMP6G8T	Topotecan	Approved	34.0	DM4F29C	Crizotinib	Approved	34.0	.	.	.	.	Minimally invasive lung adenocarcinoma	SYNERGxDB Database	Investigative	NCI-H322M	13.45	14.84	13.08	13.54	2
DCKYX82	DMP6G8T	Topotecan	Approved	34.0	DM2TEOL	Methotrexate	Phase 1/2 Trial	19.0	.	.	.	.	Lung adenocarcinoma	SYNERGxDB Database	Investigative	MDA-MB-231	1.34	6.35	0.12	0.46	2
DCC7GEC	DMP6G8T	Topotecan	Approved	34.0	DM2TEOL	Methotrexate	Phase 1/2 Trial	19.0	.	.	.	.	Minimally invasive lung adenocarcinoma	SYNERGxDB Database	Investigative	NCI-H322M	4.88	6.78	3.75	4.27	2
DCS0UWV	DMP6G8T	Topotecan	Approved	34.0	DM5JVS3	Isoniazid	Approved	34.0	.	.	.	.	Minimally invasive lung adenocarcinoma	SYNERGxDB Database	Investigative	NCI-H322M	2.76	5.99	4.67	6.83	2
DC4PRS5	DMP6G8T	Topotecan	Approved	34.0	DM61TA4	Arsenic trioxide	Approved	34.0	.	.	.	.	Lung adenocarcinoma	SYNERGxDB Database	Investigative	EKVX	2.66	3.58	2.99	5.04	2
DCGTF42	DMP6G8T	Topotecan	Approved	34.0	DM61TA4	Arsenic trioxide	Approved	34.0	.	.	.	.	Minimally invasive lung adenocarcinoma	SYNERGxDB Database	Investigative	NCI-H322M	9.84	10.8	6.98	7.2	2
DC9E021	DMP6G8T	Topotecan	Approved	34.0	DM62QTW	RTB101	Phase 3	25.0	.	.	.	.	Large cell lung carcinoma	SYNERGxDB Database	Investigative	NCI-H460	2.94	1.14	6	9.33	2
DCWNGKC	DMP6G8T	Topotecan	Approved	34.0	DM62UG5	Vemurafenib	Approved	34.0	.	.	.	.	Minimally invasive lung adenocarcinoma	SYNERGxDB Database	Investigative	NCI-H322M	10.32	14.27	7.77	9.65	2
DCRYU0H	DMP6G8T	Topotecan	Approved	34.0	DM67EMK	SCH-900776	Phase 2	21.0	.	.	.	.	Large cell lung carcinoma	SYNERGxDB Database	Investigative	NCI-H460	6.34	6.46	7.28	9.47	2
DCOW38N	DMP6G8T	Topotecan	Approved	34.0	DM7C8YV	Plicamycin	Approved	34.0	.	.	.	.	Lung adenocarcinoma 	SYNERGxDB Database	Investigative	NCI-H522	20.9	19.11	18.9	18.94	2
DCJWGDK	DMP6G8T	Topotecan	Approved	34.0	DM7C8YV	Plicamycin	Approved	34.0	.	.	.	.	Minimally invasive lung adenocarcinoma	SYNERGxDB Database	Investigative	NCI-H322M	4.49	4.96	4.4	4.42	2
DCOXFIQ	DMP6G8T	Topotecan	Approved	34.0	DM7HXWT	Nilotinib	Approved	34.0	.	.	.	.	Lung adenocarcinoma	SYNERGxDB Database	Investigative	EKVX	2.96	5.53	3.64	3.19	2
DCEU2HE	DMP6G8T	Topotecan	Approved	34.0	DM7HXWT	Nilotinib	Approved	34.0	.	.	.	.	Minimally invasive lung adenocarcinoma	SYNERGxDB Database	Investigative	NCI-H322M	9.88	8.65	4.04	4.4	2
DCLMILN	DMP6G8T	Topotecan	Approved	34.0	DM9WLN4	10-hydroxycamptothecin	Investigative	0.0	.	.	.	.	Minimally invasive lung adenocarcinoma	SYNERGxDB Database	Investigative	NCI-H322M	6.84	6.67	5.99	9.39	2
DCQP5WK	DMP6G8T	Topotecan	Approved	34.0	DMAE6LK	Topetecan	Approved	34.0	.	.	.	.	Lung adenocarcinoma	SYNERGxDB Database	Investigative	EKVX	4.21	3.6	5.23	4.64	2
DC6T63F	DMP6G8T	Topotecan	Approved	34.0	DMAE6LK	Topetecan	Approved	34.0	.	.	.	.	Minimally invasive lung adenocarcinoma	SYNERGxDB Database	Investigative	NCI-H322M	4.06	6.63	6.21	6.18	2
DCU4XMG	DMP6G8T	Topotecan	Approved	34.0	DMAO80I	Pralatrexate	Approved	34.0	.	.	.	.	Minimally invasive lung adenocarcinoma	SYNERGxDB Database	Investigative	NCI-H322M	5.52	6.42	6.94	6.88	2
DCZRX3H	DMP6G8T	Topotecan	Approved	34.0	DMC3P45	Terameprocol	Phase 2	21.0	.	.	.	.	Minimally invasive lung adenocarcinoma	SYNERGxDB Database	Investigative	NCI-H322M	4.82	9.21	4.15	8.94	2
DC1KS14	DMP6G8T	Topotecan	Approved	34.0	DMCJLD1	SCH 727965	Discontinued in Phase 3	9.0	.	.	.	.	Large cell lung carcinoma	SYNERGxDB Database	Investigative	NCI-H460	4.09	3.41	4.41	8.11	2
DC5VN9Q	DMP6G8T	Topotecan	Approved	34.0	DMCJLD1	SCH 727965	Discontinued in Phase 3	9.0	.	.	.	.	Minimally invasive lung adenocarcinoma	SYNERGxDB Database	Investigative	NCI-H322M	6.5	7.1	5.28	5.6	2
DCX3PDX	DMP6G8T	Topotecan	Approved	34.0	DMCMBHA	Erlotinib	Approved	34.0	.	.	.	.	Large cell lung carcinoma	SYNERGxDB Database	Investigative	NCI-H460	0.35	2.38	5.71	8.06	2
DCK13UJ	DMP6G8T	Topotecan	Approved	34.0	DMFH15Z	Bendamustine hydrochloride	Approved	34.0	.	.	.	.	Minimally invasive lung adenocarcinoma	SYNERGxDB Database	Investigative	NCI-H322M	2.59	5.25	10.83	11.15	2
DC3SIE5	DMP6G8T	Topotecan	Approved	34.0	DMH07Y3	Letrozole	Approved	34.0	.	.	.	.	Minimally invasive lung adenocarcinoma	SYNERGxDB Database	Investigative	NCI-H322M	9.08	8.49	9.29	10.54	2
DC0AN9H	DMP6G8T	Topotecan	Approved	34.0	DMH0ZJE	Mitomycin	Approved	34.0	.	.	.	.	Lung adenocarcinoma	SYNERGxDB Database	Investigative	EKVX	6.25	4.75	3.14	4.58	2
DCHQ2ZU	DMP6G8T	Topotecan	Approved	34.0	DMH0ZJE	Mitomycin	Approved	34.0	.	.	.	.	Minimally invasive lung adenocarcinoma	SYNERGxDB Database	Investigative	NCI-H322M	1.82	3.05	1.25	5.28	2
DCF9089	DMP6G8T	Topotecan	Approved	34.0	DMH8UF0	SY-1425	Phase 1	17.0	.	.	.	.	Lung adenocarcinoma	SYNERGxDB Database	Investigative	EKVX	3.43	4.53	2.48	2.25	2
DCIKAMH	DMP6G8T	Topotecan	Approved	34.0	DMH8UF0	SY-1425	Phase 1	17.0	.	.	.	.	Minimally invasive lung adenocarcinoma	SYNERGxDB Database	Investigative	NCI-H322M	8.45	6.13	6.71	7.59	2
DCM7VUG	DMP6G8T	Topotecan	Approved	34.0	DMH8UF0	SY-1425	Phase 1	17.0	.	.	.	.	Non-small cell lung carcinoma	SYNERGxDB Database	Investigative	HOP-92	5.44	5.8	10.55	11.59	2
DCNCJ2N	DMP6G8T	Topotecan	Approved	34.0	DMIXMYK	Arfolitixorin	Phase 3	25.0	.	.	.	.	Lung adenocarcinoma	SYNERGxDB Database	Investigative	EKVX	2.43	5.21	6.96	10.99	2
DC0TDQD	DMP6G8T	Topotecan	Approved	34.0	DMKLAYG	Altretamine	Approved	34.0	.	.	.	.	Minimally invasive lung adenocarcinoma	SYNERGxDB Database	Investigative	NCI-H322M	8.63	6.23	0.17	4.96	2
DC9ZREI	DMP6G8T	Topotecan	Approved	34.0	DMLNFWU	TEM	Phase 2	21.0	.	.	.	.	Lung adenocarcinoma	SYNERGxDB Database	Investigative	EKVX	1.06	0.41	0.78	0.85	2
DCOHWM3	DMP6G8T	Topotecan	Approved	34.0	DMLNFWU	TEM	Phase 2	21.0	.	.	.	.	Minimally invasive lung adenocarcinoma	SYNERGxDB Database	Investigative	NCI-H322M	14.39	15.9	18.16	19.67	2
DCBYEW7	DMP6G8T	Topotecan	Approved	34.0	DMLYGH4	MK-4827	Phase 3	25.0	.	.	.	.	Large cell lung carcinoma	SYNERGxDB Database	Investigative	NCI-H460	3.38	3.54	6.89	6.22	2
DCOSH7A	DMP6G8T	Topotecan	Approved	34.0	DMM0XGL	Idarubicin	Approved	34.0	.	.	.	.	Minimally invasive lung adenocarcinoma	SYNERGxDB Database	Investigative	NCI-H322M	12.32	11.16	1.56	7.56	2
DC1XXZT	DMP6G8T	Topotecan	Approved	34.0	DM7RJXL	Imatinib	Phase 3 Trial	25.0	.	.	.	.	Minimally invasive lung adenocarcinoma	SYNERGxDB Database	Investigative	NCI-H322M	4.21	4.36	3.24	6.06	2
DCLSJ1J	DMP6G8T	Topotecan	Approved	34.0	DMNO38U	Bortezomib	Approved	34.0	.	.	.	.	Large cell lung carcinoma	SYNERGxDB Database	Investigative	NCI-H460	3.22	2.03	1.91	4.89	2
DCB8ZSS	DMP6G8T	Topotecan	Approved	34.0	DMNO38U	Bortezomib	Approved	34.0	.	.	.	.	Minimally invasive lung adenocarcinoma	SYNERGxDB Database	Investigative	NCI-H322M	4.86	7.75	6.28	6.22	2
DCPKN3I	DMP6G8T	Topotecan	Approved	34.0	DMOYJFK	Valrubicin	Approved	34.0	.	.	.	.	Minimally invasive lung adenocarcinoma	SYNERGxDB Database	Investigative	NCI-H322M	0.65	1.48	4.29	4.29	2
DCC8AX9	DMP6G8T	Topotecan	Approved	34.0	DMRHGI9	Cisplatin	Approved	34.0	.	.	.	.	Minimally invasive lung adenocarcinoma	SYNERGxDB Database	Investigative	NCI-H322M	3.89	5.51	2.95	4.83	2
DCHCMSY	DMP6G8T	Topotecan	Approved	34.0	DMRKE63	Chlorambucil	Approved	34.0	.	.	.	.	Minimally invasive lung adenocarcinoma	SYNERGxDB Database	Investigative	NCI-H322M	7.39	9.77	1.12	5.14	2
DC9XXVI	DMP6G8T	Topotecan	Approved	34.0	DMSG91J	ER819762	Investigative	0.0	.	.	.	.	Lung adenocarcinoma	SYNERGxDB Database	Investigative	EKVX	0.8	1.01	0.81	0.35	2
DCBGKWO	DMP6G8T	Topotecan	Approved	34.0	DMSG91J	ER819762	Investigative	0.0	.	.	.	.	Minimally invasive lung adenocarcinoma	SYNERGxDB Database	Investigative	NCI-H322M	8.69	9.4	6.33	6.64	2
DC2HXKH	DMP6G8T	Topotecan	Approved	34.0	DMT5GNL	Romidepsin	Approved	34.0	.	.	.	.	Lung adenocarcinoma	SYNERGxDB Database	Investigative	MDA-MB-231	5.76	5.87	6.24	8.44	2
DCYMPP2	DMP6G8T	Topotecan	Approved	34.0	DMT5GNL	Romidepsin	Approved	34.0	.	.	.	.	Lung adenocarcinoma	SYNERGxDB Database	Investigative	EKVX	28.87	24.44	28.36	28.97	2
DCNI3UD	DMP6G8T	Topotecan	Approved	34.0	DMT5GNL	Romidepsin	Approved	34.0	.	.	.	.	Minimally invasive lung adenocarcinoma	SYNERGxDB Database	Investigative	NCI-H322M	9.76	10.38	13.63	14.16	2
DCBKSJZ	DMP6G8T	Topotecan	Approved	34.0	DMTA5OE	Azacitidine	Approved	34.0	.	.	.	.	Minimally invasive lung adenocarcinoma	SYNERGxDB Database	Investigative	NCI-H322M	6.43	6.78	9.67	10.32	2
DCUTGBS	DMP6G8T	Topotecan	Approved	34.0	DMTGBAX	Pomalidomide	Approved	34.0	.	.	.	.	Lung adenocarcinoma	SYNERGxDB Database	Investigative	EKVX	3.51	10.09	7.47	8.32	2
DCOS4WV	DMP6G8T	Topotecan	Approved	34.0	DMTGBAX	Pomalidomide	Approved	34.0	.	.	.	.	Minimally invasive lung adenocarcinoma	SYNERGxDB Database	Investigative	NCI-H322M	6.71	9.3	6.26	9.36	2
DCQBQOA	DMP6G8T	Topotecan	Approved	34.0	DMVRLT7	Fludarabine	Approved	34.0	.	.	.	.	Minimally invasive lung adenocarcinoma	SYNERGxDB Database	Investigative	NCI-H322M	5.53	5.19	7.97	8.39	2
DC1C0XW	DMP6G8T	Topotecan	Approved	34.0	DMWIDJK	FORMESTANE	Withdrawn from market	12.0	.	.	.	.	Minimally invasive lung adenocarcinoma	SYNERGxDB Database	Investigative	NCI-H322M	7.37	6.52	6.47	7.48	2
DC5EJRJ	DMP6G8T	Topotecan	Approved	34.0	DMWTAOI	Estramustine	Approved	34.0	.	.	.	.	Minimally invasive lung adenocarcinoma	SYNERGxDB Database	Investigative	NCI-H322M	2.64	3.82	1.93	5.33	2
DC120SR	DMP6G8T	Topotecan	Approved	34.0	DMWVIGP	Digitoxin	Approved	34.0	.	.	.	.	Lung adenocarcinoma	SYNERGxDB Database	Investigative	EKVX	2.31	3.06	0.67	0.1	2
DCGRATT	DMP6G8T	Topotecan	Approved	34.0	DMWVIGP	Digitoxin	Approved	34.0	.	.	.	.	Minimally invasive lung adenocarcinoma	SYNERGxDB Database	Investigative	NCI-H322M	8.6	7.95	6.74	6.79	2
DCCR1L5	DMP6G8T	Topotecan	Approved	34.0	DMJV2EK	Dasatinib	Investigative	0.0	.	.	.	.	Large cell lung carcinoma	SYNERGxDB Database	Investigative	NCI-H460	3.12	2.33	1.26	5.91	2
DCHUIOX	DM3BH1Y	Lapatinib	Approved	34.0	DMMX2E6	Pemetrexed	Approved	34.0	.	.	.	.	Lung Cancer, Non-Small Cell	ClinicalTrials.gov	Phase 1	.	.	.	.	.	2
DCGNIMN	DM3BH1Y	Lapatinib	Approved	34.0	DM27D4J	PD-0325901	Phase 2	21.0	.	.	.	.	Large cell lung carcinoma	SYNERGxDB Database	Investigative	NCI-H460	22.34	24.11	26.47	29.97	2
DCXV3R2	DM3BH1Y	Lapatinib	Approved	34.0	DM4O2Z7	Cyclophosphamide	Approved	34.0	.	.	.	.	Lung adenocarcinoma	SYNERGxDB Database	Investigative	HOP-62	7.3	11.92	6.04	4.97	2
DCNKUFW	DM3BH1Y	Lapatinib	Approved	34.0	DM4O2Z7	Cyclophosphamide	Approved	34.0	.	.	.	.	Minimally invasive lung adenocarcinoma	SYNERGxDB Database	Investigative	NCI-H322M	8.27	10.17	6.85	4.64	2
DCKIIYA	DM3BH1Y	Lapatinib	Approved	34.0	DM7XZY5	Triapine	Phase 2	21.0	.	.	.	.	Non-small cell lung carcinoma	SYNERGxDB Database	Investigative	HOP-92	0.52	1.3	0.91	0.38	2
DCPANJV	DM3BH1Y	Lapatinib	Approved	34.0	DM9WLN4	10-hydroxycamptothecin	Investigative	0.0	.	.	.	.	Large cell lung carcinoma	SYNERGxDB Database	Investigative	NCI-H460	24.87	25.33	0.24	31.27	2
DCQROGI	DM3BH1Y	Lapatinib	Approved	34.0	DMAO80I	Pralatrexate	Approved	34.0	.	.	.	.	Large cell lung carcinoma	SYNERGxDB Database	Investigative	NCI-H460	3.01	1.14	1.07	1.02	2
DCKO0EK	DM3BH1Y	Lapatinib	Approved	34.0	DMB5A80	SNX-2112	Investigative	0.0	.	.	.	.	Large cell lung carcinoma	SYNERGxDB Database	Investigative	NCI-H460	2.01	7.11	7.72	9.36	2
DC2QRLQ	DM3BH1Y	Lapatinib	Approved	34.0	DMC3P45	Terameprocol	Phase 2	21.0	.	.	.	.	Large cell lung carcinoma	SYNERGxDB Database	Investigative	NCI-H460	0.78	1.75	0.93	0.43	2
DCMH100	DM3BH1Y	Lapatinib	Approved	34.0	DMLNFWU	TEM	Phase 2	21.0	.	.	.	.	Lung adenocarcinoma	SYNERGxDB Database	Investigative	HOP-62	3.08	6.61	5.98	1.91	2
DCAZ1XG	DM3BH1Y	Lapatinib	Approved	34.0	DMOYJFK	Valrubicin	Approved	34.0	.	.	.	.	Lung adenocarcinoma	SYNERGxDB Database	Investigative	EKVX	0.16	7.17	1.82	5.06	2
DCCYP4F	DM3BH1Y	Lapatinib	Approved	34.0	DMOYJFK	Valrubicin	Approved	34.0	.	.	.	.	Non-small cell lung carcinoma	SYNERGxDB Database	Investigative	HOP-92	4.53	7.25	0.77	6.28	2
DCYZ2NW	DM3BH1Y	Lapatinib	Approved	34.0	DMRKE63	Chlorambucil	Approved	34.0	.	.	.	.	Lung adenocarcinoma	SYNERGxDB Database	Investigative	HOP-62	3.38	8.35	6.9	4.84	2
DC07ROM	DM3BH1Y	Lapatinib	Approved	34.0	DMS8IFC	Sorafenib	Approved	34.0	.	.	.	.	Large cell lung carcinoma	SYNERGxDB Database	Investigative	NCI-H460	2.01	6.46	3.52	9.64	2
DCVL6YC	DM3BH1Y	Lapatinib	Approved	34.0	DMSG91J	ER819762	Investigative	0.0	.	.	.	.	Lung adenocarcinoma	SYNERGxDB Database	Investigative	HOP-62	2.22	6.56	5.63	0.41	2
DCKHH56	DM3BH1Y	Lapatinib	Approved	34.0	DMSG91J	ER819762	Investigative	0.0	.	.	.	.	Lung adenocarcinoma 	SYNERGxDB Database	Investigative	NCI-H522	3.54	5.36	4.38	2.18	2
DCW3415	DM3BH1Y	Lapatinib	Approved	34.0	DMTJAEP	Vinflunine	Approved	34.0	.	.	.	.	Non-small cell lung carcinoma	SYNERGxDB Database	Investigative	HOP-92	4.76	8.23	4.95	1.52	2
DC06ESE	DM3BH1Y	Lapatinib	Approved	34.0	DMWIDJK	FORMESTANE	Withdrawn from market	12.0	.	.	.	.	Lung adenocarcinoma	SYNERGxDB Database	Investigative	HOP-62	5.56	10.66	6.47	3.5	2
DCRP7OQ	DM3BH1Y	Lapatinib	Approved	34.0	DMWMPD4	Vorinostat	Approved	34.0	.	.	.	.	Large cell lung carcinoma	SYNERGxDB Database	Investigative	NCI-H460	6.14	5.18	0.52	7.61	2
DCGIJQ3	DM3BH1Y	Lapatinib	Approved	34.0	DMWNHPC	Aminolevulinic Acid Hydrochloride	Approved	34.0	.	.	.	.	Large cell lung carcinoma	SYNERGxDB Database	Investigative	NCI-H460	10.71	8.79	2.43	9.06	2
DCZP2KR	DM3BH1Y	Lapatinib	Approved	34.0	DMXYJ9C	Busulfan	Approved	34.0	.	.	.	.	Lung adenocarcinoma	SYNERGxDB Database	Investigative	MDA-MB-231	2.26	7.27	4.26	3.98	2
DCSW3WB	DMH0ZJE	Mitomycin	Approved	34.0	DM27D4J	PD-0325901	Phase 2	21.0	.	.	.	.	Large cell lung carcinoma	SYNERGxDB Database	Investigative	NCI-H460	3.79	2.78	0.68	4.39	2
DC7E8OG	DMH0ZJE	Mitomycin	Approved	34.0	DM4DOUB	PMID28460551-Compound-2	Patented	15.5	.	.	.	.	Large cell lung carcinoma	SYNERGxDB Database	Investigative	NCI-H460	1.79	0.38	0.47	4.99	2
DCBQXHJ	DMH0ZJE	Mitomycin	Approved	34.0	DM61TA4	Arsenic trioxide	Approved	34.0	.	.	.	.	Large cell lung carcinoma	SYNERGxDB Database	Investigative	NCI-H460	3.06	2.85	2.72	5.23	2
DCA71W4	DMH0ZJE	Mitomycin	Approved	34.0	DM61TA4	Arsenic trioxide	Approved	34.0	.	.	.	.	Lung adenocarcinoma	SYNERGxDB Database	Investigative	HOP-62	1.19	1.69	5.26	5.77	2
DCU7X6B	DMH0ZJE	Mitomycin	Approved	34.0	DM62QTW	RTB101	Phase 3	25.0	.	.	.	.	Large cell lung carcinoma	SYNERGxDB Database	Investigative	NCI-H460	6.53	5.43	8.8	11.76	2
DCAPUX5	DMH0ZJE	Mitomycin	Approved	34.0	DM67EMK	SCH-900776	Phase 2	21.0	.	.	.	.	Large cell lung carcinoma	SYNERGxDB Database	Investigative	NCI-H460	5.9	5.06	5.2	6.82	2
DCTN1BL	DMH0ZJE	Mitomycin	Approved	34.0	DMB5A80	SNX-2112	Investigative	0.0	.	.	.	.	Large cell lung carcinoma	SYNERGxDB Database	Investigative	NCI-H460	3.04	2.3	2.64	5.96	2
DCPB27R	DMH0ZJE	Mitomycin	Approved	34.0	DMCJLD1	SCH 727965	Discontinued in Phase 3	9.0	.	.	.	.	Large cell lung carcinoma	SYNERGxDB Database	Investigative	NCI-H460	2.64	1.77	1.19	4.27	2
DCT8WQ6	DMH0ZJE	Mitomycin	Approved	34.0	DMCT3I8	Ifosfamide	Approved	34.0	.	.	.	.	Minimally invasive lung adenocarcinoma	SYNERGxDB Database	Investigative	NCI-H322M	16.26	12.76	15.67	8.55	2
DC6CJSL	DMH0ZJE	Mitomycin	Approved	34.0	DMLHEU7	Ridaforolimus	Phase 3	25.0	.	.	.	.	Large cell lung carcinoma	SYNERGxDB Database	Investigative	NCI-H460	12.48	7.49	5.38	10.05	2
DCT0MHX	DMH0ZJE	Mitomycin	Approved	34.0	DMLYGH4	MK-4827	Phase 3	25.0	.	.	.	.	Large cell lung carcinoma	SYNERGxDB Database	Investigative	NCI-H460	7.37	4.31	4.11	5.59	2
DCK6OKC	DMH0ZJE	Mitomycin	Approved	34.0	DMM0XGL	Idarubicin	Approved	34.0	.	.	.	.	Large cell lung carcinoma	SYNERGxDB Database	Investigative	NCI-H460	6.71	6.15	4.06	9.22	2
DC2TSAU	DMH0ZJE	Mitomycin	Approved	34.0	DMNO38U	Bortezomib	Approved	34.0	.	.	.	.	Large cell lung carcinoma	SYNERGxDB Database	Investigative	NCI-H460	2.13	0.93	0.37	2.89	2
DCGUZFY	DMH0ZJE	Mitomycin	Approved	34.0	DMRKE63	Chlorambucil	Approved	34.0	.	.	.	.	Large cell lung carcinoma	SYNERGxDB Database	Investigative	NCI-H460	0.43	2.73	3.51	1.28	2
DCWKJPC	DMH0ZJE	Mitomycin	Approved	34.0	DMRKE63	Chlorambucil	Approved	34.0	.	.	.	.	Non-small cell lung carcinoma	SYNERGxDB Database	Investigative	HOP-92	1.14	6.04	2.59	2.35	2
DCDGPUI	DMH0ZJE	Mitomycin	Approved	34.0	DMT1OZ6	MK-2206	Phase 2	21.0	.	.	.	.	Large cell lung carcinoma	SYNERGxDB Database	Investigative	NCI-H460	6.35	5.8	6.54	9.42	2
DC3JRQM	DMNH3PG	Etoposide	Phase 2 Trial	21.0	DMG281S	Carboplatin	Approved	34.0	.	.	.	.	Extensive Stage Small Cell Lung Cancer	ClinicalTrials.gov	Phase 1	.	.	.	.	.	2
DC2ZWZ3	DMNH3PG	Etoposide	Phase 2 Trial	21.0	DM27D4J	PD-0325901	Phase 2	21.0	.	.	.	.	Large cell lung carcinoma	ALMANAC Dataset	Investigative	NCI-H460	3.9	3.58	9.03	10.09	2
DCC42VD	DMNH3PG	Etoposide	Phase 2 Trial	21.0	DM4DOUB	PMID28460551-Compound-2	Patented	15.5	.	.	.	.	Large cell lung carcinoma	ALMANAC Dataset	Investigative	NCI-H460	2.34	1.54	4.05	7.52	2
DC31F8J	DMNH3PG	Etoposide	Phase 2 Trial	21.0	DM62QTW	RTB101	Phase 3	25.0	.	.	.	.	Large cell lung carcinoma	ALMANAC Dataset	Investigative	NCI-H460	2.56	1.62	7.72	10.89	2
DCY2PYG	DMNH3PG	Etoposide	Phase 2 Trial	21.0	DM67EMK	SCH-900776	Phase 2	21.0	.	.	.	.	Large cell lung carcinoma	ALMANAC Dataset	Investigative	NCI-H460	1.76	1.97	3.22	5.09	2
DC9SCOV	DMNH3PG	Etoposide	Phase 2 Trial	21.0	DMCJLD1	SCH 727965	Discontinued in Phase 3	9.0	.	.	.	.	Large cell lung carcinoma	ALMANAC Dataset	Investigative	NCI-H460	1.64	1.03	0.71	5.58	2
DCRBX9C	DMNH3PG	Etoposide	Phase 2 Trial	21.0	DMCMBHA	Erlotinib	Approved	34.0	.	.	.	.	Large cell lung carcinoma	ALMANAC Dataset	Investigative	NCI-H460	6.81	5.21	9.77	11.64	2
DCV0LOA	DMNH3PG	Etoposide	Phase 2 Trial	21.0	DMLYGH4	MK-4827	Phase 3	25.0	.	.	.	.	Large cell lung carcinoma	ALMANAC Dataset	Investigative	NCI-H460	0.73	0.39	2.58	2.75	2
DCOJNE9	DMNH3PG	Etoposide	Phase 2 Trial	21.0	DMNO38U	Bortezomib	Approved	34.0	.	.	.	.	Large cell lung carcinoma	ALMANAC Dataset	Investigative	NCI-H460	0.69	0.11	0.63	3.22	2
DCSZU8N	DMNH3PG	Etoposide	Phase 2 Trial	21.0	DMS8IFC	Sorafenib	Approved	34.0	.	.	.	.	Large cell lung carcinoma	ALMANAC Dataset	Investigative	NCI-H460	1.02	0.59	1.88	7.43	2
DCSZ8OK	DMNH3PG	Etoposide	Phase 2 Trial	21.0	DMT1OZ6	MK-2206	Phase 2	21.0	.	.	.	.	Large cell lung carcinoma	ALMANAC Dataset	Investigative	NCI-H460	4.26	3.91	6.82	10.01	2
DC13J0J	DMUOT9V	Taxol	Approved	34.0	DM0YZC6	Fulvestrant	Approved	34.0	.	.	.	.	Lung adenocarcinoma	SYNERGxDB Database	Investigative	MDA-MB-231	1.62	2.68	2.44	0.78	2
DC5K6WQ	DMUOT9V	Taxol	Approved	34.0	DM27D4J	PD-0325901	Phase 2	21.0	.	.	.	.	Large cell lung carcinoma	SYNERGxDB Database	Investigative	NCI-H460	4.63	2.97	0.99	5.28	2
DCSWR1P	DMUOT9V	Taxol	Approved	34.0	DM2OZ3G	Ixabepilone	Approved	34.0	.	.	.	.	Large cell lung carcinoma	SYNERGxDB Database	Investigative	NCI-H460	7.27	5.03	5.69	7.33	2
DCXL5MF	DMUOT9V	Taxol	Approved	34.0	DM2OZ3G	Ixabepilone	Approved	34.0	.	.	.	.	Lung adenocarcinoma 	SYNERGxDB Database	Investigative	NCI-H522	4.69	3.34	3.09	5.05	2
DCKOL9M	DMUOT9V	Taxol	Approved	34.0	DM3BH1Y	Lapatinib	Approved	34.0	.	.	.	.	Lung adenocarcinoma	SYNERGxDB Database	Investigative	EKVX	2.11	7.27	6.66	9.01	2
DCXSRCN	DMUOT9V	Taxol	Approved	34.0	DM3BH1Y	Lapatinib	Approved	34.0	.	.	.	.	Lung adenocarcinoma	SYNERGxDB Database	Investigative	HOP-62	18.64	19.71	21.92	23.37	2
DC034D1	DMUOT9V	Taxol	Approved	34.0	DM3BH1Y	Lapatinib	Approved	34.0	.	.	.	.	Lung adenocarcinoma 	SYNERGxDB Database	Investigative	NCI-H522	8.25	8.4	9.69	9.99	2
DCPRU66	DMUOT9V	Taxol	Approved	34.0	DM3BH1Y	Lapatinib	Approved	34.0	.	.	.	.	Non-small cell lung carcinoma	SYNERGxDB Database	Investigative	HOP-92	1.5	3.85	6.96	7.31	2
DCPTIN7	DMUOT9V	Taxol	Approved	34.0	DM4DOUB	PMID28460551-Compound-2	Patented	15.5	.	.	.	.	Large cell lung carcinoma	SYNERGxDB Database	Investigative	NCI-H460	1.28	0.75	0.12	5.56	2
DCC8CB0	DMUOT9V	Taxol	Approved	34.0	DM61TA4	Arsenic trioxide	Approved	34.0	.	.	.	.	Large cell lung carcinoma	SYNERGxDB Database	Investigative	NCI-H460	0.73	2.62	0.4	2.35	2
DCJMDWK	DMUOT9V	Taxol	Approved	34.0	DM61TA4	Arsenic trioxide	Approved	34.0	.	.	.	.	Lung adenocarcinoma	SYNERGxDB Database	Investigative	HOP-62	0.65	1.39	1.79	0.98	2
DCZSP5I	DMUOT9V	Taxol	Approved	34.0	DM62QTW	RTB101	Phase 3	25.0	.	.	.	.	Large cell lung carcinoma	SYNERGxDB Database	Investigative	NCI-H460	4.53	2.77	5.86	9.17	2
DCT1NJN	DMUOT9V	Taxol	Approved	34.0	DM7C8YV	Plicamycin	Approved	34.0	.	.	.	.	Lung adenocarcinoma	SYNERGxDB Database	Investigative	HOP-62	4.14	7.53	0.15	5.39	2
DCGTBXG	DMUOT9V	Taxol	Approved	34.0	DMAE6LK	Topetecan	Approved	34.0	.	.	.	.	Large cell lung carcinoma	SYNERGxDB Database	Investigative	NCI-H460	3.26	2.36	2.17	4.97	2
DCWVYYX	DMUOT9V	Taxol	Approved	34.0	DMB5A80	SNX-2112	Investigative	0.0	.	.	.	.	Large cell lung carcinoma	SYNERGxDB Database	Investigative	NCI-H460	1.89	0.98	0.25	3.88	2
DCJ0S70	DMUOT9V	Taxol	Approved	34.0	DMC3P45	Terameprocol	Phase 2	21.0	.	.	.	.	Non-small cell lung carcinoma	SYNERGxDB Database	Investigative	HOP-92	1.17	3.13	2.41	1.08	2
DC7G4M2	DMUOT9V	Taxol	Approved	34.0	DMCJLD1	SCH 727965	Discontinued in Phase 3	9.0	.	.	.	.	Minimally invasive lung adenocarcinoma	SYNERGxDB Database	Investigative	NCI-H322M	3.77	5.34	5.25	7.2	2
DCF7ZHQ	DMUOT9V	Taxol	Approved	34.0	DMCMBHA	Erlotinib	Approved	34.0	.	.	.	.	Large cell lung carcinoma	SYNERGxDB Database	Investigative	NCI-H460	7.61	6.94	7.05	12.11	2
DC6KJ76	DMUOT9V	Taxol	Approved	34.0	DMFGYKS	MK-5108	Phase 1	17.0	.	.	.	.	Large cell lung carcinoma	SYNERGxDB Database	Investigative	NCI-H460	7.67	5.5	3.96	10.77	2
DC86OV8	DMUOT9V	Taxol	Approved	34.0	DMLHEU7	Ridaforolimus	Phase 3	25.0	.	.	.	.	Large cell lung carcinoma	SYNERGxDB Database	Investigative	NCI-H460	2.96	2.1	0.35	4.69	2
DCFVW72	DMUOT9V	Taxol	Approved	34.0	DMLYGH4	MK-4827	Phase 3	25.0	.	.	.	.	Large cell lung carcinoma	SYNERGxDB Database	Investigative	NCI-H460	7.14	4.77	1.9	7.4	2
DCK9YX7	DMUOT9V	Taxol	Approved	34.0	DMM0XGL	Idarubicin	Approved	34.0	.	.	.	.	Large cell lung carcinoma	SYNERGxDB Database	Investigative	NCI-H460	4.24	2.71	0.25	6.03	2
DCELB7G	DMUOT9V	Taxol	Approved	34.0	DMNER5S	Bleomycin	Approved	34.0	.	.	.	.	Lung adenocarcinoma	SYNERGxDB Database	Investigative	EKVX	0.01	4.38	3.08	2.84	2
DCQJP5G	DMUOT9V	Taxol	Approved	34.0	DMNO38U	Bortezomib	Approved	34.0	.	.	.	.	Large cell lung carcinoma	SYNERGxDB Database	Investigative	NCI-H460	4.88	4.16	4.06	6.78	2
DCQGXPE	DMUOT9V	Taxol	Approved	34.0	DMOYJFK	Valrubicin	Approved	34.0	.	.	.	.	Lung adenocarcinoma	SYNERGxDB Database	Investigative	EKVX	0.71	5.26	4.19	2.93	2
DC6PCGW	DMUOT9V	Taxol	Approved	34.0	DMOYJFK	Valrubicin	Approved	34.0	.	.	.	.	Lung adenocarcinoma	SYNERGxDB Database	Investigative	HOP-62	3.39	3.69	2.06	1.83	2
DCGQDLR	DMUOT9V	Taxol	Approved	34.0	DMS8IFC	Sorafenib	Approved	34.0	.	.	.	.	Large cell lung carcinoma	SYNERGxDB Database	Investigative	NCI-H460	6.36	5.23	3.11	9.97	2
DC5X10G	DMUOT9V	Taxol	Approved	34.0	DMS8IFC	Sorafenib	Approved	34.0	.	.	.	.	Lung adenocarcinoma	SYNERGxDB Database	Investigative	HOP-62	11.22	13.36	13.97	12.04	2
DC2Z9B1	DMUOT9V	Taxol	Approved	34.0	DMS8IFC	Sorafenib	Approved	34.0	.	.	.	.	Non-small cell lung carcinoma	SYNERGxDB Database	Investigative	HOP-92	4.71	9.87	8.7	9.46	2
DCHRBXU	DMUOT9V	Taxol	Approved	34.0	DMSG91J	ER819762	Investigative	0.0	.	.	.	.	Large cell lung carcinoma	SYNERGxDB Database	Investigative	NCI-H460	18.29	17.41	3.79	17.66	2
DCSKCEG	DMUOT9V	Taxol	Approved	34.0	DMSG91J	ER819762	Investigative	0.0	.	.	.	.	Lung adenocarcinoma	SYNERGxDB Database	Investigative	HOP-62	6.03	6.58	0.78	6.2	2
DC8CKMN	DMUOT9V	Taxol	Approved	34.0	DMT1OZ6	MK-2206	Phase 2	21.0	.	.	.	.	Large cell lung carcinoma	SYNERGxDB Database	Investigative	NCI-H460	6.03	3.55	4.67	8.67	2
DCAB71M	DMUOT9V	Taxol	Approved	34.0	DMTJAEP	Vinflunine	Approved	34.0	.	.	.	.	Lung adenocarcinoma	SYNERGxDB Database	Investigative	HOP-62	6.36	8.26	4.09	3	2
DCQZBRR	DMUOT9V	Taxol	Approved	34.0	DMTJAEP	Vinflunine	Approved	34.0	.	.	.	.	Minimally invasive lung adenocarcinoma	SYNERGxDB Database	Investigative	NCI-H322M	0.51	0.88	0.41	0.75	2
DCIZYXH	DMUOT9V	Taxol	Approved	34.0	DMTJAEP	Vinflunine	Approved	34.0	.	.	.	.	Non-small cell lung carcinoma	SYNERGxDB Database	Investigative	HOP-92	2.8	4.16	3.87	0.14	2
DC9EQ9Q	DMUOT9V	Taxol	Approved	34.0	DMWNHPC	Aminolevulinic Acid Hydrochloride	Approved	34.0	.	.	.	.	Large cell lung carcinoma	SYNERGxDB Database	Investigative	NCI-H460	3.01	3.83	0.65	4.52	2
DC50HLR	DMUOT9V	Taxol	Approved	34.0	DMJV2EK	Dasatinib	Investigative	0.0	.	.	.	.	Minimally invasive lung adenocarcinoma	SYNERGxDB Database	Investigative	NCI-H322M	0.01	3.52	2.53	2.7	2
DC4NTFJ	DMWTAOI	Estramustine	Approved	34.0	DM0YZC6	Fulvestrant	Approved	34.0	.	.	.	.	Lung adenocarcinoma	SYNERGxDB Database	Investigative	EKVX	2.84	5.18	2.85	1.23	2
DCIT9L4	DMWTAOI	Estramustine	Approved	34.0	DM27D4J	PD-0325901	Phase 2	21.0	.	.	.	.	Large cell lung carcinoma	SYNERGxDB Database	Investigative	NCI-H460	4.17	6.88	4.41	9.02	2
DCITS02	DMWTAOI	Estramustine	Approved	34.0	DM2OZ3G	Ixabepilone	Approved	34.0	.	.	.	.	Large cell lung carcinoma	SYNERGxDB Database	Investigative	NCI-H460	0.93	0.13	0.56	1.95	2
DCXSS62	DMWTAOI	Estramustine	Approved	34.0	DM4DOUB	PMID28460551-Compound-2	Patented	15.5	.	.	.	.	Large cell lung carcinoma	SYNERGxDB Database	Investigative	NCI-H460	3.7	4.79	4.86	8.61	2
DCO6WU8	DMWTAOI	Estramustine	Approved	34.0	DM5JVS3	Isoniazid	Approved	34.0	.	.	.	.	Lung adenocarcinoma	SYNERGxDB Database	Investigative	HOP-62	3.02	5.04	7.05	6.35	2
DCSWDPY	DMWTAOI	Estramustine	Approved	34.0	DM62QTW	RTB101	Phase 3	25.0	.	.	.	.	Large cell lung carcinoma	SYNERGxDB Database	Investigative	NCI-H460	11.64	10.66	13.74	16.73	2
DCBXIRD	DMWTAOI	Estramustine	Approved	34.0	DM67EMK	SCH-900776	Phase 2	21.0	.	.	.	.	Large cell lung carcinoma	SYNERGxDB Database	Investigative	NCI-H460	3.75	6.93	6.9	9.4	2
DC3RORH	DMWTAOI	Estramustine	Approved	34.0	DM7C8YV	Plicamycin	Approved	34.0	.	.	.	.	Lung adenocarcinoma	SYNERGxDB Database	Investigative	EKVX	0.04	4.51	1.69	1.19	2
DCPS3LA	DMWTAOI	Estramustine	Approved	34.0	DM7HXWT	Nilotinib	Approved	34.0	.	.	.	.	Lung adenocarcinoma	SYNERGxDB Database	Investigative	HOP-62	5.68	8.26	8.93	9.39	2
DCUFW4U	DMWTAOI	Estramustine	Approved	34.0	DMC3P45	Terameprocol	Phase 2	21.0	.	.	.	.	Non-small cell lung carcinoma	SYNERGxDB Database	Investigative	HOP-92	0.8	5.41	0.3	2.56	2
DC7J14Z	DMWTAOI	Estramustine	Approved	34.0	DMCJLD1	SCH 727965	Discontinued in Phase 3	9.0	.	.	.	.	Large cell lung carcinoma	SYNERGxDB Database	Investigative	NCI-H460	8.79	8.81	10.68	12.16	2
DCFSS8I	DMWTAOI	Estramustine	Approved	34.0	DMCMBHA	Erlotinib	Approved	34.0	.	.	.	.	Large cell lung carcinoma	SYNERGxDB Database	Investigative	NCI-H460	1.22	1.78	3.98	6.16	2
DC6RK4Z	DMWTAOI	Estramustine	Approved	34.0	DMCT3I8	Ifosfamide	Approved	34.0	.	.	.	.	Lung adenocarcinoma	SYNERGxDB Database	Investigative	MDA-MB-231	2.07	5.69	3.23	0.96	2
DCFONZU	DMWTAOI	Estramustine	Approved	34.0	DMDI269	Docetaxel	Approved	34.0	.	.	.	.	Lung adenocarcinoma	SYNERGxDB Database	Investigative	MDA-MB-231	2.54	5.99	1.39	0.01	2
DC38CP7	DMWTAOI	Estramustine	Approved	34.0	DMDKF3M	Raloxifene	Approved	34.0	.	.	.	.	Non-small cell lung carcinoma	SYNERGxDB Database	Investigative	HOP-92	3.82	6.26	5.46	1.05	2
DC87JSR	DMWTAOI	Estramustine	Approved	34.0	DMH0ZJE	Mitomycin	Approved	34.0	.	.	.	.	Lung adenocarcinoma	SYNERGxDB Database	Investigative	HOP-62	6.2	6.79	1.21	5.66	2
DCLUQWY	DMWTAOI	Estramustine	Approved	34.0	DMKLAYG	Altretamine	Approved	34.0	.	.	.	.	Lung adenocarcinoma	SYNERGxDB Database	Investigative	HOP-62	1.87	7.56	2.27	3.45	2
DCCHNII	DMWTAOI	Estramustine	Approved	34.0	DMKLAYG	Altretamine	Approved	34.0	.	.	.	.	Lung adenocarcinoma 	SYNERGxDB Database	Investigative	NCI-H522	0.03	4.86	4.04	4.33	2
DCFNRK6	DMWTAOI	Estramustine	Approved	34.0	DMLYGH4	MK-4827	Phase 3	25.0	.	.	.	.	Large cell lung carcinoma	SYNERGxDB Database	Investigative	NCI-H460	1.71	2.06	4.23	4.3	2
DC4P7OI	DMWTAOI	Estramustine	Approved	34.0	DMM0XGL	Idarubicin	Approved	34.0	.	.	.	.	Lung adenocarcinoma	SYNERGxDB Database	Investigative	MDA-MB-231	7.29	9.07	2.63	2.12	2
DCI6GEU	DMWTAOI	Estramustine	Approved	34.0	DMNO38U	Bortezomib	Approved	34.0	.	.	.	.	Large cell lung carcinoma	SYNERGxDB Database	Investigative	NCI-H460	1.46	2.01	1.28	4.37	2
DCLFIAK	DMWTAOI	Estramustine	Approved	34.0	DMRKE63	Chlorambucil	Approved	34.0	.	.	.	.	Non-small cell lung carcinoma	SYNERGxDB Database	Investigative	HOP-92	0.07	0.22	1.26	2.11	2
DC5BFHA	DMWTAOI	Estramustine	Approved	34.0	DMT1OZ6	MK-2206	Phase 2	21.0	.	.	.	.	Large cell lung carcinoma	SYNERGxDB Database	Investigative	NCI-H460	0.62	0.7	3.68	5.09	2
DCNC6I0	DMWTAOI	Estramustine	Approved	34.0	DMTA5OE	Azacitidine	Approved	34.0	.	.	.	.	Large cell lung carcinoma	SYNERGxDB Database	Investigative	NCI-H460	4.08	7.01	3.07	7.8	2
DCNEM58	DMWTAOI	Estramustine	Approved	34.0	DMTGBAX	Pomalidomide	Approved	34.0	.	.	.	.	Lung adenocarcinoma	SYNERGxDB Database	Investigative	HOP-62	0.83	3.55	4.42	4.88	2
DCB6SZR	DMWTAOI	Estramustine	Approved	34.0	DMWGV8N	PMID28870136-Compound-43	Patented	15.5	.	.	.	.	Lung adenocarcinoma	SYNERGxDB Database	Investigative	MDA-MB-231	1.16	2.1	0.76	0.09	2
DC7GLWM	DMWTAOI	Estramustine	Approved	34.0	DMWGV8N	PMID28870136-Compound-43	Patented	15.5	.	.	.	.	Lung adenocarcinoma 	SYNERGxDB Database	Investigative	NCI-H522	0.52	7.26	4.07	5.89	2
DCIZBFU	DMWTAOI	Estramustine	Approved	34.0	DMWNHPC	Aminolevulinic Acid Hydrochloride	Approved	34.0	.	.	.	.	Large cell lung carcinoma	SYNERGxDB Database	Investigative	NCI-H460	8.22	7.47	8.72	11.45	2
DC672CD	DMWTAOI	Estramustine	Approved	34.0	DMXYJ9C	Busulfan	Approved	34.0	.	.	.	.	Lung adenocarcinoma	SYNERGxDB Database	Investigative	MDA-MB-231	2.83	5.56	2.34	0.96	2
DC3FL79	DMWTAOI	Estramustine	Approved	34.0	DMJV2EK	Dasatinib	Investigative	0.0	.	.	.	.	Large cell lung carcinoma	SYNERGxDB Database	Investigative	NCI-H460	0.24	0.16	2.26	2.8	2
DCT3GH5	DMWTAOI	Estramustine	Approved	34.0	DMJV2EK	Dasatinib	Investigative	0.0	.	.	.	.	Non-small cell lung carcinoma	SYNERGxDB Database	Investigative	HOP-92	1.36	5.91	2.91	2.98	2
DCVYL0Y	DM62UG5	Vemurafenib	Approved	34.0	DM0CVXA	Mechlorethamine	Approved	34.0	.	.	.	.	Large cell lung carcinoma	SYNERGxDB Database	Investigative	NCI-H460	1.34	4.66	1.03	2.73	2
DC8NCOE	DM62UG5	Vemurafenib	Approved	34.0	DM0PIY6	Picoplatin	Phase 3	25.0	.	.	.	.	Lung adenocarcinoma 	SYNERGxDB Database	Investigative	NCI-H522	1.99	4.86	1.4	1.39	2
DCQOBZ2	DM62UG5	Vemurafenib	Approved	34.0	DM0PIY6	Picoplatin	Phase 3	25.0	.	.	.	.	Non-small cell lung carcinoma	SYNERGxDB Database	Investigative	HOP-92	1.98	7.05	6.32	4.76	2
DCHTUK6	DM62UG5	Vemurafenib	Approved	34.0	DM0YZC6	Fulvestrant	Approved	34.0	.	.	.	.	Lung adenocarcinoma	SYNERGxDB Database	Investigative	EKVX	0.06	4.12	2.13	2.13	2
DCSJ8CY	DM62UG5	Vemurafenib	Approved	34.0	DM0YZC6	Fulvestrant	Approved	34.0	.	.	.	.	Minimally invasive lung adenocarcinoma	SYNERGxDB Database	Investigative	NCI-H322M	2.49	7.36	1.38	1.38	2
DCTCARF	DM62UG5	Vemurafenib	Approved	34.0	DM15F0X	Gefitinib	Approved	34.0	.	.	.	.	Large cell lung carcinoma	SYNERGxDB Database	Investigative	NCI-H460	5.32	10.17	3.55	8.66	2
DC8BXUS	DM62UG5	Vemurafenib	Approved	34.0	DM15F0X	Gefitinib	Approved	34.0	.	.	.	.	Non-small cell lung carcinoma	SYNERGxDB Database	Investigative	HOP-92	1.26	9.13	3.67	8.17	2
DCVNXSH	DM62UG5	Vemurafenib	Approved	34.0	DM7Q98D	Ruxolitinib	Phase 3 Trial	25.0	.	.	.	.	Large cell lung carcinoma	SYNERGxDB Database	Investigative	NCI-H460	1.69	4.21	1.77	2.25	2
DCEASGV	DM62UG5	Vemurafenib	Approved	34.0	DM7Q98D	Ruxolitinib	Phase 3 Trial	25.0	.	.	.	.	Lung adenocarcinoma 	SYNERGxDB Database	Investigative	NCI-H522	2.64	7.98	4.67	7.04	2
DC0CSKK	DM62UG5	Vemurafenib	Approved	34.0	DM2OZ3G	Ixabepilone	Approved	34.0	.	.	.	.	Lung adenocarcinoma	SYNERGxDB Database	Investigative	EKVX	1.27	2.55	0.36	0.36	2
DCD0K4Q	DM62UG5	Vemurafenib	Approved	34.0	DM2YGNW	Dactinomycin	Approved	34.0	.	.	.	.	Large cell lung carcinoma	SYNERGxDB Database	Investigative	NCI-H460	29.89	29.98	28.43	27.9	2
DCMHSOQ	DM62UG5	Vemurafenib	Approved	34.0	DM2YGNW	Dactinomycin	Approved	34.0	.	.	.	.	Lung adenocarcinoma	SYNERGxDB Database	Investigative	MDA-MB-231	21.64	25.44	23.38	23.33	2
DCY3LH0	DM62UG5	Vemurafenib	Approved	34.0	DM2YGNW	Dactinomycin	Approved	34.0	.	.	.	.	Lung adenocarcinoma	SYNERGxDB Database	Investigative	EKVX	24.88	22.96	21.32	20.61	2
DCC8BIS	DM62UG5	Vemurafenib	Approved	34.0	DM2YGNW	Dactinomycin	Approved	34.0	.	.	.	.	Lung adenocarcinoma	SYNERGxDB Database	Investigative	HOP-62	20.69	22.02	20	20.78	2
DCKBA62	DM62UG5	Vemurafenib	Approved	34.0	DM2YGNW	Dactinomycin	Approved	34.0	.	.	.	.	Lung adenocarcinoma 	SYNERGxDB Database	Investigative	NCI-H522	30.47	33.07	32.75	32.04	2
DCHM46W	DM62UG5	Vemurafenib	Approved	34.0	DM2YGNW	Dactinomycin	Approved	34.0	.	.	.	.	Minimally invasive lung adenocarcinoma	SYNERGxDB Database	Investigative	NCI-H322M	24.51	30.75	24.63	24.63	2
DC15OQ6	DM62UG5	Vemurafenib	Approved	34.0	DM2YGNW	Dactinomycin	Approved	34.0	.	.	.	.	Non-small cell lung carcinoma	SYNERGxDB Database	Investigative	HOP-92	28.1	27.03	26.01	25.38	2
DCWVU15	DM62UG5	Vemurafenib	Approved	34.0	DM3BF9B	DFN-15	Phase 3	25.0	.	.	.	.	Minimally invasive lung adenocarcinoma	SYNERGxDB Database	Investigative	NCI-H322M	3.13	6.33	0.36	0.36	2
DCP3S4G	DM62UG5	Vemurafenib	Approved	34.0	DM3BH1Y	Lapatinib	Approved	34.0	.	.	.	.	Large cell lung carcinoma	SYNERGxDB Database	Investigative	NCI-H460	6.24	10.32	8.71	8.13	2
DCBS3JP	DM62UG5	Vemurafenib	Approved	34.0	DM3BH1Y	Lapatinib	Approved	34.0	.	.	.	.	Lung adenocarcinoma	SYNERGxDB Database	Investigative	MDA-MB-231	2.75	4.53	1.79	0.4	2
DC68BFA	DM62UG5	Vemurafenib	Approved	34.0	DM4DOUB	PMID28460551-Compound-2	Patented	15.5	.	.	.	.	Lung adenocarcinoma	SYNERGxDB Database	Investigative	MDA-MB-231	16.5	19.64	7.89	17.64	2
DCPSUXA	DM62UG5	Vemurafenib	Approved	34.0	DM4OYXE	LIAROZOLE	Phase 2/3	24.0	.	.	.	.	Minimally invasive lung adenocarcinoma	SYNERGxDB Database	Investigative	NCI-H322M	6.62	8.58	4.52	0.98	2
DCWQH8M	DM62UG5	Vemurafenib	Approved	34.0	DM5IXKQ	Vismodegib	Approved	34.0	.	.	.	.	Lung adenocarcinoma	SYNERGxDB Database	Investigative	MDA-MB-231	0.09	3.82	0.2	1.53	2
DCP8TWE	DM62UG5	Vemurafenib	Approved	34.0	DM5JVS3	Isoniazid	Approved	34.0	.	.	.	.	Non-small cell lung carcinoma	SYNERGxDB Database	Investigative	HOP-92	1.87	3.58	1	0.11	2
DCUSIHG	DM62UG5	Vemurafenib	Approved	34.0	DM61TA4	Arsenic trioxide	Approved	34.0	.	.	.	.	Lung adenocarcinoma	SYNERGxDB Database	Investigative	HOP-62	0.46	4.76	2.05	1.6	2
DC29V3V	DM62UG5	Vemurafenib	Approved	34.0	DM62UG5	Vemurafenib	Approved	34.0	.	.	.	.	Lung adenocarcinoma 	SYNERGxDB Database	Investigative	NCI-H522	2.3	5.14	2.54	2.35	2
DCEQ7CB	DM62UG5	Vemurafenib	Approved	34.0	DM62UG5	Vemurafenib	Approved	34.0	.	.	.	.	Non-small cell lung carcinoma	SYNERGxDB Database	Investigative	HOP-92	0.22	3.12	0.53	1.16	2
DCCYIUS	DM62UG5	Vemurafenib	Approved	34.0	DM7C8YV	Plicamycin	Approved	34.0	.	.	.	.	Large cell lung carcinoma	SYNERGxDB Database	Investigative	NCI-H460	24.26	26.71	24.95	24.9	2
DCSKY2I	DM62UG5	Vemurafenib	Approved	34.0	DM7C8YV	Plicamycin	Approved	34.0	.	.	.	.	Lung adenocarcinoma	SYNERGxDB Database	Investigative	HOP-62	19.12	22.38	20.94	20.38	2
DCQ8Z73	DM62UG5	Vemurafenib	Approved	34.0	DM7C8YV	Plicamycin	Approved	34.0	.	.	.	.	Lung adenocarcinoma	SYNERGxDB Database	Investigative	EKVX	16.3	15.34	13.35	13.35	2
DCM0TGK	DM62UG5	Vemurafenib	Approved	34.0	DM7C8YV	Plicamycin	Approved	34.0	.	.	.	.	Lung adenocarcinoma	SYNERGxDB Database	Investigative	MDA-MB-231	5.22	11.1	9.05	9.05	2
DC9WWA4	DM62UG5	Vemurafenib	Approved	34.0	DM7C8YV	Plicamycin	Approved	34.0	.	.	.	.	Lung adenocarcinoma 	SYNERGxDB Database	Investigative	NCI-H522	22.56	24.79	24.69	24.4	2
DCRAZRU	DM62UG5	Vemurafenib	Approved	34.0	DM7C8YV	Plicamycin	Approved	34.0	.	.	.	.	Minimally invasive lung adenocarcinoma	SYNERGxDB Database	Investigative	NCI-H322M	25.23	29.43	24.29	23.36	2
DCJAPNR	DM62UG5	Vemurafenib	Approved	34.0	DM7C8YV	Plicamycin	Approved	34.0	.	.	.	.	Non-small cell lung carcinoma	SYNERGxDB Database	Investigative	HOP-92	2.95	4.43	3.35	3.35	2
DCDOS0P	DM62UG5	Vemurafenib	Approved	34.0	DM7HXWT	Nilotinib	Approved	34.0	.	.	.	.	Large cell lung carcinoma	SYNERGxDB Database	Investigative	NCI-H460	9.51	10.19	8.58	7.36	2
DCGEHZ1	DM62UG5	Vemurafenib	Approved	34.0	DM7HXWT	Nilotinib	Approved	34.0	.	.	.	.	Lung adenocarcinoma	SYNERGxDB Database	Investigative	HOP-62	2.46	5.57	3.88	4.26	2
DCQ3NHP	DM62UG5	Vemurafenib	Approved	34.0	DM7HXWT	Nilotinib	Approved	34.0	.	.	.	.	Non-small cell lung carcinoma	SYNERGxDB Database	Investigative	HOP-92	1.28	3.12	2.01	1.38	2
DCVTBS0	DM62UG5	Vemurafenib	Approved	34.0	DM7NKEV	Thioguanine	Preclinical	2.1	.	.	.	.	Lung adenocarcinoma	SYNERGxDB Database	Investigative	EKVX	2.64	7.32	4.67	5.36	2
DCA6DAM	DM62UG5	Vemurafenib	Approved	34.0	DM8V75C	ABIRATERONE	Approved	34.0	.	.	.	.	Non-small cell lung carcinoma	SYNERGxDB Database	Investigative	HOP-92	0.57	5.55	3.91	3.67	2
DCXN20E	DM62UG5	Vemurafenib	Approved	34.0	DMAO80I	Pralatrexate	Approved	34.0	.	.	.	.	Lung adenocarcinoma	SYNERGxDB Database	Investigative	MDA-MB-231	1.27	6.49	4.4	4.32	2
DC5H598	DM62UG5	Vemurafenib	Approved	34.0	DMAO80I	Pralatrexate	Approved	34.0	.	.	.	.	Lung adenocarcinoma 	SYNERGxDB Database	Investigative	NCI-H522	0.39	3.96	3.79	3.3	2
DCQXBOS	DM62UG5	Vemurafenib	Approved	34.0	DMC3P45	Terameprocol	Phase 2	21.0	.	.	.	.	Lung adenocarcinoma	SYNERGxDB Database	Investigative	MDA-MB-231	5.86	3.22	1.16	1.16	2
DCCANZU	DM62UG5	Vemurafenib	Approved	34.0	DMC3P45	Terameprocol	Phase 2	21.0	.	.	.	.	Lung adenocarcinoma	SYNERGxDB Database	Investigative	EKVX	1.29	7.54	5.52	5.46	2
DCZO15L	DM62UG5	Vemurafenib	Approved	34.0	DMC3P45	Terameprocol	Phase 2	21.0	.	.	.	.	Lung adenocarcinoma 	SYNERGxDB Database	Investigative	NCI-H522	1.25	7.98	7.9	7.54	2
DC5YRXJ	DM62UG5	Vemurafenib	Approved	34.0	DMC3P45	Terameprocol	Phase 2	21.0	.	.	.	.	Non-small cell lung carcinoma	SYNERGxDB Database	Investigative	HOP-92	0.34	11.15	10.08	9.67	2
DC71HE3	DM62UG5	Vemurafenib	Approved	34.0	DMCJLD1	SCH 727965	Discontinued in Phase 3	9.0	.	.	.	.	Lung adenocarcinoma	SYNERGxDB Database	Investigative	MDA-MB-231	3.39	4.48	2.28	1.14	2
DCYO5TT	DM62UG5	Vemurafenib	Approved	34.0	DMCJLD1	SCH 727965	Discontinued in Phase 3	9.0	.	.	.	.	Lung adenocarcinoma 	SYNERGxDB Database	Investigative	NCI-H522	1.52	5.78	3.19	2.97	2
DCYS3NL	DM62UG5	Vemurafenib	Approved	34.0	DMCT3I8	Ifosfamide	Approved	34.0	.	.	.	.	Large cell lung carcinoma	SYNERGxDB Database	Investigative	NCI-H460	2.47	10.22	8.71	8.18	2
DCMBIZX	DM62UG5	Vemurafenib	Approved	34.0	DMCT3I8	Ifosfamide	Approved	34.0	.	.	.	.	Non-small cell lung carcinoma	SYNERGxDB Database	Investigative	HOP-92	3.73	8.46	7.05	5.76	2
DC8FJB0	DM62UG5	Vemurafenib	Approved	34.0	DMDKF3M	Raloxifene	Approved	34.0	.	.	.	.	Large cell lung carcinoma	SYNERGxDB Database	Investigative	NCI-H460	4.43	10.49	9.47	7.64	2
DC5ERI8	DM62UG5	Vemurafenib	Approved	34.0	DMDKF3M	Raloxifene	Approved	34.0	.	.	.	.	Lung adenocarcinoma	SYNERGxDB Database	Investigative	MDA-MB-231	4.27	9.66	7.02	5.92	2
DCBJ5J9	DM62UG5	Vemurafenib	Approved	34.0	DMDKF3M	Raloxifene	Approved	34.0	.	.	.	.	Lung adenocarcinoma	SYNERGxDB Database	Investigative	EKVX	3.42	5.66	3.56	3.26	2
DC683PV	DM62UG5	Vemurafenib	Approved	34.0	DMDKF3M	Raloxifene	Approved	34.0	.	.	.	.	Lung adenocarcinoma 	SYNERGxDB Database	Investigative	NCI-H522	1.3	3.82	3.73	2.93	2
DCGAX2H	DM62UG5	Vemurafenib	Approved	34.0	DMDKF3M	Raloxifene	Approved	34.0	.	.	.	.	Minimally invasive lung adenocarcinoma	SYNERGxDB Database	Investigative	NCI-H322M	4.68	7.83	2.12	1.74	2
DC6JHES	DM62UG5	Vemurafenib	Approved	34.0	DMDKF3M	Raloxifene	Approved	34.0	.	.	.	.	Non-small cell lung carcinoma	SYNERGxDB Database	Investigative	HOP-92	0.01	4.65	3.54	3.18	2
DCX1M0V	DM62UG5	Vemurafenib	Approved	34.0	DMFH15Z	Bendamustine hydrochloride	Approved	34.0	.	.	.	.	Large cell lung carcinoma	SYNERGxDB Database	Investigative	NCI-H460	16.7	15.88	11.22	13.89	2
DCVF3ZJ	DM62UG5	Vemurafenib	Approved	34.0	DMH07Y3	Letrozole	Approved	34.0	.	.	.	.	Lung adenocarcinoma	SYNERGxDB Database	Investigative	EKVX	0.53	6.39	4.36	4.27	2
DCX3Y5O	DM62UG5	Vemurafenib	Approved	34.0	DMH07Y3	Letrozole	Approved	34.0	.	.	.	.	Minimally invasive lung adenocarcinoma	SYNERGxDB Database	Investigative	NCI-H322M	1.06	6.71	0.69	0.69	2
DCJ5S5U	DM62UG5	Vemurafenib	Approved	34.0	DMH07Y3	Letrozole	Approved	34.0	.	.	.	.	Non-small cell lung carcinoma	SYNERGxDB Database	Investigative	HOP-92	4.69	3.51	1.42	2.42	2
DC5MOAO	DM62UG5	Vemurafenib	Approved	34.0	DMH0ZJE	Mitomycin	Approved	34.0	.	.	.	.	Lung adenocarcinoma	SYNERGxDB Database	Investigative	EKVX	4.03	8.88	6.83	6.49	2
DC1J71B	DM62UG5	Vemurafenib	Approved	34.0	DMH0ZJE	Mitomycin	Approved	34.0	.	.	.	.	Lung adenocarcinoma	SYNERGxDB Database	Investigative	MDA-MB-231	0.79	4.95	2.76	2.9	2
DCOFPPI	DM62UG5	Vemurafenib	Approved	34.0	DMH0ZJE	Mitomycin	Approved	34.0	.	.	.	.	Non-small cell lung carcinoma	SYNERGxDB Database	Investigative	HOP-92	2.15	3.43	1.74	0.55	2
DCZC3GG	DM62UG5	Vemurafenib	Approved	34.0	DMHL7OB	Uracil mustard	Approved	34.0	.	.	.	.	Lung adenocarcinoma 	SYNERGxDB Database	Investigative	NCI-H522	24.97	24.29	6.8	23.99	2
DCUKLVP	DM62UG5	Vemurafenib	Approved	34.0	DMLNFWU	TEM	Phase 2	21.0	.	.	.	.	Lung adenocarcinoma	SYNERGxDB Database	Investigative	EKVX	1.24	5.71	1.98	3.62	2
DC3T3G5	DM62UG5	Vemurafenib	Approved	34.0	DMLNFWU	TEM	Phase 2	21.0	.	.	.	.	Lung adenocarcinoma	SYNERGxDB Database	Investigative	HOP-62	1.22	9.77	1.23	6.63	2
DCPE7K0	DM62UG5	Vemurafenib	Approved	34.0	DMLNFWU	TEM	Phase 2	21.0	.	.	.	.	Minimally invasive lung adenocarcinoma	SYNERGxDB Database	Investigative	NCI-H322M	3.35	11.44	5.01	5.39	2
DCCUXPA	DM62UG5	Vemurafenib	Approved	34.0	DMM0XGL	Idarubicin	Approved	34.0	.	.	.	.	Lung adenocarcinoma	SYNERGxDB Database	Investigative	MDA-MB-231	0.33	6.05	3.05	3.86	2
DCJPST8	DM62UG5	Vemurafenib	Approved	34.0	DMM1I8R	Indazole derivative 5	Patented	15.5	.	.	.	.	Lung adenocarcinoma	SYNERGxDB Database	Investigative	HOP-62	2.74	8.33	4.49	4.8	2
DC83W8L	DM62UG5	Vemurafenib	Approved	34.0	DMM1I8R	Indazole derivative 5	Patented	15.5	.	.	.	.	Non-small cell lung carcinoma	SYNERGxDB Database	Investigative	HOP-92	3.96	8.01	7.65	5.38	2
DCV2M2A	DM62UG5	Vemurafenib	Approved	34.0	DM7RJXL	Imatinib	Phase 3 Trial	25.0	.	.	.	.	Large cell lung carcinoma	SYNERGxDB Database	Investigative	NCI-H460	6.03	20.94	19.17	18.64	2
DCGVNST	DM62UG5	Vemurafenib	Approved	34.0	DMNER5S	Bleomycin	Approved	34.0	.	.	.	.	Lung adenocarcinoma	SYNERGxDB Database	Investigative	MDA-MB-231	6.81	11.29	0.15	9.6	2
DCDOCGY	DM62UG5	Vemurafenib	Approved	34.0	DMNP60F	Anastrozole	Approved	34.0	.	.	.	.	Non-small cell lung carcinoma	SYNERGxDB Database	Investigative	HOP-92	1.58	2.02	0.9	1.07	2
DC1VBZM	DM62UG5	Vemurafenib	Approved	34.0	DMNPZL4	Dacarbazine	Approved	34.0	.	.	.	.	Large cell lung carcinoma	SYNERGxDB Database	Investigative	NCI-H460	4.65	9.32	6.64	7.56	2
DCKP6B0	DM62UG5	Vemurafenib	Approved	34.0	DMOYJFK	Valrubicin	Approved	34.0	.	.	.	.	Lung adenocarcinoma	SYNERGxDB Database	Investigative	HOP-62	0.3	7.08	5.7	5.74	2
DCB1US3	DM62UG5	Vemurafenib	Approved	34.0	DMOYJFK	Valrubicin	Approved	34.0	.	.	.	.	Non-small cell lung carcinoma	SYNERGxDB Database	Investigative	HOP-92	0.69	3.46	1.22	2.37	2
DCB91CN	DM62UG5	Vemurafenib	Approved	34.0	DMP6G8T	Topotecan	Approved	34.0	.	.	.	.	Minimally invasive lung adenocarcinoma	SYNERGxDB Database	Investigative	NCI-H322M	7.52	10.02	3.47	5.4	2
DCCS9KD	DM62UG5	Vemurafenib	Approved	34.0	DMPDW6T	Epirubicin	Approved	34.0	.	.	.	.	Large cell lung carcinoma	SYNERGxDB Database	Investigative	NCI-H460	12.01	13.98	12.55	10.53	2
DC77I6D	DM62UG5	Vemurafenib	Approved	34.0	DMPDW6T	Epirubicin	Approved	34.0	.	.	.	.	Lung adenocarcinoma	SYNERGxDB Database	Investigative	EKVX	3.5	12.02	10.76	9.45	2
DC13R21	DM62UG5	Vemurafenib	Approved	34.0	DMPDW6T	Epirubicin	Approved	34.0	.	.	.	.	Lung adenocarcinoma	SYNERGxDB Database	Investigative	MDA-MB-231	5.86	8.56	5.53	6.55	2
DCYC6FW	DM62UG5	Vemurafenib	Approved	34.0	DMPDW6T	Epirubicin	Approved	34.0	.	.	.	.	Non-small cell lung carcinoma	SYNERGxDB Database	Investigative	HOP-92	7.33	11.06	9.49	9.56	2
DCV5I59	DM62UG5	Vemurafenib	Approved	34.0	DMRHGI9	Cisplatin	Approved	34.0	.	.	.	.	Large cell lung carcinoma	SYNERGxDB Database	Investigative	NCI-H460	1.94	4.2	2.29	1.46	2
DCDW36K	DM62UG5	Vemurafenib	Approved	34.0	DMRHGI9	Cisplatin	Approved	34.0	.	.	.	.	Lung adenocarcinoma	SYNERGxDB Database	Investigative	MDA-MB-231	0.72	3.51	0.83	1.39	2
DC8YIVU	DM62UG5	Vemurafenib	Approved	34.0	DMRHGI9	Cisplatin	Approved	34.0	.	.	.	.	Lung adenocarcinoma	SYNERGxDB Database	Investigative	EKVX	1.36	2.37	1.28	0.04	2
DCLSUE4	DM62UG5	Vemurafenib	Approved	34.0	DMRICNP	Vandetanib	Approved	34.0	.	.	.	.	Large cell lung carcinoma	SYNERGxDB Database	Investigative	NCI-H460	0.91	4.85	1.19	3.17	2
DCHWMU1	DM62UG5	Vemurafenib	Approved	34.0	DMSG91J	ER819762	Investigative	0.0	.	.	.	.	Non-small cell lung carcinoma	SYNERGxDB Database	Investigative	HOP-92	0.71	1.63	0.52	0.3	2
DC7UIIZ	DM62UG5	Vemurafenib	Approved	34.0	DMTA5OE	Azacitidine	Approved	34.0	.	.	.	.	Lung adenocarcinoma	SYNERGxDB Database	Investigative	EKVX	1.31	3.72	1.62	1.12	2
DC8NA4Y	DM62UG5	Vemurafenib	Approved	34.0	DMTA5OE	Azacitidine	Approved	34.0	.	.	.	.	Non-small cell lung carcinoma	SYNERGxDB Database	Investigative	HOP-92	2.58	6.37	0.57	5.24	2
DCX7V7X	DM62UG5	Vemurafenib	Approved	34.0	DMTGBAX	Pomalidomide	Approved	34.0	.	.	.	.	Lung adenocarcinoma	SYNERGxDB Database	Investigative	EKVX	3.12	5.79	4.51	2.83	2
DCGFLBX	DM62UG5	Vemurafenib	Approved	34.0	DMTGBAX	Pomalidomide	Approved	34.0	.	.	.	.	Lung adenocarcinoma	SYNERGxDB Database	Investigative	MDA-MB-231	1.21	6.57	4.4	4.5	2
DCNC9XE	DM62UG5	Vemurafenib	Approved	34.0	DMTGBAX	Pomalidomide	Approved	34.0	.	.	.	.	Lung adenocarcinoma 	SYNERGxDB Database	Investigative	NCI-H522	1.38	9.11	8.36	7.76	2
DCRMPQF	DM62UG5	Vemurafenib	Approved	34.0	DMTGBAX	Pomalidomide	Approved	34.0	.	.	.	.	Minimally invasive lung adenocarcinoma	SYNERGxDB Database	Investigative	NCI-H322M	4.11	7.23	1.55	1.18	2
DC1BPA8	DM62UG5	Vemurafenib	Approved	34.0	DMTGBAX	Pomalidomide	Approved	34.0	.	.	.	.	Non-small cell lung carcinoma	SYNERGxDB Database	Investigative	HOP-92	1.07	4.88	3.75	2.47	2
DCDEKE4	DM62UG5	Vemurafenib	Approved	34.0	DMTM2IK	Mercaptopurine	Preclinical	2.1	.	.	.	.	Minimally invasive lung adenocarcinoma	SYNERGxDB Database	Investigative	NCI-H322M	6.31	8.38	2.86	1.66	2
DCUIFWB	DM62UG5	Vemurafenib	Approved	34.0	DMWGV8N	PMID28870136-Compound-43	Patented	15.5	.	.	.	.	Lung adenocarcinoma	SYNERGxDB Database	Investigative	MDA-MB-231	3.91	5.24	2.09	1.31	2
DC5BL7I	DM62UG5	Vemurafenib	Approved	34.0	DMWGV8N	PMID28870136-Compound-43	Patented	15.5	.	.	.	.	Minimally invasive lung adenocarcinoma	SYNERGxDB Database	Investigative	NCI-H322M	4.46	11.19	5.47	4.77	2
DCMJLME	DM62UG5	Vemurafenib	Approved	34.0	DMWIDJK	FORMESTANE	Withdrawn from market	12.0	.	.	.	.	Lung adenocarcinoma	SYNERGxDB Database	Investigative	MDA-MB-231	1.64	2.49	0.43	0.43	2
DCMJ4R1	DM62UG5	Vemurafenib	Approved	34.0	DMWIDJK	FORMESTANE	Withdrawn from market	12.0	.	.	.	.	Non-small cell lung carcinoma	SYNERGxDB Database	Investigative	HOP-92	1.73	2.24	1.14	0.98	2
DCVHDG9	DM62UG5	Vemurafenib	Approved	34.0	DMJV2EK	Dasatinib	Investigative	0.0	.	.	.	.	Large cell lung carcinoma	SYNERGxDB Database	Investigative	NCI-H460	12.76	21.69	21.06	19.89	2
DC3OSEM	DM62UG5	Vemurafenib	Approved	34.0	DMJV2EK	Dasatinib	Investigative	0.0	.	.	.	.	Lung adenocarcinoma	SYNERGxDB Database	Investigative	HOP-62	5.62	12.21	7.32	11.22	2
DC4LVPG	DM62UG5	Vemurafenib	Approved	34.0	DMJV2EK	Dasatinib	Investigative	0.0	.	.	.	.	Non-small cell lung carcinoma	SYNERGxDB Database	Investigative	HOP-92	3.05	12.11	1.32	11.07	2
DCG79E1	DM5IXKQ	Vismodegib	Approved	34.0	DM0HXDS	Pentostatin	Approved	34.0	.	.	.	.	Large cell lung carcinoma	SYNERGxDB Database	Investigative	NCI-H460	3.95	12.7	12.5	12.89	2
DCJX3SM	DM5IXKQ	Vismodegib	Approved	34.0	DM0HXDS	Pentostatin	Approved	34.0	.	.	.	.	Lung adenocarcinoma	SYNERGxDB Database	Investigative	HOP-62	1.74	6.46	4.63	5.34	2
DCA1C2R	DM5IXKQ	Vismodegib	Approved	34.0	DM0YZC6	Fulvestrant	Approved	34.0	.	.	.	.	Lung adenocarcinoma	SYNERGxDB Database	Investigative	HOP-62	2.99	5.88	4.33	4.39	2
DC9QSPD	DM5IXKQ	Vismodegib	Approved	34.0	DM0YZC6	Fulvestrant	Approved	34.0	.	.	.	.	Minimally invasive lung adenocarcinoma	SYNERGxDB Database	Investigative	NCI-H322M	3.18	9.02	7.56	7.32	2
DC0PRD4	DM5IXKQ	Vismodegib	Approved	34.0	DM15F0X	Gefitinib	Approved	34.0	.	.	.	.	Lung adenocarcinoma	SYNERGxDB Database	Investigative	HOP-62	7.88	11.16	10.46	11.31	2
DC4SDC0	DM5IXKQ	Vismodegib	Approved	34.0	DM15F0X	Gefitinib	Approved	34.0	.	.	.	.	Lung adenocarcinoma 	SYNERGxDB Database	Investigative	NCI-H522	4.47	5.59	3.41	6.86	2
DCLCAQD	DM5IXKQ	Vismodegib	Approved	34.0	DM15F0X	Gefitinib	Approved	34.0	.	.	.	.	Minimally invasive lung adenocarcinoma	SYNERGxDB Database	Investigative	NCI-H322M	4.8	4.9	2.6	5.28	2
DC6COBR	DM5IXKQ	Vismodegib	Approved	34.0	DM15F0X	Gefitinib	Approved	34.0	.	.	.	.	Non-small cell lung carcinoma	SYNERGxDB Database	Investigative	HOP-92	3.94	7.8	6.28	8.91	2
DCYNBTR	DM5IXKQ	Vismodegib	Approved	34.0	DM2OZ3G	Ixabepilone	Approved	34.0	.	.	.	.	Lung adenocarcinoma	SYNERGxDB Database	Investigative	EKVX	2.59	7.77	7.46	7.05	2
DC2NUO9	DM5IXKQ	Vismodegib	Approved	34.0	DM2OZ3G	Ixabepilone	Approved	34.0	.	.	.	.	Lung adenocarcinoma	SYNERGxDB Database	Investigative	MDA-MB-231	3.9	12.3	8.04	11.81	2
DCVZLFH	DM5IXKQ	Vismodegib	Approved	34.0	DM2YGNW	Dactinomycin	Approved	34.0	.	.	.	.	Large cell lung carcinoma	SYNERGxDB Database	Investigative	NCI-H460	21.88	25.02	23.63	23.8	2
DC6RQVH	DM5IXKQ	Vismodegib	Approved	34.0	DM2YGNW	Dactinomycin	Approved	34.0	.	.	.	.	Lung adenocarcinoma	SYNERGxDB Database	Investigative	HOP-62	12.08	14.3	12.67	13.01	2
DCREC0Q	DM5IXKQ	Vismodegib	Approved	34.0	DM2YGNW	Dactinomycin	Approved	34.0	.	.	.	.	Lung adenocarcinoma	SYNERGxDB Database	Investigative	EKVX	13.67	17.77	17.39	16.97	2
DCT18DK	DM5IXKQ	Vismodegib	Approved	34.0	DM2YGNW	Dactinomycin	Approved	34.0	.	.	.	.	Lung adenocarcinoma	SYNERGxDB Database	Investigative	MDA-MB-231	14.02	19.66	19.31	19.11	2
DC9X3U8	DM5IXKQ	Vismodegib	Approved	34.0	DM2YGNW	Dactinomycin	Approved	34.0	.	.	.	.	Lung adenocarcinoma 	SYNERGxDB Database	Investigative	NCI-H522	15.3	24.12	23.29	23.05	2
DCD3QS8	DM5IXKQ	Vismodegib	Approved	34.0	DM2YGNW	Dactinomycin	Approved	34.0	.	.	.	.	Minimally invasive lung adenocarcinoma	SYNERGxDB Database	Investigative	NCI-H322M	18.59	22.94	21.02	20.77	2
DCTCK65	DM5IXKQ	Vismodegib	Approved	34.0	DM2YGNW	Dactinomycin	Approved	34.0	.	.	.	.	Non-small cell lung carcinoma	SYNERGxDB Database	Investigative	HOP-92	17.46	19.61	19.09	18.76	2
DCBOC2N	DM5IXKQ	Vismodegib	Approved	34.0	DM3BF9B	DFN-15	Phase 3	25.0	.	.	.	.	Lung adenocarcinoma	SYNERGxDB Database	Investigative	HOP-62	0.22	7.32	4.57	5.25	2
DCSXG3M	DM5IXKQ	Vismodegib	Approved	34.0	DM3BF9B	DFN-15	Phase 3	25.0	.	.	.	.	Lung adenocarcinoma	SYNERGxDB Database	Investigative	MDA-MB-231	0.21	4.19	0.35	3.18	2
DCBMZ11	DM5IXKQ	Vismodegib	Approved	34.0	DM3BF9B	DFN-15	Phase 3	25.0	.	.	.	.	Lung adenocarcinoma 	SYNERGxDB Database	Investigative	NCI-H522	0.95	4.13	4.44	5.19	2
DCA1HDW	DM5IXKQ	Vismodegib	Approved	34.0	DM3BH1Y	Lapatinib	Approved	34.0	.	.	.	.	Large cell lung carcinoma	SYNERGxDB Database	Investigative	NCI-H460	9.92	9.61	11.46	9.68	2
DC3XBT2	DM5IXKQ	Vismodegib	Approved	34.0	DM4DOUB	PMID28460551-Compound-2	Patented	15.5	.	.	.	.	Lung adenocarcinoma	SYNERGxDB Database	Investigative	MDA-MB-231	21.43	25.24	23.85	25.26	2
DCZGAUC	DM5IXKQ	Vismodegib	Approved	34.0	DM4O2Z7	Cyclophosphamide	Approved	34.0	.	.	.	.	Large cell lung carcinoma	SYNERGxDB Database	Investigative	NCI-H460	0.34	1.43	1.76	1.62	2
DCZK41B	DM5IXKQ	Vismodegib	Approved	34.0	DM4OYXE	LIAROZOLE	Phase 2/3	24.0	.	.	.	.	Minimally invasive lung adenocarcinoma	SYNERGxDB Database	Investigative	NCI-H322M	2.46	8.19	0.39	2.74	2
DCWVPU4	DM5IXKQ	Vismodegib	Approved	34.0	DM5JVS3	Isoniazid	Approved	34.0	.	.	.	.	Non-small cell lung carcinoma	SYNERGxDB Database	Investigative	HOP-92	1.94	7.09	2.89	4.37	2
DCD4QD2	DM5IXKQ	Vismodegib	Approved	34.0	DM61TA4	Arsenic trioxide	Approved	34.0	.	.	.	.	Large cell lung carcinoma	SYNERGxDB Database	Investigative	NCI-H460	9.01	13.84	10.26	10.3	2
DCURCEA	DM5IXKQ	Vismodegib	Approved	34.0	DM61TA4	Arsenic trioxide	Approved	34.0	.	.	.	.	Lung adenocarcinoma	SYNERGxDB Database	Investigative	HOP-62	4.88	6.14	3.73	2.99	2
DCGOKUU	DM5IXKQ	Vismodegib	Approved	34.0	DM7C8YV	Plicamycin	Approved	34.0	.	.	.	.	Large cell lung carcinoma	SYNERGxDB Database	Investigative	NCI-H460	16.87	18.81	18.18	18.2	2
DC4KTV5	DM5IXKQ	Vismodegib	Approved	34.0	DM7C8YV	Plicamycin	Approved	34.0	.	.	.	.	Lung adenocarcinoma	SYNERGxDB Database	Investigative	MDA-MB-231	6.65	8.03	7.8	7.82	2
DCY9RJ5	DM5IXKQ	Vismodegib	Approved	34.0	DM7C8YV	Plicamycin	Approved	34.0	.	.	.	.	Lung adenocarcinoma	SYNERGxDB Database	Investigative	EKVX	7.23	12.87	13.89	13.59	2
DCB4OVA	DM5IXKQ	Vismodegib	Approved	34.0	DM7C8YV	Plicamycin	Approved	34.0	.	.	.	.	Lung adenocarcinoma	SYNERGxDB Database	Investigative	HOP-62	12.67	15.39	14.16	13.22	2
DCZQ6NC	DM5IXKQ	Vismodegib	Approved	34.0	DM7C8YV	Plicamycin	Approved	34.0	.	.	.	.	Lung adenocarcinoma 	SYNERGxDB Database	Investigative	NCI-H522	18.28	21	20.45	20.47	2
DC63WZ7	DM5IXKQ	Vismodegib	Approved	34.0	DM7C8YV	Plicamycin	Approved	34.0	.	.	.	.	Minimally invasive lung adenocarcinoma	SYNERGxDB Database	Investigative	NCI-H322M	18.96	22.9	21.54	21.13	2
DCWU77T	DM5IXKQ	Vismodegib	Approved	34.0	DM7C8YV	Plicamycin	Approved	34.0	.	.	.	.	Non-small cell lung carcinoma	SYNERGxDB Database	Investigative	HOP-92	5.63	7.94	8.48	8.36	2
DC8EZEB	DM5IXKQ	Vismodegib	Approved	34.0	DM7HXWT	Nilotinib	Approved	34.0	.	.	.	.	Large cell lung carcinoma	SYNERGxDB Database	Investigative	NCI-H460	3.73	8.03	9.89	7.42	2
DCR9NA8	DM5IXKQ	Vismodegib	Approved	34.0	DM7HXWT	Nilotinib	Approved	34.0	.	.	.	.	Lung adenocarcinoma	SYNERGxDB Database	Investigative	EKVX	0.32	4.32	1.73	1.72	2
DCXLVZC	DM5IXKQ	Vismodegib	Approved	34.0	DM7NKEV	Thioguanine	Preclinical	2.1	.	.	.	.	Lung adenocarcinoma	SYNERGxDB Database	Investigative	HOP-62	3.32	4.44	1.95	2.94	2
DC6TR3K	DM5IXKQ	Vismodegib	Approved	34.0	DM9WLN4	10-hydroxycamptothecin	Investigative	0.0	.	.	.	.	Lung adenocarcinoma	SYNERGxDB Database	Investigative	HOP-62	8.58	8.97	6.81	7.93	2
DCXO82B	DM5IXKQ	Vismodegib	Approved	34.0	DM9WLN4	10-hydroxycamptothecin	Investigative	0.0	.	.	.	.	Lung adenocarcinoma	SYNERGxDB Database	Investigative	MDA-MB-231	8.08	8.78	7.4	10.4	2
DCMRW3C	DM5IXKQ	Vismodegib	Approved	34.0	DM9WLN4	10-hydroxycamptothecin	Investigative	0.0	.	.	.	.	Non-small cell lung carcinoma	SYNERGxDB Database	Investigative	HOP-92	2.47	5.11	1.13	5.91	2
DCXALEE	DM5IXKQ	Vismodegib	Approved	34.0	DMAO80I	Pralatrexate	Approved	34.0	.	.	.	.	Lung adenocarcinoma	SYNERGxDB Database	Investigative	MDA-MB-231	3.8	11.82	10.99	10.61	2
DCNVQ9H	DM5IXKQ	Vismodegib	Approved	34.0	DMAO80I	Pralatrexate	Approved	34.0	.	.	.	.	Lung adenocarcinoma 	SYNERGxDB Database	Investigative	NCI-H522	0.38	3.31	2.51	2.53	2
DCOXR15	DM5IXKQ	Vismodegib	Approved	34.0	DMC3P45	Terameprocol	Phase 2	21.0	.	.	.	.	Lung adenocarcinoma 	SYNERGxDB Database	Investigative	NCI-H522	0.77	7.73	7.09	7.1	2
DC2TNYJ	DM5IXKQ	Vismodegib	Approved	34.0	DMC3P45	Terameprocol	Phase 2	21.0	.	.	.	.	Non-small cell lung carcinoma	SYNERGxDB Database	Investigative	HOP-92	2.56	9.21	0.76	8.48	2
DC1OLRD	DM5IXKQ	Vismodegib	Approved	34.0	DMCJLD1	SCH 727965	Discontinued in Phase 3	9.0	.	.	.	.	Lung adenocarcinoma	SYNERGxDB Database	Investigative	MDA-MB-231	1.25	6.49	3.49	3.6	2
DCJDMDY	DM5IXKQ	Vismodegib	Approved	34.0	DMCJLD1	SCH 727965	Discontinued in Phase 3	9.0	.	.	.	.	Minimally invasive lung adenocarcinoma	SYNERGxDB Database	Investigative	NCI-H322M	0.92	2.95	0.35	0.26	2
DCIYZ83	DM5IXKQ	Vismodegib	Approved	34.0	DMCT3I8	Ifosfamide	Approved	34.0	.	.	.	.	Large cell lung carcinoma	SYNERGxDB Database	Investigative	NCI-H460	1.44	10.07	6.19	8.96	2
DCFWCQC	DM5IXKQ	Vismodegib	Approved	34.0	DMDI269	Docetaxel	Approved	34.0	.	.	.	.	Large cell lung carcinoma	SYNERGxDB Database	Investigative	NCI-H460	21.76	19.1	1.68	19.1	2
DCAABUO	DM5IXKQ	Vismodegib	Approved	34.0	DMDI269	Docetaxel	Approved	34.0	.	.	.	.	Lung adenocarcinoma	SYNERGxDB Database	Investigative	EKVX	4.95	7.11	5.57	8.65	2
DCXUWHF	DM5IXKQ	Vismodegib	Approved	34.0	DMDI269	Docetaxel	Approved	34.0	.	.	.	.	Lung adenocarcinoma	SYNERGxDB Database	Investigative	HOP-62	5.97	11.34	1.97	8.81	2
DCFXJ95	DM5IXKQ	Vismodegib	Approved	34.0	DMDI269	Docetaxel	Approved	34.0	.	.	.	.	Lung adenocarcinoma	SYNERGxDB Database	Investigative	MDA-MB-231	8.34	11.61	7.26	12.42	2
DCKE3OM	DM5IXKQ	Vismodegib	Approved	34.0	DMDI269	Docetaxel	Approved	34.0	.	.	.	.	Lung adenocarcinoma 	SYNERGxDB Database	Investigative	NCI-H522	10.75	11	7.18	12.07	2
DC12WV4	DM5IXKQ	Vismodegib	Approved	34.0	DMDI269	Docetaxel	Approved	34.0	.	.	.	.	Minimally invasive lung adenocarcinoma	SYNERGxDB Database	Investigative	NCI-H322M	9.5	11.13	7.9	10.52	2
DC2HHUV	DM5IXKQ	Vismodegib	Approved	34.0	DMDKF3M	Raloxifene	Approved	34.0	.	.	.	.	Large cell lung carcinoma	SYNERGxDB Database	Investigative	NCI-H460	1.99	2.46	3.2	2.18	2
DC9PTAM	DM5IXKQ	Vismodegib	Approved	34.0	DMDKF3M	Raloxifene	Approved	34.0	.	.	.	.	Lung adenocarcinoma	SYNERGxDB Database	Investigative	HOP-62	2.42	12.18	8.34	8.31	2
DC9GDB8	DM5IXKQ	Vismodegib	Approved	34.0	DMDKF3M	Raloxifene	Approved	34.0	.	.	.	.	Minimally invasive lung adenocarcinoma	SYNERGxDB Database	Investigative	NCI-H322M	1.94	9.63	7.78	7.75	2
DCYJ8OD	DM5IXKQ	Vismodegib	Approved	34.0	DMDKF3M	Raloxifene	Approved	34.0	.	.	.	.	Non-small cell lung carcinoma	SYNERGxDB Database	Investigative	HOP-92	1.36	5.46	4.91	4.91	2
DCTDV4X	DM5IXKQ	Vismodegib	Approved	34.0	DMFH15Z	Bendamustine hydrochloride	Approved	34.0	.	.	.	.	Large cell lung carcinoma	SYNERGxDB Database	Investigative	NCI-H460	16.33	17.35	17.71	17.67	2
DCPRKTY	DM5IXKQ	Vismodegib	Approved	34.0	DMFH15Z	Bendamustine hydrochloride	Approved	34.0	.	.	.	.	Minimally invasive lung adenocarcinoma	SYNERGxDB Database	Investigative	NCI-H322M	2.81	11.06	8.47	11.12	2
DCYCK8X	DM5IXKQ	Vismodegib	Approved	34.0	DMG2YBD	Trifluridine	Approved	34.0	.	.	.	.	Lung adenocarcinoma	SYNERGxDB Database	Investigative	HOP-62	5.94	12.52	11.74	12.38	2
DC4FU3W	DM5IXKQ	Vismodegib	Approved	34.0	DMGW1ID	Sirolimus	Approved	34.0	.	.	.	.	Lung adenocarcinoma	SYNERGxDB Database	Investigative	MDA-MB-231	1.47	5.44	5.92	7.9	2
DC64QRM	DM5IXKQ	Vismodegib	Approved	34.0	DMGW1ID	Sirolimus	Approved	34.0	.	.	.	.	Lung adenocarcinoma	SYNERGxDB Database	Investigative	EKVX	6.48	8.19	8.18	10.88	2
DCHIKZE	DM5IXKQ	Vismodegib	Approved	34.0	DMGW1ID	Sirolimus	Approved	34.0	.	.	.	.	Lung adenocarcinoma 	SYNERGxDB Database	Investigative	NCI-H522	6.53	9.32	8.8	11.09	2
DCEYFU3	DM5IXKQ	Vismodegib	Approved	34.0	DMGW1ID	Sirolimus	Approved	34.0	.	.	.	.	Minimally invasive lung adenocarcinoma	SYNERGxDB Database	Investigative	NCI-H322M	0.72	10.02	8.05	10.25	2
DCQP4T1	DM5IXKQ	Vismodegib	Approved	34.0	DMGW1ID	Sirolimus	Approved	34.0	.	.	.	.	Non-small cell lung carcinoma	SYNERGxDB Database	Investigative	HOP-92	0.34	1.47	0.87	2.8	2
DC62KIR	DM5IXKQ	Vismodegib	Approved	34.0	DMH07Y3	Letrozole	Approved	34.0	.	.	.	.	Minimally invasive lung adenocarcinoma	SYNERGxDB Database	Investigative	NCI-H322M	1.28	6.63	5.45	5.95	2
DCJ2LSY	DM5IXKQ	Vismodegib	Approved	34.0	DMH0ZJE	Mitomycin	Approved	34.0	.	.	.	.	Large cell lung carcinoma	SYNERGxDB Database	Investigative	NCI-H460	5.22	10.27	7.6	9.48	2
DCI34HU	DM5IXKQ	Vismodegib	Approved	34.0	DMH8UF0	SY-1425	Phase 1	17.0	.	.	.	.	Large cell lung carcinoma	SYNERGxDB Database	Investigative	NCI-H460	1.19	8.41	8.98	9.45	2
DC5RESX	DM5IXKQ	Vismodegib	Approved	34.0	DMH8UF0	SY-1425	Phase 1	17.0	.	.	.	.	Minimally invasive lung adenocarcinoma	SYNERGxDB Database	Investigative	NCI-H322M	1.23	5.66	4.41	4.73	2
DCF0PR5	DM5IXKQ	Vismodegib	Approved	34.0	DMHL7OB	Uracil mustard	Approved	34.0	.	.	.	.	Large cell lung carcinoma	SYNERGxDB Database	Investigative	NCI-H460	16.34	16.61	7.71	17.02	2
DCHBA1X	DM5IXKQ	Vismodegib	Approved	34.0	DMHL7OB	Uracil mustard	Approved	34.0	.	.	.	.	Lung adenocarcinoma	SYNERGxDB Database	Investigative	EKVX	13.09	15.74	8.21	16.49	2
DCDEN0E	DM5IXKQ	Vismodegib	Approved	34.0	DMHL7OB	Uracil mustard	Approved	34.0	.	.	.	.	Lung adenocarcinoma	SYNERGxDB Database	Investigative	MDA-MB-231	1.16	6.98	1	6.71	2
DCOY1E8	DM5IXKQ	Vismodegib	Approved	34.0	DMHL7OB	Uracil mustard	Approved	34.0	.	.	.	.	Lung adenocarcinoma 	SYNERGxDB Database	Investigative	NCI-H522	19.14	20.27	11.64	20.48	2
DCN5Q3Y	DM5IXKQ	Vismodegib	Approved	34.0	DMHL7OB	Uracil mustard	Approved	34.0	.	.	.	.	Non-small cell lung carcinoma	SYNERGxDB Database	Investigative	HOP-92	7.75	10.52	8.02	10.68	2
DC89N9B	DM5IXKQ	Vismodegib	Approved	34.0	DMINOX3	Vincristine	Approved	34.0	.	.	.	.	Lung adenocarcinoma 	SYNERGxDB Database	Investigative	NCI-H522	11.51	11.08	6.22	11.88	2
DCT3OM2	DM5IXKQ	Vismodegib	Approved	34.0	DMINOX3	Vincristine	Approved	34.0	.	.	.	.	Minimally invasive lung adenocarcinoma	SYNERGxDB Database	Investigative	NCI-H322M	1.22	11.24	8.44	10.46	2
DCZ8WGE	DM5IXKQ	Vismodegib	Approved	34.0	DMJ7NVI	BIO-300	Phase 1/2	19.0	.	.	.	.	Lung adenocarcinoma	SYNERGxDB Database	Investigative	EKVX	5.69	8.45	4.05	10.34	2
DCGAL8F	DM5IXKQ	Vismodegib	Approved	34.0	DMJ7NVI	BIO-300	Phase 1/2	19.0	.	.	.	.	Lung adenocarcinoma	SYNERGxDB Database	Investigative	MDA-MB-231	5.15	5.55	2.85	6.73	2
DCMAU9X	DM5IXKQ	Vismodegib	Approved	34.0	DMJ7NVI	BIO-300	Phase 1/2	19.0	.	.	.	.	Lung adenocarcinoma 	SYNERGxDB Database	Investigative	NCI-H522	13.14	13.66	10.21	14.78	2
DCG6N3M	DM5IXKQ	Vismodegib	Approved	34.0	DMJ7NVI	BIO-300	Phase 1/2	19.0	.	.	.	.	Minimally invasive lung adenocarcinoma	SYNERGxDB Database	Investigative	NCI-H322M	6.26	10.19	8	10.23	2
DCETPJ9	DM5IXKQ	Vismodegib	Approved	34.0	DMJ7NVI	BIO-300	Phase 1/2	19.0	.	.	.	.	Non-small cell lung carcinoma	SYNERGxDB Database	Investigative	HOP-92	4.41	3.87	0.4	4.53	2
DC6EGUC	DM5IXKQ	Vismodegib	Approved	34.0	DMKLAYG	Altretamine	Approved	34.0	.	.	.	.	Large cell lung carcinoma	SYNERGxDB Database	Investigative	NCI-H460	4.39	7.95	2.95	4.35	2
DCH1L8R	DM5IXKQ	Vismodegib	Approved	34.0	DMLNFWU	TEM	Phase 2	21.0	.	.	.	.	Lung adenocarcinoma	SYNERGxDB Database	Investigative	HOP-62	1.91	10.06	6.62	6.65	2
DCTSSHO	DM5IXKQ	Vismodegib	Approved	34.0	DMLNFWU	TEM	Phase 2	21.0	.	.	.	.	Lung adenocarcinoma	SYNERGxDB Database	Investigative	MDA-MB-231	3.5	2.65	1.22	2.58	2
DCVFMUO	DM5IXKQ	Vismodegib	Approved	34.0	DMLWYJB	JNK-IN-8	Investigative	0.0	.	.	.	.	Non-small cell lung carcinoma	SYNERGxDB Database	Investigative	HOP-92	5.35	7.73	5.25	7.85	2
DCW3R2D	DM5IXKQ	Vismodegib	Approved	34.0	DMM1I8R	Indazole derivative 5	Patented	15.5	.	.	.	.	Lung adenocarcinoma	SYNERGxDB Database	Investigative	MDA-MB-231	4.45	4.55	0.52	0.7	2
DCJG3EI	DM5IXKQ	Vismodegib	Approved	34.0	DMM1I8R	Indazole derivative 5	Patented	15.5	.	.	.	.	Lung adenocarcinoma	SYNERGxDB Database	Investigative	EKVX	0.26	5.13	4.29	6.14	2
DCOID1N	DM5IXKQ	Vismodegib	Approved	34.0	DMM1I8R	Indazole derivative 5	Patented	15.5	.	.	.	.	Lung adenocarcinoma	SYNERGxDB Database	Investigative	HOP-62	3.44	9.21	5.83	5.58	2
DC4A9HY	DM5IXKQ	Vismodegib	Approved	34.0	DMM1I8R	Indazole derivative 5	Patented	15.5	.	.	.	.	Non-small cell lung carcinoma	SYNERGxDB Database	Investigative	HOP-92	1.21	5.35	3.98	3.74	2
DCJ48VI	DM5IXKQ	Vismodegib	Approved	34.0	DM7RJXL	Imatinib	Phase 3 Trial	25.0	.	.	.	.	Large cell lung carcinoma	SYNERGxDB Database	Investigative	NCI-H460	9.4	16.12	13.48	14.61	2
DCEH0DB	DM5IXKQ	Vismodegib	Approved	34.0	DMNER5S	Bleomycin	Approved	34.0	.	.	.	.	Large cell lung carcinoma	SYNERGxDB Database	Investigative	NCI-H460	8.27	9.35	1.49	10.23	2
DCSFDPF	DM5IXKQ	Vismodegib	Approved	34.0	DMNER5S	Bleomycin	Approved	34.0	.	.	.	.	Lung adenocarcinoma	SYNERGxDB Database	Investigative	EKVX	4.84	4.88	1.92	6.39	2
DC1JOBK	DM5IXKQ	Vismodegib	Approved	34.0	DMNER5S	Bleomycin	Approved	34.0	.	.	.	.	Lung adenocarcinoma	SYNERGxDB Database	Investigative	HOP-62	7.69	6.76	5.61	6.49	2
DCXJ1ZS	DM5IXKQ	Vismodegib	Approved	34.0	DMNER5S	Bleomycin	Approved	34.0	.	.	.	.	Lung adenocarcinoma	SYNERGxDB Database	Investigative	MDA-MB-231	7.26	10.46	9.2	12.03	2
DCN8IB2	DM5IXKQ	Vismodegib	Approved	34.0	DMNER5S	Bleomycin	Approved	34.0	.	.	.	.	Non-small cell lung carcinoma	SYNERGxDB Database	Investigative	HOP-92	4.31	3.64	0.84	4.4	2
DCXKG8Z	DM5IXKQ	Vismodegib	Approved	34.0	DMNP60F	Anastrozole	Approved	34.0	.	.	.	.	Large cell lung carcinoma	SYNERGxDB Database	Investigative	NCI-H460	1.67	3.07	3.06	3.43	2
DCSX8GQ	DM5IXKQ	Vismodegib	Approved	34.0	DMNP60F	Anastrozole	Approved	34.0	.	.	.	.	Minimally invasive lung adenocarcinoma	SYNERGxDB Database	Investigative	NCI-H322M	5.1	4.35	1.92	3.41	2
DCWQXDO	DM5IXKQ	Vismodegib	Approved	34.0	DMNPZL4	Dacarbazine	Approved	34.0	.	.	.	.	Large cell lung carcinoma	SYNERGxDB Database	Investigative	NCI-H460	1.67	6.1	1.68	5.83	2
DC8UAGZ	DM5IXKQ	Vismodegib	Approved	34.0	DMNPZL4	Dacarbazine	Approved	34.0	.	.	.	.	Lung adenocarcinoma	SYNERGxDB Database	Investigative	HOP-62	4.56	10.17	2.4	7.61	2
DCKVFKJ	DM5IXKQ	Vismodegib	Approved	34.0	DMNPZL4	Dacarbazine	Approved	34.0	.	.	.	.	Lung adenocarcinoma 	SYNERGxDB Database	Investigative	NCI-H522	1.74	6.22	4.77	6.84	2
DC42FR3	DM5IXKQ	Vismodegib	Approved	34.0	DMNPZL4	Dacarbazine	Approved	34.0	.	.	.	.	Non-small cell lung carcinoma	SYNERGxDB Database	Investigative	HOP-92	1.63	7.19	4.23	7.65	2
DCXLLZG	DM5IXKQ	Vismodegib	Approved	34.0	DMOYJFK	Valrubicin	Approved	34.0	.	.	.	.	Large cell lung carcinoma	SYNERGxDB Database	Investigative	NCI-H460	7.26	10.53	10.26	10.65	2
DC098WJ	DM5IXKQ	Vismodegib	Approved	34.0	DMOYJFK	Valrubicin	Approved	34.0	.	.	.	.	Lung adenocarcinoma	SYNERGxDB Database	Investigative	HOP-62	0.2	5.58	4.27	4.24	2
DCS5CC3	DM5IXKQ	Vismodegib	Approved	34.0	DMP6G8T	Topotecan	Approved	34.0	.	.	.	.	Minimally invasive lung adenocarcinoma	SYNERGxDB Database	Investigative	NCI-H322M	7.75	9.84	7.52	10.35	2
DCHAKFK	DM5IXKQ	Vismodegib	Approved	34.0	DMP6G8T	Topotecan	Approved	34.0	.	.	.	.	Non-small cell lung carcinoma	SYNERGxDB Database	Investigative	HOP-92	2.96	1.87	1.45	3.04	2
DCYA89K	DM5IXKQ	Vismodegib	Approved	34.0	DMPAZHC	Cabazitaxel	Approved	34.0	.	.	.	.	Large cell lung carcinoma	SYNERGxDB Database	Investigative	NCI-H460	19.34	15.66	1.46	16.08	2
DCWQ3IU	DM5IXKQ	Vismodegib	Approved	34.0	DMPAZHC	Cabazitaxel	Approved	34.0	.	.	.	.	Lung adenocarcinoma	SYNERGxDB Database	Investigative	MDA-MB-231	2.98	6.88	4.65	8.18	2
DCSPK1S	DM5IXKQ	Vismodegib	Approved	34.0	DMPAZHC	Cabazitaxel	Approved	34.0	.	.	.	.	Lung adenocarcinoma	SYNERGxDB Database	Investigative	EKVX	12.75	14.2	6.58	16.32	2
DCUSMF0	DM5IXKQ	Vismodegib	Approved	34.0	DMPAZHC	Cabazitaxel	Approved	34.0	.	.	.	.	Lung adenocarcinoma	SYNERGxDB Database	Investigative	HOP-62	19.54	20.62	12.63	20.78	2
DCX601H	DM5IXKQ	Vismodegib	Approved	34.0	DMPAZHC	Cabazitaxel	Approved	34.0	.	.	.	.	Lung adenocarcinoma 	SYNERGxDB Database	Investigative	NCI-H522	5.85	7.23	3.99	8.25	2
DCX8XBY	DM5IXKQ	Vismodegib	Approved	34.0	DMPAZHC	Cabazitaxel	Approved	34.0	.	.	.	.	Minimally invasive lung adenocarcinoma	SYNERGxDB Database	Investigative	NCI-H322M	1.48	5.64	2.16	5.8	2
DC7GVQ9	DM5IXKQ	Vismodegib	Approved	34.0	DMPAZHC	Cabazitaxel	Approved	34.0	.	.	.	.	Non-small cell lung carcinoma	SYNERGxDB Database	Investigative	HOP-92	2.61	2.45	0.58	3.61	2
DCI07LH	DM5IXKQ	Vismodegib	Approved	34.0	DMPDW6T	Epirubicin	Approved	34.0	.	.	.	.	Large cell lung carcinoma	SYNERGxDB Database	Investigative	NCI-H460	9.55	10.87	6.22	7.8	2
DCYM41D	DM5IXKQ	Vismodegib	Approved	34.0	DMPDW6T	Epirubicin	Approved	34.0	.	.	.	.	Lung adenocarcinoma	SYNERGxDB Database	Investigative	MDA-MB-231	0.02	7.01	4.08	7.34	2
DCMTKNG	DM5IXKQ	Vismodegib	Approved	34.0	DMPDW6T	Epirubicin	Approved	34.0	.	.	.	.	Lung adenocarcinoma	SYNERGxDB Database	Investigative	EKVX	3.33	8.16	5.4	7.1	2
DCLQ3SG	DM5IXKQ	Vismodegib	Approved	34.0	DMPDW6T	Epirubicin	Approved	34.0	.	.	.	.	Lung adenocarcinoma	SYNERGxDB Database	Investigative	HOP-62	3.06	11.27	3.51	10.47	2
DC5YKLH	DM5IXKQ	Vismodegib	Approved	34.0	DMPDW6T	Epirubicin	Approved	34.0	.	.	.	.	Lung adenocarcinoma 	SYNERGxDB Database	Investigative	NCI-H522	0.05	5.5	2	4.64	2
DCW97TN	DM5IXKQ	Vismodegib	Approved	34.0	DMPDW6T	Epirubicin	Approved	34.0	.	.	.	.	Non-small cell lung carcinoma	SYNERGxDB Database	Investigative	HOP-92	3.42	6.9	3.8	6.61	2
DCHXMKM	DM5IXKQ	Vismodegib	Approved	34.0	DMRHGI9	Cisplatin	Approved	34.0	.	.	.	.	Large cell lung carcinoma	SYNERGxDB Database	Investigative	NCI-H460	1.68	15.23	12.96	13.57	2
DCXQDRJ	DM5IXKQ	Vismodegib	Approved	34.0	DMRHGI9	Cisplatin	Approved	34.0	.	.	.	.	Minimally invasive lung adenocarcinoma	SYNERGxDB Database	Investigative	NCI-H322M	0.04	3.33	0.59	1.22	2
DC50J8E	DM5IXKQ	Vismodegib	Approved	34.0	DMRICNP	Vandetanib	Approved	34.0	.	.	.	.	Lung adenocarcinoma	SYNERGxDB Database	Investigative	EKVX	1.12	4.96	4.11	7.19	2
DC1K5A1	DM5IXKQ	Vismodegib	Approved	34.0	DMT5GNL	Romidepsin	Approved	34.0	.	.	.	.	Lung adenocarcinoma	SYNERGxDB Database	Investigative	EKVX	15.73	16.47	16.45	18.5	2
DC55O9K	DM5IXKQ	Vismodegib	Approved	34.0	DMTGBAX	Pomalidomide	Approved	34.0	.	.	.	.	Minimally invasive lung adenocarcinoma	SYNERGxDB Database	Investigative	NCI-H322M	2.26	8.68	5.24	7.15	2
DC3I1US	DM5IXKQ	Vismodegib	Approved	34.0	DMTGBAX	Pomalidomide	Approved	34.0	.	.	.	.	Non-small cell lung carcinoma	SYNERGxDB Database	Investigative	HOP-92	5	9.6	5.49	7.94	2
DCB9D5B	DM5IXKQ	Vismodegib	Approved	34.0	DMTJAEP	Vinflunine	Approved	34.0	.	.	.	.	Large cell lung carcinoma	SYNERGxDB Database	Investigative	NCI-H460	19.2	19.05	2.31	18.03	2
DC59KFM	DM5IXKQ	Vismodegib	Approved	34.0	DMTJAEP	Vinflunine	Approved	34.0	.	.	.	.	Lung adenocarcinoma 	SYNERGxDB Database	Investigative	NCI-H522	14.16	13.88	3.1	13.97	2
DC5WHS4	DM5IXKQ	Vismodegib	Approved	34.0	DMUOT9V	Taxol	Approved	34.0	.	.	.	.	Lung adenocarcinoma	SYNERGxDB Database	Investigative	MDA-MB-231	8.32	8.58	6.15	10.04	2
DCJZOYV	DM5IXKQ	Vismodegib	Approved	34.0	DMUOT9V	Taxol	Approved	34.0	.	.	.	.	Lung adenocarcinoma 	SYNERGxDB Database	Investigative	NCI-H522	1.57	6.34	1.42	7.34	2
DCA0GAZ	DM5IXKQ	Vismodegib	Approved	34.0	DMUOT9V	Taxol	Approved	34.0	.	.	.	.	Minimally invasive lung adenocarcinoma	SYNERGxDB Database	Investigative	NCI-H322M	6.35	11.71	7.98	11.43	2
DCB1RWU	DM5IXKQ	Vismodegib	Approved	34.0	DMWVIGP	Digitoxin	Approved	34.0	.	.	.	.	Large cell lung carcinoma	SYNERGxDB Database	Investigative	NCI-H460	3.21	8.14	5.49	5.62	2
DCUHPNB	DM5IXKQ	Vismodegib	Approved	34.0	DMWVIGP	Digitoxin	Approved	34.0	.	.	.	.	Minimally invasive lung adenocarcinoma	SYNERGxDB Database	Investigative	NCI-H322M	1.02	3.14	0.62	0.58	2
DCSO9GJ	DM5IXKQ	Vismodegib	Approved	34.0	DMJV2EK	Dasatinib	Investigative	0.0	.	.	.	.	Large cell lung carcinoma	SYNERGxDB Database	Investigative	NCI-H460	17.73	19.79	18.91	18.99	2
DCW1ZV0	DM5IXKQ	Vismodegib	Approved	34.0	DMJV2EK	Dasatinib	Investigative	0.0	.	.	.	.	Lung adenocarcinoma	SYNERGxDB Database	Investigative	MDA-MB-231	12.47	13.64	11.68	15.11	2
DC2JJUE	DM5IXKQ	Vismodegib	Approved	34.0	DMJV2EK	Dasatinib	Investigative	0.0	.	.	.	.	Lung adenocarcinoma 	SYNERGxDB Database	Investigative	NCI-H522	6.04	11.96	11.24	12.56	2
DCZK60U	DM5IXKQ	Vismodegib	Approved	34.0	DMJV2EK	Dasatinib	Investigative	0.0	.	.	.	.	Minimally invasive lung adenocarcinoma	SYNERGxDB Database	Investigative	NCI-H322M	4.07	5.41	3.41	4.23	2
DCXE00E	DM5IXKQ	Vismodegib	Approved	34.0	DMJV2EK	Dasatinib	Investigative	0.0	.	.	.	.	Non-small cell lung carcinoma	SYNERGxDB Database	Investigative	HOP-92	13.05	13.26	12.85	14.08	2
DC51XGW	DMT1OZ6	MK-2206	Phase 2	21.0	DM27D4J	PD-0325901	Phase 2	21.0	.	.	.	.	Large cell lung carcinoma	ALMANAC Dataset	Investigative	NCI-H460	7.88	9.48	16.04	16.58	2
DC5JP4V	DMT1OZ6	MK-2206	Phase 2	21.0	DM62QTW	RTB101	Phase 3	25.0	.	.	.	.	Large cell lung carcinoma	ALMANAC Dataset	Investigative	NCI-H460	1.89	0.48	0.87	7.3	2
DCQWUA1	DMT1OZ6	MK-2206	Phase 2	21.0	DM9WLN4	10-hydroxycamptothecin	Investigative	0.0	.	.	.	.	Large cell lung carcinoma	ALMANAC Dataset	Investigative	NCI-H460	5.62	7.34	12.89	14.1	2
DCI40S4	DMT1OZ6	MK-2206	Phase 2	21.0	DMB5A80	SNX-2112	Investigative	0.0	.	.	.	.	Large cell lung carcinoma	ALMANAC Dataset	Investigative	NCI-H460	4.27	2.03	1.48	4.32	2
DCJ15YY	DMT1OZ6	MK-2206	Phase 2	21.0	DMCMBHA	Erlotinib	Approved	34.0	.	.	.	.	Large cell lung carcinoma	ALMANAC Dataset	Investigative	NCI-H460	4.97	5.88	10.79	11.88	2
DCRYW61	DMT1OZ6	MK-2206	Phase 2	21.0	DMLHEU7	Ridaforolimus	Phase 3	25.0	.	.	.	.	Large cell lung carcinoma	ALMANAC Dataset	Investigative	NCI-H460	2.21	2.09	0.95	4.64	2
DCMJ6NE	DMT1OZ6	MK-2206	Phase 2	21.0	DMLYGH4	MK-4827	Phase 3	25.0	.	.	.	.	Large cell lung carcinoma	ALMANAC Dataset	Investigative	NCI-H460	0.94	6.54	10.08	10.13	2
DCQTQTB	DMT1OZ6	MK-2206	Phase 2	21.0	DMNO38U	Bortezomib	Approved	34.0	.	.	.	.	Large cell lung carcinoma	ALMANAC Dataset	Investigative	NCI-H460	0.83	3.02	4.85	6.41	2
DCS58TS	DMT1OZ6	MK-2206	Phase 2	21.0	DMS8IFC	Sorafenib	Approved	34.0	.	.	.	.	Large cell lung carcinoma	ALMANAC Dataset	Investigative	NCI-H460	3.36	4.54	5.04	8.73	2
DCKIYP4	DMT1OZ6	MK-2206	Phase 2	21.0	DMWMPD4	Vorinostat	Approved	34.0	.	.	.	.	Large cell lung carcinoma	ALMANAC Dataset	Investigative	NCI-H460	7.63	5.24	0.36	8.29	2
DC0TNZ5	DMT1OZ6	MK-2206	Phase 2	21.0	DMJV2EK	Dasatinib	Investigative	0.0	.	.	.	.	Large cell lung carcinoma	ALMANAC Dataset	Investigative	NCI-H460	3.89	6.89	9.21	11.45	2
DC8RETM	DMPAZHC	Cabazitaxel	Approved	34.0	DM0CVXA	Mechlorethamine	Approved	34.0	.	.	.	.	Large cell lung carcinoma	ALMANAC Dataset	Investigative	NCI-H460	18.25	17.27	4.49	19.35	2
DC8DEQC	DMPAZHC	Cabazitaxel	Approved	34.0	DM0YZC6	Fulvestrant	Approved	34.0	.	.	.	.	Lung adenocarcinoma 	ALMANAC Dataset	Investigative	NCI-H522	16.49	17.91	1.81	19.92	2
DCHEX9B	DMPAZHC	Cabazitaxel	Approved	34.0	DM15F0X	Gefitinib	Approved	34.0	.	.	.	.	Large cell lung carcinoma	ALMANAC Dataset	Investigative	NCI-H460	26.54	23.01	23.07	26.22	2
DCE6M9D	DMPAZHC	Cabazitaxel	Approved	34.0	DM15F0X	Gefitinib	Approved	34.0	.	.	.	.	Lung adenocarcinoma	ALMANAC Dataset	Investigative	EKVX	9.88	9.29	9.52	17.07	2
DCQ3OAC	DMPAZHC	Cabazitaxel	Approved	34.0	DM15F0X	Gefitinib	Approved	34.0	.	.	.	.	Lung adenocarcinoma	ALMANAC Dataset	Investigative	HOP-62	11.12	10.84	6.25	14.35	2
DCLS0QG	DMPAZHC	Cabazitaxel	Approved	34.0	DM15F0X	Gefitinib	Approved	34.0	.	.	.	.	Lung adenocarcinoma	ALMANAC Dataset	Investigative	MDA-MB-231	7.12	6.66	4.66	10.04	2
DCCD0AB	DMPAZHC	Cabazitaxel	Approved	34.0	DM15F0X	Gefitinib	Approved	34.0	.	.	.	.	Lung adenocarcinoma 	ALMANAC Dataset	Investigative	NCI-H522	13.38	12.51	13.44	20.28	2
DCOX7XU	DMPAZHC	Cabazitaxel	Approved	34.0	DM15F0X	Gefitinib	Approved	34.0	.	.	.	.	Minimally invasive lung adenocarcinoma	ALMANAC Dataset	Investigative	NCI-H322M	12.62	7.99	14.8	17.23	2
DCD033Y	DMPAZHC	Cabazitaxel	Approved	34.0	DM15F0X	Gefitinib	Approved	34.0	.	.	.	.	Non-small cell lung carcinoma	ALMANAC Dataset	Investigative	HOP-92	10.94	12.15	18.37	19.47	2
DC6H9ME	DMPAZHC	Cabazitaxel	Approved	34.0	DM2AZPP	Hepzato	Phase 3	25.0	.	.	.	.	Large cell lung carcinoma	ALMANAC Dataset	Investigative	NCI-H460	27.94	23.99	0.98	24.73	2
DCCUZWU	DMPAZHC	Cabazitaxel	Approved	34.0	DM2OZ3G	Ixabepilone	Approved	34.0	.	.	.	.	Lung adenocarcinoma	ALMANAC Dataset	Investigative	HOP-62	9.95	9.81	7.67	9.9	2
DCYID9A	DMPAZHC	Cabazitaxel	Approved	34.0	DM2OZ3G	Ixabepilone	Approved	34.0	.	.	.	.	Lung adenocarcinoma	ALMANAC Dataset	Investigative	EKVX	9.68	18.39	15.3	18.05	2
DCMVSV5	DMPAZHC	Cabazitaxel	Approved	34.0	DM2OZ3G	Ixabepilone	Approved	34.0	.	.	.	.	Lung adenocarcinoma	ALMANAC Dataset	Investigative	MDA-MB-231	2.33	2.89	1.93	3.68	2
DCIMCFB	DMPAZHC	Cabazitaxel	Approved	34.0	DM2YGNW	Dactinomycin	Approved	34.0	.	.	.	.	Lung adenocarcinoma	ALMANAC Dataset	Investigative	EKVX	6.22	8.72	1.51	8.34	2
DCY944Q	DMPAZHC	Cabazitaxel	Approved	34.0	DM3BH1Y	Lapatinib	Approved	34.0	.	.	.	.	Large cell lung carcinoma	ALMANAC Dataset	Investigative	NCI-H460	14.41	14.23	1.91	15.72	2
DC3849A	DMPAZHC	Cabazitaxel	Approved	34.0	DM3BH1Y	Lapatinib	Approved	34.0	.	.	.	.	Lung adenocarcinoma	ALMANAC Dataset	Investigative	EKVX	16.76	20.32	1.43	23.13	2
DCU1XW9	DMPAZHC	Cabazitaxel	Approved	34.0	DM3BH1Y	Lapatinib	Approved	34.0	.	.	.	.	Non-small cell lung carcinoma	ALMANAC Dataset	Investigative	HOP-92	2.33	3.27	2.02	4.3	2
DC31BUH	DMPAZHC	Cabazitaxel	Approved	34.0	DM4DOUB	PMID28460551-Compound-2	Patented	15.5	.	.	.	.	Large cell lung carcinoma	ALMANAC Dataset	Investigative	NCI-H460	11.55	10.68	6.25	12.2	2
DCHCC3J	DMPAZHC	Cabazitaxel	Approved	34.0	DM4DOUB	PMID28460551-Compound-2	Patented	15.5	.	.	.	.	Lung adenocarcinoma	ALMANAC Dataset	Investigative	HOP-62	0.8	1.78	2.34	4.46	2
DCK5B70	DMPAZHC	Cabazitaxel	Approved	34.0	DM4DOUB	PMID28460551-Compound-2	Patented	15.5	.	.	.	.	Lung adenocarcinoma	ALMANAC Dataset	Investigative	MDA-MB-231	8.05	7.01	4.55	9.28	2
DCC609W	DMPAZHC	Cabazitaxel	Approved	34.0	DM4DOUB	PMID28460551-Compound-2	Patented	15.5	.	.	.	.	Lung adenocarcinoma 	ALMANAC Dataset	Investigative	NCI-H522	16.04	16.17	12.9	18.02	2
DCQADUF	DMPAZHC	Cabazitaxel	Approved	34.0	DM4F29C	Crizotinib	Approved	34.0	.	.	.	.	Lung adenocarcinoma	ALMANAC Dataset	Investigative	EKVX	11.17	10.13	7.71	11.74	2
DC3X3FN	DMPAZHC	Cabazitaxel	Approved	34.0	DM5IXKQ	Vismodegib	Approved	34.0	.	.	.	.	Lung adenocarcinoma	ALMANAC Dataset	Investigative	EKVX	15.85	16.75	9.2	18.86	2
DCVGN0R	DMPAZHC	Cabazitaxel	Approved	34.0	DM5IXKQ	Vismodegib	Approved	34.0	.	.	.	.	Lung adenocarcinoma	ALMANAC Dataset	Investigative	HOP-62	9.9	13.76	0.06	13.91	2
DCTSA5B	DMPAZHC	Cabazitaxel	Approved	34.0	DM5IXKQ	Vismodegib	Approved	34.0	.	.	.	.	Minimally invasive lung adenocarcinoma	ALMANAC Dataset	Investigative	NCI-H322M	2.2	4.07	0.73	4.23	2
DCFPYI1	DMPAZHC	Cabazitaxel	Approved	34.0	DM5IXKQ	Vismodegib	Approved	34.0	.	.	.	.	Non-small cell lung carcinoma	ALMANAC Dataset	Investigative	HOP-92	1.94	2.16	0.81	3.32	2
DCM369C	DMPAZHC	Cabazitaxel	Approved	34.0	DM6Q7U4	Lenalidomide	Phase 3 Trial	25.0	.	.	.	.	Large cell lung carcinoma	ALMANAC Dataset	Investigative	NCI-H460	19.35	23.97	10.7	25.1	2
DCQ2IHU	DMPAZHC	Cabazitaxel	Approved	34.0	DM7C8YV	Plicamycin	Approved	34.0	.	.	.	.	Lung adenocarcinoma	ALMANAC Dataset	Investigative	MDA-MB-231	0.05	3.15	2.49	5.73	2
DCBS5KM	DMPAZHC	Cabazitaxel	Approved	34.0	DM7C8YV	Plicamycin	Approved	34.0	.	.	.	.	Non-small cell lung carcinoma	ALMANAC Dataset	Investigative	HOP-92	0.16	0.57	1.22	4.42	2
DC07HF0	DMPAZHC	Cabazitaxel	Approved	34.0	DM7HXWT	Nilotinib	Approved	34.0	.	.	.	.	Lung adenocarcinoma	ALMANAC Dataset	Investigative	MDA-MB-231	5.26	5.89	4.75	7.72	2
DCOWUA5	DMPAZHC	Cabazitaxel	Approved	34.0	DM7HXWT	Nilotinib	Approved	34.0	.	.	.	.	Lung adenocarcinoma	ALMANAC Dataset	Investigative	HOP-62	15.88	15.71	10.41	16.88	2
DC988GF	DMPAZHC	Cabazitaxel	Approved	34.0	DM7NKEV	Thioguanine	Preclinical	2.1	.	.	.	.	Large cell lung carcinoma	ALMANAC Dataset	Investigative	NCI-H460	13.92	13.52	11.25	16.79	2
DC3QTF6	DMPAZHC	Cabazitaxel	Approved	34.0	DM7NKEV	Thioguanine	Preclinical	2.1	.	.	.	.	Lung adenocarcinoma	ALMANAC Dataset	Investigative	HOP-62	1.01	0.27	1.03	3.53	2
DCH95OO	DMPAZHC	Cabazitaxel	Approved	34.0	DM8V75C	ABIRATERONE	Approved	34.0	.	.	.	.	Lung adenocarcinoma	ALMANAC Dataset	Investigative	HOP-62	15.22	15.85	12.64	15.87	2
DCXVXTY	DMPAZHC	Cabazitaxel	Approved	34.0	DM9WLN4	10-hydroxycamptothecin	Investigative	0.0	.	.	.	.	Large cell lung carcinoma	ALMANAC Dataset	Investigative	NCI-H460	12.18	12.43	10.36	15.82	2
DC9WA37	DMPAZHC	Cabazitaxel	Approved	34.0	DM9WLN4	10-hydroxycamptothecin	Investigative	0.0	.	.	.	.	Lung adenocarcinoma	ALMANAC Dataset	Investigative	EKVX	2.18	3.34	1.21	5.57	2
DCYQGNQ	DMPAZHC	Cabazitaxel	Approved	34.0	DM9WLN4	10-hydroxycamptothecin	Investigative	0.0	.	.	.	.	Lung adenocarcinoma	ALMANAC Dataset	Investigative	HOP-62	3.14	3.26	2.87	5.82	2
DCLAEHA	DMPAZHC	Cabazitaxel	Approved	34.0	DMAE6LK	Topetecan	Approved	34.0	.	.	.	.	Large cell lung carcinoma	ALMANAC Dataset	Investigative	NCI-H460	9.7	8.14	6.09	11.16	2
DC3OAP6	DMPAZHC	Cabazitaxel	Approved	34.0	DMAH59S	Amonafide	Phase 3	25.0	.	.	.	.	Large cell lung carcinoma	ALMANAC Dataset	Investigative	NCI-H460	9.89	7.13	9.62	13.12	2
DC4EP2I	DMPAZHC	Cabazitaxel	Approved	34.0	DMAO80I	Pralatrexate	Approved	34.0	.	.	.	.	Lung adenocarcinoma	ALMANAC Dataset	Investigative	HOP-62	9.9	14.19	14.17	15.15	2
DC8WWHF	DMPAZHC	Cabazitaxel	Approved	34.0	DMAO80I	Pralatrexate	Approved	34.0	.	.	.	.	Lung adenocarcinoma	ALMANAC Dataset	Investigative	EKVX	14.21	13.2	11.61	15.11	2
DCR42AQ	DMPAZHC	Cabazitaxel	Approved	34.0	DMAO80I	Pralatrexate	Approved	34.0	.	.	.	.	Lung adenocarcinoma	ALMANAC Dataset	Investigative	MDA-MB-231	3.27	3.76	1.96	3.49	2
DCYWEDP	DMPAZHC	Cabazitaxel	Approved	34.0	DMD7X1O	Dexrazoxane	Approved	34.0	.	.	.	.	Large cell lung carcinoma	ALMANAC Dataset	Investigative	NCI-H460	10.61	10.66	13.25	15.91	2
DCPL8P6	DMPAZHC	Cabazitaxel	Approved	34.0	DMD7X1O	Dexrazoxane	Approved	34.0	.	.	.	.	Lung adenocarcinoma	ALMANAC Dataset	Investigative	MDA-MB-231	3.21	2.33	3.54	5.99	2
DCVKQNG	DMPAZHC	Cabazitaxel	Approved	34.0	DMDI269	Docetaxel	Approved	34.0	.	.	.	.	Large cell lung carcinoma	ALMANAC Dataset	Investigative	NCI-H460	26.9	19.73	17.1	22.79	2
DC2BLMT	DMPAZHC	Cabazitaxel	Approved	34.0	DMDI269	Docetaxel	Approved	34.0	.	.	.	.	Lung adenocarcinoma	ALMANAC Dataset	Investigative	HOP-62	1.2	2.72	2.47	5.97	2
DC7XYES	DMPAZHC	Cabazitaxel	Approved	34.0	DMDI269	Docetaxel	Approved	34.0	.	.	.	.	Lung adenocarcinoma	ALMANAC Dataset	Investigative	EKVX	7.53	7.04	9.18	11.83	2
DC1P6X8	DMPAZHC	Cabazitaxel	Approved	34.0	DMDI269	Docetaxel	Approved	34.0	.	.	.	.	Lung adenocarcinoma 	ALMANAC Dataset	Investigative	NCI-H522	12.18	11.67	15.25	18.37	2
DCUYWDR	DMPAZHC	Cabazitaxel	Approved	34.0	DMDI269	Docetaxel	Approved	34.0	.	.	.	.	Minimally invasive lung adenocarcinoma	ALMANAC Dataset	Investigative	NCI-H322M	11.27	12.15	14.25	16.29	2
DCSPITM	DMPAZHC	Cabazitaxel	Approved	34.0	DMG2YBD	Trifluridine	Approved	34.0	.	.	.	.	Large cell lung carcinoma	ALMANAC Dataset	Investigative	NCI-H460	8.99	8.16	11.72	13.91	2
DC5KG9S	DMPAZHC	Cabazitaxel	Approved	34.0	DMG2YBD	Trifluridine	Approved	34.0	.	.	.	.	Lung adenocarcinoma 	ALMANAC Dataset	Investigative	NCI-H522	12.48	12.18	13.58	16.2	2
DCQ7V9R	DMPAZHC	Cabazitaxel	Approved	34.0	DMG2YBD	Trifluridine	Approved	34.0	.	.	.	.	Minimally invasive lung adenocarcinoma	ALMANAC Dataset	Investigative	NCI-H322M	6.19	6.29	3.45	9.49	2
DCWQ0Y2	DMPAZHC	Cabazitaxel	Approved	34.0	DMGW1ID	Sirolimus	Approved	34.0	.	.	.	.	Large cell lung carcinoma	ALMANAC Dataset	Investigative	NCI-H460	28.48	22.62	25.54	25.97	2
DC3SRH1	DMPAZHC	Cabazitaxel	Approved	34.0	DMGW1ID	Sirolimus	Approved	34.0	.	.	.	.	Lung adenocarcinoma	ALMANAC Dataset	Investigative	MDA-MB-231	6.65	6.38	10.16	13.27	2
DCK7A1Y	DMPAZHC	Cabazitaxel	Approved	34.0	DMGW1ID	Sirolimus	Approved	34.0	.	.	.	.	Lung adenocarcinoma 	ALMANAC Dataset	Investigative	NCI-H522	9.99	8.58	13.18	15.34	2
DC5M5MZ	DMPAZHC	Cabazitaxel	Approved	34.0	DMGW1ID	Sirolimus	Approved	34.0	.	.	.	.	Minimally invasive lung adenocarcinoma	ALMANAC Dataset	Investigative	NCI-H322M	13.81	12.99	15.3	17.91	2
DC3CG3E	DMPAZHC	Cabazitaxel	Approved	34.0	DMGW1ID	Sirolimus	Approved	34.0	.	.	.	.	Non-small cell lung carcinoma	ALMANAC Dataset	Investigative	HOP-92	4	4.73	12.02	13.22	2
DC3JC4U	DMPAZHC	Cabazitaxel	Approved	34.0	DMH8UF0	SY-1425	Phase 1	17.0	.	.	.	.	Large cell lung carcinoma	ALMANAC Dataset	Investigative	NCI-H460	39.04	30.73	17.54	31.81	2
DC3HIHL	DMPAZHC	Cabazitaxel	Approved	34.0	DMH8UF0	SY-1425	Phase 1	17.0	.	.	.	.	Lung adenocarcinoma 	ALMANAC Dataset	Investigative	NCI-H522	20	18.83	0.81	21.28	2
DCD68U0	DMPAZHC	Cabazitaxel	Approved	34.0	DMHL7OB	Uracil mustard	Approved	34.0	.	.	.	.	Large cell lung carcinoma	ALMANAC Dataset	Investigative	NCI-H460	20.44	17.11	16.44	19.89	2
DC6WSFQ	DMPAZHC	Cabazitaxel	Approved	34.0	DMHL7OB	Uracil mustard	Approved	34.0	.	.	.	.	Lung adenocarcinoma	ALMANAC Dataset	Investigative	HOP-62	0.79	2.2	1.32	4.71	2
DC4UFKO	DMPAZHC	Cabazitaxel	Approved	34.0	DMHL7OB	Uracil mustard	Approved	34.0	.	.	.	.	Lung adenocarcinoma	ALMANAC Dataset	Investigative	EKVX	1.37	4.9	1.53	6.42	2
DCK73HK	DMPAZHC	Cabazitaxel	Approved	34.0	DMHL7OB	Uracil mustard	Approved	34.0	.	.	.	.	Lung adenocarcinoma	ALMANAC Dataset	Investigative	MDA-MB-231	7.87	8.07	6.63	10.99	2
DCDTEVZ	DMPAZHC	Cabazitaxel	Approved	34.0	DMHL7OB	Uracil mustard	Approved	34.0	.	.	.	.	Minimally invasive lung adenocarcinoma	ALMANAC Dataset	Investigative	NCI-H322M	8.72	11.68	9.07	12.75	2
DCSDUI4	DMPAZHC	Cabazitaxel	Approved	34.0	DMHL7OB	Uracil mustard	Approved	34.0	.	.	.	.	Non-small cell lung carcinoma	ALMANAC Dataset	Investigative	HOP-92	8.65	8.17	11.72	13.39	2
DCC7BHU	DMPAZHC	Cabazitaxel	Approved	34.0	DMINOX3	Vincristine	Approved	34.0	.	.	.	.	Large cell lung carcinoma	ALMANAC Dataset	Investigative	NCI-H460	28.37	25.34	19.41	25.71	2
DCAT2EX	DMPAZHC	Cabazitaxel	Approved	34.0	DMINOX3	Vincristine	Approved	34.0	.	.	.	.	Lung adenocarcinoma 	ALMANAC Dataset	Investigative	NCI-H522	6.53	5.22	7.4	9.59	2
DCFQXR9	DMPAZHC	Cabazitaxel	Approved	34.0	DMINOX3	Vincristine	Approved	34.0	.	.	.	.	Minimally invasive lung adenocarcinoma	ALMANAC Dataset	Investigative	NCI-H322M	8.43	8.52	9.13	11.44	2
DCJHVPQ	DMPAZHC	Cabazitaxel	Approved	34.0	DMIXMYK	Arfolitixorin	Phase 3	25.0	.	.	.	.	Large cell lung carcinoma	ALMANAC Dataset	Investigative	NCI-H460	19.27	15.94	13.63	18.87	2
DC2QQQV	DMPAZHC	Cabazitaxel	Approved	34.0	DMJ7NVI	BIO-300	Phase 1/2	19.0	.	.	.	.	Large cell lung carcinoma	ALMANAC Dataset	Investigative	NCI-H460	14.84	9.95	12.7	15.57	2
DC5913L	DMPAZHC	Cabazitaxel	Approved	34.0	DMJ7NVI	BIO-300	Phase 1/2	19.0	.	.	.	.	Lung adenocarcinoma	ALMANAC Dataset	Investigative	HOP-62	4.89	2.68	6.31	9.35	2
DC84H27	DMPAZHC	Cabazitaxel	Approved	34.0	DMLWYJB	JNK-IN-8	Investigative	0.0	.	.	.	.	Large cell lung carcinoma	ALMANAC Dataset	Investigative	NCI-H460	12.42	12.26	12.29	16.78	2
DCF7B7I	DMPAZHC	Cabazitaxel	Approved	34.0	DMLWYJB	JNK-IN-8	Investigative	0.0	.	.	.	.	Lung adenocarcinoma 	ALMANAC Dataset	Investigative	NCI-H522	13.42	12.63	6.11	17.32	2
DCD5CIT	DMPAZHC	Cabazitaxel	Approved	34.0	DMLWYJB	JNK-IN-8	Investigative	0.0	.	.	.	.	Minimally invasive lung adenocarcinoma	ALMANAC Dataset	Investigative	NCI-H322M	4.69	5.43	5.21	10.17	2
DCSQEOL	DMPAZHC	Cabazitaxel	Approved	34.0	DMLWYJB	JNK-IN-8	Investigative	0.0	.	.	.	.	Non-small cell lung carcinoma	ALMANAC Dataset	Investigative	HOP-92	4.16	3.98	7.85	8.6	2
DC2X9ZS	DMPAZHC	Cabazitaxel	Approved	34.0	DMM0XGL	Idarubicin	Approved	34.0	.	.	.	.	Large cell lung carcinoma	ALMANAC Dataset	Investigative	NCI-H460	14.39	13.81	0.67	15.07	2
DC65D0X	DMPAZHC	Cabazitaxel	Approved	34.0	DM7RJXL	Imatinib	Phase 3 Trial	25.0	.	.	.	.	Lung adenocarcinoma 	ALMANAC Dataset	Investigative	NCI-H522	4.06	3.28	0.29	3.01	2
DCMS93T	DMPAZHC	Cabazitaxel	Approved	34.0	DM7RJXL	Imatinib	Phase 3 Trial	25.0	.	.	.	.	Minimally invasive lung adenocarcinoma	ALMANAC Dataset	Investigative	NCI-H322M	1	4.73	2.52	6.05	2
DCIG22T	DMPAZHC	Cabazitaxel	Approved	34.0	DMNER5S	Bleomycin	Approved	34.0	.	.	.	.	Large cell lung carcinoma	ALMANAC Dataset	Investigative	NCI-H460	9.44	7.63	11.37	13.3	2
DCHWI12	DMPAZHC	Cabazitaxel	Approved	34.0	DMNER5S	Bleomycin	Approved	34.0	.	.	.	.	Lung adenocarcinoma	ALMANAC Dataset	Investigative	HOP-62	1.23	0.92	4.34	6.52	2
DCDVSR9	DMPAZHC	Cabazitaxel	Approved	34.0	DMNER5S	Bleomycin	Approved	34.0	.	.	.	.	Lung adenocarcinoma 	ALMANAC Dataset	Investigative	NCI-H522	3.38	1.99	4.22	7.11	2
DC74QA3	DMPAZHC	Cabazitaxel	Approved	34.0	DMNO38U	Bortezomib	Approved	34.0	.	.	.	.	Large cell lung carcinoma	ALMANAC Dataset	Investigative	NCI-H460	21.52	20.39	16.9	21.25	2
DC1YKX4	DMPAZHC	Cabazitaxel	Approved	34.0	DMNO38U	Bortezomib	Approved	34.0	.	.	.	.	Lung adenocarcinoma	ALMANAC Dataset	Investigative	EKVX	6.37	7.82	5.16	9.3	2
DCA7W4D	DMPAZHC	Cabazitaxel	Approved	34.0	DMNO38U	Bortezomib	Approved	34.0	.	.	.	.	Lung adenocarcinoma 	ALMANAC Dataset	Investigative	NCI-H522	15.53	17.31	15.48	19.75	2
DCX2AFJ	DMPAZHC	Cabazitaxel	Approved	34.0	DMNO38U	Bortezomib	Approved	34.0	.	.	.	.	Minimally invasive lung adenocarcinoma	ALMANAC Dataset	Investigative	NCI-H322M	14.4	17.59	12.75	16.1	2
DC7XU6O	DMPAZHC	Cabazitaxel	Approved	34.0	DMNP60F	Anastrozole	Approved	34.0	.	.	.	.	Large cell lung carcinoma	ALMANAC Dataset	Investigative	NCI-H460	11.9	10.94	10.71	13.41	2
DCLQMQB	DMPAZHC	Cabazitaxel	Approved	34.0	DMNP60F	Anastrozole	Approved	34.0	.	.	.	.	Lung adenocarcinoma 	ALMANAC Dataset	Investigative	NCI-H522	11.12	10.47	10.01	13.4	2
DC3ERWU	DMPAZHC	Cabazitaxel	Approved	34.0	DMNP60F	Anastrozole	Approved	34.0	.	.	.	.	Minimally invasive lung adenocarcinoma	ALMANAC Dataset	Investigative	NCI-H322M	4.15	6.74	2.36	10.38	2
DCM4ZUU	DMPAZHC	Cabazitaxel	Approved	34.0	DMNP60F	Anastrozole	Approved	34.0	.	.	.	.	Non-small cell lung carcinoma	ALMANAC Dataset	Investigative	HOP-92	4.51	4.13	6.22	6.44	2
DCM1NKR	DMPAZHC	Cabazitaxel	Approved	34.0	DMNPZL4	Dacarbazine	Approved	34.0	.	.	.	.	Large cell lung carcinoma	ALMANAC Dataset	Investigative	NCI-H460	31.04	25.98	22.59	27.81	2
DCEN4IC	DMPAZHC	Cabazitaxel	Approved	34.0	DMNPZL4	Dacarbazine	Approved	34.0	.	.	.	.	Lung adenocarcinoma	ALMANAC Dataset	Investigative	HOP-62	7.36	6.68	4.02	7.56	2
DC1UO6U	DMPAZHC	Cabazitaxel	Approved	34.0	DMNPZL4	Dacarbazine	Approved	34.0	.	.	.	.	Minimally invasive lung adenocarcinoma	ALMANAC Dataset	Investigative	NCI-H322M	1.89	4.89	2.32	5.89	2
DC8JHPS	DMPAZHC	Cabazitaxel	Approved	34.0	DMNPZL4	Dacarbazine	Approved	34.0	.	.	.	.	Non-small cell lung carcinoma	ALMANAC Dataset	Investigative	HOP-92	2.46	3.21	7.69	9.34	2
DCC646R	DMPAZHC	Cabazitaxel	Approved	34.0	DMOYJFK	Valrubicin	Approved	34.0	.	.	.	.	Large cell lung carcinoma	ALMANAC Dataset	Investigative	NCI-H460	32.66	29.28	19.51	29.52	2
DCOL9W3	DMPAZHC	Cabazitaxel	Approved	34.0	DMOYJFK	Valrubicin	Approved	34.0	.	.	.	.	Lung adenocarcinoma 	ALMANAC Dataset	Investigative	NCI-H522	12.68	12.91	10.04	13.19	2
DCLSBE0	DMPAZHC	Cabazitaxel	Approved	34.0	DMOYJFK	Valrubicin	Approved	34.0	.	.	.	.	Non-small cell lung carcinoma	ALMANAC Dataset	Investigative	HOP-92	7.11	7.02	5.31	9.84	2
DCDBBC9	DMPAZHC	Cabazitaxel	Approved	34.0	DMP6G8T	Topotecan	Approved	34.0	.	.	.	.	Large cell lung carcinoma	ALMANAC Dataset	Investigative	NCI-H460	16.1	5.77	8.16	10.75	2
DCPYWZS	DMPAZHC	Cabazitaxel	Approved	34.0	DMP6G8T	Topotecan	Approved	34.0	.	.	.	.	Lung adenocarcinoma	ALMANAC Dataset	Investigative	MDA-MB-231	5.44	5.31	6.93	12.23	2
DC8SDK5	DMPAZHC	Cabazitaxel	Approved	34.0	DMP6G8T	Topotecan	Approved	34.0	.	.	.	.	Lung adenocarcinoma 	ALMANAC Dataset	Investigative	NCI-H522	10.87	9.96	1.92	13.83	2
DCST11K	DMPAZHC	Cabazitaxel	Approved	34.0	DMP6G8T	Topotecan	Approved	34.0	.	.	.	.	Minimally invasive lung adenocarcinoma	ALMANAC Dataset	Investigative	NCI-H322M	9.65	9.38	4.66	16.9	2
DCGLL48	DMPAZHC	Cabazitaxel	Approved	34.0	DMRICNP	Vandetanib	Approved	34.0	.	.	.	.	Lung adenocarcinoma	ALMANAC Dataset	Investigative	HOP-62	16.08	16.06	13.68	16.27	2
DCKJTAO	DMPAZHC	Cabazitaxel	Approved	34.0	DMRICNP	Vandetanib	Approved	34.0	.	.	.	.	Lung adenocarcinoma	ALMANAC Dataset	Investigative	EKVX	16.49	15.94	8.73	21.1	2
DCD71KK	DMPAZHC	Cabazitaxel	Approved	34.0	DMRKE63	Chlorambucil	Approved	34.0	.	.	.	.	Large cell lung carcinoma	ALMANAC Dataset	Investigative	NCI-H460	22.17	21.28	8.3	22.7	2
DCAWV7O	DMPAZHC	Cabazitaxel	Approved	34.0	DMRKE63	Chlorambucil	Approved	34.0	.	.	.	.	Lung adenocarcinoma 	ALMANAC Dataset	Investigative	NCI-H522	15.98	17.46	12.95	17.61	2
DC2LX1O	DMPAZHC	Cabazitaxel	Approved	34.0	DMS8IFC	Sorafenib	Approved	34.0	.	.	.	.	Large cell lung carcinoma	ALMANAC Dataset	Investigative	NCI-H460	6.14	3.83	3.09	5.34	2
DCR0OZP	DMPAZHC	Cabazitaxel	Approved	34.0	DMS8IFC	Sorafenib	Approved	34.0	.	.	.	.	Lung adenocarcinoma	ALMANAC Dataset	Investigative	HOP-62	11.22	8.97	10.48	13.83	2
DCMSSTV	DMPAZHC	Cabazitaxel	Approved	34.0	DMS8IFC	Sorafenib	Approved	34.0	.	.	.	.	Lung adenocarcinoma	ALMANAC Dataset	Investigative	EKVX	11.4	11.18	11.82	15.22	2
DC1BA35	DMPAZHC	Cabazitaxel	Approved	34.0	DMSG91J	ER819762	Investigative	0.0	.	.	.	.	Large cell lung carcinoma	ALMANAC Dataset	Investigative	NCI-H460	17.12	19.39	5.27	19.2	2
DC6DW7I	DMPAZHC	Cabazitaxel	Approved	34.0	DMT5GNL	Romidepsin	Approved	34.0	.	.	.	.	Lung adenocarcinoma	ALMANAC Dataset	Investigative	HOP-62	2.25	2.26	6.05	8.34	2
DCUMGKX	DMPAZHC	Cabazitaxel	Approved	34.0	DMT5GNL	Romidepsin	Approved	34.0	.	.	.	.	Lung adenocarcinoma	ALMANAC Dataset	Investigative	EKVX	19.75	18.75	21.03	22.79	2
DCREI8R	DMPAZHC	Cabazitaxel	Approved	34.0	DMTA5OE	Azacitidine	Approved	34.0	.	.	.	.	Large cell lung carcinoma	ALMANAC Dataset	Investigative	NCI-H460	29.47	26.02	15.56	29.14	2
DCQ32W6	DMPAZHC	Cabazitaxel	Approved	34.0	DMTA5OE	Azacitidine	Approved	34.0	.	.	.	.	Lung adenocarcinoma	ALMANAC Dataset	Investigative	MDA-MB-231	9.66	9.31	5.88	9.51	2
DCOT0GT	DMPAZHC	Cabazitaxel	Approved	34.0	DMTA5OE	Azacitidine	Approved	34.0	.	.	.	.	Lung adenocarcinoma 	ALMANAC Dataset	Investigative	NCI-H522	16.78	16.46	13.1	17.44	2
DCO0VXH	DMPAZHC	Cabazitaxel	Approved	34.0	DMUOT9V	Taxol	Approved	34.0	.	.	.	.	Large cell lung carcinoma	ALMANAC Dataset	Investigative	NCI-H460	23.3	17.08	10.54	20.6	2
DCZ0FKH	DMPAZHC	Cabazitaxel	Approved	34.0	DMUOT9V	Taxol	Approved	34.0	.	.	.	.	Lung adenocarcinoma 	ALMANAC Dataset	Investigative	NCI-H522	8.08	7.63	10.23	12.69	2
DCJQUQ1	DMPAZHC	Cabazitaxel	Approved	34.0	DMUOT9V	Taxol	Approved	34.0	.	.	.	.	Minimally invasive lung adenocarcinoma	ALMANAC Dataset	Investigative	NCI-H322M	9.55	8.46	10.86	12.84	2
DCPTE6O	DMPAZHC	Cabazitaxel	Approved	34.0	DMWIDJK	FORMESTANE	Withdrawn from market	12.0	.	.	.	.	Lung adenocarcinoma 	ALMANAC Dataset	Investigative	NCI-H522	11.61	11.47	0.2	14.1	2
DCXLKWU	DMPAZHC	Cabazitaxel	Approved	34.0	DMWIDJK	FORMESTANE	Withdrawn from market	12.0	.	.	.	.	Minimally invasive lung adenocarcinoma	ALMANAC Dataset	Investigative	NCI-H322M	10.74	9.59	5.54	10.52	2
DCWAMGC	DMPAZHC	Cabazitaxel	Approved	34.0	DMWTAOI	Estramustine	Approved	34.0	.	.	.	.	Large cell lung carcinoma	ALMANAC Dataset	Investigative	NCI-H460	15.26	14.91	16.56	19.55	2
DCWDWAO	DMPAZHC	Cabazitaxel	Approved	34.0	DMWTAOI	Estramustine	Approved	34.0	.	.	.	.	Lung adenocarcinoma	ALMANAC Dataset	Investigative	MDA-MB-231	1.59	0.91	2.52	4.39	2
DCCETUR	DMPAZHC	Cabazitaxel	Approved	34.0	DMWTAOI	Estramustine	Approved	34.0	.	.	.	.	Lung adenocarcinoma 	ALMANAC Dataset	Investigative	NCI-H522	2.12	4.49	2.04	9.29	2
DCU9C20	DMPAZHC	Cabazitaxel	Approved	34.0	DMWTAOI	Estramustine	Approved	34.0	.	.	.	.	Minimally invasive lung adenocarcinoma	ALMANAC Dataset	Investigative	NCI-H322M	3.19	3.56	0.04	4.67	2
DCB425F	DMPAZHC	Cabazitaxel	Approved	34.0	DMWVIGP	Digitoxin	Approved	34.0	.	.	.	.	Lung adenocarcinoma 	ALMANAC Dataset	Investigative	NCI-H522	10.66	10.48	8.26	12.08	2
DCFGUCB	DMPAZHC	Cabazitaxel	Approved	34.0	DMJV2EK	Dasatinib	Investigative	0.0	.	.	.	.	Lung adenocarcinoma	ALMANAC Dataset	Investigative	MDA-MB-231	6.94	6.04	10.1	11.63	2
DCJC3JS	DMPAZHC	Cabazitaxel	Approved	34.0	DMJV2EK	Dasatinib	Investigative	0.0	.	.	.	.	Lung adenocarcinoma	ALMANAC Dataset	Investigative	HOP-62	14.73	14.16	10.63	15.78	2
DCU7FYX	DMPAZHC	Cabazitaxel	Approved	34.0	DMJV2EK	Dasatinib	Investigative	0.0	.	.	.	.	Non-small cell lung carcinoma	ALMANAC Dataset	Investigative	HOP-92	0.84	4.08	7.5	8.61	2
DC9DY4O	DMCMBHA	Erlotinib	Approved	34.0	DMTKD7Q	Afatinib	Approved	34.0	.	.	.	.	Lung Cancer	ClinicalTrials.gov	Phase 2	.	.	.	.	.	2
DC2MGUV	DMCMBHA	Erlotinib	Approved	34.0	DMF57DM	Pazopanib	Approved	34.0	.	.	.	.	Lung Cancer, Non-Small Cell	ClinicalTrials.gov	Phase 1	.	.	.	.	.	2
DC3P67M	DMCMBHA	Erlotinib	Approved	34.0	DMTIVEN	Metronidazole	Approved	34.0	.	.	.	.	Non-Squamous Non-Small Cell Lung Cancer	ClinicalTrials.gov	Phase 1	.	.	.	.	.	2
DC6QIZI	DMCMBHA	Erlotinib	Approved	34.0	DMOBIKY	Bexarotene	Approved	34.0	.	.	.	.	Lung Cancer	ClinicalTrials.gov	Phase 1	.	.	.	.	.	2
DC6Z0ZX	DMCMBHA	Erlotinib	Approved	34.0	DMIYDT4	Cabozantinib	Approved	34.0	.	.	.	.	Carcinoma, Non-Small-Cell Lung	ClinicalTrials.gov	Phase 1	.	.	.	.	.	2
DC6ZL1I	DMCMBHA	Erlotinib	Approved	34.0	DMH7W9X	SNDX-275	Phase 3	25.0	.	.	.	.	Non-Small-Cell Lung Carcinoma	ClinicalTrials.gov	Phase 1	.	.	.	.	.	2
DC8E5ST	DMCMBHA	Erlotinib	Approved	34.0	DMSIVND	Hydroxychloroquine	Phase 3 Trial	25.0	.	.	.	.	Non-small Cell Lung Cancer	ClinicalTrials.gov	Phase 1	.	.	.	.	.	2
DCEPOR6	DMCMBHA	Erlotinib	Approved	34.0	DMWMPD4	Vorinostat	Approved	34.0	.	.	.	.	Carcinoma, Non-Small-Cell Lung	ClinicalTrials.gov	Phase 1	.	.	.	.	.	2
DCFLAUJ	DMCMBHA	Erlotinib	Approved	34.0	DMJV2EK	Dasatinib	Investigative	0.0	.	.	.	.	Lung Cancer	ClinicalTrials.gov	Phase 1	.	.	.	.	.	2
DCGQLKX	DMCMBHA	Erlotinib	Approved	34.0	DMMX2E6	Pemetrexed	Approved	34.0	.	.	.	.	Lung Cancer	ClinicalTrials.gov	Phase 1	.	.	.	.	.	2
DCGVQ8I	DMCMBHA	Erlotinib	Approved	34.0	DMJSVRL	JM216	Phase 2	21.0	.	.	.	.	Lung Cancer	ClinicalTrials.gov	Phase 1	.	.	.	.	.	2
DCIHJX7	DMCMBHA	Erlotinib	Approved	34.0	DMWVCF3	Fusidic acid	Approved	34.0	.	.	.	.	Non-Small Cell Lung Cancer	ClinicalTrials.gov	Phase 1	.	.	.	.	.	2
DCJVU80	DMCMBHA	Erlotinib	Approved	34.0	DMP1I6Y	Alectinib	Approved	34.0	.	.	.	.	Non-Small-Cell Lung Carcinoma	ClinicalTrials.gov	Phase 1	.	.	.	.	.	2
DCOBMN1	DMCMBHA	Erlotinib	Approved	34.0	DMNVP8Q	Tivantinib	Phase 3	25.0	.	.	.	.	Non Small Cell Lung Cancer	ClinicalTrials.gov	Phase 1	.	.	.	.	.	2
DCPSAAG	DMCMBHA	Erlotinib	Approved	34.0	DMUKC5L	Tivozanib	Approved	34.0	.	.	.	.	Non-small Cell Lung Cancer	ClinicalTrials.gov	Phase 1	.	.	.	.	.	2
DCTG9PO	DMCMBHA	Erlotinib	Approved	34.0	DMMX2E6	Pemetrexed	Approved	34.0	.	.	.	.	Non-Small-Cell Lung Cancer	ClinicalTrials.gov	Phase 1	.	.	.	.	.	2
DCYF1JE	DMCMBHA	Erlotinib	Approved	34.0	DMVXFYE	Vinorelbine	Approved	34.0	.	.	.	.	Non-Small Cell Lung Cancer	ClinicalTrials.gov	Phase 1	.	.	.	.	.	2
DCSEFCM	DMCMBHA	Erlotinib	Approved	34.0	DMSD1UN	Bevacizumab	Phase 2/3 Trial	24.0	.	.	.	.	Metastatic colorectal cancer; Non-small-cell lung cancer; Hypopharyngeal squamous cell carcinoma; Hepatocellular carcinoma	TTD Database	Phase 1	.	.	.	.	.	2
DCBLDLO	DMCMBHA	Erlotinib	Approved	34.0	DMYCXKL	Capmatinib	Approved	34.0	.	.	.	.	Recurrent Non-small Cell Lung Cancer	ClinicalTrials.gov	Phase 1	.	.	.	.	.	2
DCI05IV	DMCMBHA	Erlotinib	Approved	34.0	DMTI0ZO	Gilteritinib	Approved	34.0	.	.	.	.	Non-Small-Cell Lung Cancer	ClinicalTrials.gov	Phase 1	.	.	.	.	.	2
DCLIF0U	DMCMBHA	Erlotinib	Approved	34.0	DMRJFN9	Theophylline	Approved	34.0	.	.	.	.	Non-small Cell Lung Cancer	ClinicalTrials.gov	Phase 1	.	.	.	.	.	2
DCNCRCV	DMCMBHA	Erlotinib	Approved	34.0	DMDI43Y	BGB-324	Phase 2	21.0	.	.	.	.	Non-Small Cell Lung Cancer	ClinicalTrials.gov	Phase 1	.	.	.	.	.	2
DC7AYRW	DMCMBHA	Erlotinib	Approved	34.0	DM27D4J	PD-0325901	Phase 2	21.0	.	.	.	.	Large cell lung carcinoma	ALMANAC Dataset	Investigative	NCI-H460	0.54	4.67	10.41	11.07	2
DC6D0KD	DMCMBHA	Erlotinib	Approved	34.0	DM62QTW	RTB101	Phase 3	25.0	.	.	.	.	Large cell lung carcinoma	ALMANAC Dataset	Investigative	NCI-H460	4.84	3.55	8.18	10.11	2
DCZZXKZ	DMCMBHA	Erlotinib	Approved	34.0	DM9WLN4	10-hydroxycamptothecin	Investigative	0.0	.	.	.	.	Large cell lung carcinoma	ALMANAC Dataset	Investigative	NCI-H460	13.07	15.59	20.22	21.76	2
DCBLMFQ	DMCMBHA	Erlotinib	Approved	34.0	DMB5A80	SNX-2112	Investigative	0.0	.	.	.	.	Large cell lung carcinoma	ALMANAC Dataset	Investigative	NCI-H460	5.46	3.86	2.6	6.19	2
DCMY13N	DMCMBHA	Erlotinib	Approved	34.0	DMLHEU7	Ridaforolimus	Phase 3	25.0	.	.	.	.	Large cell lung carcinoma	ALMANAC Dataset	Investigative	NCI-H460	4.35	4.65	2.76	7.08	2
DC0VV6K	DMCMBHA	Erlotinib	Approved	34.0	DMLYGH4	MK-4827	Phase 3	25.0	.	.	.	.	Large cell lung carcinoma	ALMANAC Dataset	Investigative	NCI-H460	8.22	8.65	12.24	12.17	2
DCAU1WL	DMCMBHA	Erlotinib	Approved	34.0	DMNO38U	Bortezomib	Approved	34.0	.	.	.	.	Large cell lung carcinoma	ALMANAC Dataset	Investigative	NCI-H460	1.15	1.3	2.23	4.44	2
DCFA3OR	DMCMBHA	Erlotinib	Approved	34.0	DMS8IFC	Sorafenib	Approved	34.0	.	.	.	.	Large cell lung carcinoma	ALMANAC Dataset	Investigative	NCI-H460	2.44	5.62	5.57	9.75	2
DCJZSUN	DMCMBHA	Erlotinib	Approved	34.0	DMWMPD4	Vorinostat	Approved	34.0	.	.	.	.	Large cell lung carcinoma	ALMANAC Dataset	Investigative	NCI-H460	11.78	10.05	10.89	13.35	2
DCNTOUE	DMNP60F	Anastrozole	Approved	34.0	DM0YZC6	Fulvestrant	Approved	34.0	.	.	.	.	Large cell lung carcinoma	DrugCombDB Database	Investigative	NCI-H460	0.47	0.71	0.85	0.46	2
DCJ71DS	DMNP60F	Anastrozole	Approved	34.0	DM0YZC6	Fulvestrant	Approved	34.0	.	.	.	.	Lung adenocarcinoma	DrugCombDB Database	Investigative	EKVX	1.57	1.16	3.29	2.46	2
DCAC7FH	DMNP60F	Anastrozole	Approved	34.0	DM0YZC6	Fulvestrant	Approved	34.0	.	.	.	.	Minimally invasive lung adenocarcinoma	DrugCombDB Database	Investigative	NCI-H322M	1.66	6.94	7.47	6.63	2
DC4DR81	DMNP60F	Anastrozole	Approved	34.0	DM2OZ3G	Ixabepilone	Approved	34.0	.	.	.	.	Minimally invasive lung adenocarcinoma	DrugCombDB Database	Investigative	NCI-H322M	2.11	3.86	3.99	3.92	2
DCY0MOJ	DMNP60F	Anastrozole	Approved	34.0	DM2OZ3G	Ixabepilone	Approved	34.0	.	.	.	.	Non-small cell lung carcinoma	DrugCombDB Database	Investigative	HOP-92	1.49	5.02	4.66	4.6	2
DC3TRJB	DMNP60F	Anastrozole	Approved	34.0	DM2YGNW	Dactinomycin	Approved	34.0	.	.	.	.	Large cell lung carcinoma	DrugCombDB Database	Investigative	NCI-H460	7.43	12.88	12.47	12.01	2
DCZOFNI	DMNP60F	Anastrozole	Approved	34.0	DM2YGNW	Dactinomycin	Approved	34.0	.	.	.	.	Lung adenocarcinoma	DrugCombDB Database	Investigative	EKVX	7.48	9.43	5.08	9.63	2
DC5WR25	DMNP60F	Anastrozole	Approved	34.0	DM2YGNW	Dactinomycin	Approved	34.0	.	.	.	.	Lung adenocarcinoma	DrugCombDB Database	Investigative	MDA-MB-231	2.99	5.66	6.38	5.88	2
DC7M074	DMNP60F	Anastrozole	Approved	34.0	DM2YGNW	Dactinomycin	Approved	34.0	.	.	.	.	Lung adenocarcinoma	DrugCombDB Database	Investigative	HOP-62	2.5	5.6	6.19	6.09	2
DCCI0RM	DMNP60F	Anastrozole	Approved	34.0	DM2YGNW	Dactinomycin	Approved	34.0	.	.	.	.	Lung adenocarcinoma 	DrugCombDB Database	Investigative	NCI-H522	19.55	20.34	20.6	20.29	2
DC7CJFL	DMNP60F	Anastrozole	Approved	34.0	DM2YGNW	Dactinomycin	Approved	34.0	.	.	.	.	Non-small cell lung carcinoma	DrugCombDB Database	Investigative	HOP-92	3.33	5.13	5.16	4.95	2
DC610VJ	DMNP60F	Anastrozole	Approved	34.0	DM3BF9B	DFN-15	Phase 3	25.0	.	.	.	.	Lung adenocarcinoma	DrugCombDB Database	Investigative	EKVX	0.14	1.07	2.58	2.99	2
DCPDTOB	DMNP60F	Anastrozole	Approved	34.0	DM3BH1Y	Lapatinib	Approved	34.0	.	.	.	.	Lung adenocarcinoma	DrugCombDB Database	Investigative	MDA-MB-231	1.98	2.8	0.15	0.46	2
DCW5339	DMNP60F	Anastrozole	Approved	34.0	DM3BH1Y	Lapatinib	Approved	34.0	.	.	.	.	Non-small cell lung carcinoma	DrugCombDB Database	Investigative	HOP-92	0.58	3.41	1.76	3.1	2
DCGCCYS	DMNP60F	Anastrozole	Approved	34.0	DM4DOUB	PMID28460551-Compound-2	Patented	15.5	.	.	.	.	Lung adenocarcinoma	DrugCombDB Database	Investigative	MDA-MB-231	4.68	7.21	4.84	7.46	2
DC4U7ZX	DMNP60F	Anastrozole	Approved	34.0	DM4DOUB	PMID28460551-Compound-2	Patented	15.5	.	.	.	.	Lung adenocarcinoma	DrugCombDB Database	Investigative	EKVX	3.89	7.13	6.5	7.43	2
DC6EVUO	DMNP60F	Anastrozole	Approved	34.0	DM4DOUB	PMID28460551-Compound-2	Patented	15.5	.	.	.	.	Minimally invasive lung adenocarcinoma	DrugCombDB Database	Investigative	NCI-H322M	5.46	7.61	7.66	8.18	2
DCURS8Y	DMNP60F	Anastrozole	Approved	34.0	DM4OYXE	LIAROZOLE	Phase 2/3	24.0	.	.	.	.	Lung adenocarcinoma 	DrugCombDB Database	Investigative	NCI-H522	1.54	2.19	2.55	3.66	2
DCI2IJG	DMNP60F	Anastrozole	Approved	34.0	DM2TEOL	Methotrexate	Phase 1/2 Trial	19.0	.	.	.	.	Lung adenocarcinoma	DrugCombDB Database	Investigative	HOP-62	0.46	1.08	1.33	2.5	2
DCLH5G2	DMNP60F	Anastrozole	Approved	34.0	DM5JVS3	Isoniazid	Approved	34.0	.	.	.	.	Large cell lung carcinoma	DrugCombDB Database	Investigative	NCI-H460	1.96	1.99	0.83	1.12	2
DCYLDPE	DMNP60F	Anastrozole	Approved	34.0	DM5JVS3	Isoniazid	Approved	34.0	.	.	.	.	Lung adenocarcinoma	DrugCombDB Database	Investigative	EKVX	0.87	3.78	4.16	3.93	2
DCMIKP6	DMNP60F	Anastrozole	Approved	34.0	DM62UG5	Vemurafenib	Approved	34.0	.	.	.	.	Lung adenocarcinoma	DrugCombDB Database	Investigative	EKVX	0.47	1.47	0.43	0.03	2
DCNI8BE	DMNP60F	Anastrozole	Approved	34.0	DM62UG5	Vemurafenib	Approved	34.0	.	.	.	.	Lung adenocarcinoma 	DrugCombDB Database	Investigative	NCI-H522	1.79	0.54	0.32	0.3	2
DCNNX8T	DMNP60F	Anastrozole	Approved	34.0	DM7C8YV	Plicamycin	Approved	34.0	.	.	.	.	Large cell lung carcinoma	DrugCombDB Database	Investigative	NCI-H460	2.1	2.23	2.62	2.17	2
DCLLGQC	DMNP60F	Anastrozole	Approved	34.0	DM7C8YV	Plicamycin	Approved	34.0	.	.	.	.	Lung adenocarcinoma	DrugCombDB Database	Investigative	HOP-62	4.2	2.3	2.44	1.93	2
DC3PUDI	DMNP60F	Anastrozole	Approved	34.0	DM7C8YV	Plicamycin	Approved	34.0	.	.	.	.	Lung adenocarcinoma	DrugCombDB Database	Investigative	MDA-MB-231	1.57	1.48	1.13	0.73	2
DCKOAP8	DMNP60F	Anastrozole	Approved	34.0	DM7C8YV	Plicamycin	Approved	34.0	.	.	.	.	Lung adenocarcinoma 	DrugCombDB Database	Investigative	NCI-H522	26.71	22.06	23.03	22.78	2
DC9W2B5	DMNP60F	Anastrozole	Approved	34.0	DM7HXWT	Nilotinib	Approved	34.0	.	.	.	.	Lung adenocarcinoma 	DrugCombDB Database	Investigative	NCI-H522	4.12	4.5	2.45	2.23	2
DCACI6P	DMNP60F	Anastrozole	Approved	34.0	DM7NKEV	Thioguanine	Preclinical	2.1	.	.	.	.	Lung adenocarcinoma 	DrugCombDB Database	Investigative	NCI-H522	4.07	3.15	4.6	5.49	2
DCSER5R	DMNP60F	Anastrozole	Approved	34.0	DMAE6LK	Topetecan	Approved	34.0	.	.	.	.	Minimally invasive lung adenocarcinoma	DrugCombDB Database	Investigative	NCI-H322M	3.03	3.49	3.17	3	2
DC72IMQ	DMNP60F	Anastrozole	Approved	34.0	DMAH59S	Amonafide	Phase 3	25.0	.	.	.	.	Large cell lung carcinoma	DrugCombDB Database	Investigative	NCI-H460	2.97	2.81	3.81	5.75	2
DC5SOBK	DMNP60F	Anastrozole	Approved	34.0	DMAH59S	Amonafide	Phase 3	25.0	.	.	.	.	Non-small cell lung carcinoma	DrugCombDB Database	Investigative	HOP-92	3.04	3.16	5.5	5.59	2
DCPRABA	DMNP60F	Anastrozole	Approved	34.0	DMAO80I	Pralatrexate	Approved	34.0	.	.	.	.	Lung adenocarcinoma	DrugCombDB Database	Investigative	MDA-MB-231	1.09	2.25	2.12	1.85	2
DCJG4Z7	DMNP60F	Anastrozole	Approved	34.0	DMAO80I	Pralatrexate	Approved	34.0	.	.	.	.	Lung adenocarcinoma 	DrugCombDB Database	Investigative	NCI-H522	1.96	0.64	1.29	1.04	2
DCUPT28	DMNP60F	Anastrozole	Approved	34.0	DMAO80I	Pralatrexate	Approved	34.0	.	.	.	.	Minimally invasive lung adenocarcinoma	DrugCombDB Database	Investigative	NCI-H322M	2.45	0.15	0.79	0.55	2
DC5V9MR	DMNP60F	Anastrozole	Approved	34.0	DMC3P45	Terameprocol	Phase 2	21.0	.	.	.	.	Lung adenocarcinoma	DrugCombDB Database	Investigative	MDA-MB-231	0.26	2	0.22	2.45	2
DCYYHHF	DMNP60F	Anastrozole	Approved	34.0	DMC3P45	Terameprocol	Phase 2	21.0	.	.	.	.	Lung adenocarcinoma	DrugCombDB Database	Investigative	HOP-62	2.37	3.17	0.18	2.94	2
DCZN753	DMNP60F	Anastrozole	Approved	34.0	DMC3P45	Terameprocol	Phase 2	21.0	.	.	.	.	Lung adenocarcinoma	DrugCombDB Database	Investigative	EKVX	3.71	5.83	0.47	6.16	2
DCHV865	DMNP60F	Anastrozole	Approved	34.0	DMC3P45	Terameprocol	Phase 2	21.0	.	.	.	.	Lung adenocarcinoma 	DrugCombDB Database	Investigative	NCI-H522	0.55	2.62	2.27	3.3	2
DCRKHMP	DMNP60F	Anastrozole	Approved	34.0	DMCJLD1	SCH 727965	Discontinued in Phase 3	9.0	.	.	.	.	Lung adenocarcinoma	DrugCombDB Database	Investigative	EKVX	0.24	0.65	1.63	0.79	2
DC1SI16	DMNP60F	Anastrozole	Approved	34.0	DMCJLD1	SCH 727965	Discontinued in Phase 3	9.0	.	.	.	.	Non-small cell lung carcinoma	DrugCombDB Database	Investigative	HOP-92	3.41	5.76	1.98	2.19	2
DCOOP9A	DMNP60F	Anastrozole	Approved	34.0	DMD7X1O	Dexrazoxane	Approved	34.0	.	.	.	.	Large cell lung carcinoma	DrugCombDB Database	Investigative	NCI-H460	2.33	3.01	3.7	5.48	2
DCIB4LG	DMNP60F	Anastrozole	Approved	34.0	DMDKF3M	Raloxifene	Approved	34.0	.	.	.	.	Large cell lung carcinoma	DrugCombDB Database	Investigative	NCI-H460	4.51	5.95	3.74	6.75	2
DCMQD61	DMNP60F	Anastrozole	Approved	34.0	DMFH15Z	Bendamustine hydrochloride	Approved	34.0	.	.	.	.	Large cell lung carcinoma	DrugCombDB Database	Investigative	NCI-H460	14.47	14.65	15.85	15.55	2
DCUAJAW	DMNP60F	Anastrozole	Approved	34.0	DMFH15Z	Bendamustine hydrochloride	Approved	34.0	.	.	.	.	Lung adenocarcinoma 	DrugCombDB Database	Investigative	NCI-H522	3.14	7.09	4.3	7.34	2
DCOI2Z2	DMNP60F	Anastrozole	Approved	34.0	DMG2YBD	Trifluridine	Approved	34.0	.	.	.	.	Large cell lung carcinoma	DrugCombDB Database	Investigative	NCI-H460	0.99	0.33	1.68	3.31	2
DCLL19J	DMNP60F	Anastrozole	Approved	34.0	DMG2YBD	Trifluridine	Approved	34.0	.	.	.	.	Lung adenocarcinoma	DrugCombDB Database	Investigative	HOP-62	0.94	5.18	6.5	7.76	2
DCUQYJ8	DMNP60F	Anastrozole	Approved	34.0	DMH07Y3	Letrozole	Approved	34.0	.	.	.	.	Large cell lung carcinoma	DrugCombDB Database	Investigative	NCI-H460	3.2	3.34	0.23	0.04	2
DCHQC2J	DMNP60F	Anastrozole	Approved	34.0	DMH07Y3	Letrozole	Approved	34.0	.	.	.	.	Lung adenocarcinoma	DrugCombDB Database	Investigative	EKVX	1.36	1.41	2.97	2.1	2
DC2VUPN	DMNP60F	Anastrozole	Approved	34.0	DMH07Y3	Letrozole	Approved	34.0	.	.	.	.	Minimally invasive lung adenocarcinoma	DrugCombDB Database	Investigative	NCI-H322M	2.03	3.44	4.24	4.39	2
DC1TYS6	DMNP60F	Anastrozole	Approved	34.0	DMH0ZJE	Mitomycin	Approved	34.0	.	.	.	.	Lung adenocarcinoma	DrugCombDB Database	Investigative	HOP-62	1.03	0.85	1.78	4.22	2
DC4ZJTA	DMNP60F	Anastrozole	Approved	34.0	DMH0ZJE	Mitomycin	Approved	34.0	.	.	.	.	Lung adenocarcinoma 	DrugCombDB Database	Investigative	NCI-H522	3.27	4.07	1.83	4.65	2
DCDPON6	DMNP60F	Anastrozole	Approved	34.0	DMH8UF0	SY-1425	Phase 1	17.0	.	.	.	.	Large cell lung carcinoma	DrugCombDB Database	Investigative	NCI-H460	1.7	2.76	3.63	4.48	2
DC4ZRAJ	DMNP60F	Anastrozole	Approved	34.0	DMH8UF0	SY-1425	Phase 1	17.0	.	.	.	.	Lung adenocarcinoma	DrugCombDB Database	Investigative	HOP-62	3.38	6.39	3.87	4.07	2
DCNVP75	DMNP60F	Anastrozole	Approved	34.0	DMH8UF0	SY-1425	Phase 1	17.0	.	.	.	.	Lung adenocarcinoma 	DrugCombDB Database	Investigative	NCI-H522	0.68	0.77	1.89	1.94	2
DCTHLMQ	DMNP60F	Anastrozole	Approved	34.0	DMH8UF0	SY-1425	Phase 1	17.0	.	.	.	.	Minimally invasive lung adenocarcinoma	DrugCombDB Database	Investigative	NCI-H322M	6.25	8.61	9.35	9.49	2
DC3K006	DMNP60F	Anastrozole	Approved	34.0	DMHL7OB	Uracil mustard	Approved	34.0	.	.	.	.	Large cell lung carcinoma	DrugCombDB Database	Investigative	NCI-H460	5.36	7.34	1.73	9.25	2
DC2OEW9	DMNP60F	Anastrozole	Approved	34.0	DMHL7OB	Uracil mustard	Approved	34.0	.	.	.	.	Lung adenocarcinoma	DrugCombDB Database	Investigative	EKVX	9.2	9.83	7.85	10.8	2
DCMSRPM	DMNP60F	Anastrozole	Approved	34.0	DMHL7OB	Uracil mustard	Approved	34.0	.	.	.	.	Lung adenocarcinoma 	DrugCombDB Database	Investigative	NCI-H522	7.01	6.71	7.64	8.23	2
DCYVQW4	DMNP60F	Anastrozole	Approved	34.0	DMHL7OB	Uracil mustard	Approved	34.0	.	.	.	.	Non-small cell lung carcinoma	DrugCombDB Database	Investigative	HOP-92	2.14	4.4	6.2	6.09	2
DCGFMQ3	DMNP60F	Anastrozole	Approved	34.0	DMINOX3	Vincristine	Approved	34.0	.	.	.	.	Large cell lung carcinoma	DrugCombDB Database	Investigative	NCI-H460	5.8	7.7	6.5	5.46	2
DCIFU9Q	DMNP60F	Anastrozole	Approved	34.0	DMINOX3	Vincristine	Approved	34.0	.	.	.	.	Lung adenocarcinoma	DrugCombDB Database	Investigative	HOP-62	3.76	4.51	0.39	4.47	2
DC2X725	DMNP60F	Anastrozole	Approved	34.0	DMINOX3	Vincristine	Approved	34.0	.	.	.	.	Minimally invasive lung adenocarcinoma	DrugCombDB Database	Investigative	NCI-H322M	1.83	4.06	4	4.25	2
DC6KCT3	DMNP60F	Anastrozole	Approved	34.0	DMIXMYK	Arfolitixorin	Phase 3	25.0	.	.	.	.	Lung adenocarcinoma 	DrugCombDB Database	Investigative	NCI-H522	4.98	5.33	6.72	7.58	2
DCJCC1H	DMNP60F	Anastrozole	Approved	34.0	DMJ7NVI	BIO-300	Phase 1/2	19.0	.	.	.	.	Large cell lung carcinoma	DrugCombDB Database	Investigative	NCI-H460	4.31	3.19	4.64	6.46	2
DC3524J	DMNP60F	Anastrozole	Approved	34.0	DMJ7NVI	BIO-300	Phase 1/2	19.0	.	.	.	.	Lung adenocarcinoma	DrugCombDB Database	Investigative	MDA-MB-231	3.86	3.86	5.14	6.32	2
DC7402G	DMNP60F	Anastrozole	Approved	34.0	DMJ7NVI	BIO-300	Phase 1/2	19.0	.	.	.	.	Lung adenocarcinoma	DrugCombDB Database	Investigative	HOP-62	5.6	4	3.55	7.31	2
DC253LQ	DMNP60F	Anastrozole	Approved	34.0	DMKLAYG	Altretamine	Approved	34.0	.	.	.	.	Lung adenocarcinoma 	DrugCombDB Database	Investigative	NCI-H522	3.51	4.32	1.54	3.38	2
DCK4AZR	DMNP60F	Anastrozole	Approved	34.0	DMKLAYG	Altretamine	Approved	34.0	.	.	.	.	Minimally invasive lung adenocarcinoma	DrugCombDB Database	Investigative	NCI-H322M	8.27	8.6	5.73	7.23	2
DC1DN9R	DMNP60F	Anastrozole	Approved	34.0	DMNER5S	Bleomycin	Approved	34.0	.	.	.	.	Large cell lung carcinoma	DrugCombDB Database	Investigative	NCI-H460	0.73	0.75	2.84	4.02	2
DC68RV7	DMNP60F	Anastrozole	Approved	34.0	DMNER5S	Bleomycin	Approved	34.0	.	.	.	.	Lung adenocarcinoma	DrugCombDB Database	Investigative	MDA-MB-231	2.9	3.15	4.37	5.34	2
DCNP4GV	DMNP60F	Anastrozole	Approved	34.0	DMNER5S	Bleomycin	Approved	34.0	.	.	.	.	Lung adenocarcinoma	DrugCombDB Database	Investigative	HOP-62	6.06	7.44	8.21	10.14	2
DCACRO0	DMNP60F	Anastrozole	Approved	34.0	DMNER5S	Bleomycin	Approved	34.0	.	.	.	.	Lung adenocarcinoma	DrugCombDB Database	Investigative	EKVX	7.78	8.62	7.57	11.16	2
DCKN7LD	DMNP60F	Anastrozole	Approved	34.0	DMNER5S	Bleomycin	Approved	34.0	.	.	.	.	Lung adenocarcinoma 	DrugCombDB Database	Investigative	NCI-H522	5.42	5.7	6.81	7.84	2
DCWQ6AD	DMNP60F	Anastrozole	Approved	34.0	DMNER5S	Bleomycin	Approved	34.0	.	.	.	.	Non-small cell lung carcinoma	DrugCombDB Database	Investigative	HOP-92	0.36	1.15	3.55	3.63	2
DCFY4TL	DMNP60F	Anastrozole	Approved	34.0	DMNO38U	Bortezomib	Approved	34.0	.	.	.	.	Minimally invasive lung adenocarcinoma	DrugCombDB Database	Investigative	NCI-H322M	3.86	4.76	3.28	3.1	2
DC6FU5V	DMNP60F	Anastrozole	Approved	34.0	DMNPZL4	Dacarbazine	Approved	34.0	.	.	.	.	Lung adenocarcinoma 	DrugCombDB Database	Investigative	NCI-H522	1.11	2.74	3.31	4.12	2
DCMM2B4	DMNP60F	Anastrozole	Approved	34.0	DMP6G8T	Topotecan	Approved	34.0	.	.	.	.	Lung adenocarcinoma	DrugCombDB Database	Investigative	EKVX	7.89	5.31	6.92	8.23	2
DCWPWW3	DMNP60F	Anastrozole	Approved	34.0	DMP6G8T	Topotecan	Approved	34.0	.	.	.	.	Minimally invasive lung adenocarcinoma	DrugCombDB Database	Investigative	NCI-H322M	0.03	0.43	3.85	4.33	2
DCQLHAN	DMNP60F	Anastrozole	Approved	34.0	DMRHGI9	Cisplatin	Approved	34.0	.	.	.	.	Large cell lung carcinoma	DrugCombDB Database	Investigative	NCI-H460	3.87	6.24	5.37	5.47	2
DCA7CID	DMNP60F	Anastrozole	Approved	34.0	DMRHGI9	Cisplatin	Approved	34.0	.	.	.	.	Lung adenocarcinoma	DrugCombDB Database	Investigative	MDA-MB-231	0.38	2.31	1.12	2.36	2
DC5C7XA	DMNP60F	Anastrozole	Approved	34.0	DMRHGI9	Cisplatin	Approved	34.0	.	.	.	.	Lung adenocarcinoma	DrugCombDB Database	Investigative	HOP-62	4.59	6.19	1.32	2.38	2
DCXDNMD	DMNP60F	Anastrozole	Approved	34.0	DMRHGI9	Cisplatin	Approved	34.0	.	.	.	.	Lung adenocarcinoma 	DrugCombDB Database	Investigative	NCI-H522	1.78	2.3	2.56	2.7	2
DCNQ9UY	DMNP60F	Anastrozole	Approved	34.0	DMRHGI9	Cisplatin	Approved	34.0	.	.	.	.	Minimally invasive lung adenocarcinoma	DrugCombDB Database	Investigative	NCI-H322M	5.6	12.28	11.35	11.53	2
DCAV8GE	DMNP60F	Anastrozole	Approved	34.0	DMRKE63	Chlorambucil	Approved	34.0	.	.	.	.	Lung adenocarcinoma	DrugCombDB Database	Investigative	EKVX	5.73	5.45	0.17	3.08	2
DCD5OY8	DMNP60F	Anastrozole	Approved	34.0	DMRKE63	Chlorambucil	Approved	34.0	.	.	.	.	Lung adenocarcinoma 	DrugCombDB Database	Investigative	NCI-H522	2.19	6.03	0.61	5.06	2
DC87KTP	DMNP60F	Anastrozole	Approved	34.0	DMRKE63	Chlorambucil	Approved	34.0	.	.	.	.	Minimally invasive lung adenocarcinoma	DrugCombDB Database	Investigative	NCI-H322M	8.22	9.52	3.52	4.53	2
DC9FC9C	DMNP60F	Anastrozole	Approved	34.0	DMSG91J	ER819762	Investigative	0.0	.	.	.	.	Lung adenocarcinoma	DrugCombDB Database	Investigative	EKVX	1.89	0.9	1.2	0.35	2
DCZPCKS	DMNP60F	Anastrozole	Approved	34.0	DMSG91J	ER819762	Investigative	0.0	.	.	.	.	Lung adenocarcinoma 	DrugCombDB Database	Investigative	NCI-H522	2.16	3.01	2.28	2.06	2
DCKUALD	DMNP60F	Anastrozole	Approved	34.0	DMSG91J	ER819762	Investigative	0.0	.	.	.	.	Minimally invasive lung adenocarcinoma	DrugCombDB Database	Investigative	NCI-H322M	5.27	6.43	3.58	3.46	2
DC4RM5R	DMNP60F	Anastrozole	Approved	34.0	DMT5GNL	Romidepsin	Approved	34.0	.	.	.	.	Lung adenocarcinoma	DrugCombDB Database	Investigative	MDA-MB-231	9.38	9.66	9.11	10.84	2
DCY7FBF	DMNP60F	Anastrozole	Approved	34.0	DMT5GNL	Romidepsin	Approved	34.0	.	.	.	.	Lung adenocarcinoma	DrugCombDB Database	Investigative	EKVX	18.45	14.45	11.95	17.11	2
DCHS7ZE	DMNP60F	Anastrozole	Approved	34.0	DMT5GNL	Romidepsin	Approved	34.0	.	.	.	.	Lung adenocarcinoma 	DrugCombDB Database	Investigative	NCI-H522	10.65	10.95	9.02	13.25	2
DCA5N55	DMNP60F	Anastrozole	Approved	34.0	DMTA5OE	Azacitidine	Approved	34.0	.	.	.	.	Large cell lung carcinoma	DrugCombDB Database	Investigative	NCI-H460	5.71	7.73	6.79	8.93	2
DCY2VTA	DMNP60F	Anastrozole	Approved	34.0	DMTA5OE	Azacitidine	Approved	34.0	.	.	.	.	Minimally invasive lung adenocarcinoma	DrugCombDB Database	Investigative	NCI-H322M	8.05	9.65	10.17	10.7	2
DCPGUWF	DMNP60F	Anastrozole	Approved	34.0	DMU8L7C	Mepacrine	Investigative	0.0	.	.	.	.	Lung adenocarcinoma 	DrugCombDB Database	Investigative	NCI-H522	3.04	4.98	1.53	5.11	2
DCIFRDC	DMNP60F	Anastrozole	Approved	34.0	DMVRLT7	Fludarabine	Approved	34.0	.	.	.	.	Large cell lung carcinoma	DrugCombDB Database	Investigative	NCI-H460	3.69	4.14	4.69	6.51	2
DCV9CNN	DMNP60F	Anastrozole	Approved	34.0	DMWGV8N	PMID28870136-Compound-43	Patented	15.5	.	.	.	.	Large cell lung carcinoma	DrugCombDB Database	Investigative	NCI-H460	0.73	3.31	1.65	2.37	2
DC45NA7	DMNP60F	Anastrozole	Approved	34.0	DMWGV8N	PMID28870136-Compound-43	Patented	15.5	.	.	.	.	Lung adenocarcinoma	DrugCombDB Database	Investigative	HOP-62	2.87	3.89	0.66	4.38	2
DCL4RZY	DMNP60F	Anastrozole	Approved	34.0	DMWIDJK	FORMESTANE	Withdrawn from market	12.0	.	.	.	.	Lung adenocarcinoma	DrugCombDB Database	Investigative	EKVX	0.91	2.23	3.67	2.81	2
DCJ042Z	DMNP60F	Anastrozole	Approved	34.0	DMWNHPC	Aminolevulinic Acid Hydrochloride	Approved	34.0	.	.	.	.	Large cell lung carcinoma	DrugCombDB Database	Investigative	NCI-H460	0.07	0.62	0.59	2.43	2
DCLTAJ9	DMNP60F	Anastrozole	Approved	34.0	DMWTAOI	Estramustine	Approved	34.0	.	.	.	.	Lung adenocarcinoma 	DrugCombDB Database	Investigative	NCI-H522	0.06	2.34	1.63	4.17	2
DC2WRDX	DMNP60F	Anastrozole	Approved	34.0	DMWVIGP	Digitoxin	Approved	34.0	.	.	.	.	Large cell lung carcinoma	DrugCombDB Database	Investigative	NCI-H460	4.91	5.08	3.77	3.33	2
DC3K4Y3	DMNP60F	Anastrozole	Approved	34.0	DMWVIGP	Digitoxin	Approved	34.0	.	.	.	.	Minimally invasive lung adenocarcinoma	DrugCombDB Database	Investigative	NCI-H322M	7.95	4.82	3.73	3.52	2
DCPZVML	DMSE3I7	Gemcitabine	Preclinical	2.1	DMEFRTZ	Lurbinectedin	Approved	34.0	.	.	.	.	Non-Small Cell Lung Cancer (NSCLC)	ClinicalTrials.gov	Phase 2	.	.	.	.	.	2
DC3XER7	DMSE3I7	Gemcitabine	Preclinical	2.1	DMF57DM	Pazopanib	Approved	34.0	.	.	.	.	Lung Cancer, Non-Small Cell	ClinicalTrials.gov	Phase 1	.	.	.	.	.	2
DCMP46P	DMSE3I7	Gemcitabine	Preclinical	2.1	DMQNWRD	Oxaliplatin	Approved	34.0	.	.	.	.	Lung Cancer	ClinicalTrials.gov	Phase 1	.	.	.	.	.	2
DCSFA8P	DMSE3I7	Gemcitabine	Preclinical	2.1	DMMX2E6	Pemetrexed	Approved	34.0	.	.	.	.	Lung Cancer	ClinicalTrials.gov	Phase 1	.	.	.	.	.	2
DCWQDSF	DMSE3I7	Gemcitabine	Preclinical	2.1	DM93VBZ	LY2835219	Approved	34.0	.	.	.	.	Carcinoma, Non-small Cell Lung	ClinicalTrials.gov	Phase 1	.	.	.	.	.	2
DCSZ5YI	DMSE3I7	Gemcitabine	Preclinical	2.1	DM27D4J	PD-0325901	Phase 2	21.0	.	.	.	.	Large cell lung carcinoma	ALMANAC Dataset	Investigative	NCI-H460	22.25	18.91	11.17	20.75	2
DC8VR38	DMSE3I7	Gemcitabine	Preclinical	2.1	DM62QTW	RTB101	Phase 3	25.0	.	.	.	.	Large cell lung carcinoma	ALMANAC Dataset	Investigative	NCI-H460	18.37	14	11.59	18.98	2
DCXV3MY	DMSE3I7	Gemcitabine	Preclinical	2.1	DM67EMK	SCH-900776	Phase 2	21.0	.	.	.	.	Large cell lung carcinoma	ALMANAC Dataset	Investigative	NCI-H460	29.71	22.99	20.45	25.13	2
DC2J54O	DMSE3I7	Gemcitabine	Preclinical	2.1	DMCJLD1	SCH 727965	Discontinued in Phase 3	9.0	.	.	.	.	Large cell lung carcinoma	ALMANAC Dataset	Investigative	NCI-H460	18.36	13.49	14.73	16.75	2
DCG1YHA	DMSE3I7	Gemcitabine	Preclinical	2.1	DMCMBHA	Erlotinib	Approved	34.0	.	.	.	.	Large cell lung carcinoma	ALMANAC Dataset	Investigative	NCI-H460	11.06	7.24	6.53	11.06	2
DC0TRQQ	DMSE3I7	Gemcitabine	Preclinical	2.1	DMM0XGL	Idarubicin	Approved	34.0	.	.	.	.	Large cell lung carcinoma	ALMANAC Dataset	Investigative	NCI-H460	9.21	5.85	2.24	8.02	2
DC1RE8W	DMSE3I7	Gemcitabine	Preclinical	2.1	DMT1OZ6	MK-2206	Phase 2	21.0	.	.	.	.	Large cell lung carcinoma	ALMANAC Dataset	Investigative	NCI-H460	17.23	13.4	15.25	17.49	2
DCERVFT	DMSE3I7	Gemcitabine	Preclinical	2.1	DMJV2EK	Dasatinib	Investigative	0.0	.	.	.	.	Large cell lung carcinoma	ALMANAC Dataset	Investigative	NCI-H460	17.18	15.19	0.02	17.65	2
DC33YRT	DMPDW6T	Epirubicin	Approved	34.0	DM0CVXA	Mechlorethamine	Approved	34.0	.	.	.	.	Minimally invasive lung adenocarcinoma	SYNERGxDB Database	Investigative	NCI-H322M	2.48	5.03	2.75	1.77	2
DCOV7T7	DMPDW6T	Epirubicin	Approved	34.0	DM0HXDS	Pentostatin	Approved	34.0	.	.	.	.	Large cell lung carcinoma	SYNERGxDB Database	Investigative	NCI-H460	0.97	3.68	0.17	0.58	2
DCCR3KI	DMPDW6T	Epirubicin	Approved	34.0	DM0HXDS	Pentostatin	Approved	34.0	.	.	.	.	Minimally invasive lung adenocarcinoma	SYNERGxDB Database	Investigative	NCI-H322M	1.5	7.61	5.46	5.9	2
DC76Y0N	DMPDW6T	Epirubicin	Approved	34.0	DM15F0X	Gefitinib	Approved	34.0	.	.	.	.	Lung adenocarcinoma	SYNERGxDB Database	Investigative	HOP-62	8.83	14	14.69	15.8	2
DCTLOEV	DMPDW6T	Epirubicin	Approved	34.0	DM15F0X	Gefitinib	Approved	34.0	.	.	.	.	Non-small cell lung carcinoma	SYNERGxDB Database	Investigative	HOP-92	9.37	14.44	12.72	16.07	2
DC5I6J1	DMPDW6T	Epirubicin	Approved	34.0	DM7Q98D	Ruxolitinib	Phase 3 Trial	25.0	.	.	.	.	Lung adenocarcinoma	SYNERGxDB Database	Investigative	MDA-MB-231	2.83	8.4	2.7	9.11	2
DC8UW91	DMPDW6T	Epirubicin	Approved	34.0	DM7Q98D	Ruxolitinib	Phase 3 Trial	25.0	.	.	.	.	Lung adenocarcinoma	SYNERGxDB Database	Investigative	EKVX	1.42	5.96	4.8	5.12	2
DCFUUU0	DMPDW6T	Epirubicin	Approved	34.0	DM2AZPP	Hepzato	Phase 3	25.0	.	.	.	.	Large cell lung carcinoma	SYNERGxDB Database	Investigative	NCI-H460	7.77	12.58	9.77	9.53	2
DCACU1H	DMPDW6T	Epirubicin	Approved	34.0	DM2AZPP	Hepzato	Phase 3	25.0	.	.	.	.	Lung adenocarcinoma	SYNERGxDB Database	Investigative	EKVX	2.93	5.49	3.24	1.67	2
DC3UL71	DMPDW6T	Epirubicin	Approved	34.0	DM2OZ3G	Ixabepilone	Approved	34.0	.	.	.	.	Lung adenocarcinoma	SYNERGxDB Database	Investigative	EKVX	7.16	4.9	3.92	3.41	2
DCJR6IP	DMPDW6T	Epirubicin	Approved	34.0	DM2YGNW	Dactinomycin	Approved	34.0	.	.	.	.	Large cell lung carcinoma	SYNERGxDB Database	Investigative	NCI-H460	14.46	15.91	13.19	12.73	2
DCBQOER	DMPDW6T	Epirubicin	Approved	34.0	DM2YGNW	Dactinomycin	Approved	34.0	.	.	.	.	Lung adenocarcinoma	SYNERGxDB Database	Investigative	EKVX	12.79	20.12	19.91	18.52	2
DC8L40Q	DMPDW6T	Epirubicin	Approved	34.0	DM2YGNW	Dactinomycin	Approved	34.0	.	.	.	.	Lung adenocarcinoma	SYNERGxDB Database	Investigative	HOP-62	6.96	12.02	12.18	12.47	2
DCS8S1F	DMPDW6T	Epirubicin	Approved	34.0	DM2YGNW	Dactinomycin	Approved	34.0	.	.	.	.	Lung adenocarcinoma	SYNERGxDB Database	Investigative	MDA-MB-231	7.12	12.59	13.69	13.47	2
DC4GP1E	DMPDW6T	Epirubicin	Approved	34.0	DM2YGNW	Dactinomycin	Approved	34.0	.	.	.	.	Lung adenocarcinoma 	SYNERGxDB Database	Investigative	NCI-H522	13.02	14.36	14.32	13.98	2
DCKJM2P	DMPDW6T	Epirubicin	Approved	34.0	DM2YGNW	Dactinomycin	Approved	34.0	.	.	.	.	Minimally invasive lung adenocarcinoma	SYNERGxDB Database	Investigative	NCI-H322M	7.84	15.6	13.47	13.46	2
DCXZL50	DMPDW6T	Epirubicin	Approved	34.0	DM2YGNW	Dactinomycin	Approved	34.0	.	.	.	.	Non-small cell lung carcinoma	SYNERGxDB Database	Investigative	HOP-92	5.56	12.46	12.9	12.41	2
DC3UVSE	DMPDW6T	Epirubicin	Approved	34.0	DM3BF9B	DFN-15	Phase 3	25.0	.	.	.	.	Lung adenocarcinoma	SYNERGxDB Database	Investigative	HOP-62	1.94	5.69	2.96	5.16	2
DCOOZ90	DMPDW6T	Epirubicin	Approved	34.0	DM3BF9B	DFN-15	Phase 3	25.0	.	.	.	.	Lung adenocarcinoma	SYNERGxDB Database	Investigative	MDA-MB-231	2.74	5.94	5.53	6.04	2
DCJYP37	DMPDW6T	Epirubicin	Approved	34.0	DM3BF9B	DFN-15	Phase 3	25.0	.	.	.	.	Lung adenocarcinoma 	SYNERGxDB Database	Investigative	NCI-H522	0.79	6.57	4.5	6.88	2
DCEGT94	DMPDW6T	Epirubicin	Approved	34.0	DM3BF9B	DFN-15	Phase 3	25.0	.	.	.	.	Non-small cell lung carcinoma	SYNERGxDB Database	Investigative	HOP-92	1.17	3.37	4.58	4.61	2
DC6A6EP	DMPDW6T	Epirubicin	Approved	34.0	DM3BH1Y	Lapatinib	Approved	34.0	.	.	.	.	Large cell lung carcinoma	SYNERGxDB Database	Investigative	NCI-H460	3.82	6.26	3.37	3.17	2
DCU33Y2	DMPDW6T	Epirubicin	Approved	34.0	DM4DOUB	PMID28460551-Compound-2	Patented	15.5	.	.	.	.	Lung adenocarcinoma	SYNERGxDB Database	Investigative	MDA-MB-231	20.44	21.7	21.04	22.25	2
DCS8X50	DMPDW6T	Epirubicin	Approved	34.0	DM4DOUB	PMID28460551-Compound-2	Patented	15.5	.	.	.	.	Non-small cell lung carcinoma	SYNERGxDB Database	Investigative	HOP-92	0.44	2.42	0.07	3.73	2
DC0D43T	DMPDW6T	Epirubicin	Approved	34.0	DM4O2Z7	Cyclophosphamide	Approved	34.0	.	.	.	.	Lung adenocarcinoma	SYNERGxDB Database	Investigative	EKVX	5.22	5.72	3.89	2.72	2
DCPPMLQ	DMPDW6T	Epirubicin	Approved	34.0	DM4OYXE	LIAROZOLE	Phase 2/3	24.0	.	.	.	.	Minimally invasive lung adenocarcinoma	SYNERGxDB Database	Investigative	NCI-H322M	3.57	6.51	2.03	0.97	2
DC857WK	DMPDW6T	Epirubicin	Approved	34.0	DM5IXKQ	Vismodegib	Approved	34.0	.	.	.	.	Large cell lung carcinoma	SYNERGxDB Database	Investigative	NCI-H460	10.25	5.75	1.05	2.68	2
DC050O3	DMPDW6T	Epirubicin	Approved	34.0	DM5IXKQ	Vismodegib	Approved	34.0	.	.	.	.	Lung adenocarcinoma	SYNERGxDB Database	Investigative	MDA-MB-231	3.2	10.18	7.38	10.51	2
DC2DO38	DMPDW6T	Epirubicin	Approved	34.0	DM5IXKQ	Vismodegib	Approved	34.0	.	.	.	.	Lung adenocarcinoma	SYNERGxDB Database	Investigative	EKVX	2.14	7.02	4.4	5.97	2
DC9XHBT	DMPDW6T	Epirubicin	Approved	34.0	DM5IXKQ	Vismodegib	Approved	34.0	.	.	.	.	Lung adenocarcinoma 	SYNERGxDB Database	Investigative	NCI-H522	1.56	4.49	0.98	3.64	2
DCY519Z	DMPDW6T	Epirubicin	Approved	34.0	DM5JVS3	Isoniazid	Approved	34.0	.	.	.	.	Lung adenocarcinoma	SYNERGxDB Database	Investigative	EKVX	5.97	1.3	0.57	0.15	2
DCXJOGL	DMPDW6T	Epirubicin	Approved	34.0	DM62UG5	Vemurafenib	Approved	34.0	.	.	.	.	Large cell lung carcinoma	SYNERGxDB Database	Investigative	NCI-H460	9.91	9.91	12.09	3.76	2
DCM88G8	DMPDW6T	Epirubicin	Approved	34.0	DM62UG5	Vemurafenib	Approved	34.0	.	.	.	.	Lung adenocarcinoma	SYNERGxDB Database	Investigative	MDA-MB-231	10.31	14.79	16.46	16.54	2
DCMRG5B	DMPDW6T	Epirubicin	Approved	34.0	DM62UG5	Vemurafenib	Approved	34.0	.	.	.	.	Lung adenocarcinoma 	SYNERGxDB Database	Investigative	NCI-H522	1.24	9.96	7.44	7.44	2
DCQDCZ6	DMPDW6T	Epirubicin	Approved	34.0	DM62UG5	Vemurafenib	Approved	34.0	.	.	.	.	Minimally invasive lung adenocarcinoma	SYNERGxDB Database	Investigative	NCI-H322M	4.85	10.45	4.96	4.33	2
DCN5R9V	DMPDW6T	Epirubicin	Approved	34.0	DM7C8YV	Plicamycin	Approved	34.0	.	.	.	.	Large cell lung carcinoma	SYNERGxDB Database	Investigative	NCI-H460	1.78	5.6	2.45	2.45	2
DC8GQNX	DMPDW6T	Epirubicin	Approved	34.0	DM7C8YV	Plicamycin	Approved	34.0	.	.	.	.	Lung adenocarcinoma	SYNERGxDB Database	Investigative	HOP-62	5.68	7.19	6.77	6.56	2
DCMSPFZ	DMPDW6T	Epirubicin	Approved	34.0	DM7C8YV	Plicamycin	Approved	34.0	.	.	.	.	Lung adenocarcinoma	SYNERGxDB Database	Investigative	EKVX	5.64	10.61	10	9.89	2
DCK73UI	DMPDW6T	Epirubicin	Approved	34.0	DM7C8YV	Plicamycin	Approved	34.0	.	.	.	.	Lung adenocarcinoma 	SYNERGxDB Database	Investigative	NCI-H522	3.55	9.6	9.93	9.89	2
DCRYPZD	DMPDW6T	Epirubicin	Approved	34.0	DM7C8YV	Plicamycin	Approved	34.0	.	.	.	.	Minimally invasive lung adenocarcinoma	SYNERGxDB Database	Investigative	NCI-H322M	6.79	13.38	12.41	11.41	2
DCM3X3V	DMPDW6T	Epirubicin	Approved	34.0	DM7HXWT	Nilotinib	Approved	34.0	.	.	.	.	Large cell lung carcinoma	SYNERGxDB Database	Investigative	NCI-H460	14.78	5.46	2.55	1.79	2
DCXS4LX	DMPDW6T	Epirubicin	Approved	34.0	DM7HXWT	Nilotinib	Approved	34.0	.	.	.	.	Lung adenocarcinoma	SYNERGxDB Database	Investigative	EKVX	1.78	4.25	2.2	1.16	2
DC5X111	DMPDW6T	Epirubicin	Approved	34.0	DM7HXWT	Nilotinib	Approved	34.0	.	.	.	.	Lung adenocarcinoma 	SYNERGxDB Database	Investigative	NCI-H522	4.49	7.29	4.2	4.07	2
DC6IPWP	DMPDW6T	Epirubicin	Approved	34.0	DM7HXWT	Nilotinib	Approved	34.0	.	.	.	.	Minimally invasive lung adenocarcinoma	SYNERGxDB Database	Investigative	NCI-H322M	4.14	6.4	1.4	0.52	2
DCERP20	DMPDW6T	Epirubicin	Approved	34.0	DM7HXWT	Nilotinib	Approved	34.0	.	.	.	.	Non-small cell lung carcinoma	SYNERGxDB Database	Investigative	HOP-92	5.02	2.91	3.39	3	2
DCU38LP	DMPDW6T	Epirubicin	Approved	34.0	DM7XZY5	Triapine	Phase 2	21.0	.	.	.	.	Lung adenocarcinoma	SYNERGxDB Database	Investigative	EKVX	2.32	4.02	4.52	1.48	2
DCZCUTV	DMPDW6T	Epirubicin	Approved	34.0	DM8V75C	ABIRATERONE	Approved	34.0	.	.	.	.	Lung adenocarcinoma	SYNERGxDB Database	Investigative	MDA-MB-231	0.84	6.46	7.58	7.76	2
DCSCXLM	DMPDW6T	Epirubicin	Approved	34.0	DM8V75C	ABIRATERONE	Approved	34.0	.	.	.	.	Lung adenocarcinoma	SYNERGxDB Database	Investigative	EKVX	2.63	2.63	2.29	0.07	2
DCPSWIZ	DMPDW6T	Epirubicin	Approved	34.0	DM8V75C	ABIRATERONE	Approved	34.0	.	.	.	.	Minimally invasive lung adenocarcinoma	SYNERGxDB Database	Investigative	NCI-H322M	1.47	3.76	1.88	1.6	2
DCRNGYH	DMPDW6T	Epirubicin	Approved	34.0	DM9WLN4	10-hydroxycamptothecin	Investigative	0.0	.	.	.	.	Lung adenocarcinoma	SYNERGxDB Database	Investigative	MDA-MB-231	9.65	9.98	1.23	12.31	2
DCGHDII	DMPDW6T	Epirubicin	Approved	34.0	DMC3P45	Terameprocol	Phase 2	21.0	.	.	.	.	Lung adenocarcinoma	SYNERGxDB Database	Investigative	EKVX	0.18	3.84	3.23	2.86	2
DC6RZ6D	DMPDW6T	Epirubicin	Approved	34.0	DMC3P45	Terameprocol	Phase 2	21.0	.	.	.	.	Lung adenocarcinoma 	SYNERGxDB Database	Investigative	NCI-H522	0.05	6.8	7.02	7.06	2
DC8Y1MR	DMPDW6T	Epirubicin	Approved	34.0	DMCJLD1	SCH 727965	Discontinued in Phase 3	9.0	.	.	.	.	Lung adenocarcinoma	SYNERGxDB Database	Investigative	MDA-MB-231	8.52	4.68	1.85	2.09	2
DCR0O1K	DMPDW6T	Epirubicin	Approved	34.0	DMCJLD1	SCH 727965	Discontinued in Phase 3	9.0	.	.	.	.	Lung adenocarcinoma	SYNERGxDB Database	Investigative	EKVX	1.09	1.65	1	0.53	2
DC6L4YH	DMPDW6T	Epirubicin	Approved	34.0	DMCJLD1	SCH 727965	Discontinued in Phase 3	9.0	.	.	.	.	Minimally invasive lung adenocarcinoma	SYNERGxDB Database	Investigative	NCI-H322M	2.22	3.75	2.4	1.21	2
DCXBPVP	DMPDW6T	Epirubicin	Approved	34.0	DMCT3I8	Ifosfamide	Approved	34.0	.	.	.	.	Large cell lung carcinoma	SYNERGxDB Database	Investigative	NCI-H460	6.91	13.6	10.65	10.44	2
DC02E2A	DMPDW6T	Epirubicin	Approved	34.0	DMD7X1O	Dexrazoxane	Approved	34.0	.	.	.	.	Lung adenocarcinoma	SYNERGxDB Database	Investigative	HOP-62	5.54	9.87	2.98	10.55	2
DCD6AAT	DMPDW6T	Epirubicin	Approved	34.0	DMDI269	Docetaxel	Approved	34.0	.	.	.	.	Lung adenocarcinoma	SYNERGxDB Database	Investigative	HOP-62	4.84	12.67	2.03	11.07	2
DCP6HMO	DMPDW6T	Epirubicin	Approved	34.0	DMDKF3M	Raloxifene	Approved	34.0	.	.	.	.	Lung adenocarcinoma	SYNERGxDB Database	Investigative	MDA-MB-231	4.45	8.66	2.84	5.47	2
DCQY5WX	DMPDW6T	Epirubicin	Approved	34.0	DMDKF3M	Raloxifene	Approved	34.0	.	.	.	.	Lung adenocarcinoma	SYNERGxDB Database	Investigative	EKVX	3.04	5.14	1.34	0.18	2
DCTTKHL	DMPDW6T	Epirubicin	Approved	34.0	DMDKF3M	Raloxifene	Approved	34.0	.	.	.	.	Lung adenocarcinoma	SYNERGxDB Database	Investigative	HOP-62	10.56	17.98	14.53	14.84	2
DC9BX5L	DMPDW6T	Epirubicin	Approved	34.0	DMDKF3M	Raloxifene	Approved	34.0	.	.	.	.	Lung adenocarcinoma 	SYNERGxDB Database	Investigative	NCI-H522	0.88	9.24	9.39	9.11	2
DCX76WP	DMPDW6T	Epirubicin	Approved	34.0	DMDKF3M	Raloxifene	Approved	34.0	.	.	.	.	Non-small cell lung carcinoma	SYNERGxDB Database	Investigative	HOP-92	3.55	8.83	9.27	9.15	2
DCEJXAM	DMPDW6T	Epirubicin	Approved	34.0	DMFH15Z	Bendamustine hydrochloride	Approved	34.0	.	.	.	.	Large cell lung carcinoma	SYNERGxDB Database	Investigative	NCI-H460	18.74	14.18	7.93	11.2	2
DCLII6Z	DMPDW6T	Epirubicin	Approved	34.0	DMFH15Z	Bendamustine hydrochloride	Approved	34.0	.	.	.	.	Minimally invasive lung adenocarcinoma	SYNERGxDB Database	Investigative	NCI-H322M	3.11	8.23	1.89	6.65	2
DCBYC3V	DMPDW6T	Epirubicin	Approved	34.0	DMG2YBD	Trifluridine	Approved	34.0	.	.	.	.	Lung adenocarcinoma	SYNERGxDB Database	Investigative	HOP-62	9.63	11.62	11.11	13.01	2
DCYOHV0	DMPDW6T	Epirubicin	Approved	34.0	DMGW1ID	Sirolimus	Approved	34.0	.	.	.	.	Lung adenocarcinoma	SYNERGxDB Database	Investigative	HOP-62	0.67	1.7	1.9	3.96	2
DCWT86F	DMPDW6T	Epirubicin	Approved	34.0	DMH07Y3	Letrozole	Approved	34.0	.	.	.	.	Non-small cell lung carcinoma	SYNERGxDB Database	Investigative	HOP-92	0.38	5.43	6.85	6.59	2
DCIMYU7	DMPDW6T	Epirubicin	Approved	34.0	DMH0ZJE	Mitomycin	Approved	34.0	.	.	.	.	Lung adenocarcinoma	SYNERGxDB Database	Investigative	EKVX	1.2	2.57	1.95	0.71	2
DCA6TRX	DMPDW6T	Epirubicin	Approved	34.0	DMH0ZJE	Mitomycin	Approved	34.0	.	.	.	.	Minimally invasive lung adenocarcinoma	SYNERGxDB Database	Investigative	NCI-H322M	3.86	7.8	6.25	5.84	2
DCIQLM3	DMPDW6T	Epirubicin	Approved	34.0	DMH8UF0	SY-1425	Phase 1	17.0	.	.	.	.	Lung adenocarcinoma 	SYNERGxDB Database	Investigative	NCI-H522	0.97	6.82	4.61	7.14	2
DCAWD9H	DMPDW6T	Epirubicin	Approved	34.0	DMHL7OB	Uracil mustard	Approved	34.0	.	.	.	.	Lung adenocarcinoma	SYNERGxDB Database	Investigative	HOP-62	9.34	12.63	4.49	10.11	2
DCRF6HT	DMPDW6T	Epirubicin	Approved	34.0	DMIXMYK	Arfolitixorin	Phase 3	25.0	.	.	.	.	Lung adenocarcinoma	SYNERGxDB Database	Investigative	HOP-62	5.97	4.39	2.06	4.66	2
DCTTTH1	DMPDW6T	Epirubicin	Approved	34.0	DMJ7NVI	BIO-300	Phase 1/2	19.0	.	.	.	.	Lung adenocarcinoma	SYNERGxDB Database	Investigative	HOP-62	13.59	9.46	7.14	10.64	2
DC6AP70	DMPDW6T	Epirubicin	Approved	34.0	DMM0XGL	Idarubicin	Approved	34.0	.	.	.	.	Large cell lung carcinoma	SYNERGxDB Database	Investigative	NCI-H460	0.91	5.23	2.25	2.25	2
DCAVX31	DMPDW6T	Epirubicin	Approved	34.0	DMM0XGL	Idarubicin	Approved	34.0	.	.	.	.	Lung adenocarcinoma	SYNERGxDB Database	Investigative	MDA-MB-231	3.19	7.28	6.04	7.94	2
DCBJKIC	DMPDW6T	Epirubicin	Approved	34.0	DMM1I8R	Indazole derivative 5	Patented	15.5	.	.	.	.	Lung adenocarcinoma	SYNERGxDB Database	Investigative	MDA-MB-231	1.09	3.83	0.34	0.6	2
DCFQQFU	DMPDW6T	Epirubicin	Approved	34.0	DM7RJXL	Imatinib	Phase 3 Trial	25.0	.	.	.	.	Large cell lung carcinoma	SYNERGxDB Database	Investigative	NCI-H460	6.48	14.54	11.36	11.36	2
DCEPBXU	DMPDW6T	Epirubicin	Approved	34.0	DMNER5S	Bleomycin	Approved	34.0	.	.	.	.	Lung adenocarcinoma	SYNERGxDB Database	Investigative	HOP-62	4.27	5.19	3.07	6.35	2
DCNSYU1	DMPDW6T	Epirubicin	Approved	34.0	DMNER5S	Bleomycin	Approved	34.0	.	.	.	.	Lung adenocarcinoma	SYNERGxDB Database	Investigative	MDA-MB-231	4.34	7.3	4.82	9.53	2
DCSXSW9	DMPDW6T	Epirubicin	Approved	34.0	DMNO38U	Bortezomib	Approved	34.0	.	.	.	.	Lung adenocarcinoma	SYNERGxDB Database	Investigative	MDA-MB-231	0.64	8.31	10.53	10.33	2
DCT6D8O	DMPDW6T	Epirubicin	Approved	34.0	DMNO38U	Bortezomib	Approved	34.0	.	.	.	.	Lung adenocarcinoma	SYNERGxDB Database	Investigative	HOP-62	0.2	3.39	1.45	1.34	2
DCZU0NJ	DMPDW6T	Epirubicin	Approved	34.0	DMNP60F	Anastrozole	Approved	34.0	.	.	.	.	Lung adenocarcinoma	SYNERGxDB Database	Investigative	HOP-62	4.41	7.4	5.4	8.22	2
DC413VI	DMPDW6T	Epirubicin	Approved	34.0	DMNP60F	Anastrozole	Approved	34.0	.	.	.	.	Non-small cell lung carcinoma	SYNERGxDB Database	Investigative	HOP-92	1.81	0.75	1.24	1.14	2
DC36PYE	DMPDW6T	Epirubicin	Approved	34.0	DMNPZL4	Dacarbazine	Approved	34.0	.	.	.	.	Lung adenocarcinoma	SYNERGxDB Database	Investigative	HOP-62	4.78	12.16	4.6	10.35	2
DC4ZRNL	DMPDW6T	Epirubicin	Approved	34.0	DMP6G8T	Topotecan	Approved	34.0	.	.	.	.	Minimally invasive lung adenocarcinoma	SYNERGxDB Database	Investigative	NCI-H322M	5.98	9.83	5.26	8.48	2
DCT4R29	DMPDW6T	Epirubicin	Approved	34.0	DMPAZHC	Cabazitaxel	Approved	34.0	.	.	.	.	Lung adenocarcinoma	SYNERGxDB Database	Investigative	MDA-MB-231	3.91	2.95	0.23	4.94	2
DC4TLNV	DMPDW6T	Epirubicin	Approved	34.0	DMPAZHC	Cabazitaxel	Approved	34.0	.	.	.	.	Lung adenocarcinoma	SYNERGxDB Database	Investigative	HOP-62	25.93	19.82	18.4	21.11	2
DCC0GHK	DMPDW6T	Epirubicin	Approved	34.0	DMRHGI9	Cisplatin	Approved	34.0	.	.	.	.	Lung adenocarcinoma	SYNERGxDB Database	Investigative	EKVX	0.74	2.14	2.37	0.56	2
DCGQUFM	DMPDW6T	Epirubicin	Approved	34.0	DMRHGI9	Cisplatin	Approved	34.0	.	.	.	.	Minimally invasive lung adenocarcinoma	SYNERGxDB Database	Investigative	NCI-H322M	1.35	4.18	2.37	1.92	2
DCRPZ07	DMPDW6T	Epirubicin	Approved	34.0	DMTGBAX	Pomalidomide	Approved	34.0	.	.	.	.	Lung adenocarcinoma	SYNERGxDB Database	Investigative	EKVX	9.77	3	1.8	0.41	2
DCDRERE	DMPDW6T	Epirubicin	Approved	34.0	DMTGBAX	Pomalidomide	Approved	34.0	.	.	.	.	Lung adenocarcinoma 	SYNERGxDB Database	Investigative	NCI-H522	0.17	8.93	8.25	8.24	2
DCT7E1L	DMPDW6T	Epirubicin	Approved	34.0	DMTM2IK	Mercaptopurine	Preclinical	2.1	.	.	.	.	Lung adenocarcinoma 	SYNERGxDB Database	Investigative	NCI-H522	0.62	6.29	0.05	5.4	2
DC29B92	DMPDW6T	Epirubicin	Approved	34.0	DMTM2IK	Mercaptopurine	Preclinical	2.1	.	.	.	.	Minimally invasive lung adenocarcinoma	SYNERGxDB Database	Investigative	NCI-H322M	2.71	3.85	0.83	0.1	2
DCVIJ1O	DMPDW6T	Epirubicin	Approved	34.0	DMWGV8N	PMID28870136-Compound-43	Patented	15.5	.	.	.	.	Minimally invasive lung adenocarcinoma	SYNERGxDB Database	Investigative	NCI-H322M	2.82	6.51	4.73	3.51	2
DCFZDTX	DMPDW6T	Epirubicin	Approved	34.0	DMWVIGP	Digitoxin	Approved	34.0	.	.	.	.	Minimally invasive lung adenocarcinoma	SYNERGxDB Database	Investigative	NCI-H322M	2.54	7.22	6.03	4.6	2
DCTS2JI	DMPDW6T	Epirubicin	Approved	34.0	DMJV2EK	Dasatinib	Investigative	0.0	.	.	.	.	Large cell lung carcinoma	SYNERGxDB Database	Investigative	NCI-H460	10.88	18.43	17.67	15.27	2
DC3DE2B	DMPDW6T	Epirubicin	Approved	34.0	DMJV2EK	Dasatinib	Investigative	0.0	.	.	.	.	Lung adenocarcinoma	SYNERGxDB Database	Investigative	MDA-MB-231	12.81	18.05	11.4	20.62	2
DC0UUHW	DMPDW6T	Epirubicin	Approved	34.0	DMJV2EK	Dasatinib	Investigative	0.0	.	.	.	.	Lung adenocarcinoma	SYNERGxDB Database	Investigative	HOP-62	2.33	7.53	8.5	8.58	2
DCE6A3K	DMPDW6T	Epirubicin	Approved	34.0	DMJV2EK	Dasatinib	Investigative	0.0	.	.	.	.	Minimally invasive lung adenocarcinoma	SYNERGxDB Database	Investigative	NCI-H322M	4.38	9.24	5.43	7.46	2
DCH4RLX	DMPDW6T	Epirubicin	Approved	34.0	DMJV2EK	Dasatinib	Investigative	0.0	.	.	.	.	Non-small cell lung carcinoma	SYNERGxDB Database	Investigative	HOP-92	6.1	9.69	8.71	11.24	2
DCGGZ6O	DM5TVS3	Vinblastine	Approved	34.0	DM3WDZ5	MK-1775	Phase 2	21.0	.	.	.	.	Large cell lung carcinoma	DrugCombDB Database	Investigative	NCI-H460	2.43	5.53	3.71	10.18	2
DCB9VNT	DM5TVS3	Vinblastine	Approved	34.0	DM62QTW	RTB101	Phase 3	25.0	.	.	.	.	Large cell lung carcinoma	DrugCombDB Database	Investigative	NCI-H460	2.27	2.12	3.46	7.1	2
DC76Y9J	DM5TVS3	Vinblastine	Approved	34.0	DMCMBHA	Erlotinib	Approved	34.0	.	.	.	.	Large cell lung carcinoma	DrugCombDB Database	Investigative	NCI-H460	8.47	8.94	5.98	13.32	2
DCTJA8M	DM5TVS3	Vinblastine	Approved	34.0	DMNO38U	Bortezomib	Approved	34.0	.	.	.	.	Large cell lung carcinoma	DrugCombDB Database	Investigative	NCI-H460	2.65	2.98	2.14	5.36	2
DCFMFIN	DM5TVS3	Vinblastine	Approved	34.0	DMS8IFC	Sorafenib	Approved	34.0	.	.	.	.	Large cell lung carcinoma	DrugCombDB Database	Investigative	NCI-H460	7.74	5.51	1.98	9.58	2
DCT9ZXJ	DM5TVS3	Vinblastine	Approved	34.0	DMT1OZ6	MK-2206	Phase 2	21.0	.	.	.	.	Large cell lung carcinoma	DrugCombDB Database	Investigative	NCI-H460	5.96	4.22	1.57	8.64	2
DC8LYYX	DM8V75C	ABIRATERONE	Approved	34.0	DM0CVXA	Mechlorethamine	Approved	34.0	.	.	.	.	Lung adenocarcinoma	SYNERGxDB Database	Investigative	EKVX	0.97	3.72	3.15	0.57	2
DC1KMSQ	DM8V75C	ABIRATERONE	Approved	34.0	DM0PIY6	Picoplatin	Phase 3	25.0	.	.	.	.	Minimally invasive lung adenocarcinoma	SYNERGxDB Database	Investigative	NCI-H322M	3.66	3.34	1.11	0.91	2
DCX87AT	DM8V75C	ABIRATERONE	Approved	34.0	DM0YZC6	Fulvestrant	Approved	34.0	.	.	.	.	Lung adenocarcinoma	SYNERGxDB Database	Investigative	HOP-62	0.36	2.78	1.67	0.44	2
DCWPFWD	DM8V75C	ABIRATERONE	Approved	34.0	DM0YZC6	Fulvestrant	Approved	34.0	.	.	.	.	Minimally invasive lung adenocarcinoma	SYNERGxDB Database	Investigative	NCI-H322M	0.15	5.27	4.72	3.65	2
DCFN0UD	DM8V75C	ABIRATERONE	Approved	34.0	DM15F0X	Gefitinib	Approved	34.0	.	.	.	.	Lung adenocarcinoma	SYNERGxDB Database	Investigative	HOP-62	4.66	10.27	8.94	10.36	2
DC6R5F8	DM8V75C	ABIRATERONE	Approved	34.0	DM15F0X	Gefitinib	Approved	34.0	.	.	.	.	Lung adenocarcinoma 	SYNERGxDB Database	Investigative	NCI-H522	4.02	6.53	4.55	7.26	2
DCOAP76	DM8V75C	ABIRATERONE	Approved	34.0	DM15F0X	Gefitinib	Approved	34.0	.	.	.	.	Non-small cell lung carcinoma	SYNERGxDB Database	Investigative	HOP-92	3.01	6.02	5.76	7.5	2
DCCLGM8	DM8V75C	ABIRATERONE	Approved	34.0	DM7Q98D	Ruxolitinib	Phase 3 Trial	25.0	.	.	.	.	Lung adenocarcinoma	SYNERGxDB Database	Investigative	EKVX	0.48	5.04	4.11	3.94	2
DCOSCRC	DM8V75C	ABIRATERONE	Approved	34.0	DM7Q98D	Ruxolitinib	Phase 3 Trial	25.0	.	.	.	.	Minimally invasive lung adenocarcinoma	SYNERGxDB Database	Investigative	NCI-H322M	0.31	2.75	2.04	1.41	2
DCKZJI3	DM8V75C	ABIRATERONE	Approved	34.0	DM2AZPP	Hepzato	Phase 3	25.0	.	.	.	.	Large cell lung carcinoma	SYNERGxDB Database	Investigative	NCI-H460	1.21	4.52	1.11	3.86	2
DCOKC2R	DM8V75C	ABIRATERONE	Approved	34.0	DM2OZ3G	Ixabepilone	Approved	34.0	.	.	.	.	Lung adenocarcinoma	SYNERGxDB Database	Investigative	MDA-MB-231	10.77	14.99	9.08	15.27	2
DCFMMAO	DM8V75C	ABIRATERONE	Approved	34.0	DM2OZ3G	Ixabepilone	Approved	34.0	.	.	.	.	Lung adenocarcinoma	SYNERGxDB Database	Investigative	EKVX	0.46	8.05	7.47	5.6	2
DC4MYSJ	DM8V75C	ABIRATERONE	Approved	34.0	DM2OZ3G	Ixabepilone	Approved	34.0	.	.	.	.	Minimally invasive lung adenocarcinoma	SYNERGxDB Database	Investigative	NCI-H322M	0.12	2.73	0.5	1.66	2
DC2I5KN	DM8V75C	ABIRATERONE	Approved	34.0	DM2YGNW	Dactinomycin	Approved	34.0	.	.	.	.	Large cell lung carcinoma	SYNERGxDB Database	Investigative	NCI-H460	15.99	17.62	15.77	15.77	2
DC6L32F	DM8V75C	ABIRATERONE	Approved	34.0	DM2YGNW	Dactinomycin	Approved	34.0	.	.	.	.	Lung adenocarcinoma	SYNERGxDB Database	Investigative	MDA-MB-231	4.9	10.89	11.55	11.21	2
DCQ9YQO	DM8V75C	ABIRATERONE	Approved	34.0	DM2YGNW	Dactinomycin	Approved	34.0	.	.	.	.	Lung adenocarcinoma	SYNERGxDB Database	Investigative	EKVX	11.58	17.31	16.99	14.82	2
DCMCVER	DM8V75C	ABIRATERONE	Approved	34.0	DM2YGNW	Dactinomycin	Approved	34.0	.	.	.	.	Lung adenocarcinoma	SYNERGxDB Database	Investigative	HOP-62	4.77	10.43	8.9	9.33	2
DCR653U	DM8V75C	ABIRATERONE	Approved	34.0	DM2YGNW	Dactinomycin	Approved	34.0	.	.	.	.	Lung adenocarcinoma 	SYNERGxDB Database	Investigative	NCI-H522	13.29	16.62	15.83	15.68	2
DCPUBNP	DM8V75C	ABIRATERONE	Approved	34.0	DM2YGNW	Dactinomycin	Approved	34.0	.	.	.	.	Minimally invasive lung adenocarcinoma	SYNERGxDB Database	Investigative	NCI-H322M	8.55	17.4	16.29	15.85	2
DCVL6C9	DM8V75C	ABIRATERONE	Approved	34.0	DM2YGNW	Dactinomycin	Approved	34.0	.	.	.	.	Non-small cell lung carcinoma	SYNERGxDB Database	Investigative	HOP-92	6.06	12.43	12.7	11.83	2
DCM0ZNH	DM8V75C	ABIRATERONE	Approved	34.0	DM4DOUB	PMID28460551-Compound-2	Patented	15.5	.	.	.	.	Large cell lung carcinoma	SYNERGxDB Database	Investigative	NCI-H460	0.42	6.12	3.21	5.17	2
DCVNKHB	DM8V75C	ABIRATERONE	Approved	34.0	DM4DOUB	PMID28460551-Compound-2	Patented	15.5	.	.	.	.	Lung adenocarcinoma	SYNERGxDB Database	Investigative	MDA-MB-231	16.21	21.21	20.29	21.49	2
DCNVG75	DM8V75C	ABIRATERONE	Approved	34.0	DM4F29C	Crizotinib	Approved	34.0	.	.	.	.	Lung adenocarcinoma	SYNERGxDB Database	Investigative	MDA-MB-231	1.43	5.93	2.71	6.39	2
DC99LKP	DM8V75C	ABIRATERONE	Approved	34.0	DM4OYXE	LIAROZOLE	Phase 2/3	24.0	.	.	.	.	Minimally invasive lung adenocarcinoma	SYNERGxDB Database	Investigative	NCI-H322M	2.97	7.04	1.82	1.76	2
DC52YOY	DM8V75C	ABIRATERONE	Approved	34.0	DM5IXKQ	Vismodegib	Approved	34.0	.	.	.	.	Lung adenocarcinoma	SYNERGxDB Database	Investigative	MDA-MB-231	7.18	9.81	5.86	9.77	2
DC57W56	DM8V75C	ABIRATERONE	Approved	34.0	DM5JVS3	Isoniazid	Approved	34.0	.	.	.	.	Non-small cell lung carcinoma	SYNERGxDB Database	Investigative	HOP-92	1.25	3.76	0.69	1.09	2
DC4ID0K	DM8V75C	ABIRATERONE	Approved	34.0	DM7C8YV	Plicamycin	Approved	34.0	.	.	.	.	Large cell lung carcinoma	SYNERGxDB Database	Investigative	NCI-H460	3.37	4.64	3.04	3.07	2
DCYA9D8	DM8V75C	ABIRATERONE	Approved	34.0	DM7C8YV	Plicamycin	Approved	34.0	.	.	.	.	Lung adenocarcinoma	SYNERGxDB Database	Investigative	MDA-MB-231	0.53	3.97	1.67	4.97	2
DC2QCZE	DM8V75C	ABIRATERONE	Approved	34.0	DM7C8YV	Plicamycin	Approved	34.0	.	.	.	.	Lung adenocarcinoma 	SYNERGxDB Database	Investigative	NCI-H522	2.22	8.12	7.6	7.65	2
DC2TZ3Q	DM8V75C	ABIRATERONE	Approved	34.0	DM7C8YV	Plicamycin	Approved	34.0	.	.	.	.	Minimally invasive lung adenocarcinoma	SYNERGxDB Database	Investigative	NCI-H322M	0.58	16.69	16.36	15.46	2
DCCFR4Y	DM8V75C	ABIRATERONE	Approved	34.0	DM7HXWT	Nilotinib	Approved	34.0	.	.	.	.	Large cell lung carcinoma	SYNERGxDB Database	Investigative	NCI-H460	6.8	6.69	6.52	4.77	2
DCEFH4Z	DM8V75C	ABIRATERONE	Approved	34.0	DM7XZY5	Triapine	Phase 2	21.0	.	.	.	.	Large cell lung carcinoma	SYNERGxDB Database	Investigative	NCI-H460	1.73	5.23	4.87	5.07	2
DCHELE6	DM8V75C	ABIRATERONE	Approved	34.0	DM9WLN4	10-hydroxycamptothecin	Investigative	0.0	.	.	.	.	Large cell lung carcinoma	SYNERGxDB Database	Investigative	NCI-H460	5.57	9.49	6.5	8.79	2
DCD2EUY	DM8V75C	ABIRATERONE	Approved	34.0	DM9WLN4	10-hydroxycamptothecin	Investigative	0.0	.	.	.	.	Lung adenocarcinoma	SYNERGxDB Database	Investigative	MDA-MB-231	10.28	11.25	10.93	12.97	2
DCQEMCP	DM8V75C	ABIRATERONE	Approved	34.0	DMAE6LK	Topetecan	Approved	34.0	.	.	.	.	Lung adenocarcinoma	SYNERGxDB Database	Investigative	MDA-MB-231	3.13	9.58	2.22	11.04	2
DCEOZP5	DM8V75C	ABIRATERONE	Approved	34.0	DMAO80I	Pralatrexate	Approved	34.0	.	.	.	.	Lung adenocarcinoma	SYNERGxDB Database	Investigative	MDA-MB-231	0.45	6.89	6.56	6.29	2
DCWEQH5	DM8V75C	ABIRATERONE	Approved	34.0	DMAO80I	Pralatrexate	Approved	34.0	.	.	.	.	Minimally invasive lung adenocarcinoma	SYNERGxDB Database	Investigative	NCI-H322M	0.03	3.19	2.51	2.27	2
DCNYSY3	DM8V75C	ABIRATERONE	Approved	34.0	DMC3P45	Terameprocol	Phase 2	21.0	.	.	.	.	Large cell lung carcinoma	SYNERGxDB Database	Investigative	NCI-H460	1.45	4.96	0.23	3.57	2
DC5I5LR	DM8V75C	ABIRATERONE	Approved	34.0	DMC3P45	Terameprocol	Phase 2	21.0	.	.	.	.	Lung adenocarcinoma	SYNERGxDB Database	Investigative	EKVX	6.27	3.97	3.45	2.13	2
DC2VEVL	DM8V75C	ABIRATERONE	Approved	34.0	DMC3P45	Terameprocol	Phase 2	21.0	.	.	.	.	Non-small cell lung carcinoma	SYNERGxDB Database	Investigative	HOP-92	1.23	8.03	7.77	7.48	2
DCZA38C	DM8V75C	ABIRATERONE	Approved	34.0	DMCJLD1	SCH 727965	Discontinued in Phase 3	9.0	.	.	.	.	Lung adenocarcinoma	SYNERGxDB Database	Investigative	MDA-MB-231	1.59	6.51	3.54	3.9	2
DCJH1OP	DM8V75C	ABIRATERONE	Approved	34.0	DMCJLD1	SCH 727965	Discontinued in Phase 3	9.0	.	.	.	.	Minimally invasive lung adenocarcinoma	SYNERGxDB Database	Investigative	NCI-H322M	1.36	3.48	1.49	1.41	2
DC2831Z	DM8V75C	ABIRATERONE	Approved	34.0	DMDI269	Docetaxel	Approved	34.0	.	.	.	.	Large cell lung carcinoma	SYNERGxDB Database	Investigative	NCI-H460	25.36	25.35	21.88	24.36	2
DCW5S8S	DM8V75C	ABIRATERONE	Approved	34.0	DMDI269	Docetaxel	Approved	34.0	.	.	.	.	Lung adenocarcinoma 	SYNERGxDB Database	Investigative	NCI-H522	9.88	10.76	8.06	11.26	2
DC7OCPC	DM8V75C	ABIRATERONE	Approved	34.0	DMDKF3M	Raloxifene	Approved	34.0	.	.	.	.	Large cell lung carcinoma	SYNERGxDB Database	Investigative	NCI-H460	0.75	4.66	1.29	1.99	2
DCML8JI	DM8V75C	ABIRATERONE	Approved	34.0	DMDKF3M	Raloxifene	Approved	34.0	.	.	.	.	Lung adenocarcinoma	SYNERGxDB Database	Investigative	HOP-62	3.23	11.94	7.07	8.52	2
DCXDUSI	DM8V75C	ABIRATERONE	Approved	34.0	DMDKF3M	Raloxifene	Approved	34.0	.	.	.	.	Lung adenocarcinoma	SYNERGxDB Database	Investigative	EKVX	0.22	3.95	3.36	1.69	2
DCNCBQ9	DM8V75C	ABIRATERONE	Approved	34.0	DMDKF3M	Raloxifene	Approved	34.0	.	.	.	.	Lung adenocarcinoma 	SYNERGxDB Database	Investigative	NCI-H522	1.05	6.8	5.36	5.93	2
DCY2CUS	DM8V75C	ABIRATERONE	Approved	34.0	DMDKF3M	Raloxifene	Approved	34.0	.	.	.	.	Minimally invasive lung adenocarcinoma	SYNERGxDB Database	Investigative	NCI-H322M	0.63	2.96	2.42	1.6	2
DC8IZGS	DM8V75C	ABIRATERONE	Approved	34.0	DMDKF3M	Raloxifene	Approved	34.0	.	.	.	.	Non-small cell lung carcinoma	SYNERGxDB Database	Investigative	HOP-92	2.87	6.79	7.53	6.63	2
DC11VK3	DM8V75C	ABIRATERONE	Approved	34.0	DMFH15Z	Bendamustine hydrochloride	Approved	34.0	.	.	.	.	Large cell lung carcinoma	SYNERGxDB Database	Investigative	NCI-H460	16.83	15.04	13.93	14.11	2
DCADM2T	DM8V75C	ABIRATERONE	Approved	34.0	DMG2YBD	Trifluridine	Approved	34.0	.	.	.	.	Lung adenocarcinoma	SYNERGxDB Database	Investigative	HOP-62	1.65	8.6	5.91	8.44	2
DCQVJIF	DM8V75C	ABIRATERONE	Approved	34.0	DMG2YBD	Trifluridine	Approved	34.0	.	.	.	.	Lung adenocarcinoma 	SYNERGxDB Database	Investigative	NCI-H522	2.94	5.52	2.01	5.35	2
DC0GRMS	DM8V75C	ABIRATERONE	Approved	34.0	DMGW1ID	Sirolimus	Approved	34.0	.	.	.	.	Large cell lung carcinoma	SYNERGxDB Database	Investigative	NCI-H460	6.9	8.93	7.82	8.76	2
DCX7QV2	DM8V75C	ABIRATERONE	Approved	34.0	DMGW1ID	Sirolimus	Approved	34.0	.	.	.	.	Lung adenocarcinoma	SYNERGxDB Database	Investigative	HOP-62	0.33	5.58	3.63	6.13	2
DC3E7MM	DM8V75C	ABIRATERONE	Approved	34.0	DMGW1ID	Sirolimus	Approved	34.0	.	.	.	.	Lung adenocarcinoma	SYNERGxDB Database	Investigative	MDA-MB-231	0.42	6.14	6.99	8.42	2
DC44BU7	DM8V75C	ABIRATERONE	Approved	34.0	DMGW1ID	Sirolimus	Approved	34.0	.	.	.	.	Lung adenocarcinoma 	SYNERGxDB Database	Investigative	NCI-H522	0.72	7.12	6.19	8.03	2
DCOO3BK	DM8V75C	ABIRATERONE	Approved	34.0	DMH0ZJE	Mitomycin	Approved	34.0	.	.	.	.	Lung adenocarcinoma	SYNERGxDB Database	Investigative	EKVX	1.73	6.6	6.07	3.78	2
DC8K94B	DM8V75C	ABIRATERONE	Approved	34.0	DMH8UF0	SY-1425	Phase 1	17.0	.	.	.	.	Minimally invasive lung adenocarcinoma	SYNERGxDB Database	Investigative	NCI-H322M	2.24	12.8	12.13	12.09	2
DCI0YQB	DM8V75C	ABIRATERONE	Approved	34.0	DMHL7OB	Uracil mustard	Approved	34.0	.	.	.	.	Lung adenocarcinoma 	SYNERGxDB Database	Investigative	NCI-H522	12.88	15.25	8.81	15.13	2
DCQMPZK	DM8V75C	ABIRATERONE	Approved	34.0	DMINOX3	Vincristine	Approved	34.0	.	.	.	.	Large cell lung carcinoma	SYNERGxDB Database	Investigative	NCI-H460	15.4	12.33	7.95	9.16	2
DC0NX5E	DM8V75C	ABIRATERONE	Approved	34.0	DMINOX3	Vincristine	Approved	34.0	.	.	.	.	Lung adenocarcinoma 	SYNERGxDB Database	Investigative	NCI-H522	7.89	6.53	3.51	6.86	2
DCCMCPF	DM8V75C	ABIRATERONE	Approved	34.0	DMJ7NVI	BIO-300	Phase 1/2	19.0	.	.	.	.	Lung adenocarcinoma	SYNERGxDB Database	Investigative	MDA-MB-231	6.33	8.42	7.11	9.71	2
DCSDS32	DM8V75C	ABIRATERONE	Approved	34.0	DMJ7NVI	BIO-300	Phase 1/2	19.0	.	.	.	.	Lung adenocarcinoma	SYNERGxDB Database	Investigative	HOP-62	13.81	8.68	3.55	8.73	2
DC72CT0	DM8V75C	ABIRATERONE	Approved	34.0	DMJ7NVI	BIO-300	Phase 1/2	19.0	.	.	.	.	Lung adenocarcinoma 	SYNERGxDB Database	Investigative	NCI-H522	7.52	11.1	8.55	11.71	2
DCWIRS1	DM8V75C	ABIRATERONE	Approved	34.0	DMM0XGL	Idarubicin	Approved	34.0	.	.	.	.	Lung adenocarcinoma	SYNERGxDB Database	Investigative	MDA-MB-231	2.37	8.3	4.62	8.57	2
DCCJLTZ	DM8V75C	ABIRATERONE	Approved	34.0	DMM1I8R	Indazole derivative 5	Patented	15.5	.	.	.	.	Large cell lung carcinoma	SYNERGxDB Database	Investigative	NCI-H460	1.24	4.48	1.39	3.11	2
DCEWESD	DM8V75C	ABIRATERONE	Approved	34.0	DMM1I8R	Indazole derivative 5	Patented	15.5	.	.	.	.	Lung adenocarcinoma	SYNERGxDB Database	Investigative	HOP-62	0.71	6.04	1.63	2.65	2
DCONUQQ	DM8V75C	ABIRATERONE	Approved	34.0	DMM1I8R	Indazole derivative 5	Patented	15.5	.	.	.	.	Minimally invasive lung adenocarcinoma	SYNERGxDB Database	Investigative	NCI-H322M	0.62	1.89	1.22	0.01	2
DCYFODK	DM8V75C	ABIRATERONE	Approved	34.0	DM7RJXL	Imatinib	Phase 3 Trial	25.0	.	.	.	.	Large cell lung carcinoma	SYNERGxDB Database	Investigative	NCI-H460	7.93	11.87	7.08	9.85	2
DCXATRV	DM8V75C	ABIRATERONE	Approved	34.0	DMNER5S	Bleomycin	Approved	34.0	.	.	.	.	Lung adenocarcinoma	SYNERGxDB Database	Investigative	MDA-MB-231	6.64	9.95	9.59	11.61	2
DC8PP1Y	DM8V75C	ABIRATERONE	Approved	34.0	DMNER5S	Bleomycin	Approved	34.0	.	.	.	.	Lung adenocarcinoma	SYNERGxDB Database	Investigative	HOP-62	5.73	6.85	2.29	6.59	2
DC53PYK	DM8V75C	ABIRATERONE	Approved	34.0	DMNER5S	Bleomycin	Approved	34.0	.	.	.	.	Lung adenocarcinoma	SYNERGxDB Database	Investigative	EKVX	7.37	9.12	0.12	8.35	2
DCROH9S	DM8V75C	ABIRATERONE	Approved	34.0	DMNER5S	Bleomycin	Approved	34.0	.	.	.	.	Lung adenocarcinoma 	SYNERGxDB Database	Investigative	NCI-H522	6.02	6.66	4.89	7.21	2
DCSKQUX	DM8V75C	ABIRATERONE	Approved	34.0	DMP6G8T	Topotecan	Approved	34.0	.	.	.	.	Lung adenocarcinoma	SYNERGxDB Database	Investigative	EKVX	2.7	2.02	1.27	1.57	2
DCLA0LL	DM8V75C	ABIRATERONE	Approved	34.0	DMP6G8T	Topotecan	Approved	34.0	.	.	.	.	Lung adenocarcinoma	SYNERGxDB Database	Investigative	MDA-MB-231	4.4	3.83	3.6	5.44	2
DC68RAI	DM8V75C	ABIRATERONE	Approved	34.0	DMP6G8T	Topotecan	Approved	34.0	.	.	.	.	Minimally invasive lung adenocarcinoma	SYNERGxDB Database	Investigative	NCI-H322M	5.86	9.47	7.02	8.95	2
DCUWW58	DM8V75C	ABIRATERONE	Approved	34.0	DMPAZHC	Cabazitaxel	Approved	34.0	.	.	.	.	Lung adenocarcinoma	SYNERGxDB Database	Investigative	HOP-62	22.25	23.16	19.62	23.18	2
DCC54ZT	DM8V75C	ABIRATERONE	Approved	34.0	DMPAZHC	Cabazitaxel	Approved	34.0	.	.	.	.	Lung adenocarcinoma	SYNERGxDB Database	Investigative	MDA-MB-231	10.63	10.64	5.96	12.14	2
DCLG7D4	DM8V75C	ABIRATERONE	Approved	34.0	DMPDW6T	Epirubicin	Approved	34.0	.	.	.	.	Lung adenocarcinoma	SYNERGxDB Database	Investigative	HOP-62	2.27	7.53	0.64	6.74	2
DC8ULBU	DM8V75C	ABIRATERONE	Approved	34.0	DMPDW6T	Epirubicin	Approved	34.0	.	.	.	.	Lung adenocarcinoma	SYNERGxDB Database	Investigative	EKVX	1.38	4.55	4.21	2	2
DC8TFT4	DM8V75C	ABIRATERONE	Approved	34.0	DMPDW6T	Epirubicin	Approved	34.0	.	.	.	.	Minimally invasive lung adenocarcinoma	SYNERGxDB Database	Investigative	NCI-H322M	1.24	5.21	3.42	3.06	2
DCRFIB7	DM8V75C	ABIRATERONE	Approved	34.0	DMRHGI9	Cisplatin	Approved	34.0	.	.	.	.	Lung adenocarcinoma	SYNERGxDB Database	Investigative	EKVX	1.28	3.03	2.72	0.58	2
DC9LCDA	DM8V75C	ABIRATERONE	Approved	34.0	DMRHGI9	Cisplatin	Approved	34.0	.	.	.	.	Minimally invasive lung adenocarcinoma	SYNERGxDB Database	Investigative	NCI-H322M	0.79	2.25	1.35	0.55	2
DCLO1KI	DM8V75C	ABIRATERONE	Approved	34.0	DMSG91J	ER819762	Investigative	0.0	.	.	.	.	Large cell lung carcinoma	SYNERGxDB Database	Investigative	NCI-H460	7.68	10.96	7.37	9.59	2
DCR5DNE	DM8V75C	ABIRATERONE	Approved	34.0	DMT5GNL	Romidepsin	Approved	34.0	.	.	.	.	Lung adenocarcinoma 	SYNERGxDB Database	Investigative	NCI-H522	4.23	5.38	1.78	5.21	2
DC7029O	DM8V75C	ABIRATERONE	Approved	34.0	DMTA5OE	Azacitidine	Approved	34.0	.	.	.	.	Lung adenocarcinoma	SYNERGxDB Database	Investigative	EKVX	1.2	2.73	1.98	0.07	2
DCY52QI	DM8V75C	ABIRATERONE	Approved	34.0	DMTGBAX	Pomalidomide	Approved	34.0	.	.	.	.	Lung adenocarcinoma	SYNERGxDB Database	Investigative	EKVX	1.5	5.24	3.11	1.75	2
DC3S7MU	DM8V75C	ABIRATERONE	Approved	34.0	DMTGBAX	Pomalidomide	Approved	34.0	.	.	.	.	Non-small cell lung carcinoma	SYNERGxDB Database	Investigative	HOP-92	0.76	5.53	3.93	4.02	2
DCIJJ5B	DM8V75C	ABIRATERONE	Approved	34.0	DMTM2IK	Mercaptopurine	Preclinical	2.1	.	.	.	.	Lung adenocarcinoma 	SYNERGxDB Database	Investigative	NCI-H522	0.55	3.19	0.1	2.72	2
DC3DT7I	DM8V75C	ABIRATERONE	Approved	34.0	DMTM2IK	Mercaptopurine	Preclinical	2.1	.	.	.	.	Minimally invasive lung adenocarcinoma	SYNERGxDB Database	Investigative	NCI-H322M	2.13	4.59	1.04	1.04	2
DCUM32Y	DM8V75C	ABIRATERONE	Approved	34.0	DMUOT9V	Taxol	Approved	34.0	.	.	.	.	Lung adenocarcinoma	SYNERGxDB Database	Investigative	MDA-MB-231	13.23	12.68	9.76	14.28	2
DCQXIZ0	DM8V75C	ABIRATERONE	Approved	34.0	DMUOT9V	Taxol	Approved	34.0	.	.	.	.	Lung adenocarcinoma 	SYNERGxDB Database	Investigative	NCI-H522	9.03	7.96	5.02	8.38	2
DC6H2XZ	DM8V75C	ABIRATERONE	Approved	34.0	DMWTAOI	Estramustine	Approved	34.0	.	.	.	.	Large cell lung carcinoma	SYNERGxDB Database	Investigative	NCI-H460	3.15	4.36	2.76	4.2	2
DC992H0	DM8V75C	ABIRATERONE	Approved	34.0	DMJV2EK	Dasatinib	Investigative	0.0	.	.	.	.	Large cell lung carcinoma	SYNERGxDB Database	Investigative	NCI-H460	17.12	18.64	16.94	16.97	2
DCLRBVI	DM8V75C	ABIRATERONE	Approved	34.0	DMJV2EK	Dasatinib	Investigative	0.0	.	.	.	.	Lung adenocarcinoma	SYNERGxDB Database	Investigative	HOP-62	4.03	12.7	11.81	12.04	2
DCH4WFX	DM8V75C	ABIRATERONE	Approved	34.0	DMJV2EK	Dasatinib	Investigative	0.0	.	.	.	.	Lung adenocarcinoma	SYNERGxDB Database	Investigative	MDA-MB-231	16.02	17.76	17.47	19.69	2
DCNZLTP	DM8V75C	ABIRATERONE	Approved	34.0	DMJV2EK	Dasatinib	Investigative	0.0	.	.	.	.	Lung adenocarcinoma 	SYNERGxDB Database	Investigative	NCI-H522	1.94	10.17	9.2	10.34	2
DC6WEI5	DM8V75C	ABIRATERONE	Approved	34.0	DMJV2EK	Dasatinib	Investigative	0.0	.	.	.	.	Minimally invasive lung adenocarcinoma	SYNERGxDB Database	Investigative	NCI-H322M	3.84	7.92	5.2	6.98	2
DCKA165	DM8V75C	ABIRATERONE	Approved	34.0	DMJV2EK	Dasatinib	Investigative	0.0	.	.	.	.	Non-small cell lung carcinoma	SYNERGxDB Database	Investigative	HOP-92	3.14	6.65	3.08	8.02	2
DC2J8AA	DM15F0X	Gefitinib	Approved	34.0	DMMX2E6	Pemetrexed	Approved	34.0	.	.	.	.	Lung Neoplasms	ClinicalTrials.gov	Phase 3	.	.	.	.	.	2
DC8A9UP	DM15F0X	Gefitinib	Approved	34.0	DMCMBHA	Erlotinib	Approved	34.0	.	.	.	.	Non-small Cell Lung Cancer (NSCLC)	ClinicalTrials.gov	Phase 3	.	.	.	.	.	2
DCBHRAJ	DM15F0X	Gefitinib	Approved	34.0	DM3WP0N	Al3818	Phase 3	25.0	.	.	.	.	Lung Cancer, Nonsmall Cell	ClinicalTrials.gov	Phase 3	.	.	.	.	.	2
DC19DHY	DM15F0X	Gefitinib	Approved	34.0	DMVXFYE	Vinorelbine	Approved	34.0	.	.	.	.	Non Small Cell Lung Cancer	ClinicalTrials.gov	Phase 2	.	.	.	.	.	2
DC5PKWD	DM15F0X	Gefitinib	Approved	34.0	DMCMJRA	EGF816	Phase 3	25.0	.	.	.	.	Lung Cancer	ClinicalTrials.gov	Phase 2	.	.	.	.	.	2
DC7ZR22	DM15F0X	Gefitinib	Approved	34.0	DMCMBHA	Erlotinib	Approved	34.0	.	.	.	.	Non-small Cell Lung Cancer	ClinicalTrials.gov	Phase 2	.	.	.	.	.	2
DCVVUG8	DM15F0X	Gefitinib	Approved	34.0	DMRJLAT	Osimertinib	Approved	34.0	.	.	.	.	Non-Small Cell Lung Cancer	ClinicalTrials.gov	Phase 2	.	.	.	.	.	2
DC0QVJU	DM15F0X	Gefitinib	Approved	34.0	DM8X2EH	Everolimus	Approved	34.0	.	.	.	.	Lung Cancer	ClinicalTrials.gov	Phase 1	.	.	.	.	.	2
DC32TE0	DM15F0X	Gefitinib	Approved	34.0	DMMX2E6	Pemetrexed	Approved	34.0	.	.	.	.	Carcinoma, Non Small Cell Lung	ClinicalTrials.gov	Phase 1	.	.	.	.	.	2
DC4BJ6N	DM15F0X	Gefitinib	Approved	34.0	DMYCXKL	Capmatinib	Approved	34.0	.	.	.	.	Non-small Cell Lung Cancer	ClinicalTrials.gov	Phase 1	.	.	.	.	.	2
DC7BRR3	DM15F0X	Gefitinib	Approved	34.0	DM6LOQU	Celecoxib	Approved	34.0	.	.	.	.	Lung Cancer	ClinicalTrials.gov	Phase 1	.	.	.	.	.	2
DCMPLO1	DM15F0X	Gefitinib	Approved	34.0	DMDI269	Docetaxel	Approved	34.0	.	.	.	.	Non-small Cell Lung Cancer	ClinicalTrials.gov	Phase 1	.	.	.	.	.	2
DCNVKWM	DM15F0X	Gefitinib	Approved	34.0	DM30SGU	Simvastatin	Approved	34.0	.	.	.	.	Lung Cancer	ClinicalTrials.gov	Phase 1	.	.	.	.	.	2
DCORLUW	DM15F0X	Gefitinib	Approved	34.0	DM3WP0N	Al3818	Phase 3	25.0	.	.	.	.	Non-squamous Non-small Cell Lung Cancer	ClinicalTrials.gov	Phase 1	.	.	.	.	.	2
DCFP9A7	DM15F0X	Gefitinib	Approved	34.0	DMCMJRA	EGF816	Phase 3	25.0	.	.	.	.	EGFR-mutant Non-small Cell Lung Cancer	ClinicalTrials.gov	Phase 1	.	.	.	.	.	2
DCFXTAY	DM15F0X	Gefitinib	Approved	34.0	DMALFKX	Savolitinib	Phase 3	25.0	.	.	.	.	Non-Small Cell Lung Cancer	ClinicalTrials.gov	Phase 1	.	.	.	.	.	2
DCPELRY	DM15F0X	Gefitinib	Approved	34.0	DMUQ0E8	Tepotinib	Approved	34.0	.	.	.	.	Non-small Cell Lung Cancer	ClinicalTrials.gov	Phase 1	.	.	.	.	.	2
DCXPKLY	DM15F0X	Gefitinib	Approved	34.0	DMRJLAT	Osimertinib	Approved	34.0	.	.	.	.	Non-Small Cell Lung Cancer	ClinicalTrials.gov	Phase 1	.	.	.	.	.	2
DCB7IGH	DM15F0X	Gefitinib	Approved	34.0	DM0YZC6	Fulvestrant	Approved	34.0	.	.	.	.	Lung adenocarcinoma	DrugCombDB Database	Investigative	EKVX	0.81	1.53	0.69	2.97	2
DCX0AGX	DM15F0X	Gefitinib	Approved	34.0	DM0YZC6	Fulvestrant	Approved	34.0	.	.	.	.	Lung adenocarcinoma 	DrugCombDB Database	Investigative	NCI-H522	0.28	0.01	0.74	2.23	2
DC4BGZX	DM15F0X	Gefitinib	Approved	34.0	DM2OZ3G	Ixabepilone	Approved	34.0	.	.	.	.	Lung adenocarcinoma 	DrugCombDB Database	Investigative	NCI-H522	0.41	0.07	0.31	1.08	2
DCRH1T7	DM15F0X	Gefitinib	Approved	34.0	DM2YGNW	Dactinomycin	Approved	34.0	.	.	.	.	Large cell lung carcinoma	DrugCombDB Database	Investigative	NCI-H460	11.43	19.9	19.06	18.82	2
DC191W0	DM15F0X	Gefitinib	Approved	34.0	DM2YGNW	Dactinomycin	Approved	34.0	.	.	.	.	Lung adenocarcinoma	DrugCombDB Database	Investigative	HOP-62	5.57	12	13.71	13.51	2
DCD9SER	DM15F0X	Gefitinib	Approved	34.0	DM2YGNW	Dactinomycin	Approved	34.0	.	.	.	.	Lung adenocarcinoma	DrugCombDB Database	Investigative	MDA-MB-231	8.7	14.81	16.32	15.8	2
DCVTZLI	DM15F0X	Gefitinib	Approved	34.0	DM2YGNW	Dactinomycin	Approved	34.0	.	.	.	.	Lung adenocarcinoma 	DrugCombDB Database	Investigative	NCI-H522	7.72	11.24	11.13	11.21	2
DCD8PRJ	DM15F0X	Gefitinib	Approved	34.0	DM2YGNW	Dactinomycin	Approved	34.0	.	.	.	.	Minimally invasive lung adenocarcinoma	DrugCombDB Database	Investigative	NCI-H322M	4.05	6.65	5.89	6.07	2
DC6E349	DM15F0X	Gefitinib	Approved	34.0	DM2YGNW	Dactinomycin	Approved	34.0	.	.	.	.	Non-small cell lung carcinoma	DrugCombDB Database	Investigative	HOP-92	7.86	15.38	15.94	15.71	2
DCFG3I0	DM15F0X	Gefitinib	Approved	34.0	DM4DOUB	PMID28460551-Compound-2	Patented	15.5	.	.	.	.	Lung adenocarcinoma	DrugCombDB Database	Investigative	EKVX	3.53	3.95	3.26	4.28	2
DCWZ3QE	DM15F0X	Gefitinib	Approved	34.0	DM4DOUB	PMID28460551-Compound-2	Patented	15.5	.	.	.	.	Lung adenocarcinoma	DrugCombDB Database	Investigative	MDA-MB-231	7.85	11.21	10.35	13	2
DCTI5ZC	DM15F0X	Gefitinib	Approved	34.0	DM4DOUB	PMID28460551-Compound-2	Patented	15.5	.	.	.	.	Lung adenocarcinoma 	DrugCombDB Database	Investigative	NCI-H522	3.34	5.8	3.93	7.88	2
DCN8KWT	DM15F0X	Gefitinib	Approved	34.0	DM4F29C	Crizotinib	Approved	34.0	.	.	.	.	Lung adenocarcinoma	DrugCombDB Database	Investigative	EKVX	3.14	3.29	3.5	5.94	2
DC00TDD	DM15F0X	Gefitinib	Approved	34.0	DM2TEOL	Methotrexate	Phase 1/2 Trial	19.0	.	.	.	.	Large cell lung carcinoma	DrugCombDB Database	Investigative	NCI-H460	3.19	3.45	4.34	5.97	2
DC8QCHK	DM15F0X	Gefitinib	Approved	34.0	DM61TA4	Arsenic trioxide	Approved	34.0	.	.	.	.	Non-small cell lung carcinoma	DrugCombDB Database	Investigative	HOP-92	2.27	2.8	1.91	4.26	2
DC4XTOW	DM15F0X	Gefitinib	Approved	34.0	DM7C8YV	Plicamycin	Approved	34.0	.	.	.	.	Large cell lung carcinoma	DrugCombDB Database	Investigative	NCI-H460	2.34	9.92	9.91	9.85	2
DCNJBKC	DM15F0X	Gefitinib	Approved	34.0	DM7C8YV	Plicamycin	Approved	34.0	.	.	.	.	Lung adenocarcinoma	DrugCombDB Database	Investigative	MDA-MB-231	6.96	12.35	12.09	11.7	2
DCGHE8T	DM15F0X	Gefitinib	Approved	34.0	DM7C8YV	Plicamycin	Approved	34.0	.	.	.	.	Lung adenocarcinoma	DrugCombDB Database	Investigative	HOP-62	5.1	9.2	9.23	8.98	2
DCCPK3P	DM15F0X	Gefitinib	Approved	34.0	DM7C8YV	Plicamycin	Approved	34.0	.	.	.	.	Lung adenocarcinoma 	DrugCombDB Database	Investigative	NCI-H522	21.59	19.18	18.96	19.99	2
DC0KEXP	DM15F0X	Gefitinib	Approved	34.0	DM7C8YV	Plicamycin	Approved	34.0	.	.	.	.	Minimally invasive lung adenocarcinoma	DrugCombDB Database	Investigative	NCI-H322M	4.59	6.81	4.46	6.44	2
DCWP8CM	DM15F0X	Gefitinib	Approved	34.0	DM7NKEV	Thioguanine	Preclinical	2.1	.	.	.	.	Non-small cell lung carcinoma	DrugCombDB Database	Investigative	HOP-92	3.67	3.16	7	7.96	2
DC9M17P	DM15F0X	Gefitinib	Approved	34.0	DM9WLN4	10-hydroxycamptothecin	Investigative	0.0	.	.	.	.	Large cell lung carcinoma	DrugCombDB Database	Investigative	NCI-H460	2.66	4.35	4.15	7.26	2
DCF7SUR	DM15F0X	Gefitinib	Approved	34.0	DM9WLN4	10-hydroxycamptothecin	Investigative	0.0	.	.	.	.	Lung adenocarcinoma	DrugCombDB Database	Investigative	HOP-62	6.7	9.15	8.72	10.22	2
DCIDNER	DM15F0X	Gefitinib	Approved	34.0	DMAE6LK	Topetecan	Approved	34.0	.	.	.	.	Minimally invasive lung adenocarcinoma	DrugCombDB Database	Investigative	NCI-H322M	1.49	1.47	0.32	1.16	2
DCPY6AH	DM15F0X	Gefitinib	Approved	34.0	DMAH59S	Amonafide	Phase 3	25.0	.	.	.	.	Large cell lung carcinoma	DrugCombDB Database	Investigative	NCI-H460	4.67	5.29	7	9.57	2
DCMB8GA	DM15F0X	Gefitinib	Approved	34.0	DMAH59S	Amonafide	Phase 3	25.0	.	.	.	.	Lung adenocarcinoma	DrugCombDB Database	Investigative	HOP-62	5.69	6.46	1.37	8.99	2
DC5GMYZ	DM15F0X	Gefitinib	Approved	34.0	DMAH59S	Amonafide	Phase 3	25.0	.	.	.	.	Lung adenocarcinoma	DrugCombDB Database	Investigative	EKVX	11.31	10.57	10.18	15.25	2
DCATZVT	DM15F0X	Gefitinib	Approved	34.0	DMAO80I	Pralatrexate	Approved	34.0	.	.	.	.	Lung adenocarcinoma 	DrugCombDB Database	Investigative	NCI-H522	0.76	1.06	1.46	1.46	2
DCT8NGX	DM15F0X	Gefitinib	Approved	34.0	DMD7X1O	Dexrazoxane	Approved	34.0	.	.	.	.	Large cell lung carcinoma	DrugCombDB Database	Investigative	NCI-H460	6.17	6.02	8.69	11.37	2
DCF5YHN	DM15F0X	Gefitinib	Approved	34.0	DMD7X1O	Dexrazoxane	Approved	34.0	.	.	.	.	Lung adenocarcinoma	DrugCombDB Database	Investigative	EKVX	3.39	4.66	1	9.4	2
DCLF9CG	DM15F0X	Gefitinib	Approved	34.0	DMDI269	Docetaxel	Approved	34.0	.	.	.	.	Large cell lung carcinoma	DrugCombDB Database	Investigative	NCI-H460	5.68	6.47	5.72	8.96	2
DCA8H3K	DM15F0X	Gefitinib	Approved	34.0	DMDI269	Docetaxel	Approved	34.0	.	.	.	.	Lung adenocarcinoma	DrugCombDB Database	Investigative	HOP-62	6.43	12.13	10.59	11.72	2
DCNGDNZ	DM15F0X	Gefitinib	Approved	34.0	DMDI269	Docetaxel	Approved	34.0	.	.	.	.	Lung adenocarcinoma	DrugCombDB Database	Investigative	EKVX	2.05	7.89	11.99	13.27	2
DCLWVGK	DM15F0X	Gefitinib	Approved	34.0	DMDI269	Docetaxel	Approved	34.0	.	.	.	.	Minimally invasive lung adenocarcinoma	DrugCombDB Database	Investigative	NCI-H322M	10.45	9.16	13.75	14.66	2
DC62LJV	DM15F0X	Gefitinib	Approved	34.0	DMDI269	Docetaxel	Approved	34.0	.	.	.	.	Non-small cell lung carcinoma	DrugCombDB Database	Investigative	HOP-92	3.61	5.91	10.66	11.78	2
DCS54LL	DM15F0X	Gefitinib	Approved	34.0	DMFH15Z	Bendamustine hydrochloride	Approved	34.0	.	.	.	.	Large cell lung carcinoma	DrugCombDB Database	Investigative	NCI-H460	19.81	19.3	20.89	21.6	2
DCXTKMZ	DM15F0X	Gefitinib	Approved	34.0	DMFH15Z	Bendamustine hydrochloride	Approved	34.0	.	.	.	.	Lung adenocarcinoma 	DrugCombDB Database	Investigative	NCI-H522	6.33	7.1	7.06	9.88	2
DCMD2ZI	DM15F0X	Gefitinib	Approved	34.0	DMFH15Z	Bendamustine hydrochloride	Approved	34.0	.	.	.	.	Minimally invasive lung adenocarcinoma	DrugCombDB Database	Investigative	NCI-H322M	2.14	1.48	0.4	6.67	2
DC8DF14	DM15F0X	Gefitinib	Approved	34.0	DMFH15Z	Bendamustine hydrochloride	Approved	34.0	.	.	.	.	Non-small cell lung carcinoma	DrugCombDB Database	Investigative	HOP-92	1.7	3.47	8.23	9.38	2
DCZNDGQ	DM15F0X	Gefitinib	Approved	34.0	DMG2YBD	Trifluridine	Approved	34.0	.	.	.	.	Large cell lung carcinoma	DrugCombDB Database	Investigative	NCI-H460	0.77	1.46	3.44	5.29	2
DCON3LT	DM15F0X	Gefitinib	Approved	34.0	DMH07Y3	Letrozole	Approved	34.0	.	.	.	.	Large cell lung carcinoma	DrugCombDB Database	Investigative	NCI-H460	0.61	7.5	0.2	3.42	2
DC37BOK	DM15F0X	Gefitinib	Approved	34.0	DMH0ZJE	Mitomycin	Approved	34.0	.	.	.	.	Lung adenocarcinoma	DrugCombDB Database	Investigative	MDA-MB-231	1.5	2.61	3.69	4.81	2
DCTMDD2	DM15F0X	Gefitinib	Approved	34.0	DMH0ZJE	Mitomycin	Approved	34.0	.	.	.	.	Lung adenocarcinoma	DrugCombDB Database	Investigative	EKVX	2.11	8.14	6.35	7.99	2
DCXVL5D	DM15F0X	Gefitinib	Approved	34.0	DMH8UF0	SY-1425	Phase 1	17.0	.	.	.	.	Large cell lung carcinoma	DrugCombDB Database	Investigative	NCI-H460	8.16	9.93	11.96	12.7	2
DCCWRUE	DM15F0X	Gefitinib	Approved	34.0	DMHL7OB	Uracil mustard	Approved	34.0	.	.	.	.	Large cell lung carcinoma	DrugCombDB Database	Investigative	NCI-H460	12.54	12.68	11.49	14.73	2
DCZXW9K	DM15F0X	Gefitinib	Approved	34.0	DMHL7OB	Uracil mustard	Approved	34.0	.	.	.	.	Lung adenocarcinoma	DrugCombDB Database	Investigative	EKVX	12.78	14.78	15.08	17.05	2
DC74O69	DM15F0X	Gefitinib	Approved	34.0	DMHL7OB	Uracil mustard	Approved	34.0	.	.	.	.	Lung adenocarcinoma 	DrugCombDB Database	Investigative	NCI-H522	1.35	3.16	7.16	8	2
DCUFGPA	DM15F0X	Gefitinib	Approved	34.0	DMHL7OB	Uracil mustard	Approved	34.0	.	.	.	.	Minimally invasive lung adenocarcinoma	DrugCombDB Database	Investigative	NCI-H322M	1.71	3.45	1.8	4.55	2
DCBY87K	DM15F0X	Gefitinib	Approved	34.0	DMHL7OB	Uracil mustard	Approved	34.0	.	.	.	.	Non-small cell lung carcinoma	DrugCombDB Database	Investigative	HOP-92	6.67	7.91	10.74	11.54	2
DCYL7ET	DM15F0X	Gefitinib	Approved	34.0	DMINOX3	Vincristine	Approved	34.0	.	.	.	.	Large cell lung carcinoma	DrugCombDB Database	Investigative	NCI-H460	14.91	17.16	15.08	14.6	2
DC5CNPQ	DM15F0X	Gefitinib	Approved	34.0	DMINOX3	Vincristine	Approved	34.0	.	.	.	.	Lung adenocarcinoma	DrugCombDB Database	Investigative	MDA-MB-231	0.39	8.71	7.19	9.12	2
DCC5HEN	DM15F0X	Gefitinib	Approved	34.0	DMINOX3	Vincristine	Approved	34.0	.	.	.	.	Lung adenocarcinoma	DrugCombDB Database	Investigative	HOP-62	6.2	10.32	9.75	10.59	2
DC3GBRB	DM15F0X	Gefitinib	Approved	34.0	DMINOX3	Vincristine	Approved	34.0	.	.	.	.	Lung adenocarcinoma 	DrugCombDB Database	Investigative	NCI-H522	5.3	5.45	0.27	8.67	2
DCMCWM3	DM15F0X	Gefitinib	Approved	34.0	DMINOX3	Vincristine	Approved	34.0	.	.	.	.	Minimally invasive lung adenocarcinoma	DrugCombDB Database	Investigative	NCI-H322M	3.16	2.41	2.42	3.01	2
DCYLKKY	DM15F0X	Gefitinib	Approved	34.0	DMJ7NVI	BIO-300	Phase 1/2	19.0	.	.	.	.	Large cell lung carcinoma	DrugCombDB Database	Investigative	NCI-H460	11.58	10.98	12.48	14.89	2
DCH1CQ6	DM15F0X	Gefitinib	Approved	34.0	DMJ7NVI	BIO-300	Phase 1/2	19.0	.	.	.	.	Lung adenocarcinoma	DrugCombDB Database	Investigative	EKVX	14.2	16.78	10.28	22.64	2
DCE962A	DM15F0X	Gefitinib	Approved	34.0	DMJ7NVI	BIO-300	Phase 1/2	19.0	.	.	.	.	Lung adenocarcinoma 	DrugCombDB Database	Investigative	NCI-H522	2.75	2.65	3.66	10.52	2
DC7UE7G	DM15F0X	Gefitinib	Approved	34.0	DMJ7NVI	BIO-300	Phase 1/2	19.0	.	.	.	.	Minimally invasive lung adenocarcinoma	DrugCombDB Database	Investigative	NCI-H322M	3.32	2.93	7.19	8.44	2
DCVRKAH	DM15F0X	Gefitinib	Approved	34.0	DMJ7NVI	BIO-300	Phase 1/2	19.0	.	.	.	.	Non-small cell lung carcinoma	DrugCombDB Database	Investigative	HOP-92	6.62	5.82	9.28	11.43	2
DC3RA6K	DM15F0X	Gefitinib	Approved	34.0	DM7RJXL	Imatinib	Phase 3 Trial	25.0	.	.	.	.	Lung adenocarcinoma	DrugCombDB Database	Investigative	MDA-MB-231	0.58	1.97	2.41	3.03	2
DCOZPVF	DM15F0X	Gefitinib	Approved	34.0	DMNER5S	Bleomycin	Approved	34.0	.	.	.	.	Large cell lung carcinoma	DrugCombDB Database	Investigative	NCI-H460	1.2	0.94	7.33	8.51	2
DC1PN9Q	DM15F0X	Gefitinib	Approved	34.0	DMNER5S	Bleomycin	Approved	34.0	.	.	.	.	Lung adenocarcinoma	DrugCombDB Database	Investigative	HOP-62	9.66	12.02	13.67	14.91	2
DCLQVQJ	DM15F0X	Gefitinib	Approved	34.0	DMNER5S	Bleomycin	Approved	34.0	.	.	.	.	Lung adenocarcinoma	DrugCombDB Database	Investigative	EKVX	13.04	12.12	17.34	17.8	2
DCUCWZB	DM15F0X	Gefitinib	Approved	34.0	DMNER5S	Bleomycin	Approved	34.0	.	.	.	.	Lung adenocarcinoma	DrugCombDB Database	Investigative	MDA-MB-231	0.9	5.43	6.31	9.7	2
DCKUVDE	DM15F0X	Gefitinib	Approved	34.0	DMNER5S	Bleomycin	Approved	34.0	.	.	.	.	Lung adenocarcinoma 	DrugCombDB Database	Investigative	NCI-H522	0.81	0.47	6.27	7.96	2
DCSOTIW	DM15F0X	Gefitinib	Approved	34.0	DMNER5S	Bleomycin	Approved	34.0	.	.	.	.	Minimally invasive lung adenocarcinoma	DrugCombDB Database	Investigative	NCI-H322M	2.02	3.1	2.26	3.05	2
DCULSIG	DM15F0X	Gefitinib	Approved	34.0	DMNER5S	Bleomycin	Approved	34.0	.	.	.	.	Non-small cell lung carcinoma	DrugCombDB Database	Investigative	HOP-92	2.36	4	7.9	9.73	2
DCDO39L	DM15F0X	Gefitinib	Approved	34.0	DMNO38U	Bortezomib	Approved	34.0	.	.	.	.	Minimally invasive lung adenocarcinoma	DrugCombDB Database	Investigative	NCI-H322M	2.23	1.9	0.76	0.86	2
DCXR1QY	DM15F0X	Gefitinib	Approved	34.0	DMNP60F	Anastrozole	Approved	34.0	.	.	.	.	Lung adenocarcinoma	DrugCombDB Database	Investigative	EKVX	2.31	1.25	3.35	4.56	2
DC0C47R	DM15F0X	Gefitinib	Approved	34.0	DMNP60F	Anastrozole	Approved	34.0	.	.	.	.	Lung adenocarcinoma 	DrugCombDB Database	Investigative	NCI-H522	4.39	4.47	6.35	7.44	2
DCFOW61	DM15F0X	Gefitinib	Approved	34.0	DMNPZL4	Dacarbazine	Approved	34.0	.	.	.	.	Lung adenocarcinoma	DrugCombDB Database	Investigative	EKVX	0.11	1.6	3.89	5.42	2
DCU9A3U	DM15F0X	Gefitinib	Approved	34.0	DMNPZL4	Dacarbazine	Approved	34.0	.	.	.	.	Minimally invasive lung adenocarcinoma	DrugCombDB Database	Investigative	NCI-H322M	0.62	2.35	0.79	3.49	2
DC55LDC	DM15F0X	Gefitinib	Approved	34.0	DMRHGI9	Cisplatin	Approved	34.0	.	.	.	.	Large cell lung carcinoma	DrugCombDB Database	Investigative	NCI-H460	2.62	11.83	5.77	10.88	2
DCNCODO	DM15F0X	Gefitinib	Approved	34.0	DMRKE63	Chlorambucil	Approved	34.0	.	.	.	.	Lung adenocarcinoma 	DrugCombDB Database	Investigative	NCI-H522	2.88	3.86	0.51	4.27	2
DCKF6R2	DM15F0X	Gefitinib	Approved	34.0	DMS8IFC	Sorafenib	Approved	34.0	.	.	.	.	Lung adenocarcinoma	DrugCombDB Database	Investigative	HOP-62	0.28	4.94	5.9	6.79	2
DCMTIKZ	DM15F0X	Gefitinib	Approved	34.0	DMT5GNL	Romidepsin	Approved	34.0	.	.	.	.	Lung adenocarcinoma	DrugCombDB Database	Investigative	EKVX	24.43	22.54	26.89	27.96	2
DC4SLYK	DM15F0X	Gefitinib	Approved	34.0	DMT5GNL	Romidepsin	Approved	34.0	.	.	.	.	Lung adenocarcinoma 	DrugCombDB Database	Investigative	NCI-H522	7.4	7.5	1.38	11.01	2
DCMAZY7	DM15F0X	Gefitinib	Approved	34.0	DMT5GNL	Romidepsin	Approved	34.0	.	.	.	.	Minimally invasive lung adenocarcinoma	DrugCombDB Database	Investigative	NCI-H322M	2.93	1.91	5.97	7.78	2
DCUJLM2	DM15F0X	Gefitinib	Approved	34.0	DMTA5OE	Azacitidine	Approved	34.0	.	.	.	.	Large cell lung carcinoma	DrugCombDB Database	Investigative	NCI-H460	10.16	10.81	11.4	13.46	2
DCBRMR0	DM15F0X	Gefitinib	Approved	34.0	DMTA5OE	Azacitidine	Approved	34.0	.	.	.	.	Minimally invasive lung adenocarcinoma	DrugCombDB Database	Investigative	NCI-H322M	1.86	2.37	0.8	5.37	2
DCBTDDE	DM15F0X	Gefitinib	Approved	34.0	DMTGBAX	Pomalidomide	Approved	34.0	.	.	.	.	Lung adenocarcinoma	DrugCombDB Database	Investigative	HOP-62	0.94	2.69	0.66	4.2	2
DCUB0C9	DM15F0X	Gefitinib	Approved	34.0	DMTJAEP	Vinflunine	Approved	34.0	.	.	.	.	Large cell lung carcinoma	DrugCombDB Database	Investigative	NCI-H460	8.84	13.07	7.51	13.91	2
DCMRXB6	DM15F0X	Gefitinib	Approved	34.0	DMTJAEP	Vinflunine	Approved	34.0	.	.	.	.	Lung adenocarcinoma	DrugCombDB Database	Investigative	EKVX	8.56	7.42	0.5	11.57	2
DC04003	DM15F0X	Gefitinib	Approved	34.0	DMTJAEP	Vinflunine	Approved	34.0	.	.	.	.	Minimally invasive lung adenocarcinoma	DrugCombDB Database	Investigative	NCI-H322M	1.22	1.22	2.25	5.86	2
DC6MWLG	DM15F0X	Gefitinib	Approved	34.0	DMU8L7C	Mepacrine	Investigative	0.0	.	.	.	.	Lung adenocarcinoma 	DrugCombDB Database	Investigative	NCI-H522	0.89	0.82	1.08	2.64	2
DC77632	DM15F0X	Gefitinib	Approved	34.0	DMUOT9V	Taxol	Approved	34.0	.	.	.	.	Minimally invasive lung adenocarcinoma	DrugCombDB Database	Investigative	NCI-H322M	1.83	1.06	4.73	6.3	2
DC63JNR	DM15F0X	Gefitinib	Approved	34.0	DMVRLT7	Fludarabine	Approved	34.0	.	.	.	.	Large cell lung carcinoma	DrugCombDB Database	Investigative	NCI-H460	3.03	5.27	6.38	8.71	2
DC2O9UP	DM15F0X	Gefitinib	Approved	34.0	DMWNHPC	Aminolevulinic Acid Hydrochloride	Approved	34.0	.	.	.	.	Large cell lung carcinoma	DrugCombDB Database	Investigative	NCI-H460	3.32	5.16	4.69	9.25	2
DCHXZL7	DM15F0X	Gefitinib	Approved	34.0	DMWVIGP	Digitoxin	Approved	34.0	.	.	.	.	Large cell lung carcinoma	DrugCombDB Database	Investigative	NCI-H460	12.3	11.65	9.43	9.48	2
DCHNTDG	DM15F0X	Gefitinib	Approved	34.0	DMWVIGP	Digitoxin	Approved	34.0	.	.	.	.	Non-small cell lung carcinoma	DrugCombDB Database	Investigative	HOP-92	1.05	1.87	5.52	6.84	2
DC4YOZ1	DM15F0X	Gefitinib	Approved	34.0	DMJV2EK	Dasatinib	Investigative	0.0	.	.	.	.	Lung adenocarcinoma	DrugCombDB Database	Investigative	EKVX	3.91	4.02	7.58	7.96	2
DC7RZFZ	DM15F0X	Gefitinib	Approved	34.0	DMJV2EK	Dasatinib	Investigative	0.0	.	.	.	.	Minimally invasive lung adenocarcinoma	DrugCombDB Database	Investigative	NCI-H322M	1.25	3.28	2.23	6.38	2
DCD5HNV	DM15F0X	Gefitinib	Approved	34.0	DMJV2EK	Dasatinib	Investigative	0.0	.	.	.	.	Non-small cell lung carcinoma	DrugCombDB Database	Investigative	HOP-92	1.36	4.08	7.75	9.06	2
DCFQJ4P	DM4F29C	Crizotinib	Approved	34.0	DMCMBHA	Erlotinib	Approved	34.0	.	.	.	.	Non-Small Cell Lung Cancer	ClinicalTrials.gov	Phase 1	.	.	.	.	.	2
DC59Z33	DM4F29C	Crizotinib	Approved	34.0	DMICDLV	Lorlatinib	Approved	34.0	.	.	.	.	Lung Cancer	ClinicalTrials.gov	Phase 1	.	.	.	.	.	2
DCDO3VY	DM4F29C	Crizotinib	Approved	34.0	DM0HXDS	Pentostatin	Approved	34.0	.	.	.	.	Large cell lung carcinoma	ALMANAC Dataset	Investigative	NCI-H460	1.71	7.64	2.35	7.52	2
DCGSS9M	DM4F29C	Crizotinib	Approved	34.0	DM0YZC6	Fulvestrant	Approved	34.0	.	.	.	.	Lung adenocarcinoma	ALMANAC Dataset	Investigative	HOP-62	1.75	3.63	2.3	2.13	2
DCZ9KV1	DM4F29C	Crizotinib	Approved	34.0	DM0YZC6	Fulvestrant	Approved	34.0	.	.	.	.	Lung adenocarcinoma 	ALMANAC Dataset	Investigative	NCI-H522	1.68	8.47	8.16	8.25	2
DC4F8LB	DM4F29C	Crizotinib	Approved	34.0	DM0YZC6	Fulvestrant	Approved	34.0	.	.	.	.	Minimally invasive lung adenocarcinoma	ALMANAC Dataset	Investigative	NCI-H322M	3.45	9.14	7.56	6.66	2
DC6HL3C	DM4F29C	Crizotinib	Approved	34.0	DM15F0X	Gefitinib	Approved	34.0	.	.	.	.	Large cell lung carcinoma	ALMANAC Dataset	Investigative	NCI-H460	1.62	11.29	12.1	12.77	2
DC3Y7CT	DM4F29C	Crizotinib	Approved	34.0	DM15F0X	Gefitinib	Approved	34.0	.	.	.	.	Lung adenocarcinoma	ALMANAC Dataset	Investigative	EKVX	8.8	9.74	10.05	12.38	2
DCVCIPQ	DM4F29C	Crizotinib	Approved	34.0	DM15F0X	Gefitinib	Approved	34.0	.	.	.	.	Lung adenocarcinoma	ALMANAC Dataset	Investigative	HOP-62	6.82	11.24	9.56	10.01	2
DCFU1L5	DM4F29C	Crizotinib	Approved	34.0	DM15F0X	Gefitinib	Approved	34.0	.	.	.	.	Lung adenocarcinoma 	ALMANAC Dataset	Investigative	NCI-H522	5.08	7.84	5.24	8.35	2
DCEZJP5	DM4F29C	Crizotinib	Approved	34.0	DM15F0X	Gefitinib	Approved	34.0	.	.	.	.	Minimally invasive lung adenocarcinoma	ALMANAC Dataset	Investigative	NCI-H322M	8.87	8.54	1.28	7.65	2
DCK4SM1	DM4F29C	Crizotinib	Approved	34.0	DM15F0X	Gefitinib	Approved	34.0	.	.	.	.	Non-small cell lung carcinoma	ALMANAC Dataset	Investigative	HOP-92	12.94	13.06	13.07	15.53	2
DCIWZ94	DM4F29C	Crizotinib	Approved	34.0	DM7Q98D	Ruxolitinib	Phase 3 Trial	25.0	.	.	.	.	Minimally invasive lung adenocarcinoma	ALMANAC Dataset	Investigative	NCI-H322M	1.34	3.08	1.34	0.77	2
DCO5XHI	DM4F29C	Crizotinib	Approved	34.0	DM2OZ3G	Ixabepilone	Approved	34.0	.	.	.	.	Lung adenocarcinoma	ALMANAC Dataset	Investigative	MDA-MB-231	0.94	8.38	5.32	8.5	2
DCRVMVX	DM4F29C	Crizotinib	Approved	34.0	DM2YGNW	Dactinomycin	Approved	34.0	.	.	.	.	Large cell lung carcinoma	ALMANAC Dataset	Investigative	NCI-H460	14.19	16.85	15.44	15.64	2
DCQZ8QM	DM4F29C	Crizotinib	Approved	34.0	DM2YGNW	Dactinomycin	Approved	34.0	.	.	.	.	Lung adenocarcinoma	ALMANAC Dataset	Investigative	HOP-62	5.37	8.21	5.74	6.7	2
DCP5VHA	DM4F29C	Crizotinib	Approved	34.0	DM2YGNW	Dactinomycin	Approved	34.0	.	.	.	.	Lung adenocarcinoma	ALMANAC Dataset	Investigative	EKVX	6.56	14.43	13.8	13.35	2
DCWCJKU	DM4F29C	Crizotinib	Approved	34.0	DM2YGNW	Dactinomycin	Approved	34.0	.	.	.	.	Lung adenocarcinoma	ALMANAC Dataset	Investigative	MDA-MB-231	4.51	9.69	9.74	9.64	2
DCSOSPE	DM4F29C	Crizotinib	Approved	34.0	DM2YGNW	Dactinomycin	Approved	34.0	.	.	.	.	Lung adenocarcinoma 	ALMANAC Dataset	Investigative	NCI-H522	7.03	15.97	14.78	14.6	2
DCV2I0W	DM4F29C	Crizotinib	Approved	34.0	DM2YGNW	Dactinomycin	Approved	34.0	.	.	.	.	Minimally invasive lung adenocarcinoma	ALMANAC Dataset	Investigative	NCI-H322M	13.99	18.01	16.28	15.41	2
DC5A4QV	DM4F29C	Crizotinib	Approved	34.0	DM2YGNW	Dactinomycin	Approved	34.0	.	.	.	.	Non-small cell lung carcinoma	ALMANAC Dataset	Investigative	HOP-92	3.47	9.96	9.84	9.51	2
DC52GI0	DM4F29C	Crizotinib	Approved	34.0	DM3BF9B	DFN-15	Phase 3	25.0	.	.	.	.	Lung adenocarcinoma	ALMANAC Dataset	Investigative	HOP-62	1.25	3.58	1.87	1.61	2
DCNGCN0	DM4F29C	Crizotinib	Approved	34.0	DM3BH1Y	Lapatinib	Approved	34.0	.	.	.	.	Large cell lung carcinoma	ALMANAC Dataset	Investigative	NCI-H460	5.9	8.16	8.28	9.27	2
DCR9982	DM4F29C	Crizotinib	Approved	34.0	DM4DOUB	PMID28460551-Compound-2	Patented	15.5	.	.	.	.	Large cell lung carcinoma	ALMANAC Dataset	Investigative	NCI-H460	4.51	11.35	10.39	12.18	2
DCARIRI	DM4F29C	Crizotinib	Approved	34.0	DM4DOUB	PMID28460551-Compound-2	Patented	15.5	.	.	.	.	Lung adenocarcinoma	ALMANAC Dataset	Investigative	MDA-MB-231	14.43	17.58	16.96	18.44	2
DCIFMLV	DM4F29C	Crizotinib	Approved	34.0	DM4DOUB	PMID28460551-Compound-2	Patented	15.5	.	.	.	.	Lung adenocarcinoma 	ALMANAC Dataset	Investigative	NCI-H522	1.36	11.2	3.16	10.17	2
DCZ33RS	DM4F29C	Crizotinib	Approved	34.0	DM61TA4	Arsenic trioxide	Approved	34.0	.	.	.	.	Large cell lung carcinoma	ALMANAC Dataset	Investigative	NCI-H460	4.52	8.54	2.89	4.93	2
DCNOP70	DM4F29C	Crizotinib	Approved	34.0	DM7C8YV	Plicamycin	Approved	34.0	.	.	.	.	Large cell lung carcinoma	ALMANAC Dataset	Investigative	NCI-H460	2.96	8.48	7.57	7.8	2
DCTCN6L	DM4F29C	Crizotinib	Approved	34.0	DM7C8YV	Plicamycin	Approved	34.0	.	.	.	.	Lung adenocarcinoma	ALMANAC Dataset	Investigative	HOP-62	0.91	9.63	9.18	7.64	2
DCIUPRB	DM4F29C	Crizotinib	Approved	34.0	DM7C8YV	Plicamycin	Approved	34.0	.	.	.	.	Lung adenocarcinoma	ALMANAC Dataset	Investigative	EKVX	3.07	7.08	7	7.35	2
DC9MK6R	DM4F29C	Crizotinib	Approved	34.0	DM7C8YV	Plicamycin	Approved	34.0	.	.	.	.	Minimally invasive lung adenocarcinoma	ALMANAC Dataset	Investigative	NCI-H322M	8.71	16.49	15.64	14.28	2
DCIK2C7	DM4F29C	Crizotinib	Approved	34.0	DM7HXWT	Nilotinib	Approved	34.0	.	.	.	.	Large cell lung carcinoma	ALMANAC Dataset	Investigative	NCI-H460	2.61	9.01	9.69	9.57	2
DC7L6G7	DM4F29C	Crizotinib	Approved	34.0	DM7NKEV	Thioguanine	Preclinical	2.1	.	.	.	.	Large cell lung carcinoma	ALMANAC Dataset	Investigative	NCI-H460	0.64	4.18	2.92	5.2	2
DC2BNUZ	DM4F29C	Crizotinib	Approved	34.0	DM7NKEV	Thioguanine	Preclinical	2.1	.	.	.	.	Lung adenocarcinoma	ALMANAC Dataset	Investigative	HOP-62	4.13	2.43	0.22	0.58	2
DC05H9W	DM4F29C	Crizotinib	Approved	34.0	DM8V75C	ABIRATERONE	Approved	34.0	.	.	.	.	Large cell lung carcinoma	ALMANAC Dataset	Investigative	NCI-H460	0.9	3.1	0.59	1.94	2
DC8DTBE	DM4F29C	Crizotinib	Approved	34.0	DM8V75C	ABIRATERONE	Approved	34.0	.	.	.	.	Lung adenocarcinoma	ALMANAC Dataset	Investigative	HOP-62	1.88	7.9	4.89	5.38	2
DCYIZHJ	DM4F29C	Crizotinib	Approved	34.0	DM8V75C	ABIRATERONE	Approved	34.0	.	.	.	.	Minimally invasive lung adenocarcinoma	ALMANAC Dataset	Investigative	NCI-H322M	1.48	2.84	2.14	0.3	2
DCITZAW	DM4F29C	Crizotinib	Approved	34.0	DM9WLN4	10-hydroxycamptothecin	Investigative	0.0	.	.	.	.	Large cell lung carcinoma	ALMANAC Dataset	Investigative	NCI-H460	3.23	5.55	4.39	6.47	2
DCFVWMS	DM4F29C	Crizotinib	Approved	34.0	DM9WLN4	10-hydroxycamptothecin	Investigative	0.0	.	.	.	.	Lung adenocarcinoma	ALMANAC Dataset	Investigative	MDA-MB-231	0	2.34	1.77	4.84	2
DCMKZWP	DM4F29C	Crizotinib	Approved	34.0	DMAH59S	Amonafide	Phase 3	25.0	.	.	.	.	Large cell lung carcinoma	ALMANAC Dataset	Investigative	NCI-H460	4.21	6.4	1.4	7.61	2
DCH41TQ	DM4F29C	Crizotinib	Approved	34.0	DMC3P45	Terameprocol	Phase 2	21.0	.	.	.	.	Lung adenocarcinoma	ALMANAC Dataset	Investigative	HOP-62	0.77	3.52	2.6	1.69	2
DCBHNKI	DM4F29C	Crizotinib	Approved	34.0	DMC3P45	Terameprocol	Phase 2	21.0	.	.	.	.	Minimally invasive lung adenocarcinoma	ALMANAC Dataset	Investigative	NCI-H322M	2.37	3.27	1.62	1.18	2
DC1171U	DM4F29C	Crizotinib	Approved	34.0	DMCJLD1	SCH 727965	Discontinued in Phase 3	9.0	.	.	.	.	Minimally invasive lung adenocarcinoma	ALMANAC Dataset	Investigative	NCI-H322M	2.49	5.53	3.52	2.36	2
DCH5QDR	DM4F29C	Crizotinib	Approved	34.0	DMD7X1O	Dexrazoxane	Approved	34.0	.	.	.	.	Large cell lung carcinoma	ALMANAC Dataset	Investigative	NCI-H460	0.67	4.04	5.15	5.73	2
DCFFGBO	DM4F29C	Crizotinib	Approved	34.0	DMDI269	Docetaxel	Approved	34.0	.	.	.	.	Large cell lung carcinoma	ALMANAC Dataset	Investigative	NCI-H460	14.61	15.32	13.55	15.65	2
DCEJ0U4	DM4F29C	Crizotinib	Approved	34.0	DMDI269	Docetaxel	Approved	34.0	.	.	.	.	Lung adenocarcinoma	ALMANAC Dataset	Investigative	MDA-MB-231	2.51	6.89	2.96	8.27	2
DCUUGNF	DM4F29C	Crizotinib	Approved	34.0	DMDKF3M	Raloxifene	Approved	34.0	.	.	.	.	Large cell lung carcinoma	ALMANAC Dataset	Investigative	NCI-H460	2.43	7.53	3.86	7.03	2
DCGAYF8	DM4F29C	Crizotinib	Approved	34.0	DMDKF3M	Raloxifene	Approved	34.0	.	.	.	.	Lung adenocarcinoma	ALMANAC Dataset	Investigative	HOP-62	8.49	15.04	11.77	11.35	2
DC3YNED	DM4F29C	Crizotinib	Approved	34.0	DMDKF3M	Raloxifene	Approved	34.0	.	.	.	.	Minimally invasive lung adenocarcinoma	ALMANAC Dataset	Investigative	NCI-H322M	2.68	6.01	4.59	3.73	2
DCC0ASU	DM4F29C	Crizotinib	Approved	34.0	DMFH15Z	Bendamustine hydrochloride	Approved	34.0	.	.	.	.	Large cell lung carcinoma	ALMANAC Dataset	Investigative	NCI-H460	14.08	14.65	14.13	15.27	2
DC1OZSS	DM4F29C	Crizotinib	Approved	34.0	DMG2YBD	Trifluridine	Approved	34.0	.	.	.	.	Lung adenocarcinoma 	ALMANAC Dataset	Investigative	NCI-H522	2.83	5.08	1.68	4.62	2
DCZOFJR	DM4F29C	Crizotinib	Approved	34.0	DMGW1ID	Sirolimus	Approved	34.0	.	.	.	.	Lung adenocarcinoma	ALMANAC Dataset	Investigative	EKVX	5.24	6.72	6.11	8.86	2
DCQXS1U	DM4F29C	Crizotinib	Approved	34.0	DMH07Y3	Letrozole	Approved	34.0	.	.	.	.	Minimally invasive lung adenocarcinoma	ALMANAC Dataset	Investigative	NCI-H322M	2.71	2.99	1.32	1.32	2
DCPSA9N	DM4F29C	Crizotinib	Approved	34.0	DMHL7OB	Uracil mustard	Approved	34.0	.	.	.	.	Large cell lung carcinoma	ALMANAC Dataset	Investigative	NCI-H460	14.68	15.5	8.74	15.85	2
DC8Q80N	DM4F29C	Crizotinib	Approved	34.0	DMHL7OB	Uracil mustard	Approved	34.0	.	.	.	.	Lung adenocarcinoma	ALMANAC Dataset	Investigative	EKVX	3.88	11.67	7.5	12.01	2
DCQ0R01	DM4F29C	Crizotinib	Approved	34.0	DMHL7OB	Uracil mustard	Approved	34.0	.	.	.	.	Lung adenocarcinoma 	ALMANAC Dataset	Investigative	NCI-H522	15.74	19.41	14.02	18.99	2
DC5T1U4	DM4F29C	Crizotinib	Approved	34.0	DMHL7OB	Uracil mustard	Approved	34.0	.	.	.	.	Non-small cell lung carcinoma	ALMANAC Dataset	Investigative	HOP-92	6.35	8.9	3.82	10.11	2
DCK5WQK	DM4F29C	Crizotinib	Approved	34.0	DMINOX3	Vincristine	Approved	34.0	.	.	.	.	Large cell lung carcinoma	ALMANAC Dataset	Investigative	NCI-H460	13.56	18.47	15.65	16.45	2
DCDHGEZ	DM4F29C	Crizotinib	Approved	34.0	DMINOX3	Vincristine	Approved	34.0	.	.	.	.	Lung adenocarcinoma 	ALMANAC Dataset	Investigative	NCI-H522	8.64	8.6	5.36	8.72	2
DCJY36M	DM4F29C	Crizotinib	Approved	34.0	DMIXMYK	Arfolitixorin	Phase 3	25.0	.	.	.	.	Large cell lung carcinoma	ALMANAC Dataset	Investigative	NCI-H460	0.2	3.62	2.09	4.1	2
DCFW6RK	DM4F29C	Crizotinib	Approved	34.0	DMJ7NVI	BIO-300	Phase 1/2	19.0	.	.	.	.	Large cell lung carcinoma	ALMANAC Dataset	Investigative	NCI-H460	11.62	10.67	6.26	11.89	2
DCJIKAE	DM4F29C	Crizotinib	Approved	34.0	DMJ7NVI	BIO-300	Phase 1/2	19.0	.	.	.	.	Lung adenocarcinoma	ALMANAC Dataset	Investigative	EKVX	4.73	5.29	3.52	6.65	2
DCS7K8T	DM4F29C	Crizotinib	Approved	34.0	DMJ7NVI	BIO-300	Phase 1/2	19.0	.	.	.	.	Lung adenocarcinoma	ALMANAC Dataset	Investigative	MDA-MB-231	8.69	10.26	8.2	12.19	2
DC61VKX	DM4F29C	Crizotinib	Approved	34.0	DMJ7NVI	BIO-300	Phase 1/2	19.0	.	.	.	.	Lung adenocarcinoma 	ALMANAC Dataset	Investigative	NCI-H522	12.18	14.26	11.03	14.68	2
DC1U9IE	DM4F29C	Crizotinib	Approved	34.0	DMJ7NVI	BIO-300	Phase 1/2	19.0	.	.	.	.	Non-small cell lung carcinoma	ALMANAC Dataset	Investigative	HOP-92	3.75	5.62	3.33	7.65	2
DC9HA8T	DM4F29C	Crizotinib	Approved	34.0	DMLNFWU	TEM	Phase 2	21.0	.	.	.	.	Lung adenocarcinoma	ALMANAC Dataset	Investigative	HOP-62	3.36	7.4	4.83	4.18	2
DC51L0G	DM4F29C	Crizotinib	Approved	34.0	DMLWYJB	JNK-IN-8	Investigative	0.0	.	.	.	.	Large cell lung carcinoma	ALMANAC Dataset	Investigative	NCI-H460	2.54	4.32	0.02	5.29	2
DC6B7XD	DM4F29C	Crizotinib	Approved	34.0	DMM1I8R	Indazole derivative 5	Patented	15.5	.	.	.	.	Lung adenocarcinoma	ALMANAC Dataset	Investigative	HOP-62	2.5	8.78	6.06	5.25	2
DCAAASU	DM4F29C	Crizotinib	Approved	34.0	DMM1I8R	Indazole derivative 5	Patented	15.5	.	.	.	.	Minimally invasive lung adenocarcinoma	ALMANAC Dataset	Investigative	NCI-H322M	2.66	5.26	3.55	2.58	2
DCCA60I	DM4F29C	Crizotinib	Approved	34.0	DM7RJXL	Imatinib	Phase 3 Trial	25.0	.	.	.	.	Large cell lung carcinoma	ALMANAC Dataset	Investigative	NCI-H460	7.46	13.93	2.35	12.44	2
DCJJN7B	DM4F29C	Crizotinib	Approved	34.0	DMNER5S	Bleomycin	Approved	34.0	.	.	.	.	Large cell lung carcinoma	ALMANAC Dataset	Investigative	NCI-H460	6.09	7.4	4.77	8.65	2
DC7RRFS	DM4F29C	Crizotinib	Approved	34.0	DMNER5S	Bleomycin	Approved	34.0	.	.	.	.	Lung adenocarcinoma	ALMANAC Dataset	Investigative	EKVX	0.76	5.63	2.58	6.69	2
DC5FAQJ	DM4F29C	Crizotinib	Approved	34.0	DMNER5S	Bleomycin	Approved	34.0	.	.	.	.	Lung adenocarcinoma	ALMANAC Dataset	Investigative	MDA-MB-231	7.17	9.32	8.9	11.8	2
DCG3FXC	DM4F29C	Crizotinib	Approved	34.0	DMNP60F	Anastrozole	Approved	34.0	.	.	.	.	Large cell lung carcinoma	ALMANAC Dataset	Investigative	NCI-H460	0.79	3.7	2.76	3.92	2
DC3HEKF	DM4F29C	Crizotinib	Approved	34.0	DMNP60F	Anastrozole	Approved	34.0	.	.	.	.	Lung adenocarcinoma	ALMANAC Dataset	Investigative	HOP-62	1.72	2.84	0.05	1.87	2
DCGD65T	DM4F29C	Crizotinib	Approved	34.0	DMNP60F	Anastrozole	Approved	34.0	.	.	.	.	Minimally invasive lung adenocarcinoma	ALMANAC Dataset	Investigative	NCI-H322M	2.18	3.24	1	1.59	2
DCL1Y10	DM4F29C	Crizotinib	Approved	34.0	DMNPZL4	Dacarbazine	Approved	34.0	.	.	.	.	Lung adenocarcinoma	ALMANAC Dataset	Investigative	HOP-62	2.41	5.39	2.19	2.24	2
DCNAPSN	DM4F29C	Crizotinib	Approved	34.0	DMNPZL4	Dacarbazine	Approved	34.0	.	.	.	.	Lung adenocarcinoma 	ALMANAC Dataset	Investigative	NCI-H522	0.98	6.38	4.2	6.37	2
DCAD8EQ	DM4F29C	Crizotinib	Approved	34.0	DMOYJFK	Valrubicin	Approved	34.0	.	.	.	.	Large cell lung carcinoma	ALMANAC Dataset	Investigative	NCI-H460	2.65	8.8	8.33	8.6	2
DCJDSW2	DM4F29C	Crizotinib	Approved	34.0	DMOYJFK	Valrubicin	Approved	34.0	.	.	.	.	Lung adenocarcinoma	ALMANAC Dataset	Investigative	HOP-62	1.24	4.38	3.07	2.91	2
DCMA5T6	DM4F29C	Crizotinib	Approved	34.0	DMP6G8T	Topotecan	Approved	34.0	.	.	.	.	Minimally invasive lung adenocarcinoma	ALMANAC Dataset	Investigative	NCI-H322M	5.42	9.08	7.37	7.78	2
DC22VFY	DM4F29C	Crizotinib	Approved	34.0	DMPAZHC	Cabazitaxel	Approved	34.0	.	.	.	.	Lung adenocarcinoma	ALMANAC Dataset	Investigative	EKVX	4.6	7.86	6	9.47	2
DC4ZNSR	DM4F29C	Crizotinib	Approved	34.0	DMPDW6T	Epirubicin	Approved	34.0	.	.	.	.	Lung adenocarcinoma	ALMANAC Dataset	Investigative	HOP-62	0.53	5.61	4	4.12	2
DCTW6ZC	DM4F29C	Crizotinib	Approved	34.0	DMPDW6T	Epirubicin	Approved	34.0	.	.	.	.	Minimally invasive lung adenocarcinoma	ALMANAC Dataset	Investigative	NCI-H322M	1.77	4.53	2.73	1.47	2
DCSSBOF	DM4F29C	Crizotinib	Approved	34.0	DMRICNP	Vandetanib	Approved	34.0	.	.	.	.	Large cell lung carcinoma	ALMANAC Dataset	Investigative	NCI-H460	0.95	4.07	2.73	4.48	2
DCK0PBD	DM4F29C	Crizotinib	Approved	34.0	DMSG91J	ER819762	Investigative	0.0	.	.	.	.	Large cell lung carcinoma	ALMANAC Dataset	Investigative	NCI-H460	3.97	9.99	7.86	9.31	2
DCG82BY	DM4F29C	Crizotinib	Approved	34.0	DMT5GNL	Romidepsin	Approved	34.0	.	.	.	.	Lung adenocarcinoma	ALMANAC Dataset	Investigative	EKVX	14.44	15.27	14.61	16.67	2
DCQN3JE	DM4F29C	Crizotinib	Approved	34.0	DMT5GNL	Romidepsin	Approved	34.0	.	.	.	.	Lung adenocarcinoma 	ALMANAC Dataset	Investigative	NCI-H522	4.3	5.72	1.99	5.29	2
DC8GE8W	DM4F29C	Crizotinib	Approved	34.0	DMTGBAX	Pomalidomide	Approved	34.0	.	.	.	.	Minimally invasive lung adenocarcinoma	ALMANAC Dataset	Investigative	NCI-H322M	1.92	7.82	6.4	5.86	2
DC1XZQ3	DM4F29C	Crizotinib	Approved	34.0	DMUOT9V	Taxol	Approved	34.0	.	.	.	.	Lung adenocarcinoma	ALMANAC Dataset	Investigative	MDA-MB-231	4.51	4.45	2.66	6.66	2
DCR9SF4	DM4F29C	Crizotinib	Approved	34.0	DMWIDJK	FORMESTANE	Withdrawn from market	12.0	.	.	.	.	Non-small cell lung carcinoma	ALMANAC Dataset	Investigative	HOP-92	0.6	3.86	1.28	3.98	2
DCRFUBG	DM4F29C	Crizotinib	Approved	34.0	DMWTAOI	Estramustine	Approved	34.0	.	.	.	.	Large cell lung carcinoma	ALMANAC Dataset	Investigative	NCI-H460	1.15	4.61	5.21	6.18	2
DC1V09B	DM4F29C	Crizotinib	Approved	34.0	DMWVIGP	Digitoxin	Approved	34.0	.	.	.	.	Large cell lung carcinoma	ALMANAC Dataset	Investigative	NCI-H460	1.25	5.97	2.65	3.48	2
DCUR88V	DM4F29C	Crizotinib	Approved	34.0	DMJV2EK	Dasatinib	Investigative	0.0	.	.	.	.	Large cell lung carcinoma	ALMANAC Dataset	Investigative	NCI-H460	22.1	22.48	21.29	21.65	2
DC7ZT0X	DM4F29C	Crizotinib	Approved	34.0	DMJV2EK	Dasatinib	Investigative	0.0	.	.	.	.	Lung adenocarcinoma	ALMANAC Dataset	Investigative	MDA-MB-231	10.16	14.43	13.12	16.52	2
DCMZ3OV	DM4F29C	Crizotinib	Approved	34.0	DMJV2EK	Dasatinib	Investigative	0.0	.	.	.	.	Lung adenocarcinoma	ALMANAC Dataset	Investigative	EKVX	5.67	7.18	6.23	8.51	2
DCWFOK7	DM4F29C	Crizotinib	Approved	34.0	DMJV2EK	Dasatinib	Investigative	0.0	.	.	.	.	Lung adenocarcinoma	ALMANAC Dataset	Investigative	HOP-62	11.64	18.67	14.34	17.38	2
DCYXX70	DM4F29C	Crizotinib	Approved	34.0	DMJV2EK	Dasatinib	Investigative	0.0	.	.	.	.	Lung adenocarcinoma 	ALMANAC Dataset	Investigative	NCI-H522	1.58	6.95	5.51	6.81	2
DC8TRHK	DM4F29C	Crizotinib	Approved	34.0	DMJV2EK	Dasatinib	Investigative	0.0	.	.	.	.	Minimally invasive lung adenocarcinoma	ALMANAC Dataset	Investigative	NCI-H322M	4.9	6.56	3.17	4.75	2
DCY4KUE	DM4F29C	Crizotinib	Approved	34.0	DMJV2EK	Dasatinib	Investigative	0.0	.	.	.	.	Non-small cell lung carcinoma	ALMANAC Dataset	Investigative	HOP-92	4.29	12.17	13.33	13.82	2
DCAEY0U	DMJV2EK	Dasatinib	Investigative	0.0	DM0YZC6	Fulvestrant	Approved	34.0	.	.	.	.	Minimally invasive lung adenocarcinoma	ALMANAC Dataset	Investigative	NCI-H322M	1.21	6.01	4.76	5.2	2
DC6X78B	DMJV2EK	Dasatinib	Investigative	0.0	DM2OZ3G	Ixabepilone	Approved	34.0	.	.	.	.	Lung adenocarcinoma	ALMANAC Dataset	Investigative	MDA-MB-231	0.84	0.48	4.61	5.7	2
DCAFJY9	DMJV2EK	Dasatinib	Investigative	0.0	DM3BH1Y	Lapatinib	Approved	34.0	.	.	.	.	Lung adenocarcinoma	ALMANAC Dataset	Investigative	MDA-MB-231	3.86	7.73	8.78	8.84	2
DCY4TSW	DMJV2EK	Dasatinib	Investigative	0.0	DM3BH1Y	Lapatinib	Approved	34.0	.	.	.	.	Non-small cell lung carcinoma	ALMANAC Dataset	Investigative	HOP-92	1.75	4.27	1.12	1.19	2
DCCBYFQ	DMJV2EK	Dasatinib	Investigative	0.0	DM4O2Z7	Cyclophosphamide	Approved	34.0	.	.	.	.	Minimally invasive lung adenocarcinoma	ALMANAC Dataset	Investigative	NCI-H322M	2.54	3.33	1.09	0.19	2
DC9JYRN	DMJV2EK	Dasatinib	Investigative	0.0	DM67EMK	SCH-900776	Phase 2	21.0	.	.	.	.	Large cell lung carcinoma	ALMANAC Dataset	Investigative	NCI-H460	4.41	5.59	7.61	8.6	2
DCD9B0R	DMJV2EK	Dasatinib	Investigative	0.0	DMC3P45	Terameprocol	Phase 2	21.0	.	.	.	.	Minimally invasive lung adenocarcinoma	ALMANAC Dataset	Investigative	NCI-H322M	0.88	2.55	2.15	0.88	2
DC6JOAS	DMJV2EK	Dasatinib	Investigative	0.0	DMCJLD1	SCH 727965	Discontinued in Phase 3	9.0	.	.	.	.	Lung adenocarcinoma	ALMANAC Dataset	Investigative	EKVX	0.35	6.41	5.07	6.76	2
DCV75TB	DMJV2EK	Dasatinib	Investigative	0.0	DMCT3I8	Ifosfamide	Approved	34.0	.	.	.	.	Minimally invasive lung adenocarcinoma	ALMANAC Dataset	Investigative	NCI-H322M	0.01	2.27	0.12	1.25	2
DCCCZMD	DMJV2EK	Dasatinib	Investigative	0.0	DMFH15Z	Bendamustine hydrochloride	Approved	34.0	.	.	.	.	Large cell lung carcinoma	ALMANAC Dataset	Investigative	NCI-H460	2.26	3.02	1.46	2.72	2
DCIMMNI	DMJV2EK	Dasatinib	Investigative	0.0	DMFH15Z	Bendamustine hydrochloride	Approved	34.0	.	.	.	.	Lung adenocarcinoma	ALMANAC Dataset	Investigative	MDA-MB-231	2.47	3.13	0.66	7.4	2
DCKMPLU	DMJV2EK	Dasatinib	Investigative	0.0	DMKLAYG	Altretamine	Approved	34.0	.	.	.	.	Lung adenocarcinoma	ALMANAC Dataset	Investigative	HOP-62	3.43	8.56	0.21	7.56	2
DC2ONGT	DMJV2EK	Dasatinib	Investigative	0.0	DMLYGH4	MK-4827	Phase 3	25.0	.	.	.	.	Large cell lung carcinoma	ALMANAC Dataset	Investigative	NCI-H460	1.46	11.32	15.15	15.16	2
DCM7M63	DMJV2EK	Dasatinib	Investigative	0.0	DMOYJFK	Valrubicin	Approved	34.0	.	.	.	.	Lung adenocarcinoma	ALMANAC Dataset	Investigative	HOP-62	7.06	7.13	0.34	0.11	2
DCZ6GRM	DMJV2EK	Dasatinib	Investigative	0.0	DMOYJFK	Valrubicin	Approved	34.0	.	.	.	.	Non-small cell lung carcinoma	ALMANAC Dataset	Investigative	HOP-92	0.39	2.17	3.53	2.74	2
DCTBFUK	DMJV2EK	Dasatinib	Investigative	0.0	DMRHGI9	Cisplatin	Approved	34.0	.	.	.	.	Lung adenocarcinoma	ALMANAC Dataset	Investigative	HOP-62	6.33	12.11	6.3	6.51	2
DCVHR6B	DMJV2EK	Dasatinib	Investigative	0.0	DMS8IFC	Sorafenib	Approved	34.0	.	.	.	.	Large cell lung carcinoma	ALMANAC Dataset	Investigative	NCI-H460	4.61	6.87	5.67	9.65	2
DC6JVYA	DMJV2EK	Dasatinib	Investigative	0.0	DMTGBAX	Pomalidomide	Approved	34.0	.	.	.	.	Lung adenocarcinoma 	ALMANAC Dataset	Investigative	NCI-H522	0.48	4.52	1.21	4.16	2
DCM2MI9	DMJV2EK	Dasatinib	Investigative	0.0	DMTGBAX	Pomalidomide	Approved	34.0	.	.	.	.	Minimally invasive lung adenocarcinoma	ALMANAC Dataset	Investigative	NCI-H322M	0.13	1.75	0.48	0.48	2
DCCUKDN	DMJV2EK	Dasatinib	Investigative	0.0	DMTM2IK	Mercaptopurine	Preclinical	2.1	.	.	.	.	Large cell lung carcinoma	ALMANAC Dataset	Investigative	NCI-H460	5.49	3.87	2.77	4.11	2
DCTBRSQ	DMJV2EK	Dasatinib	Investigative	0.0	DMTM2IK	Mercaptopurine	Preclinical	2.1	.	.	.	.	Lung adenocarcinoma	ALMANAC Dataset	Investigative	HOP-62	0.3	12.26	6.55	3.16	2
DCVNBZN	DMJV2EK	Dasatinib	Investigative	0.0	DMWNHPC	Aminolevulinic Acid Hydrochloride	Approved	34.0	.	.	.	.	Large cell lung carcinoma	ALMANAC Dataset	Investigative	NCI-H460	10.74	10.73	13.03	13.41	2
DC8HG4N	DM3WDZ5	MK-1775	Phase 2	21.0	DM67EMK	SCH-900776	Phase 2	21.0	.	.	.	.	Large cell lung carcinoma	ALMANAC Dataset	Investigative	NCI-H460	2.63	6.37	6.82	9.94	2
DCNMHLY	DM3WDZ5	MK-1775	Phase 2	21.0	DMB5A80	SNX-2112	Investigative	0.0	.	.	.	.	Large cell lung carcinoma	ALMANAC Dataset	Investigative	NCI-H460	9.09	7.29	7.57	9.58	2
DC8JI6U	DM3WDZ5	MK-1775	Phase 2	21.0	DMCMBHA	Erlotinib	Approved	34.0	.	.	.	.	Large cell lung carcinoma	ALMANAC Dataset	Investigative	NCI-H460	0.07	4.71	5.15	10.28	2
DCOT6P6	DM3WDZ5	MK-1775	Phase 2	21.0	DMLYGH4	MK-4827	Phase 3	25.0	.	.	.	.	Large cell lung carcinoma	ALMANAC Dataset	Investigative	NCI-H460	3.35	6.3	10.02	10.02	2
DCB8UL3	DM3WDZ5	MK-1775	Phase 2	21.0	DMT1OZ6	MK-2206	Phase 2	21.0	.	.	.	.	Large cell lung carcinoma	ALMANAC Dataset	Investigative	NCI-H460	5.21	8.51	12.26	14.67	2
DC2XHKH	DM3WDZ5	MK-1775	Phase 2	21.0	DMWMPD4	Vorinostat	Approved	34.0	.	.	.	.	Large cell lung carcinoma	ALMANAC Dataset	Investigative	NCI-H460	11.24	7.5	2.42	10.16	2
DCZNHES	DMRICNP	Vandetanib	Approved	34.0	DM0YZC6	Fulvestrant	Approved	34.0	.	.	.	.	Non-small cell lung carcinoma	SYNERGxDB Database	Investigative	HOP-92	0.66	2.75	5.88	5.98	2
DC4HZS9	DMRICNP	Vandetanib	Approved	34.0	DM15F0X	Gefitinib	Approved	34.0	.	.	.	.	Lung adenocarcinoma	SYNERGxDB Database	Investigative	HOP-62	1.13	8.19	7.42	8.69	2
DCRO3MC	DMRICNP	Vandetanib	Approved	34.0	DM15F0X	Gefitinib	Approved	34.0	.	.	.	.	Lung adenocarcinoma 	SYNERGxDB Database	Investigative	NCI-H522	0.25	2.87	4.49	7.37	2
DCE8WZG	DMRICNP	Vandetanib	Approved	34.0	DM15F0X	Gefitinib	Approved	34.0	.	.	.	.	Non-small cell lung carcinoma	SYNERGxDB Database	Investigative	HOP-92	8.06	8.21	11.74	12.3	2
DCHP04P	DMRICNP	Vandetanib	Approved	34.0	DM2OZ3G	Ixabepilone	Approved	34.0	.	.	.	.	Lung adenocarcinoma	SYNERGxDB Database	Investigative	EKVX	5.69	7.62	7.75	7.2	2
DCY6JUY	DMRICNP	Vandetanib	Approved	34.0	DM2OZ3G	Ixabepilone	Approved	34.0	.	.	.	.	Minimally invasive lung adenocarcinoma	SYNERGxDB Database	Investigative	NCI-H322M	0.33	0.88	0.88	0.93	2
DCGP1GM	DMRICNP	Vandetanib	Approved	34.0	DM2YGNW	Dactinomycin	Approved	34.0	.	.	.	.	Large cell lung carcinoma	SYNERGxDB Database	Investigative	NCI-H460	11.61	15.43	14.19	14.22	2
DCIMQWK	DMRICNP	Vandetanib	Approved	34.0	DM2YGNW	Dactinomycin	Approved	34.0	.	.	.	.	Lung adenocarcinoma	SYNERGxDB Database	Investigative	MDA-MB-231	5	6.03	7.53	6.54	2
DCEJZSL	DMRICNP	Vandetanib	Approved	34.0	DM2YGNW	Dactinomycin	Approved	34.0	.	.	.	.	Lung adenocarcinoma	SYNERGxDB Database	Investigative	EKVX	0.84	8.42	8.43	7.95	2
DCDVA5S	DMRICNP	Vandetanib	Approved	34.0	DM2YGNW	Dactinomycin	Approved	34.0	.	.	.	.	Lung adenocarcinoma	SYNERGxDB Database	Investigative	HOP-62	4.43	6.05	5.17	5.61	2
DCZC3NY	DMRICNP	Vandetanib	Approved	34.0	DM2YGNW	Dactinomycin	Approved	34.0	.	.	.	.	Lung adenocarcinoma 	SYNERGxDB Database	Investigative	NCI-H522	2.68	10.82	10.67	10.51	2
DCGOXP8	DMRICNP	Vandetanib	Approved	34.0	DM2YGNW	Dactinomycin	Approved	34.0	.	.	.	.	Minimally invasive lung adenocarcinoma	SYNERGxDB Database	Investigative	NCI-H322M	5.66	10.91	9.98	10.06	2
DCL44UT	DMRICNP	Vandetanib	Approved	34.0	DM2YGNW	Dactinomycin	Approved	34.0	.	.	.	.	Non-small cell lung carcinoma	SYNERGxDB Database	Investigative	HOP-92	7.31	11	11.77	11.36	2
DCTHGJS	DMRICNP	Vandetanib	Approved	34.0	DM3BH1Y	Lapatinib	Approved	34.0	.	.	.	.	Large cell lung carcinoma	SYNERGxDB Database	Investigative	NCI-H460	4.71	5.53	8.27	6.17	2
DCILISJ	DMRICNP	Vandetanib	Approved	34.0	DM4DOUB	PMID28460551-Compound-2	Patented	15.5	.	.	.	.	Lung adenocarcinoma	SYNERGxDB Database	Investigative	MDA-MB-231	14.98	17.7	18.11	19.11	2
DCB4HLS	DMRICNP	Vandetanib	Approved	34.0	DM4DOUB	PMID28460551-Compound-2	Patented	15.5	.	.	.	.	Non-small cell lung carcinoma	SYNERGxDB Database	Investigative	HOP-92	0.52	0.1	3.73	3.5	2
DC8T1LI	DMRICNP	Vandetanib	Approved	34.0	DM7C8YV	Plicamycin	Approved	34.0	.	.	.	.	Large cell lung carcinoma	SYNERGxDB Database	Investigative	NCI-H460	2.11	5.34	4.66	4.94	2
DCF0Q6H	DMRICNP	Vandetanib	Approved	34.0	DM7C8YV	Plicamycin	Approved	34.0	.	.	.	.	Minimally invasive lung adenocarcinoma	SYNERGxDB Database	Investigative	NCI-H322M	7.66	10.52	9.2	10.17	2
DCLKO24	DMRICNP	Vandetanib	Approved	34.0	DM7HXWT	Nilotinib	Approved	34.0	.	.	.	.	Large cell lung carcinoma	SYNERGxDB Database	Investigative	NCI-H460	9.11	7.14	9.89	7.1	2
DCGRZFS	DMRICNP	Vandetanib	Approved	34.0	DM7NKEV	Thioguanine	Preclinical	2.1	.	.	.	.	Lung adenocarcinoma	SYNERGxDB Database	Investigative	EKVX	0.51	8.78	10.48	11.24	2
DCCZR9X	DMRICNP	Vandetanib	Approved	34.0	DM7NKEV	Thioguanine	Preclinical	2.1	.	.	.	.	Lung adenocarcinoma	SYNERGxDB Database	Investigative	MDA-MB-231	0.28	4.85	5.85	8.2	2
DC1HNBI	DMRICNP	Vandetanib	Approved	34.0	DM9WLN4	10-hydroxycamptothecin	Investigative	0.0	.	.	.	.	Lung adenocarcinoma	SYNERGxDB Database	Investigative	MDA-MB-231	5.25	6.23	7.25	9.98	2
DC7P5K1	DMRICNP	Vandetanib	Approved	34.0	DMAE6LK	Topetecan	Approved	34.0	.	.	.	.	Minimally invasive lung adenocarcinoma	SYNERGxDB Database	Investigative	NCI-H322M	0.73	1.34	0.41	0.81	2
DCYT4XJ	DMRICNP	Vandetanib	Approved	34.0	DMAH59S	Amonafide	Phase 3	25.0	.	.	.	.	Lung adenocarcinoma	SYNERGxDB Database	Investigative	MDA-MB-231	3.11	3.05	3.32	6.45	2
DC1SNWR	DMRICNP	Vandetanib	Approved	34.0	DMAO80I	Pralatrexate	Approved	34.0	.	.	.	.	Lung adenocarcinoma	SYNERGxDB Database	Investigative	MDA-MB-231	1.06	4.67	4.71	4.16	2
DC08761	DMRICNP	Vandetanib	Approved	34.0	DMAO80I	Pralatrexate	Approved	34.0	.	.	.	.	Lung adenocarcinoma	SYNERGxDB Database	Investigative	EKVX	2.08	2.6	0.71	4.79	2
DCCXAN8	DMRICNP	Vandetanib	Approved	34.0	DMC3P45	Terameprocol	Phase 2	21.0	.	.	.	.	Non-small cell lung carcinoma	SYNERGxDB Database	Investigative	HOP-92	6.03	7.68	0.82	8.12	2
DCMLQPH	DMRICNP	Vandetanib	Approved	34.0	DMCT3I8	Ifosfamide	Approved	34.0	.	.	.	.	Large cell lung carcinoma	SYNERGxDB Database	Investigative	NCI-H460	1.31	8.52	4.24	7.54	2
DCWFT5F	DMRICNP	Vandetanib	Approved	34.0	DMDI269	Docetaxel	Approved	34.0	.	.	.	.	Lung adenocarcinoma 	SYNERGxDB Database	Investigative	NCI-H522	3.23	7.72	6.76	10.68	2
DC9PBT3	DMRICNP	Vandetanib	Approved	34.0	DMDI269	Docetaxel	Approved	34.0	.	.	.	.	Minimally invasive lung adenocarcinoma	SYNERGxDB Database	Investigative	NCI-H322M	7.26	8.13	9.36	10.67	2
DC87WQD	DMRICNP	Vandetanib	Approved	34.0	DMDKF3M	Raloxifene	Approved	34.0	.	.	.	.	Lung adenocarcinoma	SYNERGxDB Database	Investigative	HOP-62	7.24	12.13	6.64	8.85	2
DCFS4UA	DMRICNP	Vandetanib	Approved	34.0	DMDKF3M	Raloxifene	Approved	34.0	.	.	.	.	Non-small cell lung carcinoma	SYNERGxDB Database	Investigative	HOP-92	2.17	6.54	4.31	7.53	2
DC50HLW	DMRICNP	Vandetanib	Approved	34.0	DMFH15Z	Bendamustine hydrochloride	Approved	34.0	.	.	.	.	Large cell lung carcinoma	SYNERGxDB Database	Investigative	NCI-H460	13.98	13.3	14.52	14.23	2
DC1KCWA	DMRICNP	Vandetanib	Approved	34.0	DMG2YBD	Trifluridine	Approved	34.0	.	.	.	.	Lung adenocarcinoma	SYNERGxDB Database	Investigative	HOP-62	0.57	6.69	5.03	6.94	2
DCR47OI	DMRICNP	Vandetanib	Approved	34.0	DMGW1ID	Sirolimus	Approved	34.0	.	.	.	.	Lung adenocarcinoma	SYNERGxDB Database	Investigative	HOP-62	5.64	9.45	8.22	10.07	2
DC2VQW4	DMRICNP	Vandetanib	Approved	34.0	DMGW1ID	Sirolimus	Approved	34.0	.	.	.	.	Lung adenocarcinoma	SYNERGxDB Database	Investigative	EKVX	0.67	1.27	0.67	7.69	2
DC8NJBS	DMRICNP	Vandetanib	Approved	34.0	DMGW1ID	Sirolimus	Approved	34.0	.	.	.	.	Lung adenocarcinoma	SYNERGxDB Database	Investigative	MDA-MB-231	0.68	2.78	5.77	7.6	2
DCW08WB	DMRICNP	Vandetanib	Approved	34.0	DMGW1ID	Sirolimus	Approved	34.0	.	.	.	.	Non-small cell lung carcinoma	SYNERGxDB Database	Investigative	HOP-92	4.04	4.97	6.31	9.75	2
DCF5JU8	DMRICNP	Vandetanib	Approved	34.0	DMH07Y3	Letrozole	Approved	34.0	.	.	.	.	Non-small cell lung carcinoma	SYNERGxDB Database	Investigative	HOP-92	0.72	3.57	5.85	5.78	2
DC8X83B	DMRICNP	Vandetanib	Approved	34.0	DMH0ZJE	Mitomycin	Approved	34.0	.	.	.	.	Lung adenocarcinoma	SYNERGxDB Database	Investigative	EKVX	4.82	8.21	0.71	7.99	2
DCVM8R0	DMRICNP	Vandetanib	Approved	34.0	DMHL7OB	Uracil mustard	Approved	34.0	.	.	.	.	Large cell lung carcinoma	SYNERGxDB Database	Investigative	NCI-H460	7.89	8.04	1.89	9.02	2
DCPP9MD	DMRICNP	Vandetanib	Approved	34.0	DMHL7OB	Uracil mustard	Approved	34.0	.	.	.	.	Lung adenocarcinoma	SYNERGxDB Database	Investigative	MDA-MB-231	0.03	6.96	6.38	7.84	2
DCLY8I5	DMRICNP	Vandetanib	Approved	34.0	DMHL7OB	Uracil mustard	Approved	34.0	.	.	.	.	Lung adenocarcinoma	SYNERGxDB Database	Investigative	HOP-62	7.88	7.38	0.61	4.37	2
DCGU6PU	DMRICNP	Vandetanib	Approved	34.0	DMHL7OB	Uracil mustard	Approved	34.0	.	.	.	.	Lung adenocarcinoma	SYNERGxDB Database	Investigative	EKVX	10.16	14.1	10.6	15.85	2
DC4XV0Z	DMRICNP	Vandetanib	Approved	34.0	DMHL7OB	Uracil mustard	Approved	34.0	.	.	.	.	Lung adenocarcinoma 	SYNERGxDB Database	Investigative	NCI-H522	10.95	14.43	15.98	16.92	2
DCC2CDD	DMRICNP	Vandetanib	Approved	34.0	DMHL7OB	Uracil mustard	Approved	34.0	.	.	.	.	Minimally invasive lung adenocarcinoma	SYNERGxDB Database	Investigative	NCI-H322M	8.06	11.22	8.14	11.71	2
DCZCZGO	DMRICNP	Vandetanib	Approved	34.0	DMHL7OB	Uracil mustard	Approved	34.0	.	.	.	.	Non-small cell lung carcinoma	SYNERGxDB Database	Investigative	HOP-92	8.66	9.87	11.6	12.27	2
DCEK1VY	DMRICNP	Vandetanib	Approved	34.0	DMINOX3	Vincristine	Approved	34.0	.	.	.	.	Lung adenocarcinoma	SYNERGxDB Database	Investigative	HOP-62	6.47	9.19	0.91	7.32	2
DC5OBRW	DMRICNP	Vandetanib	Approved	34.0	DMINOX3	Vincristine	Approved	34.0	.	.	.	.	Lung adenocarcinoma 	SYNERGxDB Database	Investigative	NCI-H522	2.72	4.86	2.19	6.7	2
DCF7P2N	DMRICNP	Vandetanib	Approved	34.0	DMJ7NVI	BIO-300	Phase 1/2	19.0	.	.	.	.	Large cell lung carcinoma	SYNERGxDB Database	Investigative	NCI-H460	8.55	7.26	3.34	8.76	2
DCES9SL	DMRICNP	Vandetanib	Approved	34.0	DMJ7NVI	BIO-300	Phase 1/2	19.0	.	.	.	.	Lung adenocarcinoma	SYNERGxDB Database	Investigative	MDA-MB-231	10.08	9	8.64	11.86	2
DCTP3ND	DMRICNP	Vandetanib	Approved	34.0	DMJ7NVI	BIO-300	Phase 1/2	19.0	.	.	.	.	Lung adenocarcinoma	SYNERGxDB Database	Investigative	HOP-62	13.36	10.12	7.38	10.37	2
DCVEIY9	DMRICNP	Vandetanib	Approved	34.0	DMJ7NVI	BIO-300	Phase 1/2	19.0	.	.	.	.	Lung adenocarcinoma	SYNERGxDB Database	Investigative	EKVX	11.34	9.57	4.77	14.03	2
DC4IQGZ	DMRICNP	Vandetanib	Approved	34.0	DMJ7NVI	BIO-300	Phase 1/2	19.0	.	.	.	.	Lung adenocarcinoma 	SYNERGxDB Database	Investigative	NCI-H522	6.76	8.55	8.13	11.99	2
DC4FEHL	DMRICNP	Vandetanib	Approved	34.0	DMJ7NVI	BIO-300	Phase 1/2	19.0	.	.	.	.	Minimally invasive lung adenocarcinoma	SYNERGxDB Database	Investigative	NCI-H322M	5.7	4.77	5.88	7.62	2
DCWYOQ0	DMRICNP	Vandetanib	Approved	34.0	DMJ7NVI	BIO-300	Phase 1/2	19.0	.	.	.	.	Non-small cell lung carcinoma	SYNERGxDB Database	Investigative	HOP-92	8.78	8.63	2.73	11.93	2
DCPIJB1	DMRICNP	Vandetanib	Approved	34.0	DMKLAYG	Altretamine	Approved	34.0	.	.	.	.	Large cell lung carcinoma	SYNERGxDB Database	Investigative	NCI-H460	5.22	6.74	1	3.46	2
DCDHR49	DMRICNP	Vandetanib	Approved	34.0	DMLWYJB	JNK-IN-8	Investigative	0.0	.	.	.	.	Non-small cell lung carcinoma	SYNERGxDB Database	Investigative	HOP-92	2.18	3.33	4.96	5.53	2
DCP31KX	DMRICNP	Vandetanib	Approved	34.0	DMM1I8R	Indazole derivative 5	Patented	15.5	.	.	.	.	Lung adenocarcinoma	SYNERGxDB Database	Investigative	HOP-62	1.92	7.41	2.46	4.46	2
DC38O51	DMRICNP	Vandetanib	Approved	34.0	DMM1I8R	Indazole derivative 5	Patented	15.5	.	.	.	.	Non-small cell lung carcinoma	SYNERGxDB Database	Investigative	HOP-92	3.3	5.26	1.68	4.6	2
DCXC1NC	DMRICNP	Vandetanib	Approved	34.0	DM7RJXL	Imatinib	Phase 3 Trial	25.0	.	.	.	.	Large cell lung carcinoma	SYNERGxDB Database	Investigative	NCI-H460	8.56	15.45	12.04	14.02	2
DCINPM3	DMRICNP	Vandetanib	Approved	34.0	DMNER5S	Bleomycin	Approved	34.0	.	.	.	.	Large cell lung carcinoma	SYNERGxDB Database	Investigative	NCI-H460	7.47	7.37	4.22	8.84	2
DCLUJ8N	DMRICNP	Vandetanib	Approved	34.0	DMNER5S	Bleomycin	Approved	34.0	.	.	.	.	Lung adenocarcinoma	SYNERGxDB Database	Investigative	MDA-MB-231	7.45	9.19	10.34	12.84	2
DCB9YS4	DMRICNP	Vandetanib	Approved	34.0	DMNER5S	Bleomycin	Approved	34.0	.	.	.	.	Lung adenocarcinoma	SYNERGxDB Database	Investigative	EKVX	2.79	7.65	11.38	11.64	2
DCREE1I	DMRICNP	Vandetanib	Approved	34.0	DMNER5S	Bleomycin	Approved	34.0	.	.	.	.	Non-small cell lung carcinoma	SYNERGxDB Database	Investigative	HOP-92	4.68	3.64	3.37	7.64	2
DCWCMHA	DMRICNP	Vandetanib	Approved	34.0	DMNP60F	Anastrozole	Approved	34.0	.	.	.	.	Non-small cell lung carcinoma	SYNERGxDB Database	Investigative	HOP-92	6.84	6.06	7.47	7.28	2
DCVB2HM	DMRICNP	Vandetanib	Approved	34.0	DMOYJFK	Valrubicin	Approved	34.0	.	.	.	.	Lung adenocarcinoma	SYNERGxDB Database	Investigative	HOP-62	0.11	6.91	6.24	6.38	2
DCA0EVL	DMRICNP	Vandetanib	Approved	34.0	DMOYJFK	Valrubicin	Approved	34.0	.	.	.	.	Non-small cell lung carcinoma	SYNERGxDB Database	Investigative	HOP-92	0.97	3.2	5.63	5.5	2
DCV2CSN	DMRICNP	Vandetanib	Approved	34.0	DMP6G8T	Topotecan	Approved	34.0	.	.	.	.	Minimally invasive lung adenocarcinoma	SYNERGxDB Database	Investigative	NCI-H322M	5.58	5.83	6.96	10.1	2
DCID18C	DMRICNP	Vandetanib	Approved	34.0	DMP6G8T	Topotecan	Approved	34.0	.	.	.	.	Non-small cell lung carcinoma	SYNERGxDB Database	Investigative	HOP-92	2.15	0.17	4.6	5.53	2
DCYDPAX	DMRICNP	Vandetanib	Approved	34.0	DMPAZHC	Cabazitaxel	Approved	34.0	.	.	.	.	Lung adenocarcinoma	SYNERGxDB Database	Investigative	HOP-62	18.44	19.07	16.73	19.28	2
DCNUFD8	DMRICNP	Vandetanib	Approved	34.0	DMPAZHC	Cabazitaxel	Approved	34.0	.	.	.	.	Lung adenocarcinoma	SYNERGxDB Database	Investigative	EKVX	15.52	14.91	7.71	20.06	2
DC0Z95E	DMRICNP	Vandetanib	Approved	34.0	DMPAZHC	Cabazitaxel	Approved	34.0	.	.	.	.	Lung adenocarcinoma	SYNERGxDB Database	Investigative	MDA-MB-231	4.05	4.02	3.98	6.95	2
DCB2BK0	DMRICNP	Vandetanib	Approved	34.0	DMRHGI9	Cisplatin	Approved	34.0	.	.	.	.	Large cell lung carcinoma	SYNERGxDB Database	Investigative	NCI-H460	4.69	9.01	5.97	7.7	2
DC0PRXQ	DMRICNP	Vandetanib	Approved	34.0	DMT5GNL	Romidepsin	Approved	34.0	.	.	.	.	Lung adenocarcinoma	SYNERGxDB Database	Investigative	EKVX	12.32	13.03	14.39	17.08	2
DCPY3TK	DMRICNP	Vandetanib	Approved	34.0	DMTA5OE	Azacitidine	Approved	34.0	.	.	.	.	Non-small cell lung carcinoma	SYNERGxDB Database	Investigative	HOP-92	2.23	5.87	7.75	8.23	2
DCFM3T5	DMRICNP	Vandetanib	Approved	34.0	DMUOT9V	Taxol	Approved	34.0	.	.	.	.	Lung adenocarcinoma	SYNERGxDB Database	Investigative	MDA-MB-231	6.24	6.54	6.56	9.95	2
DC7A7SM	DMRICNP	Vandetanib	Approved	34.0	DMUOT9V	Taxol	Approved	34.0	.	.	.	.	Lung adenocarcinoma 	SYNERGxDB Database	Investigative	NCI-H522	2.41	4.26	1.7	6.41	2
DCX9SN2	DMRICNP	Vandetanib	Approved	34.0	DMUOT9V	Taxol	Approved	34.0	.	.	.	.	Minimally invasive lung adenocarcinoma	SYNERGxDB Database	Investigative	NCI-H322M	7.92	8.66	9.24	11.22	2
DC4074P	DMRICNP	Vandetanib	Approved	34.0	DMUOT9V	Taxol	Approved	34.0	.	.	.	.	Non-small cell lung carcinoma	SYNERGxDB Database	Investigative	HOP-92	5.15	4.48	3.42	7.05	2
DCRGCYH	DMRICNP	Vandetanib	Approved	34.0	DMWIDJK	FORMESTANE	Withdrawn from market	12.0	.	.	.	.	Non-small cell lung carcinoma	SYNERGxDB Database	Investigative	HOP-92	2.36	6.79	7.06	8.29	2
DCHNO8T	DMRICNP	Vandetanib	Approved	34.0	DMWTAOI	Estramustine	Approved	34.0	.	.	.	.	Large cell lung carcinoma	SYNERGxDB Database	Investigative	NCI-H460	2.3	3.81	4.48	5.52	2
DCEBV1D	DMRICNP	Vandetanib	Approved	34.0	DMWTAOI	Estramustine	Approved	34.0	.	.	.	.	Non-small cell lung carcinoma	SYNERGxDB Database	Investigative	HOP-92	0.79	1.88	3.55	4.94	2
DC0Z9M2	DMRICNP	Vandetanib	Approved	34.0	DMJV2EK	Dasatinib	Investigative	0.0	.	.	.	.	Large cell lung carcinoma	SYNERGxDB Database	Investigative	NCI-H460	9.16	17.26	16.28	16.56	2
DCJZ1TI	DMRICNP	Vandetanib	Approved	34.0	DMJV2EK	Dasatinib	Investigative	0.0	.	.	.	.	Lung adenocarcinoma	SYNERGxDB Database	Investigative	HOP-62	4.36	16.14	15.65	16.08	2
DCHFNKX	DMRICNP	Vandetanib	Approved	34.0	DMJV2EK	Dasatinib	Investigative	0.0	.	.	.	.	Lung adenocarcinoma	SYNERGxDB Database	Investigative	EKVX	3.92	2.71	5.04	5.99	2
DCELTOI	DMRICNP	Vandetanib	Approved	34.0	DMJV2EK	Dasatinib	Investigative	0.0	.	.	.	.	Lung adenocarcinoma	SYNERGxDB Database	Investigative	MDA-MB-231	13.14	13.56	14.09	16.95	2
DC0FS0P	DMRICNP	Vandetanib	Approved	34.0	DMJV2EK	Dasatinib	Investigative	0.0	.	.	.	.	Minimally invasive lung adenocarcinoma	SYNERGxDB Database	Investigative	NCI-H322M	3.75	4.88	4.44	5.36	2
DCMSHIR	DMRICNP	Vandetanib	Approved	34.0	DMJV2EK	Dasatinib	Investigative	0.0	.	.	.	.	Non-small cell lung carcinoma	SYNERGxDB Database	Investigative	HOP-92	7.8	10.69	13.54	14.04	2
DCI3BRO	DMVXFYE	Vinorelbine	Approved	34.0	DMY4UMW	Atovaquone	Approved	34.0	.	.	.	.	Locally Advanced Non-Small Cell Lung Cancer	ClinicalTrials.gov	Phase 1	.	.	.	.	.	2
DCPCD2U	DMVXFYE	Vinorelbine	Approved	34.0	DM27D4J	PD-0325901	Phase 2	21.0	.	.	.	.	Large cell lung carcinoma	SYNERGxDB Database	Investigative	NCI-H460	17.42	16.19	12.99	18.11	2
DCO56IC	DMVXFYE	Vinorelbine	Approved	34.0	DM3BH1Y	Lapatinib	Approved	34.0	.	.	.	.	Large cell lung carcinoma	SYNERGxDB Database	Investigative	NCI-H460	8.32	8.2	6.16	12.11	2
DC9W253	DMVXFYE	Vinorelbine	Approved	34.0	DM3WDZ5	MK-1775	Phase 2	21.0	.	.	.	.	Large cell lung carcinoma	SYNERGxDB Database	Investigative	NCI-H460	4.3	4.96	2.93	8.91	2
DCDJYOB	DMVXFYE	Vinorelbine	Approved	34.0	DM4DOUB	PMID28460551-Compound-2	Patented	15.5	.	.	.	.	Large cell lung carcinoma	SYNERGxDB Database	Investigative	NCI-H460	8.39	5.73	3.36	9.98	2
DCB8YDX	DMVXFYE	Vinorelbine	Approved	34.0	DM62QTW	RTB101	Phase 3	25.0	.	.	.	.	Large cell lung carcinoma	SYNERGxDB Database	Investigative	NCI-H460	7.73	4.87	5.69	9.19	2
DCJVZLO	DMVXFYE	Vinorelbine	Approved	34.0	DM67EMK	SCH-900776	Phase 2	21.0	.	.	.	.	Large cell lung carcinoma	SYNERGxDB Database	Investigative	NCI-H460	2.75	2.49	3.59	5.01	2
DCCXUQ9	DMVXFYE	Vinorelbine	Approved	34.0	DMB5A80	SNX-2112	Investigative	0.0	.	.	.	.	Large cell lung carcinoma	SYNERGxDB Database	Investigative	NCI-H460	2.47	2.01	0.27	4.5	2
DCGLC5I	DMVXFYE	Vinorelbine	Approved	34.0	DMCJLD1	SCH 727965	Discontinued in Phase 3	9.0	.	.	.	.	Large cell lung carcinoma	SYNERGxDB Database	Investigative	NCI-H460	7	4.79	1.59	8.68	2
DCB384L	DMVXFYE	Vinorelbine	Approved	34.0	DMCMBHA	Erlotinib	Approved	34.0	.	.	.	.	Large cell lung carcinoma	SYNERGxDB Database	Investigative	NCI-H460	5.73	7.36	4.29	11.3	2
DCRU0NP	DMVXFYE	Vinorelbine	Approved	34.0	DMFGYKS	MK-5108	Phase 1	17.0	.	.	.	.	Large cell lung carcinoma	SYNERGxDB Database	Investigative	NCI-H460	8.19	5.78	1.73	9.61	2
DC5YA49	DMVXFYE	Vinorelbine	Approved	34.0	DMLHEU7	Ridaforolimus	Phase 3	25.0	.	.	.	.	Large cell lung carcinoma	SYNERGxDB Database	Investigative	NCI-H460	7.52	7.04	4.12	9.1	2
DCU4KVY	DMVXFYE	Vinorelbine	Approved	34.0	DMLYGH4	MK-4827	Phase 3	25.0	.	.	.	.	Large cell lung carcinoma	SYNERGxDB Database	Investigative	NCI-H460	0.85	2.79	3.1	5.93	2
DCP2R0W	DMVXFYE	Vinorelbine	Approved	34.0	DMNO38U	Bortezomib	Approved	34.0	.	.	.	.	Large cell lung carcinoma	SYNERGxDB Database	Investigative	NCI-H460	6.26	3.79	2.7	6.01	2
DCZ55Y7	DMVXFYE	Vinorelbine	Approved	34.0	DMS8IFC	Sorafenib	Approved	34.0	.	.	.	.	Large cell lung carcinoma	SYNERGxDB Database	Investigative	NCI-H460	5.33	5.33	1.65	9.1	2
DCNPEC2	DMVXFYE	Vinorelbine	Approved	34.0	DMT1OZ6	MK-2206	Phase 2	21.0	.	.	.	.	Large cell lung carcinoma	SYNERGxDB Database	Investigative	NCI-H460	4.73	4.76	1.92	8.67	2
DC5MMFN	DMM0XGL	Idarubicin	Approved	34.0	DM27D4J	PD-0325901	Phase 2	21.0	.	.	.	.	Large cell lung carcinoma	SYNERGxDB Database	Investigative	NCI-H460	7.88	10.31	1.22	12.15	2
DCFXD31	DMM0XGL	Idarubicin	Approved	34.0	DM3BH1Y	Lapatinib	Approved	34.0	.	.	.	.	Large cell lung carcinoma	SYNERGxDB Database	Investigative	NCI-H460	1.19	3.23	5.59	5.72	2
DCWEZ0T	DMM0XGL	Idarubicin	Approved	34.0	DM3WDZ5	MK-1775	Phase 2	21.0	.	.	.	.	Large cell lung carcinoma	SYNERGxDB Database	Investigative	NCI-H460	19.71	19.97	22.38	22.65	2
DCIFA5M	DMM0XGL	Idarubicin	Approved	34.0	DM4O2Z7	Cyclophosphamide	Approved	34.0	.	.	.	.	Non-small cell lung carcinoma	SYNERGxDB Database	Investigative	HOP-92	2.92	4.27	2.22	0.1	2
DCNPKG5	DMM0XGL	Idarubicin	Approved	34.0	DM5JVS3	Isoniazid	Approved	34.0	.	.	.	.	Lung adenocarcinoma	SYNERGxDB Database	Investigative	MDA-MB-231	3.81	6.38	1.73	1.08	2
DC5SFRT	DMM0XGL	Idarubicin	Approved	34.0	DM5JVS3	Isoniazid	Approved	34.0	.	.	.	.	Non-small cell lung carcinoma	SYNERGxDB Database	Investigative	HOP-92	5	11.46	3.56	3.56	2
DCN1NCB	DMM0XGL	Idarubicin	Approved	34.0	DM62QTW	RTB101	Phase 3	25.0	.	.	.	.	Large cell lung carcinoma	SYNERGxDB Database	Investigative	NCI-H460	3.35	0.28	1.08	4.15	2
DCL7PM8	DMM0XGL	Idarubicin	Approved	34.0	DM67EMK	SCH-900776	Phase 2	21.0	.	.	.	.	Large cell lung carcinoma	SYNERGxDB Database	Investigative	NCI-H460	4.47	7.46	7.52	9.79	2
DCQ2IOS	DMM0XGL	Idarubicin	Approved	34.0	DM7HXWT	Nilotinib	Approved	34.0	.	.	.	.	Lung adenocarcinoma	SYNERGxDB Database	Investigative	HOP-62	5.68	8.26	8.93	9.39	2
DCPGEBZ	DMM0XGL	Idarubicin	Approved	34.0	DMC3P45	Terameprocol	Phase 2	21.0	.	.	.	.	Non-small cell lung carcinoma	SYNERGxDB Database	Investigative	HOP-92	2.14	3.88	0.84	0.5	2
DCYJ7YF	DMM0XGL	Idarubicin	Approved	34.0	DMCMBHA	Erlotinib	Approved	34.0	.	.	.	.	Large cell lung carcinoma	SYNERGxDB Database	Investigative	NCI-H460	1.68	3.86	5.32	7.17	2
DCFNPUY	DMM0XGL	Idarubicin	Approved	34.0	DMKLAYG	Altretamine	Approved	34.0	.	.	.	.	Lung adenocarcinoma	SYNERGxDB Database	Investigative	EKVX	0.31	2.43	0.3	0.24	2
DCOWXNO	DMM0XGL	Idarubicin	Approved	34.0	DMKLAYG	Altretamine	Approved	34.0	.	.	.	.	Lung adenocarcinoma 	SYNERGxDB Database	Investigative	NCI-H522	1.07	2.16	0.28	0.45	2
DCZ8RF3	DMM0XGL	Idarubicin	Approved	34.0	DMLHEU7	Ridaforolimus	Phase 3	25.0	.	.	.	.	Large cell lung carcinoma	SYNERGxDB Database	Investigative	NCI-H460	5.12	5.01	1.28	6.61	2
DCG6FPC	DMM0XGL	Idarubicin	Approved	34.0	DMLNFWU	TEM	Phase 2	21.0	.	.	.	.	Lung adenocarcinoma 	SYNERGxDB Database	Investigative	NCI-H522	0.25	1.71	0.82	1.09	2
DCSSAKR	DMM0XGL	Idarubicin	Approved	34.0	DMLYGH4	MK-4827	Phase 3	25.0	.	.	.	.	Large cell lung carcinoma	SYNERGxDB Database	Investigative	NCI-H460	8.51	14.07	16.17	16.21	2
DCGGFG6	DMM0XGL	Idarubicin	Approved	34.0	DMPAWBN	GSK525762	Phase 1	17.0	.	.	.	.	Large cell lung carcinoma	SYNERGxDB Database	Investigative	NCI-H460	3.48	4.52	6.2	6.43	2
DCW8ZRK	DMM0XGL	Idarubicin	Approved	34.0	DMS8IFC	Sorafenib	Approved	34.0	.	.	.	.	Large cell lung carcinoma	SYNERGxDB Database	Investigative	NCI-H460	4.77	6.46	2.25	9.16	2
DCE72CT	DMM0XGL	Idarubicin	Approved	34.0	DMS8IFC	Sorafenib	Approved	34.0	.	.	.	.	Lung adenocarcinoma	SYNERGxDB Database	Investigative	MDA-MB-231	2.54	4.82	0.69	0.51	2
DCPY550	DMM0XGL	Idarubicin	Approved	34.0	DMSG91J	ER819762	Investigative	0.0	.	.	.	.	Lung adenocarcinoma	SYNERGxDB Database	Investigative	EKVX	1.47	3.62	0.2	0.05	2
DC3AL14	DMM0XGL	Idarubicin	Approved	34.0	DMT1OZ6	MK-2206	Phase 2	21.0	.	.	.	.	Large cell lung carcinoma	SYNERGxDB Database	Investigative	NCI-H460	3.61	8.44	10.93	11.52	2
DCVIIHX	DMM0XGL	Idarubicin	Approved	34.0	DMWMPD4	Vorinostat	Approved	34.0	.	.	.	.	Large cell lung carcinoma	SYNERGxDB Database	Investigative	NCI-H460	4.46	2.53	0.83	5.12	2
DC3PT24	DMM0XGL	Idarubicin	Approved	34.0	DMJV2EK	Dasatinib	Investigative	0.0	.	.	.	.	Large cell lung carcinoma	SYNERGxDB Database	Investigative	NCI-H460	2.39	3.93	6.17	6.24	2
DCX5UAT	DMVP5YE	Doxorubicin	Approved	34.0	DM27D4J	PD-0325901	Phase 2	21.0	.	.	.	.	Large cell lung carcinoma	DrugCombDB Database	Investigative	NCI-H460	5.01	4.23	1.7	6.68	2
DC6K0F3	DMVP5YE	Doxorubicin	Approved	34.0	DM4DOUB	PMID28460551-Compound-2	Patented	15.5	.	.	.	.	Large cell lung carcinoma	DrugCombDB Database	Investigative	NCI-H460	5.3	4.32	3.36	9.7	2
DCNFOT4	DMVP5YE	Doxorubicin	Approved	34.0	DM62QTW	RTB101	Phase 3	25.0	.	.	.	.	Large cell lung carcinoma	DrugCombDB Database	Investigative	NCI-H460	4.99	3.97	8.16	12.25	2
DCORGDA	DMVP5YE	Doxorubicin	Approved	34.0	DM67EMK	SCH-900776	Phase 2	21.0	.	.	.	.	Large cell lung carcinoma	DrugCombDB Database	Investigative	NCI-H460	3.24	2.47	3.07	5.14	2
DC0CBLL	DMVP5YE	Doxorubicin	Approved	34.0	DMB5A80	SNX-2112	Investigative	0.0	.	.	.	.	Large cell lung carcinoma	DrugCombDB Database	Investigative	NCI-H460	3.97	3.28	2.89	6.57	2
DCDJWLC	DMVP5YE	Doxorubicin	Approved	34.0	DMCMBHA	Erlotinib	Approved	34.0	.	.	.	.	Large cell lung carcinoma	DrugCombDB Database	Investigative	NCI-H460	2.49	1.46	3.02	7.03	2
DCUJSE8	DMVP5YE	Doxorubicin	Approved	34.0	DMLHEU7	Ridaforolimus	Phase 3	25.0	.	.	.	.	Large cell lung carcinoma	DrugCombDB Database	Investigative	NCI-H460	3.36	3.11	1.33	5.81	2
DCZ15QI	DMVP5YE	Doxorubicin	Approved	34.0	DMLYGH4	MK-4827	Phase 3	25.0	.	.	.	.	Large cell lung carcinoma	DrugCombDB Database	Investigative	NCI-H460	1.54	0.6	0.91	2.55	2
DCEMI5S	DMVP5YE	Doxorubicin	Approved	34.0	DMNO38U	Bortezomib	Approved	34.0	.	.	.	.	Large cell lung carcinoma	DrugCombDB Database	Investigative	NCI-H460	1.13	0.52	0.19	3.32	2
DCLY6OR	DMVP5YE	Doxorubicin	Approved	34.0	DMS8IFC	Sorafenib	Approved	34.0	.	.	.	.	Large cell lung carcinoma	DrugCombDB Database	Investigative	NCI-H460	2.76	2.63	1.51	9.3	2
DCNNII9	DMVP5YE	Doxorubicin	Approved	34.0	DMT1OZ6	MK-2206	Phase 2	21.0	.	.	.	.	Large cell lung carcinoma	DrugCombDB Database	Investigative	NCI-H460	7.54	6.81	3.85	12.12	2
DCEENUE	DMM1I8R	Indazole derivative 5	Patented	15.5	DM0HXDS	Pentostatin	Approved	34.0	.	.	.	.	Lung adenocarcinoma	SYNERGxDB Database	Investigative	HOP-62	1.23	5.66	3.03	3.03	2
DCTUXBK	DMM1I8R	Indazole derivative 5	Patented	15.5	DM0HXDS	Pentostatin	Approved	34.0	.	.	.	.	Lung adenocarcinoma	SYNERGxDB Database	Investigative	MDA-MB-231	1.63	4.63	1.72	1.28	2
DCQ3ZUH	DMM1I8R	Indazole derivative 5	Patented	15.5	DM0HXDS	Pentostatin	Approved	34.0	.	.	.	.	Minimally invasive lung adenocarcinoma	SYNERGxDB Database	Investigative	NCI-H322M	1.82	3.28	2.59	2.75	2
DC6BKTF	DMM1I8R	Indazole derivative 5	Patented	15.5	DM0PIY6	Picoplatin	Phase 3	25.0	.	.	.	.	Non-small cell lung carcinoma	SYNERGxDB Database	Investigative	HOP-92	1.43	2.86	3.02	0.93	2
DCORU04	DMM1I8R	Indazole derivative 5	Patented	15.5	DM0YZC6	Fulvestrant	Approved	34.0	.	.	.	.	Lung adenocarcinoma	SYNERGxDB Database	Investigative	HOP-62	4.19	8.54	5.88	5.88	2
DC4MJKQ	DMM1I8R	Indazole derivative 5	Patented	15.5	DM15F0X	Gefitinib	Approved	34.0	.	.	.	.	Lung adenocarcinoma	SYNERGxDB Database	Investigative	HOP-62	1.46	8.36	5.45	5.89	2
DCOZK7B	DMM1I8R	Indazole derivative 5	Patented	15.5	DM15F0X	Gefitinib	Approved	34.0	.	.	.	.	Lung adenocarcinoma	SYNERGxDB Database	Investigative	EKVX	2.93	3.73	5.46	6.52	2
DC5K9RP	DMM1I8R	Indazole derivative 5	Patented	15.5	DM15F0X	Gefitinib	Approved	34.0	.	.	.	.	Lung adenocarcinoma 	SYNERGxDB Database	Investigative	NCI-H522	4.88	6.54	5.28	8.69	2
DCK4N64	DMM1I8R	Indazole derivative 5	Patented	15.5	DM15F0X	Gefitinib	Approved	34.0	.	.	.	.	Non-small cell lung carcinoma	SYNERGxDB Database	Investigative	HOP-92	2.96	7.66	5.95	7.34	2
DCOCUF1	DMM1I8R	Indazole derivative 5	Patented	15.5	DM7Q98D	Ruxolitinib	Phase 3 Trial	25.0	.	.	.	.	Lung adenocarcinoma	SYNERGxDB Database	Investigative	HOP-62	2.95	4.97	2.26	1.07	2
DC9ELFW	DMM1I8R	Indazole derivative 5	Patented	15.5	DM7Q98D	Ruxolitinib	Phase 3 Trial	25.0	.	.	.	.	Minimally invasive lung adenocarcinoma	SYNERGxDB Database	Investigative	NCI-H322M	0.24	2.61	2.04	1.15	2
DCUNQTL	DMM1I8R	Indazole derivative 5	Patented	15.5	DM2OZ3G	Ixabepilone	Approved	34.0	.	.	.	.	Lung adenocarcinoma	SYNERGxDB Database	Investigative	EKVX	0.87	3.84	3.54	3.04	2
DC67G6T	DMM1I8R	Indazole derivative 5	Patented	15.5	DM2OZ3G	Ixabepilone	Approved	34.0	.	.	.	.	Minimally invasive lung adenocarcinoma	SYNERGxDB Database	Investigative	NCI-H322M	2.2	3.57	1.47	2.27	2
DCGRP4E	DMM1I8R	Indazole derivative 5	Patented	15.5	DM2YGNW	Dactinomycin	Approved	34.0	.	.	.	.	Large cell lung carcinoma	SYNERGxDB Database	Investigative	NCI-H460	6.54	11.03	9.47	9.59	2
DC38C9P	DMM1I8R	Indazole derivative 5	Patented	15.5	DM2YGNW	Dactinomycin	Approved	34.0	.	.	.	.	Lung adenocarcinoma	SYNERGxDB Database	Investigative	MDA-MB-231	6.8	7.34	4.1	3.73	2
DCD97AG	DMM1I8R	Indazole derivative 5	Patented	15.5	DM2YGNW	Dactinomycin	Approved	34.0	.	.	.	.	Lung adenocarcinoma	SYNERGxDB Database	Investigative	HOP-62	5.59	10.58	6.78	7.94	2
DCOWYXD	DMM1I8R	Indazole derivative 5	Patented	15.5	DM2YGNW	Dactinomycin	Approved	34.0	.	.	.	.	Lung adenocarcinoma	SYNERGxDB Database	Investigative	EKVX	5.38	9.72	9.35	8.88	2
DCVANDD	DMM1I8R	Indazole derivative 5	Patented	15.5	DM2YGNW	Dactinomycin	Approved	34.0	.	.	.	.	Lung adenocarcinoma 	SYNERGxDB Database	Investigative	NCI-H522	3.79	9.12	8.94	8.57	2
DCAFBC7	DMM1I8R	Indazole derivative 5	Patented	15.5	DM2YGNW	Dactinomycin	Approved	34.0	.	.	.	.	Minimally invasive lung adenocarcinoma	SYNERGxDB Database	Investigative	NCI-H322M	7.21	14.35	13.24	12.21	2
DCWIU2H	DMM1I8R	Indazole derivative 5	Patented	15.5	DM2YGNW	Dactinomycin	Approved	34.0	.	.	.	.	Non-small cell lung carcinoma	SYNERGxDB Database	Investigative	HOP-92	7.6	11.77	10.97	10.24	2
DCX0IL5	DMM1I8R	Indazole derivative 5	Patented	15.5	DM3BF9B	DFN-15	Phase 3	25.0	.	.	.	.	Lung adenocarcinoma	SYNERGxDB Database	Investigative	HOP-62	1.7	6.15	3.1	3.3	2
DCWW6BL	DMM1I8R	Indazole derivative 5	Patented	15.5	DM3BF9B	DFN-15	Phase 3	25.0	.	.	.	.	Non-small cell lung carcinoma	SYNERGxDB Database	Investigative	HOP-92	0.65	0.77	0.14	0.1	2
DC8XI4I	DMM1I8R	Indazole derivative 5	Patented	15.5	DM3BH1Y	Lapatinib	Approved	34.0	.	.	.	.	Large cell lung carcinoma	SYNERGxDB Database	Investigative	NCI-H460	3.79	4.06	2.9	4.1	2
DCWAL30	DMM1I8R	Indazole derivative 5	Patented	15.5	DM3BH1Y	Lapatinib	Approved	34.0	.	.	.	.	Lung adenocarcinoma	SYNERGxDB Database	Investigative	HOP-62	0.72	3.51	0.86	0.86	2
DCL4ET4	DMM1I8R	Indazole derivative 5	Patented	15.5	DM4DOUB	PMID28460551-Compound-2	Patented	15.5	.	.	.	.	Lung adenocarcinoma	SYNERGxDB Database	Investigative	MDA-MB-231	19.64	19.19	10.22	15.55	2
DC5GSAQ	DMM1I8R	Indazole derivative 5	Patented	15.5	DM4F29C	Crizotinib	Approved	34.0	.	.	.	.	Minimally invasive lung adenocarcinoma	SYNERGxDB Database	Investigative	NCI-H322M	1.14	3.18	1.47	0.5	2
DCBSWML	DMM1I8R	Indazole derivative 5	Patented	15.5	DM5IXKQ	Vismodegib	Approved	34.0	.	.	.	.	Lung adenocarcinoma	SYNERGxDB Database	Investigative	MDA-MB-231	3.69	8.31	4.29	4.46	2
DCG1728	DMM1I8R	Indazole derivative 5	Patented	15.5	DM6Q7U4	Lenalidomide	Phase 3 Trial	25.0	.	.	.	.	Lung adenocarcinoma	SYNERGxDB Database	Investigative	HOP-62	2.91	3.07	0.55	0.55	2
DC4DQKT	DMM1I8R	Indazole derivative 5	Patented	15.5	DM7C8YV	Plicamycin	Approved	34.0	.	.	.	.	Lung adenocarcinoma	SYNERGxDB Database	Investigative	MDA-MB-231	1.59	4.52	1.57	1.22	2
DC3LJKY	DMM1I8R	Indazole derivative 5	Patented	15.5	DM7C8YV	Plicamycin	Approved	34.0	.	.	.	.	Minimally invasive lung adenocarcinoma	SYNERGxDB Database	Investigative	NCI-H322M	1.4	3.72	3.39	2.1	2
DCNWOFG	DMM1I8R	Indazole derivative 5	Patented	15.5	DM7HXWT	Nilotinib	Approved	34.0	.	.	.	.	Large cell lung carcinoma	SYNERGxDB Database	Investigative	NCI-H460	5.65	6	5.82	5.35	2
DCU11K4	DMM1I8R	Indazole derivative 5	Patented	15.5	DM7HXWT	Nilotinib	Approved	34.0	.	.	.	.	Lung adenocarcinoma	SYNERGxDB Database	Investigative	HOP-62	1.54	4.7	1.6	1.77	2
DCR2P4D	DMM1I8R	Indazole derivative 5	Patented	15.5	DM7NKEV	Thioguanine	Preclinical	2.1	.	.	.	.	Minimally invasive lung adenocarcinoma	SYNERGxDB Database	Investigative	NCI-H322M	2.69	3.79	2.26	1.36	2
DCPIDXI	DMM1I8R	Indazole derivative 5	Patented	15.5	DM7XZY5	Triapine	Phase 2	21.0	.	.	.	.	Large cell lung carcinoma	SYNERGxDB Database	Investigative	NCI-H460	0.62	1.41	2.01	2.55	2
DCHXB5F	DMM1I8R	Indazole derivative 5	Patented	15.5	DM8V75C	ABIRATERONE	Approved	34.0	.	.	.	.	Lung adenocarcinoma	SYNERGxDB Database	Investigative	HOP-62	1.49	5.4	1.15	2.02	2
DC0UAJZ	DMM1I8R	Indazole derivative 5	Patented	15.5	DM9WLN4	10-hydroxycamptothecin	Investigative	0.0	.	.	.	.	Large cell lung carcinoma	SYNERGxDB Database	Investigative	NCI-H460	3.15	7.81	5.44	8.16	2
DCH4LEY	DMM1I8R	Indazole derivative 5	Patented	15.5	DM9WLN4	10-hydroxycamptothecin	Investigative	0.0	.	.	.	.	Lung adenocarcinoma 	SYNERGxDB Database	Investigative	NCI-H522	1.17	2.03	0.88	4.42	2
DCPTMXH	DMM1I8R	Indazole derivative 5	Patented	15.5	DMAO80I	Pralatrexate	Approved	34.0	.	.	.	.	Lung adenocarcinoma	SYNERGxDB Database	Investigative	HOP-62	1.59	2.9	0.26	0.26	2
DC9TAXZ	DMM1I8R	Indazole derivative 5	Patented	15.5	DMAO80I	Pralatrexate	Approved	34.0	.	.	.	.	Minimally invasive lung adenocarcinoma	SYNERGxDB Database	Investigative	NCI-H322M	0.26	1.63	1.09	0.62	2
DCRJ3J5	DMM1I8R	Indazole derivative 5	Patented	15.5	DMC3P45	Terameprocol	Phase 2	21.0	.	.	.	.	Lung adenocarcinoma	SYNERGxDB Database	Investigative	HOP-62	3.7	6.31	4.05	3.49	2
DCRHAR1	DMM1I8R	Indazole derivative 5	Patented	15.5	DMC3P45	Terameprocol	Phase 2	21.0	.	.	.	.	Non-small cell lung carcinoma	SYNERGxDB Database	Investigative	HOP-92	2.35	4.23	3.91	2.74	2
DCGJB50	DMM1I8R	Indazole derivative 5	Patented	15.5	DMCJLD1	SCH 727965	Discontinued in Phase 3	9.0	.	.	.	.	Lung adenocarcinoma	SYNERGxDB Database	Investigative	HOP-62	3.23	3.75	1.57	0.45	2
DCTL4QT	DMM1I8R	Indazole derivative 5	Patented	15.5	DMCJLD1	SCH 727965	Discontinued in Phase 3	9.0	.	.	.	.	Minimally invasive lung adenocarcinoma	SYNERGxDB Database	Investigative	NCI-H322M	1.67	3.1	1.12	0.38	2
DCK4Z2Z	DMM1I8R	Indazole derivative 5	Patented	15.5	DMCT3I8	Ifosfamide	Approved	34.0	.	.	.	.	Non-small cell lung carcinoma	SYNERGxDB Database	Investigative	HOP-92	4.63	4.49	4.13	2.35	2
DC3I94A	DMM1I8R	Indazole derivative 5	Patented	15.5	DMD7X1O	Dexrazoxane	Approved	34.0	.	.	.	.	Lung adenocarcinoma	SYNERGxDB Database	Investigative	HOP-62	0.89	3.15	0.26	0.49	2
DCUGV99	DMM1I8R	Indazole derivative 5	Patented	15.5	DMDI269	Docetaxel	Approved	34.0	.	.	.	.	Large cell lung carcinoma	SYNERGxDB Database	Investigative	NCI-H460	13.55	16.15	13.23	16.08	2
DCWEOOZ	DMM1I8R	Indazole derivative 5	Patented	15.5	DMDI269	Docetaxel	Approved	34.0	.	.	.	.	Lung adenocarcinoma 	SYNERGxDB Database	Investigative	NCI-H522	8.31	8.23	3.46	10.2	2
DC0SEVB	DMM1I8R	Indazole derivative 5	Patented	15.5	DMDKF3M	Raloxifene	Approved	34.0	.	.	.	.	Lung adenocarcinoma	SYNERGxDB Database	Investigative	HOP-62	2.43	5.01	2.78	1.44	2
DC4GZS6	DMM1I8R	Indazole derivative 5	Patented	15.5	DMDKF3M	Raloxifene	Approved	34.0	.	.	.	.	Lung adenocarcinoma	SYNERGxDB Database	Investigative	MDA-MB-231	4.62	5.51	2.33	0.13	2
DC6R3W0	DMM1I8R	Indazole derivative 5	Patented	15.5	DMDKF3M	Raloxifene	Approved	34.0	.	.	.	.	Non-small cell lung carcinoma	SYNERGxDB Database	Investigative	HOP-92	1.2	4.39	4.02	3.09	2
DCAMH45	DMM1I8R	Indazole derivative 5	Patented	15.5	DMFH15Z	Bendamustine hydrochloride	Approved	34.0	.	.	.	.	Large cell lung carcinoma	SYNERGxDB Database	Investigative	NCI-H460	14.89	10.95	8.96	10.95	2
DCH3PT9	DMM1I8R	Indazole derivative 5	Patented	15.5	DMFH15Z	Bendamustine hydrochloride	Approved	34.0	.	.	.	.	Minimally invasive lung adenocarcinoma	SYNERGxDB Database	Investigative	NCI-H322M	2.95	7.56	7.4	7.08	2
DCY35VT	DMM1I8R	Indazole derivative 5	Patented	15.5	DMG2YBD	Trifluridine	Approved	34.0	.	.	.	.	Lung adenocarcinoma 	SYNERGxDB Database	Investigative	NCI-H522	2.31	3.95	1.71	4.67	2
DCIT16C	DMM1I8R	Indazole derivative 5	Patented	15.5	DMGW1ID	Sirolimus	Approved	34.0	.	.	.	.	Large cell lung carcinoma	SYNERGxDB Database	Investigative	NCI-H460	4.29	5.1	5.16	6.43	2
DC5JY5X	DMM1I8R	Indazole derivative 5	Patented	15.5	DMGW1ID	Sirolimus	Approved	34.0	.	.	.	.	Lung adenocarcinoma 	SYNERGxDB Database	Investigative	NCI-H522	2.7	2.75	3.26	5.65	2
DC1KVTG	DMM1I8R	Indazole derivative 5	Patented	15.5	DMH07Y3	Letrozole	Approved	34.0	.	.	.	.	Lung adenocarcinoma	SYNERGxDB Database	Investigative	HOP-62	1.27	3.59	1.87	0.29	2
DC0HPV2	DMM1I8R	Indazole derivative 5	Patented	15.5	DMH0ZJE	Mitomycin	Approved	34.0	.	.	.	.	Lung adenocarcinoma	SYNERGxDB Database	Investigative	EKVX	2.17	7.35	5.46	6.39	2
DCE9XTK	DMM1I8R	Indazole derivative 5	Patented	15.5	DMHL7OB	Uracil mustard	Approved	34.0	.	.	.	.	Large cell lung carcinoma	SYNERGxDB Database	Investigative	NCI-H460	13.88	12.7	5.19	12.57	2
DCXM1F4	DMM1I8R	Indazole derivative 5	Patented	15.5	DMHL7OB	Uracil mustard	Approved	34.0	.	.	.	.	Lung adenocarcinoma	SYNERGxDB Database	Investigative	EKVX	7.7	13.46	8.92	14.2	2
DCIYHHR	DMM1I8R	Indazole derivative 5	Patented	15.5	DMHL7OB	Uracil mustard	Approved	34.0	.	.	.	.	Lung adenocarcinoma 	SYNERGxDB Database	Investigative	NCI-H522	14.71	16.87	13	17.96	2
DCETF9I	DMM1I8R	Indazole derivative 5	Patented	15.5	DMINOX3	Vincristine	Approved	34.0	.	.	.	.	Large cell lung carcinoma	SYNERGxDB Database	Investigative	NCI-H460	5.44	12.29	8.16	9.71	2
DC272VJ	DMM1I8R	Indazole derivative 5	Patented	15.5	DMJ7NVI	BIO-300	Phase 1/2	19.0	.	.	.	.	Large cell lung carcinoma	SYNERGxDB Database	Investigative	NCI-H460	7.99	6.99	1.69	7.7	2
DCHNDU0	DMM1I8R	Indazole derivative 5	Patented	15.5	DMJ7NVI	BIO-300	Phase 1/2	19.0	.	.	.	.	Lung adenocarcinoma 	SYNERGxDB Database	Investigative	NCI-H522	9.77	11.01	7.51	12.95	2
DCVJNI1	DMM1I8R	Indazole derivative 5	Patented	15.5	DMJ7NVI	BIO-300	Phase 1/2	19.0	.	.	.	.	Minimally invasive lung adenocarcinoma	SYNERGxDB Database	Investigative	NCI-H322M	7.38	12.29	2.1	11.82	2
DCLANZG	DMM1I8R	Indazole derivative 5	Patented	15.5	DMLNFWU	TEM	Phase 2	21.0	.	.	.	.	Lung adenocarcinoma	SYNERGxDB Database	Investigative	HOP-62	5.15	10.24	7.98	6.36	2
DCE4SQR	DMM1I8R	Indazole derivative 5	Patented	15.5	DMLWYJB	JNK-IN-8	Investigative	0.0	.	.	.	.	Large cell lung carcinoma	SYNERGxDB Database	Investigative	NCI-H460	2.39	3.57	2.81	3.79	2
DCIUNWV	DMM1I8R	Indazole derivative 5	Patented	15.5	DMLWYJB	JNK-IN-8	Investigative	0.0	.	.	.	.	Non-small cell lung carcinoma	SYNERGxDB Database	Investigative	HOP-92	1.31	2.29	1.64	1.45	2
DCNQORV	DMM1I8R	Indazole derivative 5	Patented	15.5	DMNER5S	Bleomycin	Approved	34.0	.	.	.	.	Large cell lung carcinoma	SYNERGxDB Database	Investigative	NCI-H460	7.39	7.04	3.48	7.6	2
DCLJLFK	DMM1I8R	Indazole derivative 5	Patented	15.5	DMNER5S	Bleomycin	Approved	34.0	.	.	.	.	Lung adenocarcinoma	SYNERGxDB Database	Investigative	MDA-MB-231	8.16	9.99	2.56	7.31	2
DC9KK61	DMM1I8R	Indazole derivative 5	Patented	15.5	DMNER5S	Bleomycin	Approved	34.0	.	.	.	.	Lung adenocarcinoma	SYNERGxDB Database	Investigative	EKVX	5.5	6.85	8.47	8.25	2
DCZ63K7	DMM1I8R	Indazole derivative 5	Patented	15.5	DMNER5S	Bleomycin	Approved	34.0	.	.	.	.	Lung adenocarcinoma 	SYNERGxDB Database	Investigative	NCI-H522	3.95	6.65	5.8	9.08	2
DCT0GMC	DMM1I8R	Indazole derivative 5	Patented	15.5	DMNO38U	Bortezomib	Approved	34.0	.	.	.	.	Lung adenocarcinoma 	SYNERGxDB Database	Investigative	NCI-H522	1.12	5.52	6.45	6.48	2
DCMF5PD	DMM1I8R	Indazole derivative 5	Patented	15.5	DMNP60F	Anastrozole	Approved	34.0	.	.	.	.	Lung adenocarcinoma 	SYNERGxDB Database	Investigative	NCI-H522	1.04	2.26	0.39	2.71	2
DCIR1Q5	DMM1I8R	Indazole derivative 5	Patented	15.5	DMNP60F	Anastrozole	Approved	34.0	.	.	.	.	Minimally invasive lung adenocarcinoma	SYNERGxDB Database	Investigative	NCI-H322M	3.96	3.06	1.78	2.07	2
DCBA01I	DMM1I8R	Indazole derivative 5	Patented	15.5	DMNPZL4	Dacarbazine	Approved	34.0	.	.	.	.	Lung adenocarcinoma	SYNERGxDB Database	Investigative	HOP-62	3.21	9.19	5.38	5.22	2
DCVMIGK	DMM1I8R	Indazole derivative 5	Patented	15.5	DMOYJFK	Valrubicin	Approved	34.0	.	.	.	.	Lung adenocarcinoma	SYNERGxDB Database	Investigative	HOP-62	0.62	5.66	3.02	3.02	2
DCXTOD2	DMM1I8R	Indazole derivative 5	Patented	15.5	DMP6G8T	Topotecan	Approved	34.0	.	.	.	.	Lung adenocarcinoma	SYNERGxDB Database	Investigative	MDA-MB-231	6.69	3.96	0.83	1.33	2
DC8FJ3G	DMM1I8R	Indazole derivative 5	Patented	15.5	DMP6G8T	Topotecan	Approved	34.0	.	.	.	.	Minimally invasive lung adenocarcinoma	SYNERGxDB Database	Investigative	NCI-H322M	12.62	12.35	11.52	11.93	2
DCM0G4M	DMM1I8R	Indazole derivative 5	Patented	15.5	DMPDW6T	Epirubicin	Approved	34.0	.	.	.	.	Lung adenocarcinoma	SYNERGxDB Database	Investigative	HOP-62	1.56	7.25	4.34	4.65	2
DCB81B3	DMM1I8R	Indazole derivative 5	Patented	15.5	DMPDW6T	Epirubicin	Approved	34.0	.	.	.	.	Minimally invasive lung adenocarcinoma	SYNERGxDB Database	Investigative	NCI-H322M	1.17	3.14	1.32	0.55	2
DC2W54V	DMM1I8R	Indazole derivative 5	Patented	15.5	DMRKE63	Chlorambucil	Approved	34.0	.	.	.	.	Non-small cell lung carcinoma	SYNERGxDB Database	Investigative	HOP-92	2.52	3.43	2.05	2.18	2
DCX87SK	DMM1I8R	Indazole derivative 5	Patented	15.5	DMSG91J	ER819762	Investigative	0.0	.	.	.	.	Large cell lung carcinoma	SYNERGxDB Database	Investigative	NCI-H460	2.63	9.13	6.34	8.21	2
DCBPA5F	DMM1I8R	Indazole derivative 5	Patented	15.5	DMT5GNL	Romidepsin	Approved	34.0	.	.	.	.	Lung adenocarcinoma	SYNERGxDB Database	Investigative	EKVX	15.81	12.02	7.8	13.89	2
DC8S74I	DMM1I8R	Indazole derivative 5	Patented	15.5	DMTGBAX	Pomalidomide	Approved	34.0	.	.	.	.	Non-small cell lung carcinoma	SYNERGxDB Database	Investigative	HOP-92	2.05	5.61	5.23	3.61	2
DCWW2IL	DMM1I8R	Indazole derivative 5	Patented	15.5	DMWGV8N	PMID28870136-Compound-43	Patented	15.5	.	.	.	.	Non-small cell lung carcinoma	SYNERGxDB Database	Investigative	HOP-92	0.08	1.23	0.85	0.26	2
DC94PNA	DMM1I8R	Indazole derivative 5	Patented	15.5	DMWIDJK	FORMESTANE	Withdrawn from market	12.0	.	.	.	.	Lung adenocarcinoma	SYNERGxDB Database	Investigative	HOP-62	1.87	2.74	0.12	0.12	2
DCGJNWU	DMM1I8R	Indazole derivative 5	Patented	15.5	DMWTAOI	Estramustine	Approved	34.0	.	.	.	.	Large cell lung carcinoma	SYNERGxDB Database	Investigative	NCI-H460	4.16	6.07	5.41	6.79	2
DCK45JK	DMM1I8R	Indazole derivative 5	Patented	15.5	DMWTAOI	Estramustine	Approved	34.0	.	.	.	.	Lung adenocarcinoma	SYNERGxDB Database	Investigative	HOP-62	4.32	6.14	3.83	3.93	2
DC2NOC9	DMM1I8R	Indazole derivative 5	Patented	15.5	DMXYJ9C	Busulfan	Approved	34.0	.	.	.	.	Lung adenocarcinoma	SYNERGxDB Database	Investigative	HOP-62	0.2	3.98	1.01	1.1	2
DCW8KR7	DMM1I8R	Indazole derivative 5	Patented	15.5	DMJV2EK	Dasatinib	Investigative	0.0	.	.	.	.	Large cell lung carcinoma	SYNERGxDB Database	Investigative	NCI-H460	13.16	17.86	16.55	16.69	2
DCS4O5F	DMM1I8R	Indazole derivative 5	Patented	15.5	DMJV2EK	Dasatinib	Investigative	0.0	.	.	.	.	Lung adenocarcinoma	SYNERGxDB Database	Investigative	HOP-62	5.26	14.12	8.48	11.51	2
DCGGPNC	DMM1I8R	Indazole derivative 5	Patented	15.5	DMJV2EK	Dasatinib	Investigative	0.0	.	.	.	.	Lung adenocarcinoma 	SYNERGxDB Database	Investigative	NCI-H522	2.13	8.59	8.81	9.85	2
DC0PNZS	DMM1I8R	Indazole derivative 5	Patented	15.5	DMJV2EK	Dasatinib	Investigative	0.0	.	.	.	.	Minimally invasive lung adenocarcinoma	SYNERGxDB Database	Investigative	NCI-H322M	5.89	12.06	9.82	11	2
DCEEDM5	DMDKF3M	Raloxifene	Approved	34.0	DM0HXDS	Pentostatin	Approved	34.0	.	.	.	.	Lung adenocarcinoma	SYNERGxDB Database	Investigative	HOP-62	2.7	3.99	2.4	0.5	2
DC0XB3Q	DMDKF3M	Raloxifene	Approved	34.0	DM0HXDS	Pentostatin	Approved	34.0	.	.	.	.	Minimally invasive lung adenocarcinoma	SYNERGxDB Database	Investigative	NCI-H322M	1.18	4.07	2.36	2.36	2
DCEMQKH	DMDKF3M	Raloxifene	Approved	34.0	DM0YZC6	Fulvestrant	Approved	34.0	.	.	.	.	Lung adenocarcinoma	SYNERGxDB Database	Investigative	HOP-62	3.4	5.65	0.46	0.46	2
DCIUHHM	DMDKF3M	Raloxifene	Approved	34.0	DM0YZC6	Fulvestrant	Approved	34.0	.	.	.	.	Minimally invasive lung adenocarcinoma	SYNERGxDB Database	Investigative	NCI-H322M	2.28	6.89	4.4	3.63	2
DCXJ9RK	DMDKF3M	Raloxifene	Approved	34.0	DM7Q98D	Ruxolitinib	Phase 3 Trial	25.0	.	.	.	.	Large cell lung carcinoma	SYNERGxDB Database	Investigative	NCI-H460	5.16	10.02	9.51	5.46	2
DCE6LFB	DMDKF3M	Raloxifene	Approved	34.0	DM7Q98D	Ruxolitinib	Phase 3 Trial	25.0	.	.	.	.	Non-small cell lung carcinoma	SYNERGxDB Database	Investigative	HOP-92	0.37	5.31	4.31	4.23	2
DCKR99R	DMDKF3M	Raloxifene	Approved	34.0	DM2OZ3G	Ixabepilone	Approved	34.0	.	.	.	.	Large cell lung carcinoma	SYNERGxDB Database	Investigative	NCI-H460	5.23	8.33	1.38	1.68	2
DCJ2DBL	DMDKF3M	Raloxifene	Approved	34.0	DM2YGNW	Dactinomycin	Approved	34.0	.	.	.	.	Lung adenocarcinoma	SYNERGxDB Database	Investigative	MDA-MB-231	4.79	6.03	1.73	0.18	2
DC36NLS	DMDKF3M	Raloxifene	Approved	34.0	DM3BH1Y	Lapatinib	Approved	34.0	.	.	.	.	Large cell lung carcinoma	SYNERGxDB Database	Investigative	NCI-H460	8.3	5.68	3.76	1.48	2
DCGR0VE	DMDKF3M	Raloxifene	Approved	34.0	DM4O2Z7	Cyclophosphamide	Approved	34.0	.	.	.	.	Large cell lung carcinoma	SYNERGxDB Database	Investigative	NCI-H460	2.24	7.28	5.97	2.39	2
DCM5SJ4	DMDKF3M	Raloxifene	Approved	34.0	DM4O2Z7	Cyclophosphamide	Approved	34.0	.	.	.	.	Minimally invasive lung adenocarcinoma	SYNERGxDB Database	Investigative	NCI-H322M	5.02	7.16	3.39	1.87	2
DCJZ3UW	DMDKF3M	Raloxifene	Approved	34.0	DM5IXKQ	Vismodegib	Approved	34.0	.	.	.	.	Large cell lung carcinoma	SYNERGxDB Database	Investigative	NCI-H460	2.09	7.01	4.76	4.41	2
DCPVJG7	DMDKF3M	Raloxifene	Approved	34.0	DM5JVS3	Isoniazid	Approved	34.0	.	.	.	.	Large cell lung carcinoma	SYNERGxDB Database	Investigative	NCI-H460	6.4	9.03	2.91	2.91	2
DC3WPMG	DMDKF3M	Raloxifene	Approved	34.0	DM5JVS3	Isoniazid	Approved	34.0	.	.	.	.	Lung adenocarcinoma	SYNERGxDB Database	Investigative	EKVX	4.66	1.43	1.61	1.5	2
DCAUQ1P	DMDKF3M	Raloxifene	Approved	34.0	DM7C8YV	Plicamycin	Approved	34.0	.	.	.	.	Large cell lung carcinoma	SYNERGxDB Database	Investigative	NCI-H460	2.69	4.64	3.66	1.62	2
DCDWJ9S	DMDKF3M	Raloxifene	Approved	34.0	DM7C8YV	Plicamycin	Approved	34.0	.	.	.	.	Lung adenocarcinoma	SYNERGxDB Database	Investigative	HOP-62	9.69	11.41	3.98	3.96	2
DC544CQ	DMDKF3M	Raloxifene	Approved	34.0	DM7C8YV	Plicamycin	Approved	34.0	.	.	.	.	Lung adenocarcinoma	SYNERGxDB Database	Investigative	MDA-MB-231	1.95	10.22	6.3	5.79	2
DCFK2GI	DMDKF3M	Raloxifene	Approved	34.0	DM7C8YV	Plicamycin	Approved	34.0	.	.	.	.	Lung adenocarcinoma 	SYNERGxDB Database	Investigative	NCI-H522	16.58	18.65	2.2	17.12	2
DC60A57	DMDKF3M	Raloxifene	Approved	34.0	DM7NKEV	Thioguanine	Preclinical	2.1	.	.	.	.	Large cell lung carcinoma	SYNERGxDB Database	Investigative	NCI-H460	4.12	7.09	4.24	5.86	2
DCNYHU0	DMDKF3M	Raloxifene	Approved	34.0	DM7NKEV	Thioguanine	Preclinical	2.1	.	.	.	.	Lung adenocarcinoma	SYNERGxDB Database	Investigative	HOP-62	0.51	2.95	0.22	0.82	2
DC9PAV8	DMDKF3M	Raloxifene	Approved	34.0	DM8V75C	ABIRATERONE	Approved	34.0	.	.	.	.	Large cell lung carcinoma	SYNERGxDB Database	Investigative	NCI-H460	4.66	9.23	6.92	5.07	2
DC8XCYX	DMDKF3M	Raloxifene	Approved	34.0	DMAE6LK	Topetecan	Approved	34.0	.	.	.	.	Minimally invasive lung adenocarcinoma	SYNERGxDB Database	Investigative	NCI-H322M	3.84	5.21	2.15	0.01	2
DC0VXLQ	DMDKF3M	Raloxifene	Approved	34.0	DMAO80I	Pralatrexate	Approved	34.0	.	.	.	.	Large cell lung carcinoma	SYNERGxDB Database	Investigative	NCI-H460	4.09	5.99	0.23	0.57	2
DCYKKU3	DMDKF3M	Raloxifene	Approved	34.0	DMC3P45	Terameprocol	Phase 2	21.0	.	.	.	.	Lung adenocarcinoma	SYNERGxDB Database	Investigative	MDA-MB-231	0.45	3.95	0.31	0.31	2
DCRXJSM	DMDKF3M	Raloxifene	Approved	34.0	DMCJLD1	SCH 727965	Discontinued in Phase 3	9.0	.	.	.	.	Large cell lung carcinoma	SYNERGxDB Database	Investigative	NCI-H460	6.24	8.26	2.69	2	2
DC0OWKT	DMDKF3M	Raloxifene	Approved	34.0	DMCT3I8	Ifosfamide	Approved	34.0	.	.	.	.	Lung adenocarcinoma	SYNERGxDB Database	Investigative	EKVX	8.61	15.41	1.46	1.33	2
DC14ZJE	DMDKF3M	Raloxifene	Approved	34.0	DMCT3I8	Ifosfamide	Approved	34.0	.	.	.	.	Minimally invasive lung adenocarcinoma	SYNERGxDB Database	Investigative	NCI-H322M	2.37	4.49	0.94	0.71	2
DC4K947	DMDKF3M	Raloxifene	Approved	34.0	DMDI269	Docetaxel	Approved	34.0	.	.	.	.	Lung adenocarcinoma	SYNERGxDB Database	Investigative	EKVX	2.46	4.22	1.17	0.56	2
DCBQD3B	DMDKF3M	Raloxifene	Approved	34.0	DMH07Y3	Letrozole	Approved	34.0	.	.	.	.	Lung adenocarcinoma	SYNERGxDB Database	Investigative	EKVX	0.23	3.23	2.68	2.35	2
DCWJH3N	DMDKF3M	Raloxifene	Approved	34.0	DMH0ZJE	Mitomycin	Approved	34.0	.	.	.	.	Large cell lung carcinoma	SYNERGxDB Database	Investigative	NCI-H460	2.91	5.13	2.12	2.02	2
DCV14UP	DMDKF3M	Raloxifene	Approved	34.0	DMH0ZJE	Mitomycin	Approved	34.0	.	.	.	.	Non-small cell lung carcinoma	SYNERGxDB Database	Investigative	HOP-92	0	2.72	1.89	1.74	2
DCGXLDC	DMDKF3M	Raloxifene	Approved	34.0	DMIXMYK	Arfolitixorin	Phase 3	25.0	.	.	.	.	Non-small cell lung carcinoma	SYNERGxDB Database	Investigative	HOP-92	3.57	0.32	3.6	3.22	2
DCIJNIS	DMDKF3M	Raloxifene	Approved	34.0	DMKLAYG	Altretamine	Approved	34.0	.	.	.	.	Minimally invasive lung adenocarcinoma	SYNERGxDB Database	Investigative	NCI-H322M	0.83	3.51	0.49	0.85	2
DCLIT6X	DMDKF3M	Raloxifene	Approved	34.0	DMLNFWU	TEM	Phase 2	21.0	.	.	.	.	Lung adenocarcinoma	SYNERGxDB Database	Investigative	EKVX	0.16	3.23	2.6	2.61	2
DC40Y6C	DMDKF3M	Raloxifene	Approved	34.0	DMLNFWU	TEM	Phase 2	21.0	.	.	.	.	Lung adenocarcinoma	SYNERGxDB Database	Investigative	HOP-62	6.14	7.69	4.73	5.99	2
DCCO7YX	DMDKF3M	Raloxifene	Approved	34.0	DMM1I8R	Indazole derivative 5	Patented	15.5	.	.	.	.	Large cell lung carcinoma	SYNERGxDB Database	Investigative	NCI-H460	4.32	8.39	5.73	5.14	2
DCL3LLH	DMDKF3M	Raloxifene	Approved	34.0	DMM1I8R	Indazole derivative 5	Patented	15.5	.	.	.	.	Lung adenocarcinoma	SYNERGxDB Database	Investigative	HOP-62	2.97	3.87	2.97	2.17	2
DC850Z8	DMDKF3M	Raloxifene	Approved	34.0	DMM1I8R	Indazole derivative 5	Patented	15.5	.	.	.	.	Non-small cell lung carcinoma	SYNERGxDB Database	Investigative	HOP-92	3.3	6.68	5.86	4.15	2
DC8KK50	DMDKF3M	Raloxifene	Approved	34.0	DM7RJXL	Imatinib	Phase 3 Trial	25.0	.	.	.	.	Large cell lung carcinoma	SYNERGxDB Database	Investigative	NCI-H460	0.55	8.35	6.37	3.82	2
DC4IX9A	DMDKF3M	Raloxifene	Approved	34.0	DMNP60F	Anastrozole	Approved	34.0	.	.	.	.	Minimally invasive lung adenocarcinoma	SYNERGxDB Database	Investigative	NCI-H322M	2.07	3.53	3.2	3.03	2
DCUI8I6	DMDKF3M	Raloxifene	Approved	34.0	DMOYJFK	Valrubicin	Approved	34.0	.	.	.	.	Lung adenocarcinoma	SYNERGxDB Database	Investigative	EKVX	9.92	14.35	2.47	11.7	2
DCPCSPW	DMDKF3M	Raloxifene	Approved	34.0	DMOYJFK	Valrubicin	Approved	34.0	.	.	.	.	Lung adenocarcinoma	SYNERGxDB Database	Investigative	HOP-62	5.59	5.01	2.01	5.66	2
DC2DJBB	DMDKF3M	Raloxifene	Approved	34.0	DMP6G8T	Topotecan	Approved	34.0	.	.	.	.	Non-small cell lung carcinoma	SYNERGxDB Database	Investigative	HOP-92	0.44	0.42	2.93	3.23	2
DCGILC1	DMDKF3M	Raloxifene	Approved	34.0	DMPAZHC	Cabazitaxel	Approved	34.0	.	.	.	.	Minimally invasive lung adenocarcinoma	SYNERGxDB Database	Investigative	NCI-H322M	5.99	7.32	6.61	8.43	2
DCCVQCF	DMDKF3M	Raloxifene	Approved	34.0	DMPDW6T	Epirubicin	Approved	34.0	.	.	.	.	Large cell lung carcinoma	SYNERGxDB Database	Investigative	NCI-H460	5.59	11.12	9.02	5.34	2
DCGQE06	DMDKF3M	Raloxifene	Approved	34.0	DMPDW6T	Epirubicin	Approved	34.0	.	.	.	.	Lung adenocarcinoma	SYNERGxDB Database	Investigative	EKVX	2.21	5.51	2.24	2.29	2
DCPMI71	DMDKF3M	Raloxifene	Approved	34.0	DMPDW6T	Epirubicin	Approved	34.0	.	.	.	.	Non-small cell lung carcinoma	SYNERGxDB Database	Investigative	HOP-92	0.84	3.37	2.55	2.4	2
DCTDU7A	DMDKF3M	Raloxifene	Approved	34.0	DMRHGI9	Cisplatin	Approved	34.0	.	.	.	.	Large cell lung carcinoma	SYNERGxDB Database	Investigative	NCI-H460	2.77	4.71	2.28	1.27	2
DCR6UDU	DMDKF3M	Raloxifene	Approved	34.0	DMRHGI9	Cisplatin	Approved	34.0	.	.	.	.	Minimally invasive lung adenocarcinoma	SYNERGxDB Database	Investigative	NCI-H322M	3.75	6.82	4.46	2.93	2
DCULBK8	DMDKF3M	Raloxifene	Approved	34.0	DMRICNP	Vandetanib	Approved	34.0	.	.	.	.	Large cell lung carcinoma	SYNERGxDB Database	Investigative	NCI-H460	3.07	10.19	7.92	7.67	2
DCFZEGY	DMDKF3M	Raloxifene	Approved	34.0	DMRKE63	Chlorambucil	Approved	34.0	.	.	.	.	Lung adenocarcinoma	SYNERGxDB Database	Investigative	HOP-62	0.14	4.87	2.96	3.36	2
DCBVQCK	DMDKF3M	Raloxifene	Approved	34.0	DMSG91J	ER819762	Investigative	0.0	.	.	.	.	Large cell lung carcinoma	SYNERGxDB Database	Investigative	NCI-H460	2.18	4.41	2.1	2.12	2
DC5X0S0	DMDKF3M	Raloxifene	Approved	34.0	DMSG91J	ER819762	Investigative	0.0	.	.	.	.	Lung adenocarcinoma	SYNERGxDB Database	Investigative	HOP-62	0.26	4.34	1.53	1.34	2
DCT69HE	DMDKF3M	Raloxifene	Approved	34.0	DMTA5OE	Azacitidine	Approved	34.0	.	.	.	.	Lung adenocarcinoma	SYNERGxDB Database	Investigative	EKVX	3.36	4.26	1.3	0.43	2
DCU9DD4	DMDKF3M	Raloxifene	Approved	34.0	DMTGBAX	Pomalidomide	Approved	34.0	.	.	.	.	Large cell lung carcinoma	SYNERGxDB Database	Investigative	NCI-H460	2.92	5.75	2.31	2.16	2
DCSJ0J0	DMDKF3M	Raloxifene	Approved	34.0	DMTGBAX	Pomalidomide	Approved	34.0	.	.	.	.	Lung adenocarcinoma	SYNERGxDB Database	Investigative	HOP-62	1.31	4.94	6.25	3	2
DC9HAYX	DMDKF3M	Raloxifene	Approved	34.0	DMTGBAX	Pomalidomide	Approved	34.0	.	.	.	.	Lung adenocarcinoma	SYNERGxDB Database	Investigative	MDA-MB-231	0.69	4.97	1.11	1.33	2
DCS8LI1	DMDKF3M	Raloxifene	Approved	34.0	DMTGBAX	Pomalidomide	Approved	34.0	.	.	.	.	Non-small cell lung carcinoma	SYNERGxDB Database	Investigative	HOP-92	8.36	5.94	3.52	1.73	2
DCR43SK	DMDKF3M	Raloxifene	Approved	34.0	DMTJAEP	Vinflunine	Approved	34.0	.	.	.	.	Large cell lung carcinoma	SYNERGxDB Database	Investigative	NCI-H460	1.51	0.84	0.66	0.99	2
DCH30QU	DMDKF3M	Raloxifene	Approved	34.0	DMU8L7C	Mepacrine	Investigative	0.0	.	.	.	.	Large cell lung carcinoma	SYNERGxDB Database	Investigative	NCI-H460	2.16	8.15	3.82	3.87	2
DCG7Q5R	DMDKF3M	Raloxifene	Approved	34.0	DMWGV8N	PMID28870136-Compound-43	Patented	15.5	.	.	.	.	Large cell lung carcinoma	SYNERGxDB Database	Investigative	NCI-H460	0	8.59	2.04	2.04	2
DCMZ0DZ	DMDKF3M	Raloxifene	Approved	34.0	DMWGV8N	PMID28870136-Compound-43	Patented	15.5	.	.	.	.	Lung adenocarcinoma	SYNERGxDB Database	Investigative	MDA-MB-231	5.97	9.04	4.66	3.46	2
DCRNRGI	DMDKF3M	Raloxifene	Approved	34.0	DMWGV8N	PMID28870136-Compound-43	Patented	15.5	.	.	.	.	Lung adenocarcinoma	SYNERGxDB Database	Investigative	HOP-62	0.8	6.16	2.91	2.78	2
DC8JKDH	DMDKF3M	Raloxifene	Approved	34.0	DMWGV8N	PMID28870136-Compound-43	Patented	15.5	.	.	.	.	Lung adenocarcinoma	SYNERGxDB Database	Investigative	EKVX	0.98	5.04	4.42	3.85	2
DCMFEXN	DMDKF3M	Raloxifene	Approved	34.0	DMWGV8N	PMID28870136-Compound-43	Patented	15.5	.	.	.	.	Minimally invasive lung adenocarcinoma	SYNERGxDB Database	Investigative	NCI-H322M	2.62	6.02	4.65	4.47	2
DCD213X	DMDKF3M	Raloxifene	Approved	34.0	DMWIDJK	FORMESTANE	Withdrawn from market	12.0	.	.	.	.	Lung adenocarcinoma	SYNERGxDB Database	Investigative	EKVX	0.57	2.55	2	1.85	2
DCMR2M2	DMDKF3M	Raloxifene	Approved	34.0	DMJV2EK	Dasatinib	Investigative	0.0	.	.	.	.	Large cell lung carcinoma	SYNERGxDB Database	Investigative	NCI-H460	6.77	7.37	5.54	5.54	2
DC8UIKF	DM7Q98D	Ruxolitinib	Phase 3 Trial	25.0	DMCMBHA	Erlotinib	Approved	34.0	.	.	.	.	Lung Cancer	ClinicalTrials.gov	Phase 1	.	.	.	.	.	2
DCIO8UI	DM7Q98D	Ruxolitinib	Phase 3 Trial	25.0	DM0CVXA	Mechlorethamine	Approved	34.0	.	.	.	.	Lung adenocarcinoma	SYNERGxDB Database	Investigative	EKVX	0.18	4.5	1.62	3.04	2
DC6N9PD	DM7Q98D	Ruxolitinib	Phase 3 Trial	25.0	DM0HXDS	Pentostatin	Approved	34.0	.	.	.	.	Large cell lung carcinoma	SYNERGxDB Database	Investigative	NCI-H460	2.77	5.98	5.36	5.65	2
DC4121G	DM7Q98D	Ruxolitinib	Phase 3 Trial	25.0	DM0PIY6	Picoplatin	Phase 3	25.0	.	.	.	.	Minimally invasive lung adenocarcinoma	SYNERGxDB Database	Investigative	NCI-H322M	1.52	4.63	2.37	2.21	2
DCGZV5Z	DM7Q98D	Ruxolitinib	Phase 3 Trial	25.0	DM0YZC6	Fulvestrant	Approved	34.0	.	.	.	.	Lung adenocarcinoma	SYNERGxDB Database	Investigative	HOP-62	1.09	3.13	1.82	1.29	2
DCD8NGM	DM7Q98D	Ruxolitinib	Phase 3 Trial	25.0	DM0YZC6	Fulvestrant	Approved	34.0	.	.	.	.	Minimally invasive lung adenocarcinoma	SYNERGxDB Database	Investigative	NCI-H322M	1.26	3.9	4.07	2.68	2
DCDAV6W	DM7Q98D	Ruxolitinib	Phase 3 Trial	25.0	DM15F0X	Gefitinib	Approved	34.0	.	.	.	.	Lung adenocarcinoma 	SYNERGxDB Database	Investigative	NCI-H522	4.11	5.42	4.88	7.79	2
DCZ7JYX	DM7Q98D	Ruxolitinib	Phase 3 Trial	25.0	DM2AZPP	Hepzato	Phase 3	25.0	.	.	.	.	Large cell lung carcinoma	SYNERGxDB Database	Investigative	NCI-H460	0.44	0.58	0.76	0.48	2
DC3Z354	DM7Q98D	Ruxolitinib	Phase 3 Trial	25.0	DM2OZ3G	Ixabepilone	Approved	34.0	.	.	.	.	Lung adenocarcinoma	SYNERGxDB Database	Investigative	MDA-MB-231	0.99	7.48	3.55	7.27	2
DC8PMKK	DM7Q98D	Ruxolitinib	Phase 3 Trial	25.0	DM2OZ3G	Ixabepilone	Approved	34.0	.	.	.	.	Minimally invasive lung adenocarcinoma	SYNERGxDB Database	Investigative	NCI-H322M	0.86	4.66	4.36	3.93	2
DCHBFZS	DM7Q98D	Ruxolitinib	Phase 3 Trial	25.0	DM2YGNW	Dactinomycin	Approved	34.0	.	.	.	.	Large cell lung carcinoma	SYNERGxDB Database	Investigative	NCI-H460	11.75	14.98	13.45	13.57	2
DCLKET4	DM7Q98D	Ruxolitinib	Phase 3 Trial	25.0	DM2YGNW	Dactinomycin	Approved	34.0	.	.	.	.	Lung adenocarcinoma	SYNERGxDB Database	Investigative	EKVX	7.44	14.57	14.55	13.89	2
DCODNRV	DM7Q98D	Ruxolitinib	Phase 3 Trial	25.0	DM2YGNW	Dactinomycin	Approved	34.0	.	.	.	.	Lung adenocarcinoma	SYNERGxDB Database	Investigative	HOP-62	5.75	9.8	7.35	8.11	2
DC9B6Y7	DM7Q98D	Ruxolitinib	Phase 3 Trial	25.0	DM2YGNW	Dactinomycin	Approved	34.0	.	.	.	.	Lung adenocarcinoma	SYNERGxDB Database	Investigative	MDA-MB-231	4.09	9.35	9.38	9.14	2
DCCD784	DM7Q98D	Ruxolitinib	Phase 3 Trial	25.0	DM2YGNW	Dactinomycin	Approved	34.0	.	.	.	.	Lung adenocarcinoma 	SYNERGxDB Database	Investigative	NCI-H522	4.14	11.81	11.37	11.22	2
DCCWSQD	DM7Q98D	Ruxolitinib	Phase 3 Trial	25.0	DM2YGNW	Dactinomycin	Approved	34.0	.	.	.	.	Minimally invasive lung adenocarcinoma	SYNERGxDB Database	Investigative	NCI-H322M	6.96	15.37	14.24	13.79	2
DCFD3KC	DM7Q98D	Ruxolitinib	Phase 3 Trial	25.0	DM2YGNW	Dactinomycin	Approved	34.0	.	.	.	.	Non-small cell lung carcinoma	SYNERGxDB Database	Investigative	HOP-92	8.49	16.39	16.67	15.89	2
DC220Q6	DM7Q98D	Ruxolitinib	Phase 3 Trial	25.0	DM3BH1Y	Lapatinib	Approved	34.0	.	.	.	.	Large cell lung carcinoma	SYNERGxDB Database	Investigative	NCI-H460	2.67	3.42	3.37	2.27	2
DCHEN2Y	DM7Q98D	Ruxolitinib	Phase 3 Trial	25.0	DM4DOUB	PMID28460551-Compound-2	Patented	15.5	.	.	.	.	Lung adenocarcinoma	SYNERGxDB Database	Investigative	MDA-MB-231	14.59	17.58	16.41	17.77	2
DCW865W	DM7Q98D	Ruxolitinib	Phase 3 Trial	25.0	DM4O2Z7	Cyclophosphamide	Approved	34.0	.	.	.	.	Large cell lung carcinoma	SYNERGxDB Database	Investigative	NCI-H460	0.98	1.68	1.63	1.33	2
DCV0BA7	DM7Q98D	Ruxolitinib	Phase 3 Trial	25.0	DM4O2Z7	Cyclophosphamide	Approved	34.0	.	.	.	.	Lung adenocarcinoma	SYNERGxDB Database	Investigative	EKVX	0.4	5.22	0.64	2.59	2
DC0HFWB	DM7Q98D	Ruxolitinib	Phase 3 Trial	25.0	DM5JVS3	Isoniazid	Approved	34.0	.	.	.	.	Non-small cell lung carcinoma	SYNERGxDB Database	Investigative	HOP-92	0.7	6.29	2.77	3.69	2
DCFY4S1	DM7Q98D	Ruxolitinib	Phase 3 Trial	25.0	DM7C8YV	Plicamycin	Approved	34.0	.	.	.	.	Large cell lung carcinoma	SYNERGxDB Database	Investigative	NCI-H460	0.09	2.28	1.43	1.43	2
DCZSVC1	DM7Q98D	Ruxolitinib	Phase 3 Trial	25.0	DM7C8YV	Plicamycin	Approved	34.0	.	.	.	.	Minimally invasive lung adenocarcinoma	SYNERGxDB Database	Investigative	NCI-H322M	3.03	7.6	7.25	6.54	2
DC700ZP	DM7Q98D	Ruxolitinib	Phase 3 Trial	25.0	DM7C8YV	Plicamycin	Approved	34.0	.	.	.	.	Non-small cell lung carcinoma	SYNERGxDB Database	Investigative	HOP-92	6.83	0.18	1.49	1.37	2
DCQN2Z3	DM7Q98D	Ruxolitinib	Phase 3 Trial	25.0	DM7HXWT	Nilotinib	Approved	34.0	.	.	.	.	Large cell lung carcinoma	SYNERGxDB Database	Investigative	NCI-H460	3.45	5.48	5.43	3.64	2
DCSWOC4	DM7Q98D	Ruxolitinib	Phase 3 Trial	25.0	DM7NKEV	Thioguanine	Preclinical	2.1	.	.	.	.	Lung adenocarcinoma	SYNERGxDB Database	Investigative	EKVX	2.12	7.4	7.34	8.1	2
DCF2K43	DM7Q98D	Ruxolitinib	Phase 3 Trial	25.0	DM7XZY5	Triapine	Phase 2	21.0	.	.	.	.	Lung adenocarcinoma	SYNERGxDB Database	Investigative	HOP-62	1.8	3.02	1.67	0.73	2
DCO2Z54	DM7Q98D	Ruxolitinib	Phase 3 Trial	25.0	DM9WLN4	10-hydroxycamptothecin	Investigative	0.0	.	.	.	.	Lung adenocarcinoma	SYNERGxDB Database	Investigative	MDA-MB-231	2.46	6.14	5.11	7.92	2
DC7M79T	DM7Q98D	Ruxolitinib	Phase 3 Trial	25.0	DMAO80I	Pralatrexate	Approved	34.0	.	.	.	.	Minimally invasive lung adenocarcinoma	SYNERGxDB Database	Investigative	NCI-H322M	0.04	1.65	1.69	1.16	2
DCPAFLD	DM7Q98D	Ruxolitinib	Phase 3 Trial	25.0	DMC3P45	Terameprocol	Phase 2	21.0	.	.	.	.	Lung adenocarcinoma	SYNERGxDB Database	Investigative	HOP-62	0.76	4.01	3.27	1.78	2
DCBBHLK	DM7Q98D	Ruxolitinib	Phase 3 Trial	25.0	DMC3P45	Terameprocol	Phase 2	21.0	.	.	.	.	Minimally invasive lung adenocarcinoma	SYNERGxDB Database	Investigative	NCI-H322M	0.14	3.25	2.87	2.18	2
DCBFI6S	DM7Q98D	Ruxolitinib	Phase 3 Trial	25.0	DMC3P45	Terameprocol	Phase 2	21.0	.	.	.	.	Non-small cell lung carcinoma	SYNERGxDB Database	Investigative	HOP-92	1.44	8.57	6.09	8.12	2
DCWXNBI	DM7Q98D	Ruxolitinib	Phase 3 Trial	25.0	DMCJLD1	SCH 727965	Discontinued in Phase 3	9.0	.	.	.	.	Lung adenocarcinoma 	SYNERGxDB Database	Investigative	NCI-H522	1.02	4.56	1.63	2.05	2
DC8FZV4	DM7Q98D	Ruxolitinib	Phase 3 Trial	25.0	DMCT3I8	Ifosfamide	Approved	34.0	.	.	.	.	Large cell lung carcinoma	SYNERGxDB Database	Investigative	NCI-H460	3.47	9.35	7.49	8.06	2
DCOT03C	DM7Q98D	Ruxolitinib	Phase 3 Trial	25.0	DMDI269	Docetaxel	Approved	34.0	.	.	.	.	Lung adenocarcinoma	SYNERGxDB Database	Investigative	MDA-MB-231	2.97	7.52	4.19	8.54	2
DCX3SEH	DM7Q98D	Ruxolitinib	Phase 3 Trial	25.0	DMDI269	Docetaxel	Approved	34.0	.	.	.	.	Lung adenocarcinoma 	SYNERGxDB Database	Investigative	NCI-H522	4.43	6.19	4.12	8.39	2
DC9E9UT	DM7Q98D	Ruxolitinib	Phase 3 Trial	25.0	DMDKF3M	Raloxifene	Approved	34.0	.	.	.	.	Large cell lung carcinoma	SYNERGxDB Database	Investigative	NCI-H460	6.29	5.17	2.49	2.84	2
DCB3RQ8	DM7Q98D	Ruxolitinib	Phase 3 Trial	25.0	DMDKF3M	Raloxifene	Approved	34.0	.	.	.	.	Lung adenocarcinoma	SYNERGxDB Database	Investigative	HOP-62	7.24	10.63	7.36	6.38	2
DCQEJ1M	DM7Q98D	Ruxolitinib	Phase 3 Trial	25.0	DMDKF3M	Raloxifene	Approved	34.0	.	.	.	.	Minimally invasive lung adenocarcinoma	SYNERGxDB Database	Investigative	NCI-H322M	0.25	7.46	6.89	6.26	2
DCL08H7	DM7Q98D	Ruxolitinib	Phase 3 Trial	25.0	DMFH15Z	Bendamustine hydrochloride	Approved	34.0	.	.	.	.	Large cell lung carcinoma	SYNERGxDB Database	Investigative	NCI-H460	19.26	13.9	10.58	13.11	2
DCD9VLH	DM7Q98D	Ruxolitinib	Phase 3 Trial	25.0	DMFH15Z	Bendamustine hydrochloride	Approved	34.0	.	.	.	.	Minimally invasive lung adenocarcinoma	SYNERGxDB Database	Investigative	NCI-H322M	6.7	8.34	3.62	8.36	2
DC72H01	DM7Q98D	Ruxolitinib	Phase 3 Trial	25.0	DMGW1ID	Sirolimus	Approved	34.0	.	.	.	.	Lung adenocarcinoma	SYNERGxDB Database	Investigative	MDA-MB-231	9.15	8.96	9.67	11.59	2
DC0F35M	DM7Q98D	Ruxolitinib	Phase 3 Trial	25.0	DMH07Y3	Letrozole	Approved	34.0	.	.	.	.	Minimally invasive lung adenocarcinoma	SYNERGxDB Database	Investigative	NCI-H322M	0.73	1.04	1.09	0.9	2
DCNJSBO	DM7Q98D	Ruxolitinib	Phase 3 Trial	25.0	DMH8UF0	SY-1425	Phase 1	17.0	.	.	.	.	Lung adenocarcinoma 	SYNERGxDB Database	Investigative	NCI-H522	1.68	6.12	6.11	6.83	2
DCKGV99	DM7Q98D	Ruxolitinib	Phase 3 Trial	25.0	DMHL7OB	Uracil mustard	Approved	34.0	.	.	.	.	Lung adenocarcinoma	SYNERGxDB Database	Investigative	EKVX	7.32	14.4	3.31	15.55	2
DC9WUDT	DM7Q98D	Ruxolitinib	Phase 3 Trial	25.0	DMHL7OB	Uracil mustard	Approved	34.0	.	.	.	.	Lung adenocarcinoma 	SYNERGxDB Database	Investigative	NCI-H522	19.84	21.43	17.75	22.56	2
DC3IRXG	DM7Q98D	Ruxolitinib	Phase 3 Trial	25.0	DMJ7NVI	BIO-300	Phase 1/2	19.0	.	.	.	.	Lung adenocarcinoma	SYNERGxDB Database	Investigative	MDA-MB-231	2.77	4.82	2.61	6.16	2
DC6ORWL	DM7Q98D	Ruxolitinib	Phase 3 Trial	25.0	DMJ7NVI	BIO-300	Phase 1/2	19.0	.	.	.	.	Lung adenocarcinoma 	SYNERGxDB Database	Investigative	NCI-H522	7.83	14.42	12.68	16.57	2
DCTO64E	DM7Q98D	Ruxolitinib	Phase 3 Trial	25.0	DMKLAYG	Altretamine	Approved	34.0	.	.	.	.	Large cell lung carcinoma	SYNERGxDB Database	Investigative	NCI-H460	8.58	5.62	1.72	1.7	2
DCFROKN	DM7Q98D	Ruxolitinib	Phase 3 Trial	25.0	DMKLAYG	Altretamine	Approved	34.0	.	.	.	.	Lung adenocarcinoma	SYNERGxDB Database	Investigative	EKVX	1.56	2.42	1.27	1.79	2
DC79ZDF	DM7Q98D	Ruxolitinib	Phase 3 Trial	25.0	DMLNFWU	TEM	Phase 2	21.0	.	.	.	.	Lung adenocarcinoma	SYNERGxDB Database	Investigative	HOP-62	8.08	9.68	7.11	5.9	2
DCFJZEF	DM7Q98D	Ruxolitinib	Phase 3 Trial	25.0	DMLWYJB	JNK-IN-8	Investigative	0.0	.	.	.	.	Lung adenocarcinoma 	SYNERGxDB Database	Investigative	NCI-H522	0.77	4.05	0.04	5.3	2
DCBPFDP	DM7Q98D	Ruxolitinib	Phase 3 Trial	25.0	DMM1I8R	Indazole derivative 5	Patented	15.5	.	.	.	.	Lung adenocarcinoma	SYNERGxDB Database	Investigative	HOP-62	3.22	6.37	3.65	2.47	2
DC39G4B	DM7Q98D	Ruxolitinib	Phase 3 Trial	25.0	DMM1I8R	Indazole derivative 5	Patented	15.5	.	.	.	.	Minimally invasive lung adenocarcinoma	SYNERGxDB Database	Investigative	NCI-H322M	0.31	2.6	2.03	1.13	2
DCR3WS5	DM7Q98D	Ruxolitinib	Phase 3 Trial	25.0	DMM1I8R	Indazole derivative 5	Patented	15.5	.	.	.	.	Non-small cell lung carcinoma	SYNERGxDB Database	Investigative	HOP-92	0.01	3.32	2.5	2.08	2
DCXQL46	DM7Q98D	Ruxolitinib	Phase 3 Trial	25.0	DM7RJXL	Imatinib	Phase 3 Trial	25.0	.	.	.	.	Large cell lung carcinoma	SYNERGxDB Database	Investigative	NCI-H460	11.28	13.89	11.76	12.28	2
DCK63BX	DM7Q98D	Ruxolitinib	Phase 3 Trial	25.0	DMNER5S	Bleomycin	Approved	34.0	.	.	.	.	Lung adenocarcinoma	SYNERGxDB Database	Investigative	EKVX	6.13	9.22	11.92	11.12	2
DCF8CKM	DM7Q98D	Ruxolitinib	Phase 3 Trial	25.0	DMNER5S	Bleomycin	Approved	34.0	.	.	.	.	Lung adenocarcinoma	SYNERGxDB Database	Investigative	MDA-MB-231	7.17	8.33	7.4	10.07	2
DCKN1TP	DM7Q98D	Ruxolitinib	Phase 3 Trial	25.0	DMNO38U	Bortezomib	Approved	34.0	.	.	.	.	Minimally invasive lung adenocarcinoma	SYNERGxDB Database	Investigative	NCI-H322M	1	2.79	0.76	0.16	2
DCRL59M	DM7Q98D	Ruxolitinib	Phase 3 Trial	25.0	DMNP60F	Anastrozole	Approved	34.0	.	.	.	.	Minimally invasive lung adenocarcinoma	SYNERGxDB Database	Investigative	NCI-H322M	3.73	4.97	4.68	4.44	2
DC7Z4DT	DM7Q98D	Ruxolitinib	Phase 3 Trial	25.0	DMNP60F	Anastrozole	Approved	34.0	.	.	.	.	Non-small cell lung carcinoma	SYNERGxDB Database	Investigative	HOP-92	1.37	0.64	1.21	0.82	2
DC67DSC	DM7Q98D	Ruxolitinib	Phase 3 Trial	25.0	DMOYJFK	Valrubicin	Approved	34.0	.	.	.	.	Large cell lung carcinoma	SYNERGxDB Database	Investigative	NCI-H460	0.57	1.3	0.3	0.97	2
DCBEKKT	DM7Q98D	Ruxolitinib	Phase 3 Trial	25.0	DMOYJFK	Valrubicin	Approved	34.0	.	.	.	.	Lung adenocarcinoma	SYNERGxDB Database	Investigative	HOP-62	1.83	4.17	2.88	2.49	2
DCVCB1S	DM7Q98D	Ruxolitinib	Phase 3 Trial	25.0	DMP6G8T	Topotecan	Approved	34.0	.	.	.	.	Lung adenocarcinoma	SYNERGxDB Database	Investigative	EKVX	1.54	3.32	6.13	6.54	2
DCXL6TB	DM7Q98D	Ruxolitinib	Phase 3 Trial	25.0	DMP6G8T	Topotecan	Approved	34.0	.	.	.	.	Minimally invasive lung adenocarcinoma	SYNERGxDB Database	Investigative	NCI-H322M	8.5	10.05	6.87	10.09	2
DC1TK6P	DM7Q98D	Ruxolitinib	Phase 3 Trial	25.0	DMPAZHC	Cabazitaxel	Approved	34.0	.	.	.	.	Lung adenocarcinoma	SYNERGxDB Database	Investigative	MDA-MB-231	7.52	8.21	6.41	9.67	2
DC84JJZ	DM7Q98D	Ruxolitinib	Phase 3 Trial	25.0	DMPDW6T	Epirubicin	Approved	34.0	.	.	.	.	Large cell lung carcinoma	SYNERGxDB Database	Investigative	NCI-H460	2.42	8.43	4.62	5.3	2
DC24GQM	DM7Q98D	Ruxolitinib	Phase 3 Trial	25.0	DMT5GNL	Romidepsin	Approved	34.0	.	.	.	.	Lung adenocarcinoma	SYNERGxDB Database	Investigative	EKVX	14.17	12.68	7.68	14.89	2
DCPBQ5W	DM7Q98D	Ruxolitinib	Phase 3 Trial	25.0	DMT5GNL	Romidepsin	Approved	34.0	.	.	.	.	Lung adenocarcinoma 	SYNERGxDB Database	Investigative	NCI-H522	3.79	4.6	0.29	5.06	2
DC20Q3N	DM7Q98D	Ruxolitinib	Phase 3 Trial	25.0	DMTGBAX	Pomalidomide	Approved	34.0	.	.	.	.	Large cell lung carcinoma	SYNERGxDB Database	Investigative	NCI-H460	0.25	1.59	0.13	0.54	2
DC51DGW	DM7Q98D	Ruxolitinib	Phase 3 Trial	25.0	DMTGBAX	Pomalidomide	Approved	34.0	.	.	.	.	Lung adenocarcinoma	SYNERGxDB Database	Investigative	EKVX	2.17	6.98	4.3	5.01	2
DC48IRL	DM7Q98D	Ruxolitinib	Phase 3 Trial	25.0	DMTGBAX	Pomalidomide	Approved	34.0	.	.	.	.	Lung adenocarcinoma	SYNERGxDB Database	Investigative	HOP-62	0.29	3.27	1.97	1.61	2
DCOWHQB	DM7Q98D	Ruxolitinib	Phase 3 Trial	25.0	DMTGBAX	Pomalidomide	Approved	34.0	.	.	.	.	Non-small cell lung carcinoma	SYNERGxDB Database	Investigative	HOP-92	1.91	9.2	5.93	7.81	2
DC5N5QF	DM7Q98D	Ruxolitinib	Phase 3 Trial	25.0	DMTM2IK	Mercaptopurine	Preclinical	2.1	.	.	.	.	Lung adenocarcinoma 	SYNERGxDB Database	Investigative	NCI-H522	2.13	4.4	3.5	5.36	2
DC0I0NI	DM7Q98D	Ruxolitinib	Phase 3 Trial	25.0	DMUOT9V	Taxol	Approved	34.0	.	.	.	.	Lung adenocarcinoma	SYNERGxDB Database	Investigative	MDA-MB-231	10.32	10.26	8.34	11.87	2
DCPDN0J	DM7Q98D	Ruxolitinib	Phase 3 Trial	25.0	DMUOT9V	Taxol	Approved	34.0	.	.	.	.	Lung adenocarcinoma 	SYNERGxDB Database	Investigative	NCI-H522	5.04	6.45	3.28	7.99	2
DCM0Q9M	DM7Q98D	Ruxolitinib	Phase 3 Trial	25.0	DMWGV8N	PMID28870136-Compound-43	Patented	15.5	.	.	.	.	Minimally invasive lung adenocarcinoma	SYNERGxDB Database	Investigative	NCI-H322M	1.24	4.08	1.48	1.38	2
DCIQSTY	DM7Q98D	Ruxolitinib	Phase 3 Trial	25.0	DMWNHPC	Aminolevulinic Acid Hydrochloride	Approved	34.0	.	.	.	.	Lung adenocarcinoma	SYNERGxDB Database	Investigative	EKVX	1.08	6.26	5.17	7.09	2
DCAJIC7	DM7Q98D	Ruxolitinib	Phase 3 Trial	25.0	DMJV2EK	Dasatinib	Investigative	0.0	.	.	.	.	Large cell lung carcinoma	SYNERGxDB Database	Investigative	NCI-H460	19	21.22	20.21	20.16	2
DCPE7WK	DM7Q98D	Ruxolitinib	Phase 3 Trial	25.0	DMJV2EK	Dasatinib	Investigative	0.0	.	.	.	.	Lung adenocarcinoma	SYNERGxDB Database	Investigative	MDA-MB-231	11.74	15.89	14.46	17.64	2
DCMLXNI	DM7Q98D	Ruxolitinib	Phase 3 Trial	25.0	DMJV2EK	Dasatinib	Investigative	0.0	.	.	.	.	Lung adenocarcinoma	SYNERGxDB Database	Investigative	HOP-62	11.04	17.8	11.63	16.36	2
DCT21D2	DM7Q98D	Ruxolitinib	Phase 3 Trial	25.0	DMJV2EK	Dasatinib	Investigative	0.0	.	.	.	.	Lung adenocarcinoma	SYNERGxDB Database	Investigative	EKVX	3.42	6.44	6.85	8.43	2
DC3NWWE	DM7Q98D	Ruxolitinib	Phase 3 Trial	25.0	DMJV2EK	Dasatinib	Investigative	0.0	.	.	.	.	Lung adenocarcinoma 	SYNERGxDB Database	Investigative	NCI-H522	4.34	11.27	11.66	12.26	2
DC35A7W	DM7Q98D	Ruxolitinib	Phase 3 Trial	25.0	DMJV2EK	Dasatinib	Investigative	0.0	.	.	.	.	Minimally invasive lung adenocarcinoma	SYNERGxDB Database	Investigative	NCI-H322M	8.85	10.08	10.02	9.58	2
DCW2O98	DM7Q98D	Ruxolitinib	Phase 3 Trial	25.0	DMJV2EK	Dasatinib	Investigative	0.0	.	.	.	.	Non-small cell lung carcinoma	SYNERGxDB Database	Investigative	HOP-92	5.07	12.13	11.62	13.85	2
DCTCC4X	DMFGYKS	MK-5108	Phase 1	17.0	DM27D4J	PD-0325901	Phase 2	21.0	.	.	.	.	Large cell lung carcinoma	SYNERGxDB Database	Investigative	NCI-H460	2.44	1.03	4.2	5.51	2
DC7OKSR	DMFGYKS	MK-5108	Phase 1	17.0	DMB5A80	SNX-2112	Investigative	0.0	.	.	.	.	Large cell lung carcinoma	SYNERGxDB Database	Investigative	NCI-H460	4.53	3.52	1.08	6.03	2
DC1OL2T	DMFGYKS	MK-5108	Phase 1	17.0	DMCMBHA	Erlotinib	Approved	34.0	.	.	.	.	Large cell lung carcinoma	SYNERGxDB Database	Investigative	NCI-H460	0.93	0.08	1.97	4.62	2
DC1FNH0	DMFGYKS	MK-5108	Phase 1	17.0	DMS8IFC	Sorafenib	Approved	34.0	.	.	.	.	Large cell lung carcinoma	SYNERGxDB Database	Investigative	NCI-H460	4.81	4.04	2.16	9.13	2
DCG7Z2J	DMFGYKS	MK-5108	Phase 1	17.0	DMWMPD4	Vorinostat	Approved	34.0	.	.	.	.	Large cell lung carcinoma	SYNERGxDB Database	Investigative	NCI-H460	4.25	2.32	3.35	7.53	2
DC77HVF	DMJ7NVI	BIO-300	Phase 1/2	19.0	DM2OZ3G	Ixabepilone	Approved	34.0	.	.	.	.	Lung adenocarcinoma	SYNERGxDB Database	Investigative	HOP-62	2.05	2.23	1.98	2.33	2
DCRSA7X	DMJ7NVI	BIO-300	Phase 1/2	19.0	DM2OZ3G	Ixabepilone	Approved	34.0	.	.	.	.	Non-small cell lung carcinoma	SYNERGxDB Database	Investigative	HOP-92	1.78	1.48	0.76	1.22	2
DCJAVAP	DMJ7NVI	BIO-300	Phase 1/2	19.0	DM2YGNW	Dactinomycin	Approved	34.0	.	.	.	.	Large cell lung carcinoma	SYNERGxDB Database	Investigative	NCI-H460	4.68	4.67	1.18	4.04	2
DCYQ0GZ	DMJ7NVI	BIO-300	Phase 1/2	19.0	DM2YGNW	Dactinomycin	Approved	34.0	.	.	.	.	Lung adenocarcinoma	SYNERGxDB Database	Investigative	HOP-62	1.6	2.2	2.13	3.16	2
DCM0U34	DMJ7NVI	BIO-300	Phase 1/2	19.0	DM2YGNW	Dactinomycin	Approved	34.0	.	.	.	.	Lung adenocarcinoma 	SYNERGxDB Database	Investigative	NCI-H522	20.05	15.31	14.05	15.29	2
DC2TBK7	DMJ7NVI	BIO-300	Phase 1/2	19.0	DM3BF9B	DFN-15	Phase 3	25.0	.	.	.	.	Lung adenocarcinoma	SYNERGxDB Database	Investigative	MDA-MB-231	2.22	2.58	0.63	2.65	2
DCCTYAE	DMJ7NVI	BIO-300	Phase 1/2	19.0	DM3BH1Y	Lapatinib	Approved	34.0	.	.	.	.	Lung adenocarcinoma	SYNERGxDB Database	Investigative	EKVX	6.51	10.73	8.14	12.82	2
DCF7I4X	DMJ7NVI	BIO-300	Phase 1/2	19.0	DM3BH1Y	Lapatinib	Approved	34.0	.	.	.	.	Minimally invasive lung adenocarcinoma	SYNERGxDB Database	Investigative	NCI-H322M	6.76	6.49	6.46	8.85	2
DCJ61CR	DMJ7NVI	BIO-300	Phase 1/2	19.0	DM3BH1Y	Lapatinib	Approved	34.0	.	.	.	.	Non-small cell lung carcinoma	SYNERGxDB Database	Investigative	HOP-92	4.81	3.26	1.02	3.87	2
DCKJA31	DMJ7NVI	BIO-300	Phase 1/2	19.0	DM4DOUB	PMID28460551-Compound-2	Patented	15.5	.	.	.	.	Lung adenocarcinoma	SYNERGxDB Database	Investigative	EKVX	7.6	9.63	5.12	9.96	2
DCJO46J	DMJ7NVI	BIO-300	Phase 1/2	19.0	DM4DOUB	PMID28460551-Compound-2	Patented	15.5	.	.	.	.	Lung adenocarcinoma	SYNERGxDB Database	Investigative	HOP-62	7.21	7.31	6.68	9.63	2
DC3NJDN	DMJ7NVI	BIO-300	Phase 1/2	19.0	DM4DOUB	PMID28460551-Compound-2	Patented	15.5	.	.	.	.	Lung adenocarcinoma	SYNERGxDB Database	Investigative	MDA-MB-231	4.91	8.83	4.14	11.3	2
DCMYYYV	DMJ7NVI	BIO-300	Phase 1/2	19.0	DM4DOUB	PMID28460551-Compound-2	Patented	15.5	.	.	.	.	Lung adenocarcinoma 	SYNERGxDB Database	Investigative	NCI-H522	3.45	5.19	1.64	7.06	2
DCCSPKE	DMJ7NVI	BIO-300	Phase 1/2	19.0	DM7C8YV	Plicamycin	Approved	34.0	.	.	.	.	Lung adenocarcinoma	SYNERGxDB Database	Investigative	MDA-MB-231	7.55	11.97	0.04	11.47	2
DC0MTIG	DMJ7NVI	BIO-300	Phase 1/2	19.0	DM7C8YV	Plicamycin	Approved	34.0	.	.	.	.	Lung adenocarcinoma 	SYNERGxDB Database	Investigative	NCI-H522	28.11	27.89	18	28.67	2
DC0PY6R	DMJ7NVI	BIO-300	Phase 1/2	19.0	DM7C8YV	Plicamycin	Approved	34.0	.	.	.	.	Minimally invasive lung adenocarcinoma	SYNERGxDB Database	Investigative	NCI-H322M	2.35	7.84	4.25	7.22	2
DC2NGZC	DMJ7NVI	BIO-300	Phase 1/2	19.0	DM7HXWT	Nilotinib	Approved	34.0	.	.	.	.	Lung adenocarcinoma	SYNERGxDB Database	Investigative	HOP-62	7.51	9.63	0.48	10.81	2
DC3681I	DMJ7NVI	BIO-300	Phase 1/2	19.0	DM7NKEV	Thioguanine	Preclinical	2.1	.	.	.	.	Large cell lung carcinoma	SYNERGxDB Database	Investigative	NCI-H460	2.61	2.12	2.28	6.85	2
DCFDNOR	DMJ7NVI	BIO-300	Phase 1/2	19.0	DM7XZY5	Triapine	Phase 2	21.0	.	.	.	.	Lung adenocarcinoma	SYNERGxDB Database	Investigative	MDA-MB-231	3.44	6.91	4.27	8.78	2
DCWJSDT	DMJ7NVI	BIO-300	Phase 1/2	19.0	DM7XZY5	Triapine	Phase 2	21.0	.	.	.	.	Non-small cell lung carcinoma	SYNERGxDB Database	Investigative	HOP-92	0.49	3.19	1.92	4.78	2
DCWUKGQ	DMJ7NVI	BIO-300	Phase 1/2	19.0	DMAE6LK	Topetecan	Approved	34.0	.	.	.	.	Minimally invasive lung adenocarcinoma	SYNERGxDB Database	Investigative	NCI-H322M	0.25	6.89	5.34	6.37	2
DCKVELM	DMJ7NVI	BIO-300	Phase 1/2	19.0	DMAH59S	Amonafide	Phase 3	25.0	.	.	.	.	Lung adenocarcinoma	SYNERGxDB Database	Investigative	EKVX	1.49	3.93	3.03	8.12	2
DC1R7KU	DMJ7NVI	BIO-300	Phase 1/2	19.0	DMAO80I	Pralatrexate	Approved	34.0	.	.	.	.	Lung adenocarcinoma	SYNERGxDB Database	Investigative	HOP-62	0.89	1.16	2.66	2.09	2
DCG1HEZ	DMJ7NVI	BIO-300	Phase 1/2	19.0	DMD7X1O	Dexrazoxane	Approved	34.0	.	.	.	.	Large cell lung carcinoma	SYNERGxDB Database	Investigative	NCI-H460	1.72	0.77	5.4	7.67	2
DCBZVS8	DMJ7NVI	BIO-300	Phase 1/2	19.0	DMFH15Z	Bendamustine hydrochloride	Approved	34.0	.	.	.	.	Large cell lung carcinoma	SYNERGxDB Database	Investigative	NCI-H460	14.88	9.49	5.19	11.28	2
DCZIBN3	DMJ7NVI	BIO-300	Phase 1/2	19.0	DMFH15Z	Bendamustine hydrochloride	Approved	34.0	.	.	.	.	Lung adenocarcinoma 	SYNERGxDB Database	Investigative	NCI-H522	6.99	9.65	8.44	12.17	2
DCIADZT	DMJ7NVI	BIO-300	Phase 1/2	19.0	DMFH15Z	Bendamustine hydrochloride	Approved	34.0	.	.	.	.	Minimally invasive lung adenocarcinoma	SYNERGxDB Database	Investigative	NCI-H322M	0.31	8.75	10.69	13.21	2
DCCAY37	DMJ7NVI	BIO-300	Phase 1/2	19.0	DMGW1ID	Sirolimus	Approved	34.0	.	.	.	.	Large cell lung carcinoma	SYNERGxDB Database	Investigative	NCI-H460	2.69	1.64	3.3	5.98	2
DC6UEVU	DMJ7NVI	BIO-300	Phase 1/2	19.0	DMGW1ID	Sirolimus	Approved	34.0	.	.	.	.	Lung adenocarcinoma	SYNERGxDB Database	Investigative	HOP-62	2.98	3.09	7.23	8.03	2
DCJEZ1L	DMJ7NVI	BIO-300	Phase 1/2	19.0	DMH0ZJE	Mitomycin	Approved	34.0	.	.	.	.	Lung adenocarcinoma	SYNERGxDB Database	Investigative	MDA-MB-231	5.03	6.34	2.59	8.64	2
DCV2GF9	DMJ7NVI	BIO-300	Phase 1/2	19.0	DMH0ZJE	Mitomycin	Approved	34.0	.	.	.	.	Lung adenocarcinoma	SYNERGxDB Database	Investigative	EKVX	2.92	3.67	0.31	3.51	2
DCO4IBL	DMJ7NVI	BIO-300	Phase 1/2	19.0	DMH0ZJE	Mitomycin	Approved	34.0	.	.	.	.	Non-small cell lung carcinoma	SYNERGxDB Database	Investigative	HOP-92	0.66	3	1.11	3.39	2
DC2XQ4V	DMJ7NVI	BIO-300	Phase 1/2	19.0	DMHL7OB	Uracil mustard	Approved	34.0	.	.	.	.	Large cell lung carcinoma	SYNERGxDB Database	Investigative	NCI-H460	2.25	1.35	3.04	5.4	2
DC02LQJ	DMJ7NVI	BIO-300	Phase 1/2	19.0	DMHL7OB	Uracil mustard	Approved	34.0	.	.	.	.	Lung adenocarcinoma	SYNERGxDB Database	Investigative	HOP-62	7.22	7.18	0.82	8.59	2
DC5UODE	DMJ7NVI	BIO-300	Phase 1/2	19.0	DMHL7OB	Uracil mustard	Approved	34.0	.	.	.	.	Lung adenocarcinoma	SYNERGxDB Database	Investigative	EKVX	1.75	8.11	6.63	9.62	2
DC89RYT	DMJ7NVI	BIO-300	Phase 1/2	19.0	DMHL7OB	Uracil mustard	Approved	34.0	.	.	.	.	Minimally invasive lung adenocarcinoma	SYNERGxDB Database	Investigative	NCI-H322M	0.62	3.35	1.8	4.36	2
DCWMU5H	DMJ7NVI	BIO-300	Phase 1/2	19.0	DMINOX3	Vincristine	Approved	34.0	.	.	.	.	Large cell lung carcinoma	SYNERGxDB Database	Investigative	NCI-H460	12.34	10.26	2.86	8.22	2
DC0DFK4	DMJ7NVI	BIO-300	Phase 1/2	19.0	DMINOX3	Vincristine	Approved	34.0	.	.	.	.	Lung adenocarcinoma	SYNERGxDB Database	Investigative	HOP-62	7.69	5.5	4.1	5.75	2
DC3M762	DMJ7NVI	BIO-300	Phase 1/2	19.0	DMINOX3	Vincristine	Approved	34.0	.	.	.	.	Minimally invasive lung adenocarcinoma	SYNERGxDB Database	Investigative	NCI-H322M	3.94	8.81	9.36	9.66	2
DC7MK4Y	DMJ7NVI	BIO-300	Phase 1/2	19.0	DMINOX3	Vincristine	Approved	34.0	.	.	.	.	Non-small cell lung carcinoma	SYNERGxDB Database	Investigative	HOP-92	4.42	4.46	4.89	7.57	2
DCS8V89	DMJ7NVI	BIO-300	Phase 1/2	19.0	DMNER5S	Bleomycin	Approved	34.0	.	.	.	.	Large cell lung carcinoma	SYNERGxDB Database	Investigative	NCI-H460	2.75	1.75	4.11	6.9	2
DCMXPAB	DMJ7NVI	BIO-300	Phase 1/2	19.0	DMNER5S	Bleomycin	Approved	34.0	.	.	.	.	Lung adenocarcinoma	SYNERGxDB Database	Investigative	HOP-62	5.8	4.11	3.16	9.08	2
DCZSDMS	DMJ7NVI	BIO-300	Phase 1/2	19.0	DMNER5S	Bleomycin	Approved	34.0	.	.	.	.	Lung adenocarcinoma	SYNERGxDB Database	Investigative	EKVX	12.08	11.46	8.9	15.84	2
DCY7NT1	DMJ7NVI	BIO-300	Phase 1/2	19.0	DMP6G8T	Topotecan	Approved	34.0	.	.	.	.	Lung adenocarcinoma	SYNERGxDB Database	Investigative	EKVX	4.34	6.25	9.76	11.14	2
DCB98A5	DMJ7NVI	BIO-300	Phase 1/2	19.0	DMS8IFC	Sorafenib	Approved	34.0	.	.	.	.	Large cell lung carcinoma	SYNERGxDB Database	Investigative	NCI-H460	2.89	1.14	1.28	3.68	2
DC3RG73	DMJ7NVI	BIO-300	Phase 1/2	19.0	DMS8IFC	Sorafenib	Approved	34.0	.	.	.	.	Lung adenocarcinoma	SYNERGxDB Database	Investigative	HOP-62	7.57	8.1	6.12	11.52	2
DC2UGGL	DMJ7NVI	BIO-300	Phase 1/2	19.0	DMS8IFC	Sorafenib	Approved	34.0	.	.	.	.	Lung adenocarcinoma	SYNERGxDB Database	Investigative	EKVX	4.87	5.14	4.83	8.94	2
DCIQFVP	DMJ7NVI	BIO-300	Phase 1/2	19.0	DMT5GNL	Romidepsin	Approved	34.0	.	.	.	.	Large cell lung carcinoma	SYNERGxDB Database	Investigative	NCI-H460	2.04	0.14	3.84	4.6	2
DCHOUL0	DMJ7NVI	BIO-300	Phase 1/2	19.0	DMT5GNL	Romidepsin	Approved	34.0	.	.	.	.	Lung adenocarcinoma	SYNERGxDB Database	Investigative	HOP-62	5.69	4.01	5.36	8.82	2
DCR6JDE	DMJ7NVI	BIO-300	Phase 1/2	19.0	DMT5GNL	Romidepsin	Approved	34.0	.	.	.	.	Lung adenocarcinoma	SYNERGxDB Database	Investigative	EKVX	24.17	21.93	23.33	25.31	2
DCLX41I	DMJ7NVI	BIO-300	Phase 1/2	19.0	DMT5GNL	Romidepsin	Approved	34.0	.	.	.	.	Lung adenocarcinoma	SYNERGxDB Database	Investigative	MDA-MB-231	5.69	6.42	5.63	8.99	2
DCYRSEC	DMJ7NVI	BIO-300	Phase 1/2	19.0	DMT5GNL	Romidepsin	Approved	34.0	.	.	.	.	Lung adenocarcinoma 	SYNERGxDB Database	Investigative	NCI-H522	4.37	4.47	4.59	8.18	2
DCWOBRV	DMJ7NVI	BIO-300	Phase 1/2	19.0	DMT5GNL	Romidepsin	Approved	34.0	.	.	.	.	Minimally invasive lung adenocarcinoma	SYNERGxDB Database	Investigative	NCI-H322M	2.82	6.09	3.15	8.49	2
DCWPD51	DMJ7NVI	BIO-300	Phase 1/2	19.0	DMU8L7C	Mepacrine	Investigative	0.0	.	.	.	.	Lung adenocarcinoma 	SYNERGxDB Database	Investigative	NCI-H522	7.3	8.7	1.41	10.34	2
DC8B9L6	DMJ7NVI	BIO-300	Phase 1/2	19.0	DMUOT9V	Taxol	Approved	34.0	.	.	.	.	Lung adenocarcinoma	SYNERGxDB Database	Investigative	HOP-62	8.31	7.78	3.21	10.07	2
DC5PNL2	DMJ7NVI	BIO-300	Phase 1/2	19.0	DMWGV8N	PMID28870136-Compound-43	Patented	15.5	.	.	.	.	Lung adenocarcinoma	SYNERGxDB Database	Investigative	HOP-62	2.93	3.33	1.18	4.6	2
DCARRH9	DMJ7NVI	BIO-300	Phase 1/2	19.0	DMWNHPC	Aminolevulinic Acid Hydrochloride	Approved	34.0	.	.	.	.	Large cell lung carcinoma	SYNERGxDB Database	Investigative	NCI-H460	2	0.79	2.28	5.35	2
DCPF31O	DMJ7NVI	BIO-300	Phase 1/2	19.0	DMJV2EK	Dasatinib	Investigative	0.0	.	.	.	.	Large cell lung carcinoma	SYNERGxDB Database	Investigative	NCI-H460	3.68	2.38	0.62	4.78	2
DCRWLX7	DMJ7NVI	BIO-300	Phase 1/2	19.0	DMJV2EK	Dasatinib	Investigative	0.0	.	.	.	.	Lung adenocarcinoma	SYNERGxDB Database	Investigative	HOP-62	2.95	2.4	2.15	6.27	2
DCG8YBB	DMJ7NVI	BIO-300	Phase 1/2	19.0	DMJV2EK	Dasatinib	Investigative	0.0	.	.	.	.	Lung adenocarcinoma	SYNERGxDB Database	Investigative	EKVX	0.03	3.35	1.36	5.79	2
DCLQJR5	DMJ7NVI	BIO-300	Phase 1/2	19.0	DMJV2EK	Dasatinib	Investigative	0.0	.	.	.	.	Non-small cell lung carcinoma	SYNERGxDB Database	Investigative	HOP-92	3.24	6.09	8.15	10.42	2
DCNCXJ9	DMLYGH4	MK-4827	Phase 3	25.0	DMRJLAT	Osimertinib	Approved	34.0	.	.	.	.	Lung Cancer	ClinicalTrials.gov	Phase 1	.	.	.	.	.	2
DCC4HKB	DMLYGH4	MK-4827	Phase 3	25.0	DM62QTW	RTB101	Phase 3	25.0	.	.	.	.	Large cell lung carcinoma	SYNERGxDB Database	Investigative	NCI-H460	7.51	5.31	8.47	8.32	2
DCB1LP2	DMLYGH4	MK-4827	Phase 3	25.0	DM67EMK	SCH-900776	Phase 2	21.0	.	.	.	.	Large cell lung carcinoma	SYNERGxDB Database	Investigative	NCI-H460	0.11	2.74	5.41	5.48	2
DCFXI48	DMLYGH4	MK-4827	Phase 3	25.0	DMB5A80	SNX-2112	Investigative	0.0	.	.	.	.	Large cell lung carcinoma	SYNERGxDB Database	Investigative	NCI-H460	4.1	6.2	7.82	8.01	2
DC05ILJ	DMLYGH4	MK-4827	Phase 3	25.0	DMLHEU7	Ridaforolimus	Phase 3	25.0	.	.	.	.	Large cell lung carcinoma	SYNERGxDB Database	Investigative	NCI-H460	0.03	2.15	0.94	3.82	2
DCBVNRF	DMLYGH4	MK-4827	Phase 3	25.0	DMS8IFC	Sorafenib	Approved	34.0	.	.	.	.	Large cell lung carcinoma	SYNERGxDB Database	Investigative	NCI-H460	4.94	5.44	7.65	7.71	2
DCCVM9I	DMLYGH4	MK-4827	Phase 3	25.0	DMWMPD4	Vorinostat	Approved	34.0	.	.	.	.	Large cell lung carcinoma	SYNERGxDB Database	Investigative	NCI-H460	8.11	5.79	6.29	7.41	2
DCLECW6	DMNO38U	Bortezomib	Approved	34.0	DMYLOVR	Aciclovir	Approved	34.0	.	.	.	.	Non-Small Cell Lung Cancer	ClinicalTrials.gov	Phase 2	.	.	.	.	.	2
DCCSUTB	DMNO38U	Bortezomib	Approved	34.0	DM61TA4	Arsenic trioxide	Approved	34.0	.	.	.	.	Large cell lung carcinoma	DrugCombDB Database	Investigative	NCI-H460	11.4	13.71	9.6	13.06	2
DCA36C5	DMNO38U	Bortezomib	Approved	34.0	DM61TA4	Arsenic trioxide	Approved	34.0	.	.	.	.	Minimally invasive lung adenocarcinoma	DrugCombDB Database	Investigative	NCI-H322M	1.33	7.43	3.97	5.65	2
DCFFVJJ	DMNO38U	Bortezomib	Approved	34.0	DM62QTW	RTB101	Phase 3	25.0	.	.	.	.	Large cell lung carcinoma	DrugCombDB Database	Investigative	NCI-H460	4.56	1.52	2.38	4.95	2
DCB4552	DMNO38U	Bortezomib	Approved	34.0	DM67EMK	SCH-900776	Phase 2	21.0	.	.	.	.	Large cell lung carcinoma	DrugCombDB Database	Investigative	NCI-H460	1.73	3.39	3.33	5.78	2
DC7VHPJ	DMNO38U	Bortezomib	Approved	34.0	DM9WLN4	10-hydroxycamptothecin	Investigative	0.0	.	.	.	.	Large cell lung carcinoma	DrugCombDB Database	Investigative	NCI-H460	2.75	4.86	6.75	8.23	2
DCVBWA5	DMNO38U	Bortezomib	Approved	34.0	DMB5A80	SNX-2112	Investigative	0.0	.	.	.	.	Large cell lung carcinoma	DrugCombDB Database	Investigative	NCI-H460	2.12	3.29	1.96	4.81	2
DCPHVWI	DMNO38U	Bortezomib	Approved	34.0	DMLHEU7	Ridaforolimus	Phase 3	25.0	.	.	.	.	Large cell lung carcinoma	DrugCombDB Database	Investigative	NCI-H460	5.77	2.81	0.63	4.33	2
DCSM0Q6	DMNO38U	Bortezomib	Approved	34.0	DMLYGH4	MK-4827	Phase 3	25.0	.	.	.	.	Large cell lung carcinoma	DrugCombDB Database	Investigative	NCI-H460	2.8	0.24	0.25	2.49	2
DCL8YUB	DMNO38U	Bortezomib	Approved	34.0	DMRHGI9	Cisplatin	Approved	34.0	.	.	.	.	Lung adenocarcinoma 	DrugCombDB Database	Investigative	NCI-H522	0.94	2.78	2.84	4.11	2
DC876V3	DMNO38U	Bortezomib	Approved	34.0	DMS8IFC	Sorafenib	Approved	34.0	.	.	.	.	Large cell lung carcinoma	DrugCombDB Database	Investigative	NCI-H460	3.7	3.66	0.23	6.01	2
DC7IVT5	DMNO38U	Bortezomib	Approved	34.0	DMWMPD4	Vorinostat	Approved	34.0	.	.	.	.	Large cell lung carcinoma	DrugCombDB Database	Investigative	NCI-H460	4.02	4.2	2.7	5.93	2
DC520RD	DMMWZET	Dexamethasone	Phase 3 Trial	25.0	DMMX2E6	Pemetrexed	Approved	34.0	.	.	.	.	Non Small Cell Lung Cancer	ClinicalTrials.gov	Phase 1	.	.	.	.	.	2
DC2HRX1	DMMWZET	Dexamethasone	Phase 3 Trial	25.0	DMCJLD1	SCH 727965	Discontinued in Phase 3	9.0	.	.	.	.	Large cell lung carcinoma	SYNERGxDB Database	Investigative	NCI-H460	1.3	9.11	10.3	13.35	2
DCGC0JJ	DMMWZET	Dexamethasone	Phase 3 Trial	25.0	DMM0XGL	Idarubicin	Approved	34.0	.	.	.	.	Large cell lung carcinoma	SYNERGxDB Database	Investigative	NCI-H460	2.43	5.19	7.21	7.41	2
DCVONCU	DM62QTW	RTB101	Phase 3	25.0	DM67EMK	SCH-900776	Phase 2	21.0	.	.	.	.	Large cell lung carcinoma	SYNERGxDB Database	Investigative	NCI-H460	9.54	5.55	7.46	9.16	2
DCA4PKC	DM62QTW	RTB101	Phase 3	25.0	DM9WLN4	10-hydroxycamptothecin	Investigative	0.0	.	.	.	.	Large cell lung carcinoma	SYNERGxDB Database	Investigative	NCI-H460	8.35	7.22	12.66	14.38	2
DCVYWZH	DM62QTW	RTB101	Phase 3	25.0	DMLHEU7	Ridaforolimus	Phase 3	25.0	.	.	.	.	Large cell lung carcinoma	SYNERGxDB Database	Investigative	NCI-H460	6.97	6.67	5.68	9.52	2
DCFDGW8	DM62QTW	RTB101	Phase 3	25.0	DMS8IFC	Sorafenib	Approved	34.0	.	.	.	.	Large cell lung carcinoma	SYNERGxDB Database	Investigative	NCI-H460	4.66	3.84	2.66	9.53	2
DC2J3QA	DMDI269	Docetaxel	Approved	34.0	DMMQ2OW	Nintedanib	Phase 2 Trial	21.0	.	.	.	.	Carcinoma, Non-Small-Cell Lung	ClinicalTrials.gov	Phase 3	.	.	.	.	.	2
DC53GGM	DMDI269	Docetaxel	Approved	34.0	DMP6SC2	Irinotecan	Approved	34.0	.	.	.	.	Lung Cancer	ClinicalTrials.gov	Phase 1	.	.	.	.	.	2
DC68PRA	DMDI269	Docetaxel	Approved	34.0	DMIQ31Y	Custirsen	Phase 3	25.0	.	.	.	.	Non-Small Cell Lung Cancer	ClinicalTrials.gov	Phase 1	.	.	.	.	.	2
DC7M6MW	DMDI269	Docetaxel	Approved	34.0	DMMX2E6	Pemetrexed	Approved	34.0	.	.	.	.	Lung Cancer	ClinicalTrials.gov	Phase 1	.	.	.	.	.	2
DC7YMDW	DMDI269	Docetaxel	Approved	34.0	DMYISJK	PX-866	Phase 2	21.0	.	.	.	.	Non Small Cell Lung Cancer (NSCLC)	ClinicalTrials.gov	Phase 1	.	.	.	.	.	2
DC8AWAI	DMDI269	Docetaxel	Approved	34.0	DMNO38U	Bortezomib	Approved	34.0	.	.	.	.	Lung Cancer	ClinicalTrials.gov	Phase 1	.	.	.	.	.	2
DCB58HH	DMDI269	Docetaxel	Approved	34.0	DMRICNP	Vandetanib	Approved	34.0	.	.	.	.	Non-small Cell Lung Cancer	ClinicalTrials.gov	Phase 1	.	.	.	.	.	2
DCBWDP3	DMDI269	Docetaxel	Approved	34.0	DMMX2E6	Pemetrexed	Approved	34.0	.	.	.	.	Non Small Cell Lung Cancer	ClinicalTrials.gov	Phase 1	.	.	.	.	.	2
DCHAMMC	DMDI269	Docetaxel	Approved	34.0	DMVEHI7	[125I]IRL1620	Investigative	0.0	.	.	.	.	Non Small Cell Lung Cancer (NSCLC)	ClinicalTrials.gov	Phase 1	.	.	.	.	.	2
DCITVH0	DMDI269	Docetaxel	Approved	34.0	DMTOUY9	Suramin	Investigative	0.0	.	.	.	.	Recurrent Non-small Cell Lung Cancer	ClinicalTrials.gov	Phase 1	.	.	.	.	.	2
DCKGEJR	DMDI269	Docetaxel	Approved	34.0	DMWMPD4	Vorinostat	Approved	34.0	.	.	.	.	Non-Small-Cell Lung Carcinoma	ClinicalTrials.gov	Phase 1	.	.	.	.	.	2
DCL9287	DMDI269	Docetaxel	Approved	34.0	DMGM2Z6	Lonafarnib	Approved	34.0	.	.	.	.	Lung Cancer	ClinicalTrials.gov	Phase 1	.	.	.	.	.	2
DCPW53G	DMDI269	Docetaxel	Approved	34.0	DMJG7VP	Tariquidar	Discontinued in Phase 2	5.0	.	.	.	.	Lung Neoplasms	ClinicalTrials.gov	Phase 1	.	.	.	.	.	2
DCTHM2N	DMDI269	Docetaxel	Approved	34.0	DMVXFYE	Vinorelbine	Approved	34.0	.	.	.	.	Lung Cancer	ClinicalTrials.gov	Phase 1	.	.	.	.	.	2
DCUJT3P	DMDI269	Docetaxel	Approved	34.0	DMNO38U	Bortezomib	Approved	34.0	.	.	.	.	Adenocarcinoma of the Lung	ClinicalTrials.gov	Phase 1	.	.	.	.	.	2
DCJFMX0	DMDI269	Docetaxel	Approved	34.0	DMT4QHD	GDC-0032	Phase 3	25.0	.	.	.	.	Breast Cancer, Non-small Lung Cancer	ClinicalTrials.gov	Phase 1	.	.	.	.	.	2
DCM968D	DMDI269	Docetaxel	Approved	34.0	DM2OZ3G	Ixabepilone	Approved	34.0	.	.	.	.	Lung adenocarcinoma	DrugCombDB Database	Investigative	HOP-62	3.51	3.04	10.04	12.24	2
DC3CPW0	DMDI269	Docetaxel	Approved	34.0	DM2OZ3G	Ixabepilone	Approved	34.0	.	.	.	.	Minimally invasive lung adenocarcinoma	DrugCombDB Database	Investigative	NCI-H322M	0.67	2.42	2.44	8.3	2
DCQMRVP	DMDI269	Docetaxel	Approved	34.0	DM3BH1Y	Lapatinib	Approved	34.0	.	.	.	.	Large cell lung carcinoma	DrugCombDB Database	Investigative	NCI-H460	28.7	27.97	27.35	26.6	2
DC99A6Q	DMDI269	Docetaxel	Approved	34.0	DM3BH1Y	Lapatinib	Approved	34.0	.	.	.	.	Lung adenocarcinoma	DrugCombDB Database	Investigative	HOP-62	19.39	22.14	23.98	20.24	2
DC7LUF1	DMDI269	Docetaxel	Approved	34.0	DM3BH1Y	Lapatinib	Approved	34.0	.	.	.	.	Lung adenocarcinoma	DrugCombDB Database	Investigative	EKVX	3.35	9.07	9.28	9.24	2
DCUQLAC	DMDI269	Docetaxel	Approved	34.0	DM3BH1Y	Lapatinib	Approved	34.0	.	.	.	.	Lung adenocarcinoma	DrugCombDB Database	Investigative	MDA-MB-231	9.71	16.67	17.3	15.18	2
DCS5KHY	DMDI269	Docetaxel	Approved	34.0	DM3BH1Y	Lapatinib	Approved	34.0	.	.	.	.	Minimally invasive lung adenocarcinoma	DrugCombDB Database	Investigative	NCI-H322M	3.95	4.22	6.47	5.89	2
DCUUGVL	DMDI269	Docetaxel	Approved	34.0	DM2TEOL	Methotrexate	Phase 1/2 Trial	19.0	.	.	.	.	Lung adenocarcinoma 	DrugCombDB Database	Investigative	NCI-H522	2.91	6.23	0.79	5.43	2
DC9GRZH	DMDI269	Docetaxel	Approved	34.0	DM61TA4	Arsenic trioxide	Approved	34.0	.	.	.	.	Lung adenocarcinoma	DrugCombDB Database	Investigative	HOP-62	14.68	21.3	3.17	5.73	2
DCYVB13	DMDI269	Docetaxel	Approved	34.0	DM7C8YV	Plicamycin	Approved	34.0	.	.	.	.	Large cell lung carcinoma	DrugCombDB Database	Investigative	NCI-H460	12.37	12.02	9.16	8.38	2
DCT2YK7	DMDI269	Docetaxel	Approved	34.0	DM7C8YV	Plicamycin	Approved	34.0	.	.	.	.	Lung adenocarcinoma	DrugCombDB Database	Investigative	MDA-MB-231	1.3	3.3	3.04	4.1	2
DCXLBJ9	DMDI269	Docetaxel	Approved	34.0	DM7C8YV	Plicamycin	Approved	34.0	.	.	.	.	Lung adenocarcinoma	DrugCombDB Database	Investigative	EKVX	2.99	4.61	2.8	2.33	2
DCNS8T1	DMDI269	Docetaxel	Approved	34.0	DM7C8YV	Plicamycin	Approved	34.0	.	.	.	.	Lung adenocarcinoma	DrugCombDB Database	Investigative	HOP-62	13.33	17.79	12.57	10.6	2
DC6JE2A	DMDI269	Docetaxel	Approved	34.0	DM7XZY5	Triapine	Phase 2	21.0	.	.	.	.	Lung adenocarcinoma	DrugCombDB Database	Investigative	EKVX	1.2	5.37	4.69	3.21	2
DC65ABI	DMDI269	Docetaxel	Approved	34.0	DM7XZY5	Triapine	Phase 2	21.0	.	.	.	.	Lung adenocarcinoma	DrugCombDB Database	Investigative	MDA-MB-231	1.64	3.87	5.79	5.32	2
DC1CUMN	DMDI269	Docetaxel	Approved	34.0	DM7XZY5	Triapine	Phase 2	21.0	.	.	.	.	Minimally invasive lung adenocarcinoma	DrugCombDB Database	Investigative	NCI-H322M	1.22	7.27	1.9	5.89	2
DCR3BJO	DMDI269	Docetaxel	Approved	34.0	DMC3P45	Terameprocol	Phase 2	21.0	.	.	.	.	Large cell lung carcinoma	DrugCombDB Database	Investigative	NCI-H460	17.66	17.8	16.92	16.42	2
DCX9W8D	DMDI269	Docetaxel	Approved	34.0	DMC3P45	Terameprocol	Phase 2	21.0	.	.	.	.	Lung adenocarcinoma 	DrugCombDB Database	Investigative	NCI-H522	4.83	11.87	9.94	11.7	2
DCN8G6F	DMDI269	Docetaxel	Approved	34.0	DMC3P45	Terameprocol	Phase 2	21.0	.	.	.	.	Minimally invasive lung adenocarcinoma	DrugCombDB Database	Investigative	NCI-H322M	3.08	6.72	5.99	6.25	2
DCIXC5E	DMDI269	Docetaxel	Approved	34.0	DMCJLD1	SCH 727965	Discontinued in Phase 3	9.0	.	.	.	.	Large cell lung carcinoma	DrugCombDB Database	Investigative	NCI-H460	9.57	11.83	11.9	11.9	2
DCS9SWQ	DMDI269	Docetaxel	Approved	34.0	DMCJLD1	SCH 727965	Discontinued in Phase 3	9.0	.	.	.	.	Lung adenocarcinoma	DrugCombDB Database	Investigative	HOP-62	15.78	22.4	15.92	14.49	2
DCOHVON	DMDI269	Docetaxel	Approved	34.0	DMCJLD1	SCH 727965	Discontinued in Phase 3	9.0	.	.	.	.	Lung adenocarcinoma 	DrugCombDB Database	Investigative	NCI-H522	8.03	10.8	9.72	11.24	2
DC1SD9J	DMDI269	Docetaxel	Approved	34.0	DMCJLD1	SCH 727965	Discontinued in Phase 3	9.0	.	.	.	.	Minimally invasive lung adenocarcinoma	DrugCombDB Database	Investigative	NCI-H322M	5.27	6.8	8.81	8.22	2
DCGNNY3	DMDI269	Docetaxel	Approved	34.0	DMCT3I8	Ifosfamide	Approved	34.0	.	.	.	.	Large cell lung carcinoma	DrugCombDB Database	Investigative	NCI-H460	20.37	21.19	19.92	19.92	2
DCG3ZX6	DMDI269	Docetaxel	Approved	34.0	DMFH15Z	Bendamustine hydrochloride	Approved	34.0	.	.	.	.	Lung adenocarcinoma	DrugCombDB Database	Investigative	MDA-MB-231	1.64	8.08	4.67	4.85	2
DCMXWFN	DMDI269	Docetaxel	Approved	34.0	DMLNFWU	TEM	Phase 2	21.0	.	.	.	.	Lung adenocarcinoma	DrugCombDB Database	Investigative	HOP-62	10.16	16.35	5.95	3.47	2
DCFHE0D	DMDI269	Docetaxel	Approved	34.0	DMLNFWU	TEM	Phase 2	21.0	.	.	.	.	Minimally invasive lung adenocarcinoma	DrugCombDB Database	Investigative	NCI-H322M	1.11	3.72	2.72	1.92	2
DCC3B3P	DMDI269	Docetaxel	Approved	34.0	DMNER5S	Bleomycin	Approved	34.0	.	.	.	.	Lung adenocarcinoma	DrugCombDB Database	Investigative	EKVX	0.49	5.99	2.9	3.07	2
DC8CK60	DMDI269	Docetaxel	Approved	34.0	DMRKE63	Chlorambucil	Approved	34.0	.	.	.	.	Lung adenocarcinoma	DrugCombDB Database	Investigative	HOP-62	2.65	3.47	4.54	1.19	2
DC98PFW	DMDI269	Docetaxel	Approved	34.0	DMS8IFC	Sorafenib	Approved	34.0	.	.	.	.	Lung adenocarcinoma	DrugCombDB Database	Investigative	MDA-MB-231	8.77	12.79	8.77	8.77	2
DCSYSYQ	DMDI269	Docetaxel	Approved	34.0	DMS8IFC	Sorafenib	Approved	34.0	.	.	.	.	Minimally invasive lung adenocarcinoma	DrugCombDB Database	Investigative	NCI-H322M	3.71	9.94	7.05	7.76	2
DC6XOP7	DMNER5S	Bleomycin	Approved	34.0	DM0CVXA	Mechlorethamine	Approved	34.0	.	.	.	.	Non-small cell lung carcinoma	SYNERGxDB Database	Investigative	HOP-92	2.42	3.89	3.5	4.79	2
DCA5K57	DMNER5S	Bleomycin	Approved	34.0	DM2YGNW	Dactinomycin	Approved	34.0	.	.	.	.	Large cell lung carcinoma	SYNERGxDB Database	Investigative	NCI-H460	5.84	7.67	6.74	6.93	2
DC43V2C	DMNER5S	Bleomycin	Approved	34.0	DM2YGNW	Dactinomycin	Approved	34.0	.	.	.	.	Lung adenocarcinoma	SYNERGxDB Database	Investigative	HOP-62	0.15	2.73	3.66	3.66	2
DCGRZJ3	DMNER5S	Bleomycin	Approved	34.0	DM2YGNW	Dactinomycin	Approved	34.0	.	.	.	.	Lung adenocarcinoma 	SYNERGxDB Database	Investigative	NCI-H522	13.55	15.81	15.7	15.78	2
DCYLN1L	DMNER5S	Bleomycin	Approved	34.0	DM3BH1Y	Lapatinib	Approved	34.0	.	.	.	.	Lung adenocarcinoma	SYNERGxDB Database	Investigative	EKVX	0.83	3.54	5.53	5.44	2
DCHFSN1	DMNER5S	Bleomycin	Approved	34.0	DM4DOUB	PMID28460551-Compound-2	Patented	15.5	.	.	.	.	Lung adenocarcinoma	SYNERGxDB Database	Investigative	MDA-MB-231	7.82	10.67	12.53	13.47	2
DC729RR	DMNER5S	Bleomycin	Approved	34.0	DM4DOUB	PMID28460551-Compound-2	Patented	15.5	.	.	.	.	Lung adenocarcinoma	SYNERGxDB Database	Investigative	HOP-62	1.67	7.26	6.55	9.15	2
DCDWW8I	DMNER5S	Bleomycin	Approved	34.0	DM4DOUB	PMID28460551-Compound-2	Patented	15.5	.	.	.	.	Lung adenocarcinoma	SYNERGxDB Database	Investigative	EKVX	1.8	6.17	6.46	6.32	2
DC6ELWR	DMNER5S	Bleomycin	Approved	34.0	DM4DOUB	PMID28460551-Compound-2	Patented	15.5	.	.	.	.	Lung adenocarcinoma 	SYNERGxDB Database	Investigative	NCI-H522	0.28	8.98	7.65	11.2	2
DCUEVX4	DMNER5S	Bleomycin	Approved	34.0	DM4F29C	Crizotinib	Approved	34.0	.	.	.	.	Minimally invasive lung adenocarcinoma	SYNERGxDB Database	Investigative	NCI-H322M	1.5	7.81	5.16	6.06	2
DCT48IM	DMNER5S	Bleomycin	Approved	34.0	DM2TEOL	Methotrexate	Phase 1/2 Trial	19.0	.	.	.	.	Lung adenocarcinoma	SYNERGxDB Database	Investigative	MDA-MB-231	6.53	8.24	1.32	2.15	2
DCZHLLY	DMNER5S	Bleomycin	Approved	34.0	DM7C8YV	Plicamycin	Approved	34.0	.	.	.	.	Large cell lung carcinoma	SYNERGxDB Database	Investigative	NCI-H460	2.74	2.5	0.05	2.45	2
DCNFVN7	DMNER5S	Bleomycin	Approved	34.0	DM7C8YV	Plicamycin	Approved	34.0	.	.	.	.	Lung adenocarcinoma	SYNERGxDB Database	Investigative	HOP-62	0.81	3.5	3.03	3.32	2
DCVHZJL	DMNER5S	Bleomycin	Approved	34.0	DM7C8YV	Plicamycin	Approved	34.0	.	.	.	.	Lung adenocarcinoma 	SYNERGxDB Database	Investigative	NCI-H522	25.1	28.02	28.1	29	2
DCY2XLW	DMNER5S	Bleomycin	Approved	34.0	DM7NKEV	Thioguanine	Preclinical	2.1	.	.	.	.	Large cell lung carcinoma	SYNERGxDB Database	Investigative	NCI-H460	2.27	2.05	2.44	6.69	2
DCU2OEZ	DMNER5S	Bleomycin	Approved	34.0	DM7NKEV	Thioguanine	Preclinical	2.1	.	.	.	.	Lung adenocarcinoma	SYNERGxDB Database	Investigative	EKVX	6.79	7.04	3.6	8.83	2
DC5RG33	DMNER5S	Bleomycin	Approved	34.0	DMAH59S	Amonafide	Phase 3	25.0	.	.	.	.	Large cell lung carcinoma	SYNERGxDB Database	Investigative	NCI-H460	1.23	0.66	5.68	8.57	2
DCE4RS1	DMNER5S	Bleomycin	Approved	34.0	DMAH59S	Amonafide	Phase 3	25.0	.	.	.	.	Lung adenocarcinoma	SYNERGxDB Database	Investigative	EKVX	7.36	7.78	7.98	11.34	2
DC6MSQ0	DMNER5S	Bleomycin	Approved	34.0	DMAH59S	Amonafide	Phase 3	25.0	.	.	.	.	Lung adenocarcinoma	SYNERGxDB Database	Investigative	HOP-62	4.96	5.89	4.57	9.09	2
DCMBGLI	DMNER5S	Bleomycin	Approved	34.0	DMAO80I	Pralatrexate	Approved	34.0	.	.	.	.	Lung adenocarcinoma	SYNERGxDB Database	Investigative	HOP-62	2.81	3.84	2.98	2.99	2
DCTFCYE	DMNER5S	Bleomycin	Approved	34.0	DMAO80I	Pralatrexate	Approved	34.0	.	.	.	.	Minimally invasive lung adenocarcinoma	SYNERGxDB Database	Investigative	NCI-H322M	0.17	1.04	1.3	0.2	2
DCZ17BS	DMNER5S	Bleomycin	Approved	34.0	DMC3P45	Terameprocol	Phase 2	21.0	.	.	.	.	Minimally invasive lung adenocarcinoma	SYNERGxDB Database	Investigative	NCI-H322M	11.58	14.58	2.28	1.85	2
DCGHJLD	DMNER5S	Bleomycin	Approved	34.0	DMFH15Z	Bendamustine hydrochloride	Approved	34.0	.	.	.	.	Large cell lung carcinoma	SYNERGxDB Database	Investigative	NCI-H460	8.6	9.9	6.5	11.64	2
DC8MU0O	DMNER5S	Bleomycin	Approved	34.0	DMHL7OB	Uracil mustard	Approved	34.0	.	.	.	.	Large cell lung carcinoma	SYNERGxDB Database	Investigative	NCI-H460	4.64	4.43	6.66	8.48	2
DC25QBO	DMNER5S	Bleomycin	Approved	34.0	DMHL7OB	Uracil mustard	Approved	34.0	.	.	.	.	Lung adenocarcinoma	SYNERGxDB Database	Investigative	MDA-MB-231	2.03	6.58	8.41	9.6	2
DCEKZ6G	DMNER5S	Bleomycin	Approved	34.0	DMHL7OB	Uracil mustard	Approved	34.0	.	.	.	.	Lung adenocarcinoma	SYNERGxDB Database	Investigative	EKVX	13.97	16.5	15.44	17.77	2
DCSBNSY	DMNER5S	Bleomycin	Approved	34.0	DMHL7OB	Uracil mustard	Approved	34.0	.	.	.	.	Lung adenocarcinoma	SYNERGxDB Database	Investigative	HOP-62	11.2	12.87	5.76	12.83	2
DCPQ7VI	DMNER5S	Bleomycin	Approved	34.0	DMHL7OB	Uracil mustard	Approved	34.0	.	.	.	.	Minimally invasive lung adenocarcinoma	SYNERGxDB Database	Investigative	NCI-H322M	4.35	7.49	1.95	7.83	2
DC8FL72	DMNER5S	Bleomycin	Approved	34.0	DMHL7OB	Uracil mustard	Approved	34.0	.	.	.	.	Non-small cell lung carcinoma	SYNERGxDB Database	Investigative	HOP-92	3.72	4.39	7.54	8.58	2
DCO1PRX	DMNER5S	Bleomycin	Approved	34.0	DMINOX3	Vincristine	Approved	34.0	.	.	.	.	Large cell lung carcinoma	SYNERGxDB Database	Investigative	NCI-H460	6.1	7.09	4.62	5.04	2
DC6UVDY	DMNER5S	Bleomycin	Approved	34.0	DMINOX3	Vincristine	Approved	34.0	.	.	.	.	Non-small cell lung carcinoma	SYNERGxDB Database	Investigative	HOP-92	2.23	2.96	6.7	6.64	2
DCT2Y42	DMNER5S	Bleomycin	Approved	34.0	DMIXMYK	Arfolitixorin	Phase 3	25.0	.	.	.	.	Large cell lung carcinoma	SYNERGxDB Database	Investigative	NCI-H460	4.39	4.2	5.06	8.42	2
DC107QR	DMNER5S	Bleomycin	Approved	34.0	DMLNFWU	TEM	Phase 2	21.0	.	.	.	.	Minimally invasive lung adenocarcinoma	SYNERGxDB Database	Investigative	NCI-H322M	1.83	6.72	2.87	8.55	2
DCSHPSF	DMNER5S	Bleomycin	Approved	34.0	DMNO38U	Bortezomib	Approved	34.0	.	.	.	.	Large cell lung carcinoma	SYNERGxDB Database	Investigative	NCI-H460	4.15	3.62	6.64	7.28	2
DCJ68XO	DMNER5S	Bleomycin	Approved	34.0	DMNO38U	Bortezomib	Approved	34.0	.	.	.	.	Lung adenocarcinoma	SYNERGxDB Database	Investigative	HOP-62	1.52	2.23	1.37	4.51	2
DC3PU3I	DMNER5S	Bleomycin	Approved	34.0	DMNO38U	Bortezomib	Approved	34.0	.	.	.	.	Lung adenocarcinoma	SYNERGxDB Database	Investigative	MDA-MB-231	1.13	0.84	3.11	5.58	2
DCX3AGK	DMNER5S	Bleomycin	Approved	34.0	DMNO38U	Bortezomib	Approved	34.0	.	.	.	.	Lung adenocarcinoma 	SYNERGxDB Database	Investigative	NCI-H522	6.12	7.66	7.8	9.67	2
DCQA0NB	DMNER5S	Bleomycin	Approved	34.0	DMNPZL4	Dacarbazine	Approved	34.0	.	.	.	.	Large cell lung carcinoma	SYNERGxDB Database	Investigative	NCI-H460	6.15	5.33	3.68	7.69	2
DC81E7X	DMNER5S	Bleomycin	Approved	34.0	DMNPZL4	Dacarbazine	Approved	34.0	.	.	.	.	Lung adenocarcinoma	SYNERGxDB Database	Investigative	EKVX	3.57	5.72	2.58	7.49	2
DCHMI6O	DMNER5S	Bleomycin	Approved	34.0	DMNPZL4	Dacarbazine	Approved	34.0	.	.	.	.	Lung adenocarcinoma	SYNERGxDB Database	Investigative	HOP-62	2.09	6.11	0.16	5.6	2
DC9QOMI	DMNER5S	Bleomycin	Approved	34.0	DMP6G8T	Topotecan	Approved	34.0	.	.	.	.	Lung adenocarcinoma	SYNERGxDB Database	Investigative	EKVX	7.83	9.05	13.24	13.41	2
DC7LPGE	DMNER5S	Bleomycin	Approved	34.0	DMP6G8T	Topotecan	Approved	34.0	.	.	.	.	Minimally invasive lung adenocarcinoma	SYNERGxDB Database	Investigative	NCI-H322M	0.33	1.79	1.35	4.19	2
DCIY604	DMNER5S	Bleomycin	Approved	34.0	DMRHGI9	Cisplatin	Approved	34.0	.	.	.	.	Lung adenocarcinoma	SYNERGxDB Database	Investigative	EKVX	1.69	8.05	2.92	2.66	2
DCJZAVO	DMNER5S	Bleomycin	Approved	34.0	DMRKE63	Chlorambucil	Approved	34.0	.	.	.	.	Large cell lung carcinoma	SYNERGxDB Database	Investigative	NCI-H460	4.16	5.62	4.82	6.87	2
DCAX3R0	DMNER5S	Bleomycin	Approved	34.0	DMSG91J	ER819762	Investigative	0.0	.	.	.	.	Large cell lung carcinoma	SYNERGxDB Database	Investigative	NCI-H460	5.12	5.13	1.56	5.34	2
DC3KHU1	DMNER5S	Bleomycin	Approved	34.0	DMSG91J	ER819762	Investigative	0.0	.	.	.	.	Non-small cell lung carcinoma	SYNERGxDB Database	Investigative	HOP-92	3.88	6.9	2.98	6.21	2
DCPTSRN	DMNER5S	Bleomycin	Approved	34.0	DMT5GNL	Romidepsin	Approved	34.0	.	.	.	.	Lung adenocarcinoma	SYNERGxDB Database	Investigative	MDA-MB-231	4.06	7.24	7.24	9.81	2
DCGZX52	DMNER5S	Bleomycin	Approved	34.0	DMT5GNL	Romidepsin	Approved	34.0	.	.	.	.	Lung adenocarcinoma	SYNERGxDB Database	Investigative	EKVX	21.46	23.67	23.04	26.57	2
DCIHGP8	DMNER5S	Bleomycin	Approved	34.0	DMT5GNL	Romidepsin	Approved	34.0	.	.	.	.	Lung adenocarcinoma 	SYNERGxDB Database	Investigative	NCI-H522	4.15	8.06	0.93	10.57	2
DCCV0E6	DMNER5S	Bleomycin	Approved	34.0	DMTA5OE	Azacitidine	Approved	34.0	.	.	.	.	Large cell lung carcinoma	SYNERGxDB Database	Investigative	NCI-H460	2.45	2.84	3.49	6.9	2
DCOGUXL	DMNER5S	Bleomycin	Approved	34.0	DMTA5OE	Azacitidine	Approved	34.0	.	.	.	.	Minimally invasive lung adenocarcinoma	SYNERGxDB Database	Investigative	NCI-H322M	1.44	7.03	6.76	8.25	2
DCSVCOA	DMNER5S	Bleomycin	Approved	34.0	DMTGBAX	Pomalidomide	Approved	34.0	.	.	.	.	Lung adenocarcinoma	SYNERGxDB Database	Investigative	EKVX	8.04	14.5	3.77	12.79	2
DCGNC1G	DMNER5S	Bleomycin	Approved	34.0	DMTJAEP	Vinflunine	Approved	34.0	.	.	.	.	Large cell lung carcinoma	SYNERGxDB Database	Investigative	NCI-H460	2.9	2.75	1.7	5.84	2
DCPIVY4	DMNER5S	Bleomycin	Approved	34.0	DMTJAEP	Vinflunine	Approved	34.0	.	.	.	.	Lung adenocarcinoma 	SYNERGxDB Database	Investigative	NCI-H522	0.35	0.71	1.19	1.66	2
DCWRKWX	DMNER5S	Bleomycin	Approved	34.0	DMTM2IK	Mercaptopurine	Preclinical	2.1	.	.	.	.	Large cell lung carcinoma	SYNERGxDB Database	Investigative	NCI-H460	1.4	2.13	0.9	2.98	2
DCVDB6H	DMNER5S	Bleomycin	Approved	34.0	DMVRLT7	Fludarabine	Approved	34.0	.	.	.	.	Large cell lung carcinoma	SYNERGxDB Database	Investigative	NCI-H460	2.87	2.44	5.51	7.67	2
DCD56WJ	DMNER5S	Bleomycin	Approved	34.0	DMVRLT7	Fludarabine	Approved	34.0	.	.	.	.	Lung adenocarcinoma	SYNERGxDB Database	Investigative	HOP-62	2.43	1.68	2.64	5.75	2
DC1GX5D	DMNER5S	Bleomycin	Approved	34.0	DMWNHPC	Aminolevulinic Acid Hydrochloride	Approved	34.0	.	.	.	.	Large cell lung carcinoma	SYNERGxDB Database	Investigative	NCI-H460	0.65	0.06	1.94	4.83	2
DCMMNFH	DMNER5S	Bleomycin	Approved	34.0	DMJV2EK	Dasatinib	Investigative	0.0	.	.	.	.	Large cell lung carcinoma	SYNERGxDB Database	Investigative	NCI-H460	0.68	0.96	2.22	3.46	2
DC92WI4	DMNER5S	Bleomycin	Approved	34.0	DMJV2EK	Dasatinib	Investigative	0.0	.	.	.	.	Lung adenocarcinoma 	SYNERGxDB Database	Investigative	NCI-H522	1.32	1.6	6.09	7.68	2
DC2FG06	DM7NKEV	Thioguanine	Preclinical	2.1	DM0YZC6	Fulvestrant	Approved	34.0	.	.	.	.	Lung adenocarcinoma	SYNERGxDB Database	Investigative	MDA-MB-231	1.06	1.69	2.34	3.01	2
DCNH573	DM7NKEV	Thioguanine	Preclinical	2.1	DM0YZC6	Fulvestrant	Approved	34.0	.	.	.	.	Lung adenocarcinoma	SYNERGxDB Database	Investigative	HOP-62	0.43	4.34	3.04	3.52	2
DCLWMBI	DM7NKEV	Thioguanine	Preclinical	2.1	DM2AZPP	Hepzato	Phase 3	25.0	.	.	.	.	Lung adenocarcinoma	SYNERGxDB Database	Investigative	MDA-MB-231	1.21	3.96	1.53	5.49	2
DCMAQIM	DM7NKEV	Thioguanine	Preclinical	2.1	DM2YGNW	Dactinomycin	Approved	34.0	.	.	.	.	Large cell lung carcinoma	SYNERGxDB Database	Investigative	NCI-H460	1.35	4.33	3.32	5.73	2
DC8U3NF	DM7NKEV	Thioguanine	Preclinical	2.1	DM2YGNW	Dactinomycin	Approved	34.0	.	.	.	.	Lung adenocarcinoma	SYNERGxDB Database	Investigative	HOP-62	0.82	3.77	3.26	3.27	2
DCLTXRK	DM7NKEV	Thioguanine	Preclinical	2.1	DM2YGNW	Dactinomycin	Approved	34.0	.	.	.	.	Lung adenocarcinoma 	SYNERGxDB Database	Investigative	NCI-H522	15.98	18.03	18.05	18	2
DCSCV8B	DM7NKEV	Thioguanine	Preclinical	2.1	DM4DOUB	PMID28460551-Compound-2	Patented	15.5	.	.	.	.	Lung adenocarcinoma	SYNERGxDB Database	Investigative	HOP-62	3.37	8.69	5.78	8.71	2
DCP42FB	DM7NKEV	Thioguanine	Preclinical	2.1	DM4DOUB	PMID28460551-Compound-2	Patented	15.5	.	.	.	.	Lung adenocarcinoma	SYNERGxDB Database	Investigative	EKVX	2.54	5.82	3.32	5.23	2
DCB02CU	DM7NKEV	Thioguanine	Preclinical	2.1	DM4DOUB	PMID28460551-Compound-2	Patented	15.5	.	.	.	.	Lung adenocarcinoma	SYNERGxDB Database	Investigative	MDA-MB-231	11.53	14.19	15.99	16.96	2
DCTQPN0	DM7NKEV	Thioguanine	Preclinical	2.1	DM4F29C	Crizotinib	Approved	34.0	.	.	.	.	Minimally invasive lung adenocarcinoma	SYNERGxDB Database	Investigative	NCI-H322M	10.98	19.03	17.3	16.06	2
DC0741Z	DM7NKEV	Thioguanine	Preclinical	2.1	DM2TEOL	Methotrexate	Phase 1/2 Trial	19.0	.	.	.	.	Lung adenocarcinoma	SYNERGxDB Database	Investigative	MDA-MB-231	6.22	10.02	2.65	3.35	2
DC8QBLN	DM7NKEV	Thioguanine	Preclinical	2.1	DM5JVS3	Isoniazid	Approved	34.0	.	.	.	.	Non-small cell lung carcinoma	SYNERGxDB Database	Investigative	HOP-92	0.01	6.17	2.02	4.06	2
DC98DT6	DM7NKEV	Thioguanine	Preclinical	2.1	DM61TA4	Arsenic trioxide	Approved	34.0	.	.	.	.	Minimally invasive lung adenocarcinoma	SYNERGxDB Database	Investigative	NCI-H322M	3.36	5.12	0.32	0.32	2
DCHLB1H	DM7NKEV	Thioguanine	Preclinical	2.1	DM62UG5	Vemurafenib	Approved	34.0	.	.	.	.	Minimally invasive lung adenocarcinoma	SYNERGxDB Database	Investigative	NCI-H322M	7.25	16.9	10.75	10.65	2
DCM1C07	DM7NKEV	Thioguanine	Preclinical	2.1	DM7C8YV	Plicamycin	Approved	34.0	.	.	.	.	Large cell lung carcinoma	SYNERGxDB Database	Investigative	NCI-H460	0.74	2.15	1.6	1.73	2
DCX2ICZ	DM7NKEV	Thioguanine	Preclinical	2.1	DM7C8YV	Plicamycin	Approved	34.0	.	.	.	.	Lung adenocarcinoma	SYNERGxDB Database	Investigative	HOP-62	1.92	2.51	1.31	1.25	2
DC4US7Z	DM7NKEV	Thioguanine	Preclinical	2.1	DM7C8YV	Plicamycin	Approved	34.0	.	.	.	.	Lung adenocarcinoma 	SYNERGxDB Database	Investigative	NCI-H522	23.71	28.03	28.89	28.97	2
DCL2RVI	DM7NKEV	Thioguanine	Preclinical	2.1	DM7C8YV	Plicamycin	Approved	34.0	.	.	.	.	Non-small cell lung carcinoma	SYNERGxDB Database	Investigative	HOP-92	5.28	5.88	3.42	8.07	2
DCNPZDN	DM7NKEV	Thioguanine	Preclinical	2.1	DMAO80I	Pralatrexate	Approved	34.0	.	.	.	.	Minimally invasive lung adenocarcinoma	SYNERGxDB Database	Investigative	NCI-H322M	2.18	3.85	2.31	2.25	2
DCI3LKH	DM7NKEV	Thioguanine	Preclinical	2.1	DMFH15Z	Bendamustine hydrochloride	Approved	34.0	.	.	.	.	Large cell lung carcinoma	SYNERGxDB Database	Investigative	NCI-H460	10.94	12.72	10.74	14.08	2
DCL0FQG	DM7NKEV	Thioguanine	Preclinical	2.1	DMFH15Z	Bendamustine hydrochloride	Approved	34.0	.	.	.	.	Lung adenocarcinoma 	SYNERGxDB Database	Investigative	NCI-H522	2.53	5.78	6.74	8.97	2
DCZJBJ8	DM7NKEV	Thioguanine	Preclinical	2.1	DMINOX3	Vincristine	Approved	34.0	.	.	.	.	Large cell lung carcinoma	SYNERGxDB Database	Investigative	NCI-H460	14.91	13.8	11.15	11.3	2
DCMSZFP	DM7NKEV	Thioguanine	Preclinical	2.1	DMINOX3	Vincristine	Approved	34.0	.	.	.	.	Minimally invasive lung adenocarcinoma	SYNERGxDB Database	Investigative	NCI-H322M	1.62	5.51	4.02	4.98	2
DC8PHJA	DM7NKEV	Thioguanine	Preclinical	2.1	DMINOX3	Vincristine	Approved	34.0	.	.	.	.	Non-small cell lung carcinoma	SYNERGxDB Database	Investigative	HOP-92	0.83	11.93	14.07	15.05	2
DC5SKCB	DM7NKEV	Thioguanine	Preclinical	2.1	DMIXMYK	Arfolitixorin	Phase 3	25.0	.	.	.	.	Large cell lung carcinoma	SYNERGxDB Database	Investigative	NCI-H460	1.99	2.33	0.18	5.16	2
DCIG9X6	DM7NKEV	Thioguanine	Preclinical	2.1	DMKLAYG	Altretamine	Approved	34.0	.	.	.	.	Minimally invasive lung adenocarcinoma	SYNERGxDB Database	Investigative	NCI-H322M	1.63	5.86	4.17	3.41	2
DC6ZMJP	DM7NKEV	Thioguanine	Preclinical	2.1	DMLNFWU	TEM	Phase 2	21.0	.	.	.	.	Minimally invasive lung adenocarcinoma	SYNERGxDB Database	Investigative	NCI-H322M	2.46	13.16	9.04	11.7	2
DCK8G02	DM7NKEV	Thioguanine	Preclinical	2.1	DMNER5S	Bleomycin	Approved	34.0	.	.	.	.	Large cell lung carcinoma	SYNERGxDB Database	Investigative	NCI-H460	0.01	3.54	3.72	6.2	2
DCD7ES7	DM7NKEV	Thioguanine	Preclinical	2.1	DMNER5S	Bleomycin	Approved	34.0	.	.	.	.	Non-small cell lung carcinoma	SYNERGxDB Database	Investigative	HOP-92	2.65	4.14	6.58	8.13	2
DC80N9N	DM7NKEV	Thioguanine	Preclinical	2.1	DMNO38U	Bortezomib	Approved	34.0	.	.	.	.	Minimally invasive lung adenocarcinoma	SYNERGxDB Database	Investigative	NCI-H322M	1.84	4.08	2.04	0.76	2
DCGGG08	DM7NKEV	Thioguanine	Preclinical	2.1	DMP6G8T	Topotecan	Approved	34.0	.	.	.	.	Lung adenocarcinoma	SYNERGxDB Database	Investigative	EKVX	1.63	9.72	11.25	12.67	2
DCECL80	DM7NKEV	Thioguanine	Preclinical	2.1	DMRKE63	Chlorambucil	Approved	34.0	.	.	.	.	Minimally invasive lung adenocarcinoma	SYNERGxDB Database	Investigative	NCI-H322M	5.83	7.67	1.51	1.51	2
DCJZ45J	DM7NKEV	Thioguanine	Preclinical	2.1	DMSG91J	ER819762	Investigative	0.0	.	.	.	.	Lung adenocarcinoma	SYNERGxDB Database	Investigative	HOP-62	1.94	4.28	0.82	1.4	2
DCPBU6U	DM7NKEV	Thioguanine	Preclinical	2.1	DMT5GNL	Romidepsin	Approved	34.0	.	.	.	.	Lung adenocarcinoma	SYNERGxDB Database	Investigative	EKVX	25.83	22.74	23.11	24.57	2
DCXHW4P	DM7NKEV	Thioguanine	Preclinical	2.1	DMT5GNL	Romidepsin	Approved	34.0	.	.	.	.	Lung adenocarcinoma	SYNERGxDB Database	Investigative	MDA-MB-231	5.46	4.63	4.53	7.02	2
DCM3QT7	DM7NKEV	Thioguanine	Preclinical	2.1	DMT5GNL	Romidepsin	Approved	34.0	.	.	.	.	Lung adenocarcinoma 	SYNERGxDB Database	Investigative	NCI-H522	5.77	10.47	3.76	13.21	2
DCULFFL	DM7NKEV	Thioguanine	Preclinical	2.1	DMTA5OE	Azacitidine	Approved	34.0	.	.	.	.	Large cell lung carcinoma	SYNERGxDB Database	Investigative	NCI-H460	4.68	4.68	2.89	6.28	2
DCRFQ2P	DM7NKEV	Thioguanine	Preclinical	2.1	DMTGBAX	Pomalidomide	Approved	34.0	.	.	.	.	Lung adenocarcinoma	SYNERGxDB Database	Investigative	EKVX	6.89	11.97	8.52	10.01	2
DC4N13L	DM7NKEV	Thioguanine	Preclinical	2.1	DMTGBAX	Pomalidomide	Approved	34.0	.	.	.	.	Non-small cell lung carcinoma	SYNERGxDB Database	Investigative	HOP-92	6.07	9.04	4.79	8.21	2
DCMSTKR	DM7NKEV	Thioguanine	Preclinical	2.1	DMUOT9V	Taxol	Approved	34.0	.	.	.	.	Non-small cell lung carcinoma	SYNERGxDB Database	Investigative	HOP-92	0.69	4.18	6.9	8.65	2
DCFJ487	DM7NKEV	Thioguanine	Preclinical	2.1	DMWIDJK	FORMESTANE	Withdrawn from market	12.0	.	.	.	.	Lung adenocarcinoma	SYNERGxDB Database	Investigative	HOP-62	2.23	1.34	1	0.91	2
DC0PDLZ	DM7NKEV	Thioguanine	Preclinical	2.1	DMWNHPC	Aminolevulinic Acid Hydrochloride	Approved	34.0	.	.	.	.	Large cell lung carcinoma	SYNERGxDB Database	Investigative	NCI-H460	5.41	5.05	0.9	7.74	2
DCO59D2	DM7NKEV	Thioguanine	Preclinical	2.1	DMWNHPC	Aminolevulinic Acid Hydrochloride	Approved	34.0	.	.	.	.	Lung adenocarcinoma	SYNERGxDB Database	Investigative	EKVX	4.44	7.75	5.4	7.34	2
DCXQ3EN	DM7NKEV	Thioguanine	Preclinical	2.1	DMWNHPC	Aminolevulinic Acid Hydrochloride	Approved	34.0	.	.	.	.	Non-small cell lung carcinoma	SYNERGxDB Database	Investigative	HOP-92	0.27	2.86	3.55	6.18	2
DCRK05Z	DM7NKEV	Thioguanine	Preclinical	2.1	DMXYJ9C	Busulfan	Approved	34.0	.	.	.	.	Large cell lung carcinoma	SYNERGxDB Database	Investigative	NCI-H460	2.6	7.05	0.21	7	2
DCK83FV	DM7NKEV	Thioguanine	Preclinical	2.1	DMJV2EK	Dasatinib	Investigative	0.0	.	.	.	.	Large cell lung carcinoma	SYNERGxDB Database	Investigative	NCI-H460	0.87	4.24	4.49	5.74	2
DCV9LKC	DM7NKEV	Thioguanine	Preclinical	2.1	DMJV2EK	Dasatinib	Investigative	0.0	.	.	.	.	Lung adenocarcinoma	SYNERGxDB Database	Investigative	HOP-62	0.65	4.07	2.76	4.79	2
DCTDHKH	DM7NKEV	Thioguanine	Preclinical	2.1	DMJV2EK	Dasatinib	Investigative	0.0	.	.	.	.	Lung adenocarcinoma 	SYNERGxDB Database	Investigative	NCI-H522	1.67	3.98	9.62	10.84	2
DCG7P9M	DMAH59S	Amonafide	Phase 3	25.0	DM2YGNW	Dactinomycin	Approved	34.0	.	.	.	.	Large cell lung carcinoma	ALMANAC Dataset	Investigative	NCI-H460	5.34	6.86	5.11	6.14	2
DCDA23N	DMAH59S	Amonafide	Phase 3	25.0	DM2YGNW	Dactinomycin	Approved	34.0	.	.	.	.	Lung adenocarcinoma	ALMANAC Dataset	Investigative	EKVX	1.28	3.37	0.54	3.41	2
DC64YD8	DMAH59S	Amonafide	Phase 3	25.0	DM2YGNW	Dactinomycin	Approved	34.0	.	.	.	.	Lung adenocarcinoma	ALMANAC Dataset	Investigative	HOP-62	2.35	3.99	4.88	4.92	2
DCJ21AF	DMAH59S	Amonafide	Phase 3	25.0	DM2YGNW	Dactinomycin	Approved	34.0	.	.	.	.	Lung adenocarcinoma 	ALMANAC Dataset	Investigative	NCI-H522	16.89	18.04	19.86	18.01	2
DCDBEHC	DMAH59S	Amonafide	Phase 3	25.0	DM3BF9B	DFN-15	Phase 3	25.0	.	.	.	.	Lung adenocarcinoma	ALMANAC Dataset	Investigative	HOP-62	4.81	6.64	4.41	6.49	2
DCTAEH4	DMAH59S	Amonafide	Phase 3	25.0	DM3BH1Y	Lapatinib	Approved	34.0	.	.	.	.	Lung adenocarcinoma	ALMANAC Dataset	Investigative	EKVX	0.16	8.95	7.4	10.39	2
DCXWR0D	DMAH59S	Amonafide	Phase 3	25.0	DM4DOUB	PMID28460551-Compound-2	Patented	15.5	.	.	.	.	Large cell lung carcinoma	ALMANAC Dataset	Investigative	NCI-H460	3.05	3.92	1.08	5.89	2
DC63AKQ	DMAH59S	Amonafide	Phase 3	25.0	DM4DOUB	PMID28460551-Compound-2	Patented	15.5	.	.	.	.	Lung adenocarcinoma	ALMANAC Dataset	Investigative	MDA-MB-231	11.91	12.85	15.99	15.24	2
DCR1K8Q	DMAH59S	Amonafide	Phase 3	25.0	DM4DOUB	PMID28460551-Compound-2	Patented	15.5	.	.	.	.	Lung adenocarcinoma	ALMANAC Dataset	Investigative	EKVX	7.65	8.25	5.87	8.12	2
DC7YWWR	DMAH59S	Amonafide	Phase 3	25.0	DM4DOUB	PMID28460551-Compound-2	Patented	15.5	.	.	.	.	Lung adenocarcinoma	ALMANAC Dataset	Investigative	HOP-62	4.73	7.9	7.42	9.45	2
DCUE8G0	DMAH59S	Amonafide	Phase 3	25.0	DM4F29C	Crizotinib	Approved	34.0	.	.	.	.	Minimally invasive lung adenocarcinoma	ALMANAC Dataset	Investigative	NCI-H322M	0.09	8.16	3.65	6.38	2
DCQUAIG	DMAH59S	Amonafide	Phase 3	25.0	DM7C8YV	Plicamycin	Approved	34.0	.	.	.	.	Lung adenocarcinoma	ALMANAC Dataset	Investigative	HOP-62	4.19	5.89	4.21	3.75	2
DCP5JW3	DMAH59S	Amonafide	Phase 3	25.0	DM7C8YV	Plicamycin	Approved	34.0	.	.	.	.	Lung adenocarcinoma 	ALMANAC Dataset	Investigative	NCI-H522	32.99	31.46	34.29	32.43	2
DC1QCII	DMAH59S	Amonafide	Phase 3	25.0	DM7C8YV	Plicamycin	Approved	34.0	.	.	.	.	Non-small cell lung carcinoma	ALMANAC Dataset	Investigative	HOP-92	4.66	4.88	2.46	7.32	2
DC1JQYC	DMAH59S	Amonafide	Phase 3	25.0	DM7HXWT	Nilotinib	Approved	34.0	.	.	.	.	Lung adenocarcinoma	ALMANAC Dataset	Investigative	HOP-62	0.85	1.67	2.84	2.63	2
DCK63Z7	DMAH59S	Amonafide	Phase 3	25.0	DM7NKEV	Thioguanine	Preclinical	2.1	.	.	.	.	Lung adenocarcinoma	ALMANAC Dataset	Investigative	HOP-62	1.13	3.38	2.07	5.46	2
DCYW2H2	DMAH59S	Amonafide	Phase 3	25.0	DM7XZY5	Triapine	Phase 2	21.0	.	.	.	.	Large cell lung carcinoma	ALMANAC Dataset	Investigative	NCI-H460	3.62	6.4	7.54	10.58	2
DCYPUON	DMAH59S	Amonafide	Phase 3	25.0	DM7XZY5	Triapine	Phase 2	21.0	.	.	.	.	Non-small cell lung carcinoma	ALMANAC Dataset	Investigative	HOP-92	2.1	3.45	0.62	5.41	2
DCSYJZA	DMAH59S	Amonafide	Phase 3	25.0	DMAE6LK	Topetecan	Approved	34.0	.	.	.	.	Lung adenocarcinoma	ALMANAC Dataset	Investigative	EKVX	1.09	2.47	3.56	2.95	2
DC1GN3O	DMAH59S	Amonafide	Phase 3	25.0	DMFH15Z	Bendamustine hydrochloride	Approved	34.0	.	.	.	.	Large cell lung carcinoma	ALMANAC Dataset	Investigative	NCI-H460	10.46	10.21	4.55	11.92	2
DCK5Q3A	DMAH59S	Amonafide	Phase 3	25.0	DMGW1ID	Sirolimus	Approved	34.0	.	.	.	.	Large cell lung carcinoma	ALMANAC Dataset	Investigative	NCI-H460	1.28	1.06	4.9	5.55	2
DCWIWGQ	DMAH59S	Amonafide	Phase 3	25.0	DMH0ZJE	Mitomycin	Approved	34.0	.	.	.	.	Lung adenocarcinoma	ALMANAC Dataset	Investigative	EKVX	3.36	7.27	4.4	6.64	2
DCSRGZM	DMAH59S	Amonafide	Phase 3	25.0	DMH0ZJE	Mitomycin	Approved	34.0	.	.	.	.	Lung adenocarcinoma	ALMANAC Dataset	Investigative	MDA-MB-231	3.57	2.76	6.42	5.57	2
DCA9O4T	DMAH59S	Amonafide	Phase 3	25.0	DMH0ZJE	Mitomycin	Approved	34.0	.	.	.	.	Non-small cell lung carcinoma	ALMANAC Dataset	Investigative	HOP-92	5.09	6.78	3.46	6.72	2
DCMEXZP	DMAH59S	Amonafide	Phase 3	25.0	DMHL7OB	Uracil mustard	Approved	34.0	.	.	.	.	Large cell lung carcinoma	ALMANAC Dataset	Investigative	NCI-H460	0.42	0.85	2.96	4.87	2
DC2YSTF	DMAH59S	Amonafide	Phase 3	25.0	DMHL7OB	Uracil mustard	Approved	34.0	.	.	.	.	Lung adenocarcinoma	ALMANAC Dataset	Investigative	HOP-62	6.24	8.01	3.73	7.42	2
DCQHAWJ	DMAH59S	Amonafide	Phase 3	25.0	DMHL7OB	Uracil mustard	Approved	34.0	.	.	.	.	Minimally invasive lung adenocarcinoma	ALMANAC Dataset	Investigative	NCI-H322M	4.99	10.04	9.43	10.33	2
DCZ3N1U	DMAH59S	Amonafide	Phase 3	25.0	DMHL7OB	Uracil mustard	Approved	34.0	.	.	.	.	Non-small cell lung carcinoma	ALMANAC Dataset	Investigative	HOP-92	8.63	8.07	9.74	11.7	2
DCOE57D	DMAH59S	Amonafide	Phase 3	25.0	DMINOX3	Vincristine	Approved	34.0	.	.	.	.	Large cell lung carcinoma	ALMANAC Dataset	Investigative	NCI-H460	12.77	13.1	8.59	11.01	2
DCC6WVF	DMAH59S	Amonafide	Phase 3	25.0	DMINOX3	Vincristine	Approved	34.0	.	.	.	.	Lung adenocarcinoma	ALMANAC Dataset	Investigative	HOP-62	2.99	4.51	3.37	4.68	2
DCMBB49	DMAH59S	Amonafide	Phase 3	25.0	DMINOX3	Vincristine	Approved	34.0	.	.	.	.	Non-small cell lung carcinoma	ALMANAC Dataset	Investigative	HOP-92	2.76	0.76	3.33	3.83	2
DCH6E61	DMAH59S	Amonafide	Phase 3	25.0	DMIXMYK	Arfolitixorin	Phase 3	25.0	.	.	.	.	Large cell lung carcinoma	ALMANAC Dataset	Investigative	NCI-H460	1.34	1.71	2.61	5.95	2
DCV9D2B	DMAH59S	Amonafide	Phase 3	25.0	DMLNFWU	TEM	Phase 2	21.0	.	.	.	.	Minimally invasive lung adenocarcinoma	ALMANAC Dataset	Investigative	NCI-H322M	0.39	4.99	5.03	6.64	2
DCU0QZB	DMAH59S	Amonafide	Phase 3	25.0	DMNER5S	Bleomycin	Approved	34.0	.	.	.	.	Large cell lung carcinoma	ALMANAC Dataset	Investigative	NCI-H460	2.41	1.94	7.35	8.39	2
DC1N2TF	DMAH59S	Amonafide	Phase 3	25.0	DMNER5S	Bleomycin	Approved	34.0	.	.	.	.	Lung adenocarcinoma	ALMANAC Dataset	Investigative	HOP-62	4.52	3.67	6.71	7.91	2
DCP9CX2	DMAH59S	Amonafide	Phase 3	25.0	DMOYJFK	Valrubicin	Approved	34.0	.	.	.	.	Lung adenocarcinoma	ALMANAC Dataset	Investigative	HOP-62	1.14	1.67	0.48	2.53	2
DCOLL2U	DMAH59S	Amonafide	Phase 3	25.0	DMP6G8T	Topotecan	Approved	34.0	.	.	.	.	Minimally invasive lung adenocarcinoma	ALMANAC Dataset	Investigative	NCI-H322M	2.4	1.78	3.57	4.01	2
DCXM4SJ	DMAH59S	Amonafide	Phase 3	25.0	DMS8IFC	Sorafenib	Approved	34.0	.	.	.	.	Large cell lung carcinoma	ALMANAC Dataset	Investigative	NCI-H460	2.21	1.45	0.35	3.66	2
DCBEA7M	DMAH59S	Amonafide	Phase 3	25.0	DMT5GNL	Romidepsin	Approved	34.0	.	.	.	.	Large cell lung carcinoma	ALMANAC Dataset	Investigative	NCI-H460	1.51	0.69	4.25	5.07	2
DCTE0YA	DMAH59S	Amonafide	Phase 3	25.0	DMT5GNL	Romidepsin	Approved	34.0	.	.	.	.	Lung adenocarcinoma	ALMANAC Dataset	Investigative	EKVX	25.98	24.67	27.23	26.95	2
DCVK6SX	DMAH59S	Amonafide	Phase 3	25.0	DMTA5OE	Azacitidine	Approved	34.0	.	.	.	.	Minimally invasive lung adenocarcinoma	ALMANAC Dataset	Investigative	NCI-H322M	0.24	3.24	3.66	4.33	2
DCB9O8K	DMAH59S	Amonafide	Phase 3	25.0	DMTJAEP	Vinflunine	Approved	34.0	.	.	.	.	Large cell lung carcinoma	ALMANAC Dataset	Investigative	NCI-H460	3.59	3.54	2.39	6.78	2
DCSPR9B	DMAH59S	Amonafide	Phase 3	25.0	DMTJAEP	Vinflunine	Approved	34.0	.	.	.	.	Non-small cell lung carcinoma	ALMANAC Dataset	Investigative	HOP-92	1.66	2.37	5.17	6.09	2
DCC3PHH	DMAH59S	Amonafide	Phase 3	25.0	DMTM2IK	Mercaptopurine	Preclinical	2.1	.	.	.	.	Large cell lung carcinoma	ALMANAC Dataset	Investigative	NCI-H460	0.99	2.3	1.08	3.29	2
DCA10N3	DMAH59S	Amonafide	Phase 3	25.0	DMUOT9V	Taxol	Approved	34.0	.	.	.	.	Lung adenocarcinoma	ALMANAC Dataset	Investigative	HOP-62	2.54	5.05	2.86	5.9	2
DCOS106	DMAH59S	Amonafide	Phase 3	25.0	DMVRLT7	Fludarabine	Approved	34.0	.	.	.	.	Large cell lung carcinoma	ALMANAC Dataset	Investigative	NCI-H460	2.98	2.32	5.36	7.51	2
DC08O4Q	DMAH59S	Amonafide	Phase 3	25.0	DMVRLT7	Fludarabine	Approved	34.0	.	.	.	.	Lung adenocarcinoma	ALMANAC Dataset	Investigative	HOP-62	1.62	0.82	0.88	4.75	2
DC54JII	DMAH59S	Amonafide	Phase 3	25.0	DMWIDJK	FORMESTANE	Withdrawn from market	12.0	.	.	.	.	Lung adenocarcinoma	ALMANAC Dataset	Investigative	EKVX	3.75	3.39	2.7	3.69	2
DC1G1MF	DMAH59S	Amonafide	Phase 3	25.0	DMWNHPC	Aminolevulinic Acid Hydrochloride	Approved	34.0	.	.	.	.	Large cell lung carcinoma	ALMANAC Dataset	Investigative	NCI-H460	2.76	2.29	4.36	7.39	2
DCR2VU7	DMAH59S	Amonafide	Phase 3	25.0	DMWTAOI	Estramustine	Approved	34.0	.	.	.	.	Non-small cell lung carcinoma	ALMANAC Dataset	Investigative	HOP-92	2.38	2.36	3.31	7.75	2
DCOFN3Y	DMAH59S	Amonafide	Phase 3	25.0	DMJV2EK	Dasatinib	Investigative	0.0	.	.	.	.	Large cell lung carcinoma	ALMANAC Dataset	Investigative	NCI-H460	4.93	5.39	4.86	7.75	2
DCE6YPE	DMAH59S	Amonafide	Phase 3	25.0	DMJV2EK	Dasatinib	Investigative	0.0	.	.	.	.	Lung adenocarcinoma	ALMANAC Dataset	Investigative	EKVX	2.38	4.83	1.95	7.5	2
DCHFVN5	DMAH59S	Amonafide	Phase 3	25.0	DMJV2EK	Dasatinib	Investigative	0.0	.	.	.	.	Lung adenocarcinoma	ALMANAC Dataset	Investigative	MDA-MB-231	0.24	3.28	5.53	7.91	2
DC1KS8Y	DMAH59S	Amonafide	Phase 3	25.0	DMJV2EK	Dasatinib	Investigative	0.0	.	.	.	.	Lung adenocarcinoma 	ALMANAC Dataset	Investigative	NCI-H522	3.87	3.19	4.53	9.17	2
DCQO2AW	DMAH59S	Amonafide	Phase 3	25.0	DMJV2EK	Dasatinib	Investigative	0.0	.	.	.	.	Non-small cell lung carcinoma	ALMANAC Dataset	Investigative	HOP-92	3.37	5.77	8.18	9.93	2
DC261QC	DM2YGNW	Dactinomycin	Approved	34.0	DM0HXDS	Pentostatin	Approved	34.0	.	.	.	.	Non-small cell lung carcinoma	SYNERGxDB Database	Investigative	HOP-92	3.24	10.11	5.76	8.23	2
DC6DO3W	DM2YGNW	Dactinomycin	Approved	34.0	DM0YZC6	Fulvestrant	Approved	34.0	.	.	.	.	Lung adenocarcinoma	SYNERGxDB Database	Investigative	MDA-MB-231	33.61	33.37	25.64	25.64	2
DCX8B7Q	DM2YGNW	Dactinomycin	Approved	34.0	DM2AZPP	Hepzato	Phase 3	25.0	.	.	.	.	Minimally invasive lung adenocarcinoma	SYNERGxDB Database	Investigative	NCI-H322M	3.73	7.58	1.95	1.46	2
DC3WY3W	DM2YGNW	Dactinomycin	Approved	34.0	DM2OZ3G	Ixabepilone	Approved	34.0	.	.	.	.	Large cell lung carcinoma	SYNERGxDB Database	Investigative	NCI-H460	9.76	5.49	0.6	6.19	2
DCRV1QB	DM2YGNW	Dactinomycin	Approved	34.0	DM2OZ3G	Ixabepilone	Approved	34.0	.	.	.	.	Minimally invasive lung adenocarcinoma	SYNERGxDB Database	Investigative	NCI-H322M	1.62	4.28	0.18	4.69	2
DC6LIVX	DM2YGNW	Dactinomycin	Approved	34.0	DM3BF9B	DFN-15	Phase 3	25.0	.	.	.	.	Lung adenocarcinoma	SYNERGxDB Database	Investigative	EKVX	0.94	1.17	0.18	0.18	2
DC2L83M	DM2YGNW	Dactinomycin	Approved	34.0	DM3BF9B	DFN-15	Phase 3	25.0	.	.	.	.	Lung adenocarcinoma	SYNERGxDB Database	Investigative	HOP-62	3.27	3.18	0.17	2.44	2
DCKDZ5Y	DM2YGNW	Dactinomycin	Approved	34.0	DM3BF9B	DFN-15	Phase 3	25.0	.	.	.	.	Lung adenocarcinoma	SYNERGxDB Database	Investigative	MDA-MB-231	10.64	13.95	9.19	9.8	2
DCF2Z3N	DM2YGNW	Dactinomycin	Approved	34.0	DM3BF9B	DFN-15	Phase 3	25.0	.	.	.	.	Lung adenocarcinoma 	SYNERGxDB Database	Investigative	NCI-H522	5.55	6.01	2.67	4.15	2
DCTBK26	DM2YGNW	Dactinomycin	Approved	34.0	DM3BH1Y	Lapatinib	Approved	34.0	.	.	.	.	Lung adenocarcinoma	SYNERGxDB Database	Investigative	HOP-62	6.67	7.86	9.82	10.54	2
DCRW0DN	DM2YGNW	Dactinomycin	Approved	34.0	DM3BH1Y	Lapatinib	Approved	34.0	.	.	.	.	Lung adenocarcinoma	SYNERGxDB Database	Investigative	EKVX	5.02	5.77	3.54	3.85	2
DCRWWHI	DM2YGNW	Dactinomycin	Approved	34.0	DM3BH1Y	Lapatinib	Approved	34.0	.	.	.	.	Lung adenocarcinoma	SYNERGxDB Database	Investigative	MDA-MB-231	5.31	9.58	8.18	9.91	2
DCP9HY3	DM2YGNW	Dactinomycin	Approved	34.0	DM3BH1Y	Lapatinib	Approved	34.0	.	.	.	.	Lung adenocarcinoma 	SYNERGxDB Database	Investigative	NCI-H522	2.89	7.91	6.51	6.38	2
DC941RD	DM2YGNW	Dactinomycin	Approved	34.0	DM3BH1Y	Lapatinib	Approved	34.0	.	.	.	.	Non-small cell lung carcinoma	SYNERGxDB Database	Investigative	HOP-92	7.18	9.54	10.58	9.89	2
DCQPB41	DM2YGNW	Dactinomycin	Approved	34.0	DM2TEOL	Methotrexate	Phase 1/2 Trial	19.0	.	.	.	.	Large cell lung carcinoma	SYNERGxDB Database	Investigative	NCI-H460	13.22	11.91	8.96	11.86	2
DCXIHTB	DM2YGNW	Dactinomycin	Approved	34.0	DM2TEOL	Methotrexate	Phase 1/2 Trial	19.0	.	.	.	.	Lung adenocarcinoma	SYNERGxDB Database	Investigative	MDA-MB-231	1.77	4.95	0.18	0.15	2
DCVO1O6	DM2YGNW	Dactinomycin	Approved	34.0	DM7C8YV	Plicamycin	Approved	34.0	.	.	.	.	Large cell lung carcinoma	SYNERGxDB Database	Investigative	NCI-H460	1.99	1.16	0.75	2.01	2
DCMYKDW	DM2YGNW	Dactinomycin	Approved	34.0	DM7C8YV	Plicamycin	Approved	34.0	.	.	.	.	Lung adenocarcinoma 	SYNERGxDB Database	Investigative	NCI-H522	5.02	4.63	2.38	5.12	2
DCADYYT	DM2YGNW	Dactinomycin	Approved	34.0	DM7HXWT	Nilotinib	Approved	34.0	.	.	.	.	Large cell lung carcinoma	SYNERGxDB Database	Investigative	NCI-H460	8.96	8.95	7.36	7.01	2
DCFF2OX	DM2YGNW	Dactinomycin	Approved	34.0	DM7HXWT	Nilotinib	Approved	34.0	.	.	.	.	Lung adenocarcinoma	SYNERGxDB Database	Investigative	HOP-62	3.97	8.26	8.92	9.39	2
DCM8FXY	DM2YGNW	Dactinomycin	Approved	34.0	DM7HXWT	Nilotinib	Approved	34.0	.	.	.	.	Lung adenocarcinoma	SYNERGxDB Database	Investigative	MDA-MB-231	8.37	11.61	7.43	8.52	2
DCZ7MGM	DM2YGNW	Dactinomycin	Approved	34.0	DM7HXWT	Nilotinib	Approved	34.0	.	.	.	.	Lung adenocarcinoma 	SYNERGxDB Database	Investigative	NCI-H522	9.83	8.18	4.3	4.27	2
DCY1C4O	DM2YGNW	Dactinomycin	Approved	34.0	DM7HXWT	Nilotinib	Approved	34.0	.	.	.	.	Minimally invasive lung adenocarcinoma	SYNERGxDB Database	Investigative	NCI-H322M	20.38	17.36	6.26	5.33	2
DCWHDQQ	DM2YGNW	Dactinomycin	Approved	34.0	DM7XZY5	Triapine	Phase 2	21.0	.	.	.	.	Lung adenocarcinoma	SYNERGxDB Database	Investigative	EKVX	3.8	7.01	1.61	1.48	2
DC55M2K	DM2YGNW	Dactinomycin	Approved	34.0	DMCJLD1	SCH 727965	Discontinued in Phase 3	9.0	.	.	.	.	Lung adenocarcinoma	SYNERGxDB Database	Investigative	HOP-62	3.39	7.02	3.47	2.85	2
DCRM3MR	DM2YGNW	Dactinomycin	Approved	34.0	DMDI269	Docetaxel	Approved	34.0	.	.	.	.	Large cell lung carcinoma	SYNERGxDB Database	Investigative	NCI-H460	1.89	5.19	0.18	0.61	2
DC3J1DE	DM2YGNW	Dactinomycin	Approved	34.0	DMDI269	Docetaxel	Approved	34.0	.	.	.	.	Lung adenocarcinoma	SYNERGxDB Database	Investigative	MDA-MB-231	2.26	7.26	6.33	6.13	2
DCH2Y6S	DM2YGNW	Dactinomycin	Approved	34.0	DMDI269	Docetaxel	Approved	34.0	.	.	.	.	Lung adenocarcinoma	SYNERGxDB Database	Investigative	EKVX	0.55	4.33	0.31	2.02	2
DCTPPE0	DM2YGNW	Dactinomycin	Approved	34.0	DMGW1ID	Sirolimus	Approved	34.0	.	.	.	.	Lung adenocarcinoma	SYNERGxDB Database	Investigative	MDA-MB-231	7.79	14.62	11.54	7.71	2
DCB5RLV	DM2YGNW	Dactinomycin	Approved	34.0	DMGW1ID	Sirolimus	Approved	34.0	.	.	.	.	Lung adenocarcinoma 	SYNERGxDB Database	Investigative	NCI-H522	3.98	8.37	0.26	0.25	2
DCW1JBT	DM2YGNW	Dactinomycin	Approved	34.0	DMGW1ID	Sirolimus	Approved	34.0	.	.	.	.	Minimally invasive lung adenocarcinoma	SYNERGxDB Database	Investigative	NCI-H322M	10.76	16.08	8.73	10.01	2
DC1QPWS	DM2YGNW	Dactinomycin	Approved	34.0	DMH0ZJE	Mitomycin	Approved	34.0	.	.	.	.	Lung adenocarcinoma	SYNERGxDB Database	Investigative	MDA-MB-231	0.34	4.56	5	5.26	2
DC6QL1K	DM2YGNW	Dactinomycin	Approved	34.0	DMH8UF0	SY-1425	Phase 1	17.0	.	.	.	.	Large cell lung carcinoma	SYNERGxDB Database	Investigative	NCI-H460	19.06	18.23	16.93	16.57	2
DCNDPSH	DM2YGNW	Dactinomycin	Approved	34.0	DMH8UF0	SY-1425	Phase 1	17.0	.	.	.	.	Lung adenocarcinoma	SYNERGxDB Database	Investigative	MDA-MB-231	4.63	7.33	1.08	8.73	2
DCWBDYY	DM2YGNW	Dactinomycin	Approved	34.0	DMH8UF0	SY-1425	Phase 1	17.0	.	.	.	.	Lung adenocarcinoma 	SYNERGxDB Database	Investigative	NCI-H522	14.59	19.12	18.53	17.99	2
DC9E3D9	DM2YGNW	Dactinomycin	Approved	34.0	DMH8UF0	SY-1425	Phase 1	17.0	.	.	.	.	Non-small cell lung carcinoma	SYNERGxDB Database	Investigative	HOP-92	0.26	3.64	7.35	7.6	2
DCMKHVM	DM2YGNW	Dactinomycin	Approved	34.0	DMM0XGL	Idarubicin	Approved	34.0	.	.	.	.	Large cell lung carcinoma	SYNERGxDB Database	Investigative	NCI-H460	9.63	10.02	6.91	6.83	2
DC04UOP	DM2YGNW	Dactinomycin	Approved	34.0	DMM0XGL	Idarubicin	Approved	34.0	.	.	.	.	Lung adenocarcinoma 	SYNERGxDB Database	Investigative	NCI-H522	2.39	5.46	0.79	0.79	2
DC89D8U	DM2YGNW	Dactinomycin	Approved	34.0	DM7RJXL	Imatinib	Phase 3 Trial	25.0	.	.	.	.	Large cell lung carcinoma	SYNERGxDB Database	Investigative	NCI-H460	13.4	13.31	9.75	9.75	2
DC700AJ	DM2YGNW	Dactinomycin	Approved	34.0	DM7RJXL	Imatinib	Phase 3 Trial	25.0	.	.	.	.	Lung adenocarcinoma	SYNERGxDB Database	Investigative	MDA-MB-231	1.54	5.64	6.03	6.58	2
DC4P236	DM2YGNW	Dactinomycin	Approved	34.0	DM7RJXL	Imatinib	Phase 3 Trial	25.0	.	.	.	.	Lung adenocarcinoma 	SYNERGxDB Database	Investigative	NCI-H522	11.85	10.47	10.2	9.01	2
DCA91KJ	DM2YGNW	Dactinomycin	Approved	34.0	DMNER5S	Bleomycin	Approved	34.0	.	.	.	.	Lung adenocarcinoma 	SYNERGxDB Database	Investigative	NCI-H522	10.76	13	14.47	15.53	2
DCDI4SM	DM2YGNW	Dactinomycin	Approved	34.0	DMNO38U	Bortezomib	Approved	34.0	.	.	.	.	Non-small cell lung carcinoma	SYNERGxDB Database	Investigative	HOP-92	0.52	5.14	4.03	5.04	2
DCNKLYM	DM2YGNW	Dactinomycin	Approved	34.0	DMOYJFK	Valrubicin	Approved	34.0	.	.	.	.	Lung adenocarcinoma	SYNERGxDB Database	Investigative	MDA-MB-231	18.04	19.93	16.62	16.96	2
DCJINAR	DM2YGNW	Dactinomycin	Approved	34.0	DMOYJFK	Valrubicin	Approved	34.0	.	.	.	.	Lung adenocarcinoma	SYNERGxDB Database	Investigative	EKVX	6.53	11.32	6.95	7.42	2
DC1JWAE	DM2YGNW	Dactinomycin	Approved	34.0	DMOYJFK	Valrubicin	Approved	34.0	.	.	.	.	Lung adenocarcinoma	SYNERGxDB Database	Investigative	HOP-62	21.82	23.56	23.65	21.87	2
DCIHFP8	DM2YGNW	Dactinomycin	Approved	34.0	DMOYJFK	Valrubicin	Approved	34.0	.	.	.	.	Lung adenocarcinoma 	SYNERGxDB Database	Investigative	NCI-H522	11.01	9.56	0.84	9.36	2
DCR9MB7	DM2YGNW	Dactinomycin	Approved	34.0	DMOYJFK	Valrubicin	Approved	34.0	.	.	.	.	Minimally invasive lung adenocarcinoma	SYNERGxDB Database	Investigative	NCI-H322M	18.42	19.15	9.14	20.33	2
DCMHWIK	DM2YGNW	Dactinomycin	Approved	34.0	DMOYJFK	Valrubicin	Approved	34.0	.	.	.	.	Non-small cell lung carcinoma	SYNERGxDB Database	Investigative	HOP-92	7.59	9.27	3.7	9.79	2
DCLE5E1	DM2YGNW	Dactinomycin	Approved	34.0	DMRHGI9	Cisplatin	Approved	34.0	.	.	.	.	Lung adenocarcinoma	SYNERGxDB Database	Investigative	HOP-62	3.28	7.8	2.4	6.95	2
DC9XNQP	DM2YGNW	Dactinomycin	Approved	34.0	DMS8IFC	Sorafenib	Approved	34.0	.	.	.	.	Lung adenocarcinoma	SYNERGxDB Database	Investigative	MDA-MB-231	3.9	5.89	1.66	0.74	2
DCXZAHC	DM2YGNW	Dactinomycin	Approved	34.0	DMTJAEP	Vinflunine	Approved	34.0	.	.	.	.	Non-small cell lung carcinoma	SYNERGxDB Database	Investigative	HOP-92	3.3	8.53	3.49	4.98	2
DCK6IXJ	DM2YGNW	Dactinomycin	Approved	34.0	DMUOT9V	Taxol	Approved	34.0	.	.	.	.	Large cell lung carcinoma	SYNERGxDB Database	Investigative	NCI-H460	9.95	11.46	3.83	6.42	2
DCDQIF7	DM2YGNW	Dactinomycin	Approved	34.0	DMUOT9V	Taxol	Approved	34.0	.	.	.	.	Lung adenocarcinoma	SYNERGxDB Database	Investigative	MDA-MB-231	2.35	8.23	2.68	7.43	2
DCRWO02	DM2YGNW	Dactinomycin	Approved	34.0	DMXYJ9C	Busulfan	Approved	34.0	.	.	.	.	Lung adenocarcinoma	SYNERGxDB Database	Investigative	HOP-62	0.32	10.4	2.49	2.4	2
DCJF5C7	DM2YGNW	Dactinomycin	Approved	34.0	DMXYJ9C	Busulfan	Approved	34.0	.	.	.	.	Lung adenocarcinoma 	SYNERGxDB Database	Investigative	NCI-H522	1.55	3.41	2.95	4.17	2
DC84UHM	DM2YGNW	Dactinomycin	Approved	34.0	DMJV2EK	Dasatinib	Investigative	0.0	.	.	.	.	Non-small cell lung carcinoma	SYNERGxDB Database	Investigative	HOP-92	3.77	6.71	2.72	0.56	2
DCTMBN3	DM6Q7U4	Lenalidomide	Phase 3 Trial	25.0	DM0PIY6	Picoplatin	Phase 3	25.0	.	.	.	.	Lung adenocarcinoma 	SYNERGxDB Database	Investigative	NCI-H522	2.68	4.23	0.14	0.94	2
DCFS87M	DM6Q7U4	Lenalidomide	Phase 3 Trial	25.0	DM2YGNW	Dactinomycin	Approved	34.0	.	.	.	.	Large cell lung carcinoma	SYNERGxDB Database	Investigative	NCI-H460	4.36	10.49	9.3	9.3	2
DCRHIKJ	DM6Q7U4	Lenalidomide	Phase 3 Trial	25.0	DM2YGNW	Dactinomycin	Approved	34.0	.	.	.	.	Lung adenocarcinoma	SYNERGxDB Database	Investigative	EKVX	3.7	11.32	11.75	11.8	2
DC7YF36	DM6Q7U4	Lenalidomide	Phase 3 Trial	25.0	DM2YGNW	Dactinomycin	Approved	34.0	.	.	.	.	Lung adenocarcinoma	SYNERGxDB Database	Investigative	MDA-MB-231	3.22	11.19	12.3	12.09	2
DC1OZO5	DM6Q7U4	Lenalidomide	Phase 3 Trial	25.0	DM2YGNW	Dactinomycin	Approved	34.0	.	.	.	.	Lung adenocarcinoma 	SYNERGxDB Database	Investigative	NCI-H522	15.03	18.71	18.67	18.66	2
DC2AWMC	DM6Q7U4	Lenalidomide	Phase 3 Trial	25.0	DM2YGNW	Dactinomycin	Approved	34.0	.	.	.	.	Minimally invasive lung adenocarcinoma	SYNERGxDB Database	Investigative	NCI-H322M	6.26	10.65	9.58	9.58	2
DCRKA3N	DM6Q7U4	Lenalidomide	Phase 3 Trial	25.0	DM2YGNW	Dactinomycin	Approved	34.0	.	.	.	.	Non-small cell lung carcinoma	SYNERGxDB Database	Investigative	HOP-92	3.64	10.39	10.76	10.77	2
DCUBJF9	DM6Q7U4	Lenalidomide	Phase 3 Trial	25.0	DM3BH1Y	Lapatinib	Approved	34.0	.	.	.	.	Lung adenocarcinoma	SYNERGxDB Database	Investigative	MDA-MB-231	1.84	6.94	3.68	3.82	2
DCM89ZI	DM6Q7U4	Lenalidomide	Phase 3 Trial	25.0	DM4DOUB	PMID28460551-Compound-2	Patented	15.5	.	.	.	.	Lung adenocarcinoma	SYNERGxDB Database	Investigative	MDA-MB-231	12.33	13.55	12.49	13.87	2
DCPGZMR	DM6Q7U4	Lenalidomide	Phase 3 Trial	25.0	DM4O2Z7	Cyclophosphamide	Approved	34.0	.	.	.	.	Lung adenocarcinoma	SYNERGxDB Database	Investigative	EKVX	2.61	6.93	4.32	4.32	2
DCKZHXU	DM6Q7U4	Lenalidomide	Phase 3 Trial	25.0	DM4OYXE	LIAROZOLE	Phase 2/3	24.0	.	.	.	.	Minimally invasive lung adenocarcinoma	SYNERGxDB Database	Investigative	NCI-H322M	4.32	5.5	0.44	0.44	2
DCNK0XN	DM6Q7U4	Lenalidomide	Phase 3 Trial	25.0	DM2TEOL	Methotrexate	Phase 1/2 Trial	19.0	.	.	.	.	Lung adenocarcinoma	SYNERGxDB Database	Investigative	MDA-MB-231	3.62	8.08	1.01	1.01	2
DC3KFLW	DM6Q7U4	Lenalidomide	Phase 3 Trial	25.0	DM5JVS3	Isoniazid	Approved	34.0	.	.	.	.	Minimally invasive lung adenocarcinoma	SYNERGxDB Database	Investigative	NCI-H322M	1.49	5.63	6.7	6.68	2
DC4P8S4	DM6Q7U4	Lenalidomide	Phase 3 Trial	25.0	DM7C8YV	Plicamycin	Approved	34.0	.	.	.	.	Lung adenocarcinoma 	SYNERGxDB Database	Investigative	NCI-H522	27.97	24.13	25.28	25.21	2
DCRDTDB	DM6Q7U4	Lenalidomide	Phase 3 Trial	25.0	DM7C8YV	Plicamycin	Approved	34.0	.	.	.	.	Minimally invasive lung adenocarcinoma	SYNERGxDB Database	Investigative	NCI-H322M	1.66	7.19	6.5	6.5	2
DCON37T	DM6Q7U4	Lenalidomide	Phase 3 Trial	25.0	DM7XZY5	Triapine	Phase 2	21.0	.	.	.	.	Minimally invasive lung adenocarcinoma	SYNERGxDB Database	Investigative	NCI-H322M	0.38	3.27	2.13	2.13	2
DC5JJ5R	DM6Q7U4	Lenalidomide	Phase 3 Trial	25.0	DMAE6LK	Topetecan	Approved	34.0	.	.	.	.	Minimally invasive lung adenocarcinoma	SYNERGxDB Database	Investigative	NCI-H322M	0.18	2.48	1.9	1.9	2
DCGTDCK	DM6Q7U4	Lenalidomide	Phase 3 Trial	25.0	DMAO80I	Pralatrexate	Approved	34.0	.	.	.	.	Lung adenocarcinoma	SYNERGxDB Database	Investigative	HOP-62	1.51	5.58	7.07	7.07	2
DCTX2L6	DM6Q7U4	Lenalidomide	Phase 3 Trial	25.0	DMC3P45	Terameprocol	Phase 2	21.0	.	.	.	.	Lung adenocarcinoma	SYNERGxDB Database	Investigative	EKVX	0.72	6.16	6.61	6.61	2
DCMKAIP	DM6Q7U4	Lenalidomide	Phase 3 Trial	25.0	DMC3P45	Terameprocol	Phase 2	21.0	.	.	.	.	Minimally invasive lung adenocarcinoma	SYNERGxDB Database	Investigative	NCI-H322M	3.66	10.63	10.29	10.3	2
DC5NWBP	DM6Q7U4	Lenalidomide	Phase 3 Trial	25.0	DMCJLD1	SCH 727965	Discontinued in Phase 3	9.0	.	.	.	.	Lung adenocarcinoma	SYNERGxDB Database	Investigative	MDA-MB-231	3.39	6.2	3.51	3.59	2
DCE5F5D	DM6Q7U4	Lenalidomide	Phase 3 Trial	25.0	DMCJLD1	SCH 727965	Discontinued in Phase 3	9.0	.	.	.	.	Lung adenocarcinoma	SYNERGxDB Database	Investigative	HOP-62	1.85	5.28	3.8	3.8	2
DCNQM85	DM6Q7U4	Lenalidomide	Phase 3 Trial	25.0	DMD7X1O	Dexrazoxane	Approved	34.0	.	.	.	.	Large cell lung carcinoma	SYNERGxDB Database	Investigative	NCI-H460	0.88	2.96	1.8	5.77	2
DCGSIYS	DM6Q7U4	Lenalidomide	Phase 3 Trial	25.0	DMD7X1O	Dexrazoxane	Approved	34.0	.	.	.	.	Lung adenocarcinoma 	SYNERGxDB Database	Investigative	NCI-H522	0.34	2.81	4.52	4.61	2
DCLOB17	DM6Q7U4	Lenalidomide	Phase 3 Trial	25.0	DMDKF3M	Raloxifene	Approved	34.0	.	.	.	.	Lung adenocarcinoma	SYNERGxDB Database	Investigative	HOP-62	0.83	4.88	3.02	3.02	2
DCT4W2O	DM6Q7U4	Lenalidomide	Phase 3 Trial	25.0	DMDKF3M	Raloxifene	Approved	34.0	.	.	.	.	Minimally invasive lung adenocarcinoma	SYNERGxDB Database	Investigative	NCI-H322M	0.81	3.03	2.37	2.37	2
DC8R2Z8	DM6Q7U4	Lenalidomide	Phase 3 Trial	25.0	DMFH15Z	Bendamustine hydrochloride	Approved	34.0	.	.	.	.	Large cell lung carcinoma	SYNERGxDB Database	Investigative	NCI-H460	17	17.66	19.19	19.52	2
DCSNZJ7	DM6Q7U4	Lenalidomide	Phase 3 Trial	25.0	DMFH15Z	Bendamustine hydrochloride	Approved	34.0	.	.	.	.	Minimally invasive lung adenocarcinoma	SYNERGxDB Database	Investigative	NCI-H322M	4.57	7.9	1.06	9.81	2
DC3JIF7	DM6Q7U4	Lenalidomide	Phase 3 Trial	25.0	DMG2YBD	Trifluridine	Approved	34.0	.	.	.	.	Lung adenocarcinoma	SYNERGxDB Database	Investigative	HOP-62	4.44	7.14	6.18	10.49	2
DCO126F	DM6Q7U4	Lenalidomide	Phase 3 Trial	25.0	DMH0ZJE	Mitomycin	Approved	34.0	.	.	.	.	Minimally invasive lung adenocarcinoma	SYNERGxDB Database	Investigative	NCI-H322M	1.39	1.87	1.5	1.5	2
DC36V8A	DM6Q7U4	Lenalidomide	Phase 3 Trial	25.0	DMH8UF0	SY-1425	Phase 1	17.0	.	.	.	.	Large cell lung carcinoma	SYNERGxDB Database	Investigative	NCI-H460	1.86	0.69	2.86	3.37	2
DCVQV96	DM6Q7U4	Lenalidomide	Phase 3 Trial	25.0	DMINOX3	Vincristine	Approved	34.0	.	.	.	.	Large cell lung carcinoma	SYNERGxDB Database	Investigative	NCI-H460	2.26	6.49	3.36	3.36	2
DCDA98Z	DM6Q7U4	Lenalidomide	Phase 3 Trial	25.0	DMNER5S	Bleomycin	Approved	34.0	.	.	.	.	Large cell lung carcinoma	SYNERGxDB Database	Investigative	NCI-H460	4.64	7.41	0.87	9.62	2
DCCFM9N	DM6Q7U4	Lenalidomide	Phase 3 Trial	25.0	DMNER5S	Bleomycin	Approved	34.0	.	.	.	.	Lung adenocarcinoma	SYNERGxDB Database	Investigative	EKVX	4.28	5.38	8.16	7.82	2
DC1VYMY	DM6Q7U4	Lenalidomide	Phase 3 Trial	25.0	DMNP60F	Anastrozole	Approved	34.0	.	.	.	.	Lung adenocarcinoma 	SYNERGxDB Database	Investigative	NCI-H522	3.52	5.41	6.32	6.47	2
DCGJQN1	DM6Q7U4	Lenalidomide	Phase 3 Trial	25.0	DMNP60F	Anastrozole	Approved	34.0	.	.	.	.	Non-small cell lung carcinoma	SYNERGxDB Database	Investigative	HOP-92	0.39	0.16	1.08	1.1	2
DCPYBLU	DM6Q7U4	Lenalidomide	Phase 3 Trial	25.0	DMP6G8T	Topotecan	Approved	34.0	.	.	.	.	Lung adenocarcinoma	SYNERGxDB Database	Investigative	EKVX	6.56	3.34	5.98	7.03	2
DC4SZTX	DM6Q7U4	Lenalidomide	Phase 3 Trial	25.0	DMRKE63	Chlorambucil	Approved	34.0	.	.	.	.	Minimally invasive lung adenocarcinoma	SYNERGxDB Database	Investigative	NCI-H322M	2.34	12.05	6.14	6.14	2
DC02RCR	DM6Q7U4	Lenalidomide	Phase 3 Trial	25.0	DMSG91J	ER819762	Investigative	0.0	.	.	.	.	Minimally invasive lung adenocarcinoma	SYNERGxDB Database	Investigative	NCI-H322M	0.3	9.25	5.74	5.74	2
DC0RN0G	DM6Q7U4	Lenalidomide	Phase 3 Trial	25.0	DMT5GNL	Romidepsin	Approved	34.0	.	.	.	.	Lung adenocarcinoma	SYNERGxDB Database	Investigative	EKVX	19.34	18.95	13.93	22.02	2
DC8KPAK	DM6Q7U4	Lenalidomide	Phase 3 Trial	25.0	DMT5GNL	Romidepsin	Approved	34.0	.	.	.	.	Lung adenocarcinoma 	SYNERGxDB Database	Investigative	NCI-H522	11.7	10.7	2.93	11.68	2
DCN7M9I	DM6Q7U4	Lenalidomide	Phase 3 Trial	25.0	DMTA5OE	Azacitidine	Approved	34.0	.	.	.	.	Large cell lung carcinoma	SYNERGxDB Database	Investigative	NCI-H460	5.74	8.07	4.91	9.03	2
DCVQ6ID	DM6Q7U4	Lenalidomide	Phase 3 Trial	25.0	DMTM2IK	Mercaptopurine	Preclinical	2.1	.	.	.	.	Minimally invasive lung adenocarcinoma	SYNERGxDB Database	Investigative	NCI-H322M	2.78	8.79	5.35	5.35	2
DCK9X6X	DM6Q7U4	Lenalidomide	Phase 3 Trial	25.0	DMWGV8N	PMID28870136-Compound-43	Patented	15.5	.	.	.	.	Minimally invasive lung adenocarcinoma	SYNERGxDB Database	Investigative	NCI-H322M	4.33	6.8	4.31	4.31	2
DCDTC43	DM6Q7U4	Lenalidomide	Phase 3 Trial	25.0	DMXYJ9C	Busulfan	Approved	34.0	.	.	.	.	Lung adenocarcinoma	SYNERGxDB Database	Investigative	EKVX	1.55	3.18	0.53	0.53	2
DC6KEWD	DM6Q7U4	Lenalidomide	Phase 3 Trial	25.0	DMXYJ9C	Busulfan	Approved	34.0	.	.	.	.	Minimally invasive lung adenocarcinoma	SYNERGxDB Database	Investigative	NCI-H322M	13.39	16.93	12.64	12.64	2
DCFGZ9L	DM2TEOL	Methotrexate	Phase 1/2 Trial	19.0	DM27D4J	PD-0325901	Phase 2	21.0	.	.	.	.	Large cell lung carcinoma	DrugCombDB Database	Investigative	NCI-H460	1.89	0.33	0.6	1.69	2
DC7EC49	DM2TEOL	Methotrexate	Phase 1/2 Trial	19.0	DM2YGNW	Dactinomycin	Approved	34.0	.	.	.	.	Large cell lung carcinoma	DrugCombDB Database	Investigative	NCI-H460	13.12	13.13	12.32	14.2	2
DCPCMK3	DM2TEOL	Methotrexate	Phase 1/2 Trial	19.0	DM67EMK	SCH-900776	Phase 2	21.0	.	.	.	.	Large cell lung carcinoma	DrugCombDB Database	Investigative	NCI-H460	8.45	7.29	4.63	8.53	2
DCR6KUC	DM2TEOL	Methotrexate	Phase 1/2 Trial	19.0	DMDKF3M	Raloxifene	Approved	34.0	.	.	.	.	Lung adenocarcinoma	DrugCombDB Database	Investigative	HOP-62	1.39	5.26	3.53	4.63	2
DCWYH01	DM2TEOL	Methotrexate	Phase 1/2 Trial	19.0	DMFH15Z	Bendamustine hydrochloride	Approved	34.0	.	.	.	.	Large cell lung carcinoma	DrugCombDB Database	Investigative	NCI-H460	2.47	3.18	0.3	3.72	2
DCOYJV1	DM2TEOL	Methotrexate	Phase 1/2 Trial	19.0	DMGW1ID	Sirolimus	Approved	34.0	.	.	.	.	Lung adenocarcinoma 	DrugCombDB Database	Investigative	NCI-H522	6.04	13.57	13.14	13.03	2
DC5TNHP	DM2TEOL	Methotrexate	Phase 1/2 Trial	19.0	DMH8UF0	SY-1425	Phase 1	17.0	.	.	.	.	Lung adenocarcinoma	DrugCombDB Database	Investigative	HOP-62	3.63	8.49	8.07	12.34	2
DC6LZ9N	DM2TEOL	Methotrexate	Phase 1/2 Trial	19.0	DMLHEU7	Ridaforolimus	Phase 3	25.0	.	.	.	.	Large cell lung carcinoma	DrugCombDB Database	Investigative	NCI-H460	13.57	11.87	5.33	13.15	2
DCGPNZR	DM2TEOL	Methotrexate	Phase 1/2 Trial	19.0	DMLYGH4	MK-4827	Phase 3	25.0	.	.	.	.	Large cell lung carcinoma	DrugCombDB Database	Investigative	NCI-H460	6.26	2.61	3.76	3.87	2
DCAVF4P	DM2TEOL	Methotrexate	Phase 1/2 Trial	19.0	DMVRLT7	Fludarabine	Approved	34.0	.	.	.	.	Lung adenocarcinoma	DrugCombDB Database	Investigative	EKVX	0.28	3.26	0.65	0.32	2
DCQ0USO	DMB5A80	SNX-2112	Investigative	0.0	DM62QTW	RTB101	Phase 3	25.0	.	.	.	.	Large cell lung carcinoma	SYNERGxDB Database	Investigative	NCI-H460	6.77	2.03	1.61	4.72	2
DCINTEM	DMB5A80	SNX-2112	Investigative	0.0	DM67EMK	SCH-900776	Phase 2	21.0	.	.	.	.	Large cell lung carcinoma	SYNERGxDB Database	Investigative	NCI-H460	0.84	4.58	2.5	6.17	2
DCMWXGG	DMB5A80	SNX-2112	Investigative	0.0	DM9WLN4	10-hydroxycamptothecin	Investigative	0.0	.	.	.	.	Large cell lung carcinoma	SYNERGxDB Database	Investigative	NCI-H460	1.88	2.46	3.15	4.83	2
DCT6FGM	DMB5A80	SNX-2112	Investigative	0.0	DMLHEU7	Ridaforolimus	Phase 3	25.0	.	.	.	.	Large cell lung carcinoma	SYNERGxDB Database	Investigative	NCI-H460	2.89	3.9	0.94	5.66	2
DCX51A2	DMB5A80	SNX-2112	Investigative	0.0	DMS8IFC	Sorafenib	Approved	34.0	.	.	.	.	Large cell lung carcinoma	SYNERGxDB Database	Investigative	NCI-H460	4.35	4.03	0.38	6.91	2
DC9LRDG	DMB5A80	SNX-2112	Investigative	0.0	DMWMPD4	Vorinostat	Approved	34.0	.	.	.	.	Large cell lung carcinoma	SYNERGxDB Database	Investigative	NCI-H460	2.36	1	0.2	4.38	2
DCHWF7E	DMD7X1O	Dexrazoxane	Approved	34.0	DM0CVXA	Mechlorethamine	Approved	34.0	.	.	.	.	Large cell lung carcinoma	SYNERGxDB Database	Investigative	NCI-H460	0.98	1.33	0.21	4.48	2
DCYOH6G	DMD7X1O	Dexrazoxane	Approved	34.0	DM0YZC6	Fulvestrant	Approved	34.0	.	.	.	.	Large cell lung carcinoma	SYNERGxDB Database	Investigative	NCI-H460	0.91	0.75	0.07	0.5	2
DCL23F7	DMD7X1O	Dexrazoxane	Approved	34.0	DM2AZPP	Hepzato	Phase 3	25.0	.	.	.	.	Lung adenocarcinoma	SYNERGxDB Database	Investigative	HOP-62	0.74	7.78	0.22	5.63	2
DCPHNN9	DMD7X1O	Dexrazoxane	Approved	34.0	DM2AZPP	Hepzato	Phase 3	25.0	.	.	.	.	Minimally invasive lung adenocarcinoma	SYNERGxDB Database	Investigative	NCI-H322M	0.89	7.56	4.08	5.27	2
DCYTOWJ	DMD7X1O	Dexrazoxane	Approved	34.0	DM2YGNW	Dactinomycin	Approved	34.0	.	.	.	.	Large cell lung carcinoma	SYNERGxDB Database	Investigative	NCI-H460	0.3	1.61	3.83	4.65	2
DCUFIMA	DMD7X1O	Dexrazoxane	Approved	34.0	DM2YGNW	Dactinomycin	Approved	34.0	.	.	.	.	Lung adenocarcinoma	SYNERGxDB Database	Investigative	EKVX	2.51	7.63	7.41	8.07	2
DCEH0BU	DMD7X1O	Dexrazoxane	Approved	34.0	DM2YGNW	Dactinomycin	Approved	34.0	.	.	.	.	Lung adenocarcinoma 	SYNERGxDB Database	Investigative	NCI-H522	12.78	17.14	17.43	17.11	2
DCQBX30	DMD7X1O	Dexrazoxane	Approved	34.0	DM2YGNW	Dactinomycin	Approved	34.0	.	.	.	.	Non-small cell lung carcinoma	SYNERGxDB Database	Investigative	HOP-92	0.94	4.61	5.18	4.94	2
DCKTS6Z	DMD7X1O	Dexrazoxane	Approved	34.0	DM4DOUB	PMID28460551-Compound-2	Patented	15.5	.	.	.	.	Large cell lung carcinoma	SYNERGxDB Database	Investigative	NCI-H460	1.87	5.46	3.44	8.15	2
DCMKFV2	DMD7X1O	Dexrazoxane	Approved	34.0	DM4DOUB	PMID28460551-Compound-2	Patented	15.5	.	.	.	.	Lung adenocarcinoma	SYNERGxDB Database	Investigative	MDA-MB-231	9.97	13.61	14.75	15.05	2
DCTNFW7	DMD7X1O	Dexrazoxane	Approved	34.0	DM4DOUB	PMID28460551-Compound-2	Patented	15.5	.	.	.	.	Minimally invasive lung adenocarcinoma	SYNERGxDB Database	Investigative	NCI-H322M	1.86	4.85	4.38	5.55	2
DCZDMBG	DMD7X1O	Dexrazoxane	Approved	34.0	DM4F29C	Crizotinib	Approved	34.0	.	.	.	.	Minimally invasive lung adenocarcinoma	SYNERGxDB Database	Investigative	NCI-H322M	2.73	8.99	7.33	7.24	2
DC64R63	DMD7X1O	Dexrazoxane	Approved	34.0	DM2TEOL	Methotrexate	Phase 1/2 Trial	19.0	.	.	.	.	Lung adenocarcinoma	SYNERGxDB Database	Investigative	MDA-MB-231	0.73	7.63	1.56	1.24	2
DC75L66	DMD7X1O	Dexrazoxane	Approved	34.0	DM61TA4	Arsenic trioxide	Approved	34.0	.	.	.	.	Minimally invasive lung adenocarcinoma	SYNERGxDB Database	Investigative	NCI-H322M	2.42	7.47	2.88	2.86	2
DCJVUY4	DMD7X1O	Dexrazoxane	Approved	34.0	DM62UG5	Vemurafenib	Approved	34.0	.	.	.	.	Minimally invasive lung adenocarcinoma	SYNERGxDB Database	Investigative	NCI-H322M	4.85	10.53	4.55	4.62	2
DCR9ZVA	DMD7X1O	Dexrazoxane	Approved	34.0	DM7C8YV	Plicamycin	Approved	34.0	.	.	.	.	Large cell lung carcinoma	SYNERGxDB Database	Investigative	NCI-H460	1.37	1.71	1.76	1.65	2
DC2WA1C	DMD7X1O	Dexrazoxane	Approved	34.0	DM7C8YV	Plicamycin	Approved	34.0	.	.	.	.	Lung adenocarcinoma 	SYNERGxDB Database	Investigative	NCI-H522	25.08	28.96	30.29	30.05	2
DC60QNN	DMD7X1O	Dexrazoxane	Approved	34.0	DM7NKEV	Thioguanine	Preclinical	2.1	.	.	.	.	Large cell lung carcinoma	SYNERGxDB Database	Investigative	NCI-H460	1.5	1.86	2.72	6.29	2
DC7N1ZO	DMD7X1O	Dexrazoxane	Approved	34.0	DMAH59S	Amonafide	Phase 3	25.0	.	.	.	.	Large cell lung carcinoma	SYNERGxDB Database	Investigative	NCI-H460	2.45	1.87	6.26	8.82	2
DCC27QL	DMD7X1O	Dexrazoxane	Approved	34.0	DMFH15Z	Bendamustine hydrochloride	Approved	34.0	.	.	.	.	Large cell lung carcinoma	SYNERGxDB Database	Investigative	NCI-H460	11.21	10.61	12.2	12.96	2
DCUSVS8	DMD7X1O	Dexrazoxane	Approved	34.0	DMH0ZJE	Mitomycin	Approved	34.0	.	.	.	.	Minimally invasive lung adenocarcinoma	SYNERGxDB Database	Investigative	NCI-H322M	0.23	6.47	4.45	6.03	2
DCX9UWS	DMD7X1O	Dexrazoxane	Approved	34.0	DMHL7OB	Uracil mustard	Approved	34.0	.	.	.	.	Lung adenocarcinoma	SYNERGxDB Database	Investigative	MDA-MB-231	2.75	5.23	6.44	7.08	2
DCGH78C	DMD7X1O	Dexrazoxane	Approved	34.0	DMIXMYK	Arfolitixorin	Phase 3	25.0	.	.	.	.	Large cell lung carcinoma	SYNERGxDB Database	Investigative	NCI-H460	1.69	2.25	3.56	6.48	2
DCQZE67	DMD7X1O	Dexrazoxane	Approved	34.0	DMLNFWU	TEM	Phase 2	21.0	.	.	.	.	Minimally invasive lung adenocarcinoma	SYNERGxDB Database	Investigative	NCI-H322M	8.55	9.71	10.17	11.21	2
DC7VZKC	DMD7X1O	Dexrazoxane	Approved	34.0	DMNER5S	Bleomycin	Approved	34.0	.	.	.	.	Large cell lung carcinoma	SYNERGxDB Database	Investigative	NCI-H460	5.67	5.88	10.31	12.91	2
DC1QT8A	DMD7X1O	Dexrazoxane	Approved	34.0	DMNER5S	Bleomycin	Approved	34.0	.	.	.	.	Lung adenocarcinoma	SYNERGxDB Database	Investigative	HOP-62	14.52	17.2	12.42	18.7	2
DC7U4JQ	DMD7X1O	Dexrazoxane	Approved	34.0	DMNER5S	Bleomycin	Approved	34.0	.	.	.	.	Lung adenocarcinoma 	SYNERGxDB Database	Investigative	NCI-H522	0.88	4.51	1.9	8.83	2
DCG5J2E	DMD7X1O	Dexrazoxane	Approved	34.0	DMNO38U	Bortezomib	Approved	34.0	.	.	.	.	Lung adenocarcinoma	SYNERGxDB Database	Investigative	HOP-62	1.29	6.99	4.83	4.81	2
DCVFRJO	DMD7X1O	Dexrazoxane	Approved	34.0	DMNPZL4	Dacarbazine	Approved	34.0	.	.	.	.	Large cell lung carcinoma	SYNERGxDB Database	Investigative	NCI-H460	0.38	1.01	0.08	4.06	2
DCKALVC	DMD7X1O	Dexrazoxane	Approved	34.0	DMP6G8T	Topotecan	Approved	34.0	.	.	.	.	Lung adenocarcinoma	SYNERGxDB Database	Investigative	EKVX	7.37	7.4	8.15	11.75	2
DC2IRLA	DMD7X1O	Dexrazoxane	Approved	34.0	DMRHGI9	Cisplatin	Approved	34.0	.	.	.	.	Large cell lung carcinoma	SYNERGxDB Database	Investigative	NCI-H460	3.89	6.18	2.72	5.44	2
DCG7WT1	DMD7X1O	Dexrazoxane	Approved	34.0	DMRHGI9	Cisplatin	Approved	34.0	.	.	.	.	Minimally invasive lung adenocarcinoma	SYNERGxDB Database	Investigative	NCI-H322M	5.1	2.24	1.3	1.27	2
DCKMCNW	DMD7X1O	Dexrazoxane	Approved	34.0	DMRKE63	Chlorambucil	Approved	34.0	.	.	.	.	Minimally invasive lung adenocarcinoma	SYNERGxDB Database	Investigative	NCI-H322M	1.73	8.46	2.08	2.54	2
DCOJB13	DMD7X1O	Dexrazoxane	Approved	34.0	DMSG91J	ER819762	Investigative	0.0	.	.	.	.	Minimally invasive lung adenocarcinoma	SYNERGxDB Database	Investigative	NCI-H322M	3.44	5.53	2.02	2	2
DCYGFAR	DMD7X1O	Dexrazoxane	Approved	34.0	DMT5GNL	Romidepsin	Approved	34.0	.	.	.	.	Lung adenocarcinoma	SYNERGxDB Database	Investigative	MDA-MB-231	8.11	9.19	5.39	10.28	2
DC3I8JM	DMD7X1O	Dexrazoxane	Approved	34.0	DMT5GNL	Romidepsin	Approved	34.0	.	.	.	.	Lung adenocarcinoma	SYNERGxDB Database	Investigative	EKVX	19.05	18.96	3.41	22.06	2
DCVCKWF	DMD7X1O	Dexrazoxane	Approved	34.0	DMTA5OE	Azacitidine	Approved	34.0	.	.	.	.	Large cell lung carcinoma	SYNERGxDB Database	Investigative	NCI-H460	0.46	2.79	4.66	6.51	2
DCIYIU1	DMD7X1O	Dexrazoxane	Approved	34.0	DMTGBAX	Pomalidomide	Approved	34.0	.	.	.	.	Lung adenocarcinoma	SYNERGxDB Database	Investigative	EKVX	15.56	20.6	19.41	18.69	2
DCWK2SJ	DMD7X1O	Dexrazoxane	Approved	34.0	DMTM2IK	Mercaptopurine	Preclinical	2.1	.	.	.	.	Large cell lung carcinoma	SYNERGxDB Database	Investigative	NCI-H460	2.93	3.86	2.94	4.3	2
DC577E8	DMD7X1O	Dexrazoxane	Approved	34.0	DMVRLT7	Fludarabine	Approved	34.0	.	.	.	.	Large cell lung carcinoma	SYNERGxDB Database	Investigative	NCI-H460	4.18	3.86	7.35	9.34	2
DCG6AF4	DM4O2Z7	Cyclophosphamide	Approved	34.0	DM3BH1Y	Lapatinib	Approved	34.0	.	.	.	.	Large cell lung carcinoma	ALMANAC Dataset	Investigative	NCI-H460	2.09	0.53	2.18	2.39	2
DC3KMH5	DM4O2Z7	Cyclophosphamide	Approved	34.0	DMCT3I8	Ifosfamide	Approved	34.0	.	.	.	.	Lung adenocarcinoma	ALMANAC Dataset	Investigative	HOP-62	12.65	10.48	9.11	15.53	2
DCIKZP7	DM4O2Z7	Cyclophosphamide	Approved	34.0	DMCT3I8	Ifosfamide	Approved	34.0	.	.	.	.	Lung adenocarcinoma	ALMANAC Dataset	Investigative	MDA-MB-231	10.39	11.11	8.2	8.14	2
DCZH66Q	DM4O2Z7	Cyclophosphamide	Approved	34.0	DMH0ZJE	Mitomycin	Approved	34.0	.	.	.	.	Large cell lung carcinoma	ALMANAC Dataset	Investigative	NCI-H460	7.36	3.65	3.38	1.96	2
DCZ3C7P	DM4O2Z7	Cyclophosphamide	Approved	34.0	DMH0ZJE	Mitomycin	Approved	34.0	.	.	.	.	Lung adenocarcinoma	ALMANAC Dataset	Investigative	HOP-62	8.31	10.36	9.69	11.11	2
DC7FFR6	DM4O2Z7	Cyclophosphamide	Approved	34.0	DMH0ZJE	Mitomycin	Approved	34.0	.	.	.	.	Minimally invasive lung adenocarcinoma	ALMANAC Dataset	Investigative	NCI-H322M	3.82	12.74	9.34	9.34	2
DCRJ3K8	DM4O2Z7	Cyclophosphamide	Approved	34.0	DMM0XGL	Idarubicin	Approved	34.0	.	.	.	.	Large cell lung carcinoma	ALMANAC Dataset	Investigative	NCI-H460	1.23	6.96	8.55	7.89	2
DCRNV0K	DM4O2Z7	Cyclophosphamide	Approved	34.0	DMRKE63	Chlorambucil	Approved	34.0	.	.	.	.	Lung adenocarcinoma	ALMANAC Dataset	Investigative	HOP-62	11.89	11.84	5.05	12.28	2
DCLUICT	DM4O2Z7	Cyclophosphamide	Approved	34.0	DMRKE63	Chlorambucil	Approved	34.0	.	.	.	.	Lung adenocarcinoma	ALMANAC Dataset	Investigative	MDA-MB-231	1.9	5.77	2.09	7.67	2
DCIK8CD	DM4O2Z7	Cyclophosphamide	Approved	34.0	DMRKE63	Chlorambucil	Approved	34.0	.	.	.	.	Minimally invasive lung adenocarcinoma	ALMANAC Dataset	Investigative	NCI-H322M	1.57	6.83	6.7	6.81	2
DCTZQ2O	DMNPZL4	Dacarbazine	Approved	34.0	DM2AZPP	Hepzato	Phase 3	25.0	.	.	.	.	Lung adenocarcinoma	ALMANAC Dataset	Investigative	MDA-MB-231	5.02	6.33	1.67	7.39	2
DCXPODB	DMNPZL4	Dacarbazine	Approved	34.0	DM2YGNW	Dactinomycin	Approved	34.0	.	.	.	.	Large cell lung carcinoma	ALMANAC Dataset	Investigative	NCI-H460	5.83	12.78	11.37	11.55	2
DCSRN6N	DMNPZL4	Dacarbazine	Approved	34.0	DM2YGNW	Dactinomycin	Approved	34.0	.	.	.	.	Lung adenocarcinoma	ALMANAC Dataset	Investigative	EKVX	3.29	3.8	3.33	3.56	2
DCXD34X	DMNPZL4	Dacarbazine	Approved	34.0	DM2YGNW	Dactinomycin	Approved	34.0	.	.	.	.	Lung adenocarcinoma 	ALMANAC Dataset	Investigative	NCI-H522	16.79	23.69	23.65	23.55	2
DCMB458	DMNPZL4	Dacarbazine	Approved	34.0	DM2YGNW	Dactinomycin	Approved	34.0	.	.	.	.	Non-small cell lung carcinoma	ALMANAC Dataset	Investigative	HOP-92	1.64	4.92	5.25	5.09	2
DCJWLM2	DMNPZL4	Dacarbazine	Approved	34.0	DM3BF9B	DFN-15	Phase 3	25.0	.	.	.	.	Large cell lung carcinoma	ALMANAC Dataset	Investigative	NCI-H460	5.09	11.77	8.43	9.9	2
DCYBKQM	DMNPZL4	Dacarbazine	Approved	34.0	DM3BH1Y	Lapatinib	Approved	34.0	.	.	.	.	Lung adenocarcinoma	ALMANAC Dataset	Investigative	HOP-62	1.62	7.61	4.96	5.28	2
DCVXDCM	DMNPZL4	Dacarbazine	Approved	34.0	DM4DOUB	PMID28460551-Compound-2	Patented	15.5	.	.	.	.	Lung adenocarcinoma	ALMANAC Dataset	Investigative	HOP-62	1.44	8.08	2.05	7.4	2
DCFUB75	DMNPZL4	Dacarbazine	Approved	34.0	DM4DOUB	PMID28460551-Compound-2	Patented	15.5	.	.	.	.	Lung adenocarcinoma	ALMANAC Dataset	Investigative	MDA-MB-231	12.23	16.23	16.59	17.97	2
DCRGP0C	DMNPZL4	Dacarbazine	Approved	34.0	DM4F29C	Crizotinib	Approved	34.0	.	.	.	.	Lung adenocarcinoma	ALMANAC Dataset	Investigative	HOP-62	3.78	6.61	3.4	3.45	2
DCHVUDA	DMNPZL4	Dacarbazine	Approved	34.0	DM4F29C	Crizotinib	Approved	34.0	.	.	.	.	Minimally invasive lung adenocarcinoma	ALMANAC Dataset	Investigative	NCI-H322M	5.26	13.51	11.48	11.2	2
DCPALH6	DMNPZL4	Dacarbazine	Approved	34.0	DM2TEOL	Methotrexate	Phase 1/2 Trial	19.0	.	.	.	.	Lung adenocarcinoma	ALMANAC Dataset	Investigative	MDA-MB-231	3.8	9.47	2.17	2.9	2
DCGKNBB	DMNPZL4	Dacarbazine	Approved	34.0	DM62UG5	Vemurafenib	Approved	34.0	.	.	.	.	Minimally invasive lung adenocarcinoma	ALMANAC Dataset	Investigative	NCI-H322M	1.64	14.5	7.89	8.58	2
DCJBE82	DMNPZL4	Dacarbazine	Approved	34.0	DM7HXWT	Nilotinib	Approved	34.0	.	.	.	.	Lung adenocarcinoma	ALMANAC Dataset	Investigative	HOP-62	3.39	8.34	6.23	6.41	2
DCZY3A6	DMNPZL4	Dacarbazine	Approved	34.0	DM7XZY5	Triapine	Phase 2	21.0	.	.	.	.	Lung adenocarcinoma	ALMANAC Dataset	Investigative	MDA-MB-231	0.18	4.89	1.05	6.35	2
DCSHZE8	DMNPZL4	Dacarbazine	Approved	34.0	DMDKF3M	Raloxifene	Approved	34.0	.	.	.	.	Lung adenocarcinoma	ALMANAC Dataset	Investigative	HOP-62	8.59	15.5	2.04	11.44	2
DCM33W2	DMNPZL4	Dacarbazine	Approved	34.0	DMFH15Z	Bendamustine hydrochloride	Approved	34.0	.	.	.	.	Large cell lung carcinoma	ALMANAC Dataset	Investigative	NCI-H460	14.55	17.26	15.91	17.48	2
DCHOSW9	DMNPZL4	Dacarbazine	Approved	34.0	DMFH15Z	Bendamustine hydrochloride	Approved	34.0	.	.	.	.	Lung adenocarcinoma 	ALMANAC Dataset	Investigative	NCI-H522	1.94	13.57	13.91	15.28	2
DC9SUZU	DMNPZL4	Dacarbazine	Approved	34.0	DMH07Y3	Letrozole	Approved	34.0	.	.	.	.	Large cell lung carcinoma	ALMANAC Dataset	Investigative	NCI-H460	0.39	7.01	1.98	2.72	2
DCQW3GW	DMNPZL4	Dacarbazine	Approved	34.0	DMH8UF0	SY-1425	Phase 1	17.0	.	.	.	.	Non-small cell lung carcinoma	ALMANAC Dataset	Investigative	HOP-92	4.7	9.47	12.83	13.04	2
DC54IJ7	DMNPZL4	Dacarbazine	Approved	34.0	DMINOX3	Vincristine	Approved	34.0	.	.	.	.	Large cell lung carcinoma	ALMANAC Dataset	Investigative	NCI-H460	9.2	9.69	8.4	4.9	2
DCZKVSH	DMNPZL4	Dacarbazine	Approved	34.0	DMLNFWU	TEM	Phase 2	21.0	.	.	.	.	Large cell lung carcinoma	ALMANAC Dataset	Investigative	NCI-H460	0.37	7.27	4.88	5.87	2
DCJB1QL	DMNPZL4	Dacarbazine	Approved	34.0	DM7RJXL	Imatinib	Phase 3 Trial	25.0	.	.	.	.	Lung adenocarcinoma	ALMANAC Dataset	Investigative	HOP-62	1.48	4.57	1.37	3	2
DC4QKBZ	DMNPZL4	Dacarbazine	Approved	34.0	DMNO38U	Bortezomib	Approved	34.0	.	.	.	.	Minimally invasive lung adenocarcinoma	ALMANAC Dataset	Investigative	NCI-H322M	8.06	7.47	5	4.82	2
DCQMRJB	DMNPZL4	Dacarbazine	Approved	34.0	DMP6G8T	Topotecan	Approved	34.0	.	.	.	.	Lung adenocarcinoma	ALMANAC Dataset	Investigative	MDA-MB-231	1.03	2.76	5.98	8.2	2
DCWTMWY	DMNPZL4	Dacarbazine	Approved	34.0	DMP6G8T	Topotecan	Approved	34.0	.	.	.	.	Lung adenocarcinoma	ALMANAC Dataset	Investigative	EKVX	4.34	6	7.73	8.87	2
DCRSOT2	DMNPZL4	Dacarbazine	Approved	34.0	DMRKE63	Chlorambucil	Approved	34.0	.	.	.	.	Lung adenocarcinoma	ALMANAC Dataset	Investigative	HOP-62	1.02	8.87	0.3	4.19	2
DC0XGTE	DMNPZL4	Dacarbazine	Approved	34.0	DMRKE63	Chlorambucil	Approved	34.0	.	.	.	.	Minimally invasive lung adenocarcinoma	ALMANAC Dataset	Investigative	NCI-H322M	3.11	10.43	2.77	4.5	2
DCPW4SU	DMNPZL4	Dacarbazine	Approved	34.0	DMS8IFC	Sorafenib	Approved	34.0	.	.	.	.	Lung adenocarcinoma	ALMANAC Dataset	Investigative	HOP-62	4.33	8.38	4.31	7.53	2
DC76J9W	DMNPZL4	Dacarbazine	Approved	34.0	DMSG91J	ER819762	Investigative	0.0	.	.	.	.	Lung adenocarcinoma	ALMANAC Dataset	Investigative	HOP-62	1.25	7.89	3.31	3.75	2
DCBFT7X	DMNPZL4	Dacarbazine	Approved	34.0	DMSG91J	ER819762	Investigative	0.0	.	.	.	.	Minimally invasive lung adenocarcinoma	ALMANAC Dataset	Investigative	NCI-H322M	0.76	6.53	2.67	2.95	2
DC8FXOF	DMNPZL4	Dacarbazine	Approved	34.0	DMT5GNL	Romidepsin	Approved	34.0	.	.	.	.	Lung adenocarcinoma	ALMANAC Dataset	Investigative	EKVX	19.58	22.21	22.92	24.43	2
DCEJIRJ	DMNPZL4	Dacarbazine	Approved	34.0	DMTA5OE	Azacitidine	Approved	34.0	.	.	.	.	Large cell lung carcinoma	ALMANAC Dataset	Investigative	NCI-H460	3.07	8.25	6.82	9.17	2
DCL9STY	DMNPZL4	Dacarbazine	Approved	34.0	DMTGBAX	Pomalidomide	Approved	34.0	.	.	.	.	Lung adenocarcinoma	ALMANAC Dataset	Investigative	EKVX	16.55	18.4	15.49	16.47	2
DCZN6XX	DMNPZL4	Dacarbazine	Approved	34.0	DMTM2IK	Mercaptopurine	Preclinical	2.1	.	.	.	.	Large cell lung carcinoma	ALMANAC Dataset	Investigative	NCI-H460	5.71	9.44	1.16	6.18	2
DCSH27S	DMNPZL4	Dacarbazine	Approved	34.0	DMU8L7C	Mepacrine	Investigative	0.0	.	.	.	.	Lung adenocarcinoma 	ALMANAC Dataset	Investigative	NCI-H522	1.74	9.14	9.02	10.27	2
DC8H3RO	DMNPZL4	Dacarbazine	Approved	34.0	DMVRLT7	Fludarabine	Approved	34.0	.	.	.	.	Large cell lung carcinoma	ALMANAC Dataset	Investigative	NCI-H460	3.1	4.88	2.54	6.48	2
DCRLXLH	DMNPZL4	Dacarbazine	Approved	34.0	DMWNHPC	Aminolevulinic Acid Hydrochloride	Approved	34.0	.	.	.	.	Large cell lung carcinoma	ALMANAC Dataset	Investigative	NCI-H460	0.06	4.57	27.84	5.16	2
DC2BUNW	DM0CVXA	Mechlorethamine	Approved	34.0	DM0PIY6	Picoplatin	Phase 3	25.0	.	.	.	.	Lung adenocarcinoma	SYNERGxDB Database	Investigative	HOP-62	4.37	7.5	2.41	1.4	2
DCOPGU4	DM0CVXA	Mechlorethamine	Approved	34.0	DM2AZPP	Hepzato	Phase 3	25.0	.	.	.	.	Lung adenocarcinoma	SYNERGxDB Database	Investigative	HOP-62	4.29	5.87	2.46	2.06	2
DCVI4VN	DM0CVXA	Mechlorethamine	Approved	34.0	DM2YGNW	Dactinomycin	Approved	34.0	.	.	.	.	Large cell lung carcinoma	SYNERGxDB Database	Investigative	NCI-H460	2.63	9.68	8.14	8.18	2
DCXN3JB	DM0CVXA	Mechlorethamine	Approved	34.0	DM2YGNW	Dactinomycin	Approved	34.0	.	.	.	.	Lung adenocarcinoma	SYNERGxDB Database	Investigative	EKVX	2.81	7.17	1.6	5.41	2
DCUBZFC	DM0CVXA	Mechlorethamine	Approved	34.0	DM2YGNW	Dactinomycin	Approved	34.0	.	.	.	.	Lung adenocarcinoma 	SYNERGxDB Database	Investigative	NCI-H522	14.51	17.88	17.54	17.49	2
DCUNV22	DM0CVXA	Mechlorethamine	Approved	34.0	DM2YGNW	Dactinomycin	Approved	34.0	.	.	.	.	Non-small cell lung carcinoma	SYNERGxDB Database	Investigative	HOP-92	2.26	4.64	4.78	4.62	2
DC705YT	DM0CVXA	Mechlorethamine	Approved	34.0	DM3BF9B	DFN-15	Phase 3	25.0	.	.	.	.	Large cell lung carcinoma	SYNERGxDB Database	Investigative	NCI-H460	3.26	11.51	5.82	9.6	2
DC0ACJE	DM0CVXA	Mechlorethamine	Approved	34.0	DM3BF9B	DFN-15	Phase 3	25.0	.	.	.	.	Minimally invasive lung adenocarcinoma	SYNERGxDB Database	Investigative	NCI-H322M	1.44	6.74	3.82	3.82	2
DCXEZS4	DM0CVXA	Mechlorethamine	Approved	34.0	DM3BH1Y	Lapatinib	Approved	34.0	.	.	.	.	Lung adenocarcinoma	SYNERGxDB Database	Investigative	MDA-MB-231	4.42	6.71	3.41	1.96	2
DC9XG16	DM0CVXA	Mechlorethamine	Approved	34.0	DM4F29C	Crizotinib	Approved	34.0	.	.	.	.	Minimally invasive lung adenocarcinoma	SYNERGxDB Database	Investigative	NCI-H322M	14.58	20.18	17.06	16.26	2
DCW7RQY	DM0CVXA	Mechlorethamine	Approved	34.0	DM2TEOL	Methotrexate	Phase 1/2 Trial	19.0	.	.	.	.	Lung adenocarcinoma	SYNERGxDB Database	Investigative	MDA-MB-231	7.81	11.47	4.02	3.99	2
DC0QV5A	DM0CVXA	Mechlorethamine	Approved	34.0	DM5JVS3	Isoniazid	Approved	34.0	.	.	.	.	Non-small cell lung carcinoma	SYNERGxDB Database	Investigative	HOP-92	0.53	3.24	0.52	0.71	2
DCEEJFW	DM0CVXA	Mechlorethamine	Approved	34.0	DM61TA4	Arsenic trioxide	Approved	34.0	.	.	.	.	Minimally invasive lung adenocarcinoma	SYNERGxDB Database	Investigative	NCI-H322M	4.06	6.56	1.69	1.68	2
DCWXGMJ	DM0CVXA	Mechlorethamine	Approved	34.0	DM62UG5	Vemurafenib	Approved	34.0	.	.	.	.	Lung adenocarcinoma	SYNERGxDB Database	Investigative	MDA-MB-231	2.62	4.41	2.05	0.73	2
DCV4RGA	DM0CVXA	Mechlorethamine	Approved	34.0	DM62UG5	Vemurafenib	Approved	34.0	.	.	.	.	Lung adenocarcinoma	SYNERGxDB Database	Investigative	EKVX	1.79	2.82	0.95	0.21	2
DC1DGAI	DM0CVXA	Mechlorethamine	Approved	34.0	DM62UG5	Vemurafenib	Approved	34.0	.	.	.	.	Minimally invasive lung adenocarcinoma	SYNERGxDB Database	Investigative	NCI-H322M	13.22	19.97	13.72	13.45	2
DCPX91S	DM0CVXA	Mechlorethamine	Approved	34.0	DM7NKEV	Thioguanine	Preclinical	2.1	.	.	.	.	Minimally invasive lung adenocarcinoma	SYNERGxDB Database	Investigative	NCI-H322M	3.81	3.46	0.34	0.26	2
DCDXMT2	DM0CVXA	Mechlorethamine	Approved	34.0	DM7NKEV	Thioguanine	Preclinical	2.1	.	.	.	.	Non-small cell lung carcinoma	SYNERGxDB Database	Investigative	HOP-92	3.94	3.73	2.14	4.6	2
DCE2WAM	DM0CVXA	Mechlorethamine	Approved	34.0	DM7XZY5	Triapine	Phase 2	21.0	.	.	.	.	Lung adenocarcinoma	SYNERGxDB Database	Investigative	HOP-62	2.39	3.75	0.26	0.19	2
DCHTC06	DM0CVXA	Mechlorethamine	Approved	34.0	DMAE6LK	Topetecan	Approved	34.0	.	.	.	.	Lung adenocarcinoma	SYNERGxDB Database	Investigative	EKVX	0.13	1.79	0.28	0.28	2
DCBU5CK	DM0CVXA	Mechlorethamine	Approved	34.0	DMAO80I	Pralatrexate	Approved	34.0	.	.	.	.	Minimally invasive lung adenocarcinoma	SYNERGxDB Database	Investigative	NCI-H322M	2.93	6.4	3.34	3.34	2
DCHK5V5	DM0CVXA	Mechlorethamine	Approved	34.0	DMC3P45	Terameprocol	Phase 2	21.0	.	.	.	.	Lung adenocarcinoma	SYNERGxDB Database	Investigative	EKVX	0.51	2.16	0.64	0.64	2
DCM3Y5V	DM0CVXA	Mechlorethamine	Approved	34.0	DMCT3I8	Ifosfamide	Approved	34.0	.	.	.	.	Lung adenocarcinoma	SYNERGxDB Database	Investigative	MDA-MB-231	6.41	8.7	1.95	1.45	2
DCFQ97O	DM0CVXA	Mechlorethamine	Approved	34.0	DMDKF3M	Raloxifene	Approved	34.0	.	.	.	.	Lung adenocarcinoma	SYNERGxDB Database	Investigative	MDA-MB-231	9.96	15.82	4.06	4.06	2
DCLEX8Y	DM0CVXA	Mechlorethamine	Approved	34.0	DMDKF3M	Raloxifene	Approved	34.0	.	.	.	.	Lung adenocarcinoma	SYNERGxDB Database	Investigative	HOP-62	1.38	6.79	0.03	3.51	2
DC7YWAM	DM0CVXA	Mechlorethamine	Approved	34.0	DMFH15Z	Bendamustine hydrochloride	Approved	34.0	.	.	.	.	Large cell lung carcinoma	SYNERGxDB Database	Investigative	NCI-H460	11.34	15.42	15.71	15.67	2
DCJ5RJM	DM0CVXA	Mechlorethamine	Approved	34.0	DMH8UF0	SY-1425	Phase 1	17.0	.	.	.	.	Lung adenocarcinoma	SYNERGxDB Database	Investigative	HOP-62	4.14	4.93	1.35	0.8	2
DCT64U7	DM0CVXA	Mechlorethamine	Approved	34.0	DMH8UF0	SY-1425	Phase 1	17.0	.	.	.	.	Non-small cell lung carcinoma	SYNERGxDB Database	Investigative	HOP-92	6.73	12.81	14.11	14.11	2
DCCSD19	DM0CVXA	Mechlorethamine	Approved	34.0	DMIXMYK	Arfolitixorin	Phase 3	25.0	.	.	.	.	Minimally invasive lung adenocarcinoma	SYNERGxDB Database	Investigative	NCI-H322M	2.82	5.58	3.09	1.87	2
DCJF02T	DM0CVXA	Mechlorethamine	Approved	34.0	DMKLAYG	Altretamine	Approved	34.0	.	.	.	.	Lung adenocarcinoma	SYNERGxDB Database	Investigative	HOP-62	3.4	7.09	4.15	3.04	2
DCNHI9W	DM0CVXA	Mechlorethamine	Approved	34.0	DMKLAYG	Altretamine	Approved	34.0	.	.	.	.	Lung adenocarcinoma	SYNERGxDB Database	Investigative	MDA-MB-231	9.76	8	6.61	4.26	2
DCPDMOX	DM0CVXA	Mechlorethamine	Approved	34.0	DMKLAYG	Altretamine	Approved	34.0	.	.	.	.	Minimally invasive lung adenocarcinoma	SYNERGxDB Database	Investigative	NCI-H322M	4.84	10.93	8.41	7.69	2
DCPX06S	DM0CVXA	Mechlorethamine	Approved	34.0	DMKLAYG	Altretamine	Approved	34.0	.	.	.	.	Non-small cell lung carcinoma	SYNERGxDB Database	Investigative	HOP-92	0.61	0.09	0.52	0.76	2
DCUURN3	DM0CVXA	Mechlorethamine	Approved	34.0	DMLNFWU	TEM	Phase 2	21.0	.	.	.	.	Large cell lung carcinoma	SYNERGxDB Database	Investigative	NCI-H460	1.35	13.45	10.23	11.84	2
DC5E0U8	DM0CVXA	Mechlorethamine	Approved	34.0	DMLNFWU	TEM	Phase 2	21.0	.	.	.	.	Lung adenocarcinoma	SYNERGxDB Database	Investigative	HOP-62	3.54	5.79	3.17	1.89	2
DC6IIXX	DM0CVXA	Mechlorethamine	Approved	34.0	DMLNFWU	TEM	Phase 2	21.0	.	.	.	.	Minimally invasive lung adenocarcinoma	SYNERGxDB Database	Investigative	NCI-H322M	4.9	14.93	9.36	12.02	2
DCNNYGX	DM0CVXA	Mechlorethamine	Approved	34.0	DMM0XGL	Idarubicin	Approved	34.0	.	.	.	.	Lung adenocarcinoma	SYNERGxDB Database	Investigative	EKVX	3.66	5.66	2.52	0.39	2
DCM81MY	DM0CVXA	Mechlorethamine	Approved	34.0	DMOYJFK	Valrubicin	Approved	34.0	.	.	.	.	Minimally invasive lung adenocarcinoma	SYNERGxDB Database	Investigative	NCI-H322M	1.78	3.41	0.34	0.45	2
DCU364D	DM0CVXA	Mechlorethamine	Approved	34.0	DMP6G8T	Topotecan	Approved	34.0	.	.	.	.	Lung adenocarcinoma	SYNERGxDB Database	Investigative	EKVX	3.75	7.19	2.1	5.87	2
DCTJK7Q	DM0CVXA	Mechlorethamine	Approved	34.0	DMSG91J	ER819762	Investigative	0.0	.	.	.	.	Lung adenocarcinoma	SYNERGxDB Database	Investigative	EKVX	1.73	3.15	1.69	1.56	2
DCKI64Q	DM0CVXA	Mechlorethamine	Approved	34.0	DMTGBAX	Pomalidomide	Approved	34.0	.	.	.	.	Lung adenocarcinoma	SYNERGxDB Database	Investigative	EKVX	8.67	14.86	13.08	12.27	2
DCKSJA8	DM0CVXA	Mechlorethamine	Approved	34.0	DMTGBAX	Pomalidomide	Approved	34.0	.	.	.	.	Non-small cell lung carcinoma	SYNERGxDB Database	Investigative	HOP-92	1.53	8.02	6.72	7.03	2
DCIP34M	DMWMPD4	Vorinostat	Approved	34.0	DM62QTW	RTB101	Phase 3	25.0	.	.	.	.	Large cell lung carcinoma	DrugCombDB Database	Investigative	NCI-H460	7.57	5.05	6.41	10.29	2
DCQX0J6	DMWMPD4	Vorinostat	Approved	34.0	DMLHEU7	Ridaforolimus	Phase 3	25.0	.	.	.	.	Large cell lung carcinoma	DrugCombDB Database	Investigative	NCI-H460	6.26	3.83	0.6	6.21	2
DCWSQVK	DMWMPD4	Vorinostat	Approved	34.0	DMS8IFC	Sorafenib	Approved	34.0	.	.	.	.	Large cell lung carcinoma	DrugCombDB Database	Investigative	NCI-H460	8.97	7.97	6.07	13.16	2
DC6P14Y	DMG2YBD	Trifluridine	Approved	34.0	DM2OZ3G	Ixabepilone	Approved	34.0	.	.	.	.	Minimally invasive lung adenocarcinoma	SYNERGxDB Database	Investigative	NCI-H322M	7.27	9.97	10.36	10.27	2
DCOCGKP	DMG2YBD	Trifluridine	Approved	34.0	DM2YGNW	Dactinomycin	Approved	34.0	.	.	.	.	Large cell lung carcinoma	SYNERGxDB Database	Investigative	NCI-H460	4.86	7.04	5.14	6.34	2
DCGQBLD	DMG2YBD	Trifluridine	Approved	34.0	DM2YGNW	Dactinomycin	Approved	34.0	.	.	.	.	Lung adenocarcinoma	SYNERGxDB Database	Investigative	EKVX	1.18	2.73	2.53	0.25	2
DCEVL8U	DMG2YBD	Trifluridine	Approved	34.0	DM2YGNW	Dactinomycin	Approved	34.0	.	.	.	.	Lung adenocarcinoma 	SYNERGxDB Database	Investigative	NCI-H522	4.94	7.66	7.83	7.53	2
DC1GULX	DMG2YBD	Trifluridine	Approved	34.0	DM2YGNW	Dactinomycin	Approved	34.0	.	.	.	.	Minimally invasive lung adenocarcinoma	SYNERGxDB Database	Investigative	NCI-H322M	1.61	3.18	2.28	2.14	2
DCBG6V2	DMG2YBD	Trifluridine	Approved	34.0	DM2YGNW	Dactinomycin	Approved	34.0	.	.	.	.	Non-small cell lung carcinoma	SYNERGxDB Database	Investigative	HOP-92	0.76	4.19	5.05	4.53	2
DCG6GEQ	DMG2YBD	Trifluridine	Approved	34.0	DM3BF9B	DFN-15	Phase 3	25.0	.	.	.	.	Lung adenocarcinoma	SYNERGxDB Database	Investigative	HOP-62	0.41	8.05	6.93	7.92	2
DCGCSIS	DMG2YBD	Trifluridine	Approved	34.0	DM3BH1Y	Lapatinib	Approved	34.0	.	.	.	.	Minimally invasive lung adenocarcinoma	SYNERGxDB Database	Investigative	NCI-H322M	9.74	9.91	9.63	10.99	2
DCQEXR0	DMG2YBD	Trifluridine	Approved	34.0	DM4DOUB	PMID28460551-Compound-2	Patented	15.5	.	.	.	.	Lung adenocarcinoma	SYNERGxDB Database	Investigative	EKVX	2.62	6.76	3.61	4.92	2
DCODEF4	DMG2YBD	Trifluridine	Approved	34.0	DM4DOUB	PMID28460551-Compound-2	Patented	15.5	.	.	.	.	Lung adenocarcinoma	SYNERGxDB Database	Investigative	HOP-62	1.79	9.32	10.54	11.68	2
DCDG12V	DMG2YBD	Trifluridine	Approved	34.0	DM4DOUB	PMID28460551-Compound-2	Patented	15.5	.	.	.	.	Lung adenocarcinoma	SYNERGxDB Database	Investigative	MDA-MB-231	3.16	4.2	5.02	5.69	2
DCHJ2N5	DMG2YBD	Trifluridine	Approved	34.0	DM4DOUB	PMID28460551-Compound-2	Patented	15.5	.	.	.	.	Minimally invasive lung adenocarcinoma	SYNERGxDB Database	Investigative	NCI-H322M	0.82	6.92	6.78	8.03	2
DCWR8TX	DMG2YBD	Trifluridine	Approved	34.0	DM4F29C	Crizotinib	Approved	34.0	.	.	.	.	Minimally invasive lung adenocarcinoma	SYNERGxDB Database	Investigative	NCI-H322M	7.88	11.67	6.94	10.05	2
DC0HAA7	DMG2YBD	Trifluridine	Approved	34.0	DM4O2Z7	Cyclophosphamide	Approved	34.0	.	.	.	.	Lung adenocarcinoma	SYNERGxDB Database	Investigative	EKVX	7.27	4.11	3.74	0.17	2
DCR3KYR	DMG2YBD	Trifluridine	Approved	34.0	DM2TEOL	Methotrexate	Phase 1/2 Trial	19.0	.	.	.	.	Minimally invasive lung adenocarcinoma	SYNERGxDB Database	Investigative	NCI-H322M	2.66	4.93	1.61	1.61	2
DC8O6DY	DMG2YBD	Trifluridine	Approved	34.0	DM5JVS3	Isoniazid	Approved	34.0	.	.	.	.	Lung adenocarcinoma	SYNERGxDB Database	Investigative	EKVX	5.65	2.57	2.26	0.6	2
DCUMLUM	DMG2YBD	Trifluridine	Approved	34.0	DM61TA4	Arsenic trioxide	Approved	34.0	.	.	.	.	Lung adenocarcinoma	SYNERGxDB Database	Investigative	EKVX	0.27	13.57	0.79	11.11	2
DCH516M	DMG2YBD	Trifluridine	Approved	34.0	DM62UG5	Vemurafenib	Approved	34.0	.	.	.	.	Minimally invasive lung adenocarcinoma	SYNERGxDB Database	Investigative	NCI-H322M	14.55	15.45	2.92	9.74	2
DCMO0HP	DMG2YBD	Trifluridine	Approved	34.0	DM7C8YV	Plicamycin	Approved	34.0	.	.	.	.	Lung adenocarcinoma 	SYNERGxDB Database	Investigative	NCI-H522	16.48	16.07	16.06	16.77	2
DCVU9SI	DMG2YBD	Trifluridine	Approved	34.0	DM7HXWT	Nilotinib	Approved	34.0	.	.	.	.	Minimally invasive lung adenocarcinoma	SYNERGxDB Database	Investigative	NCI-H322M	13.32	15.63	7.69	10.39	2
DCSSGRY	DMG2YBD	Trifluridine	Approved	34.0	DM7XZY5	Triapine	Phase 2	21.0	.	.	.	.	Large cell lung carcinoma	SYNERGxDB Database	Investigative	NCI-H460	5.38	4.61	5.97	8.29	2
DCPHD7Z	DMG2YBD	Trifluridine	Approved	34.0	DM7XZY5	Triapine	Phase 2	21.0	.	.	.	.	Lung adenocarcinoma	SYNERGxDB Database	Investigative	EKVX	1.93	5.05	4.68	1.01	2
DCLA67N	DMG2YBD	Trifluridine	Approved	34.0	DM7XZY5	Triapine	Phase 2	21.0	.	.	.	.	Non-small cell lung carcinoma	SYNERGxDB Database	Investigative	HOP-92	0.82	4.6	3.75	6.09	2
DCO39F1	DMG2YBD	Trifluridine	Approved	34.0	DMAE6LK	Topetecan	Approved	34.0	.	.	.	.	Lung adenocarcinoma	SYNERGxDB Database	Investigative	EKVX	0.43	2.73	2.37	1.42	2
DCNAZV1	DMG2YBD	Trifluridine	Approved	34.0	DMAE6LK	Topetecan	Approved	34.0	.	.	.	.	Minimally invasive lung adenocarcinoma	SYNERGxDB Database	Investigative	NCI-H322M	0.74	8.17	7.5	7.61	2
DCRA8JJ	DMG2YBD	Trifluridine	Approved	34.0	DMAH59S	Amonafide	Phase 3	25.0	.	.	.	.	Lung adenocarcinoma	SYNERGxDB Database	Investigative	HOP-62	0	4.34	2.58	7.3	2
DCMUZ35	DMG2YBD	Trifluridine	Approved	34.0	DMAO80I	Pralatrexate	Approved	34.0	.	.	.	.	Minimally invasive lung adenocarcinoma	SYNERGxDB Database	Investigative	NCI-H322M	5.9	9.71	10.48	10.28	2
DC9E70U	DMG2YBD	Trifluridine	Approved	34.0	DMCJLD1	SCH 727965	Discontinued in Phase 3	9.0	.	.	.	.	Minimally invasive lung adenocarcinoma	SYNERGxDB Database	Investigative	NCI-H322M	11.62	10.83	6.51	8.97	2
DCXHZOM	DMG2YBD	Trifluridine	Approved	34.0	DMD7X1O	Dexrazoxane	Approved	34.0	.	.	.	.	Lung adenocarcinoma	SYNERGxDB Database	Investigative	HOP-62	8.88	8.82	6.75	10.86	2
DCC6KO4	DMG2YBD	Trifluridine	Approved	34.0	DMDI269	Docetaxel	Approved	34.0	.	.	.	.	Minimally invasive lung adenocarcinoma	SYNERGxDB Database	Investigative	NCI-H322M	1.71	3.87	2.37	5.75	2
DCNCPRC	DMG2YBD	Trifluridine	Approved	34.0	DMFH15Z	Bendamustine hydrochloride	Approved	34.0	.	.	.	.	Large cell lung carcinoma	SYNERGxDB Database	Investigative	NCI-H460	9.53	8.82	8.16	10.24	2
DCZV2AZ	DMG2YBD	Trifluridine	Approved	34.0	DMH0ZJE	Mitomycin	Approved	34.0	.	.	.	.	Lung adenocarcinoma	SYNERGxDB Database	Investigative	EKVX	0.71	4.94	4.58	2.14	2
DCETKAR	DMG2YBD	Trifluridine	Approved	34.0	DMH0ZJE	Mitomycin	Approved	34.0	.	.	.	.	Non-small cell lung carcinoma	SYNERGxDB Database	Investigative	HOP-92	5.72	7.39	0.81	6.51	2
DC906SI	DMG2YBD	Trifluridine	Approved	34.0	DMH8UF0	SY-1425	Phase 1	17.0	.	.	.	.	Lung adenocarcinoma	SYNERGxDB Database	Investigative	EKVX	2.1	5.9	4.28	2.02	2
DCSM3DO	DMG2YBD	Trifluridine	Approved	34.0	DMJ7NVI	BIO-300	Phase 1/2	19.0	.	.	.	.	Lung adenocarcinoma	SYNERGxDB Database	Investigative	MDA-MB-231	1.9	2.24	5.26	6.84	2
DCUYPYZ	DMG2YBD	Trifluridine	Approved	34.0	DMM0XGL	Idarubicin	Approved	34.0	.	.	.	.	Lung adenocarcinoma	SYNERGxDB Database	Investigative	EKVX	5.31	6.43	3.35	0.92	2
DC4O7TX	DMG2YBD	Trifluridine	Approved	34.0	DM7RJXL	Imatinib	Phase 3 Trial	25.0	.	.	.	.	Minimally invasive lung adenocarcinoma	SYNERGxDB Database	Investigative	NCI-H322M	7.21	9.91	9.73	10.97	2
DCVR5FD	DMG2YBD	Trifluridine	Approved	34.0	DMNER5S	Bleomycin	Approved	34.0	.	.	.	.	Lung adenocarcinoma	SYNERGxDB Database	Investigative	EKVX	6.73	7.77	7.7	7.1	2
DCOJW22	DMG2YBD	Trifluridine	Approved	34.0	DMNER5S	Bleomycin	Approved	34.0	.	.	.	.	Lung adenocarcinoma	SYNERGxDB Database	Investigative	HOP-62	8.97	9.93	11.93	13.53	2
DCH1QH3	DMG2YBD	Trifluridine	Approved	34.0	DMNO38U	Bortezomib	Approved	34.0	.	.	.	.	Minimally invasive lung adenocarcinoma	SYNERGxDB Database	Investigative	NCI-H322M	9.65	10.66	8.94	8.77	2
DCTHFAA	DMG2YBD	Trifluridine	Approved	34.0	DMOYJFK	Valrubicin	Approved	34.0	.	.	.	.	Lung adenocarcinoma 	SYNERGxDB Database	Investigative	NCI-H522	4.24	5.83	4.84	5.81	2
DCV3TA5	DMG2YBD	Trifluridine	Approved	34.0	DMP6G8T	Topotecan	Approved	34.0	.	.	.	.	Lung adenocarcinoma	SYNERGxDB Database	Investigative	EKVX	2.27	9.91	9.93	9.6	2
DCGHFEW	DMG2YBD	Trifluridine	Approved	34.0	DMP6G8T	Topotecan	Approved	34.0	.	.	.	.	Minimally invasive lung adenocarcinoma	SYNERGxDB Database	Investigative	NCI-H322M	3.31	3.23	6.43	6.88	2
DCGX37L	DMG2YBD	Trifluridine	Approved	34.0	DMRKE63	Chlorambucil	Approved	34.0	.	.	.	.	Lung adenocarcinoma	SYNERGxDB Database	Investigative	EKVX	7.45	5.95	5.58	1.6	2
DCRAJGJ	DMG2YBD	Trifluridine	Approved	34.0	DMRKE63	Chlorambucil	Approved	34.0	.	.	.	.	Minimally invasive lung adenocarcinoma	SYNERGxDB Database	Investigative	NCI-H322M	6.93	15.42	0	9.7	2
DCHTTTK	DMG2YBD	Trifluridine	Approved	34.0	DMS8IFC	Sorafenib	Approved	34.0	.	.	.	.	Minimally invasive lung adenocarcinoma	SYNERGxDB Database	Investigative	NCI-H322M	3.1	4.93	2.51	4.22	2
DCV9ELQ	DMG2YBD	Trifluridine	Approved	34.0	DMSG91J	ER819762	Investigative	0.0	.	.	.	.	Minimally invasive lung adenocarcinoma	SYNERGxDB Database	Investigative	NCI-H322M	15.49	16.43	10.56	13.02	2
DC8C7Z3	DMG2YBD	Trifluridine	Approved	34.0	DMT5GNL	Romidepsin	Approved	34.0	.	.	.	.	Lung adenocarcinoma	SYNERGxDB Database	Investigative	MDA-MB-231	6.02	7.21	0.64	8.58	2
DCT6LU1	DMG2YBD	Trifluridine	Approved	34.0	DMT5GNL	Romidepsin	Approved	34.0	.	.	.	.	Minimally invasive lung adenocarcinoma	SYNERGxDB Database	Investigative	NCI-H322M	9.82	13.09	9.06	14.51	2
DC6D3FC	DMG2YBD	Trifluridine	Approved	34.0	DMTA5OE	Azacitidine	Approved	34.0	.	.	.	.	Lung adenocarcinoma	SYNERGxDB Database	Investigative	EKVX	3.03	5.94	5.31	3.39	2
DCSCJV3	DMG2YBD	Trifluridine	Approved	34.0	DMTM2IK	Mercaptopurine	Preclinical	2.1	.	.	.	.	Lung adenocarcinoma	SYNERGxDB Database	Investigative	EKVX	0.94	2.89	1.74	1.11	2
DCRRNG7	DMG2YBD	Trifluridine	Approved	34.0	DMWIDJK	FORMESTANE	Withdrawn from market	12.0	.	.	.	.	Lung adenocarcinoma	SYNERGxDB Database	Investigative	HOP-62	4.41	7.81	4.12	9.39	2
DCR9XCI	DMG2YBD	Trifluridine	Approved	34.0	DMWNHPC	Aminolevulinic Acid Hydrochloride	Approved	34.0	.	.	.	.	Lung adenocarcinoma	SYNERGxDB Database	Investigative	EKVX	2.74	6.75	5.89	3.93	2
DCUB1XH	DMG2YBD	Trifluridine	Approved	34.0	DMWVIGP	Digitoxin	Approved	34.0	.	.	.	.	Lung adenocarcinoma	SYNERGxDB Database	Investigative	EKVX	4.53	6.08	2.66	1.67	2
DCQB2JN	DMG2YBD	Trifluridine	Approved	34.0	DMXYJ9C	Busulfan	Approved	34.0	.	.	.	.	Lung adenocarcinoma	SYNERGxDB Database	Investigative	EKVX	1.58	6.2	3.53	2.23	2
DCNJ472	DM0PIY6	Picoplatin	Phase 3	25.0	DM2AZPP	Hepzato	Phase 3	25.0	.	.	.	.	Lung adenocarcinoma	SYNERGxDB Database	Investigative	HOP-62	4.23	5.87	0.98	0.22	2
DCD6H56	DM0PIY6	Picoplatin	Phase 3	25.0	DM2OZ3G	Ixabepilone	Approved	34.0	.	.	.	.	Non-small cell lung carcinoma	SYNERGxDB Database	Investigative	HOP-92	1.47	1.87	1.36	0.59	2
DC0MQOM	DM0PIY6	Picoplatin	Phase 3	25.0	DM2YGNW	Dactinomycin	Approved	34.0	.	.	.	.	Large cell lung carcinoma	SYNERGxDB Database	Investigative	NCI-H460	13.85	16.46	14.85	13.42	2
DCRO1QE	DM0PIY6	Picoplatin	Phase 3	25.0	DM2YGNW	Dactinomycin	Approved	34.0	.	.	.	.	Lung adenocarcinoma	SYNERGxDB Database	Investigative	EKVX	6.19	13.28	6.45	11.11	2
DCH59RS	DM0PIY6	Picoplatin	Phase 3	25.0	DM2YGNW	Dactinomycin	Approved	34.0	.	.	.	.	Lung adenocarcinoma	SYNERGxDB Database	Investigative	HOP-62	5.14	6.99	0.99	2.12	2
DCY85D5	DM0PIY6	Picoplatin	Phase 3	25.0	DM2YGNW	Dactinomycin	Approved	34.0	.	.	.	.	Lung adenocarcinoma	SYNERGxDB Database	Investigative	MDA-MB-231	11.17	14.99	11.37	11.37	2
DCDBOV0	DM0PIY6	Picoplatin	Phase 3	25.0	DM2YGNW	Dactinomycin	Approved	34.0	.	.	.	.	Lung adenocarcinoma 	SYNERGxDB Database	Investigative	NCI-H522	30.05	24.6	21.87	21.22	2
DCNC0G8	DM0PIY6	Picoplatin	Phase 3	25.0	DM2YGNW	Dactinomycin	Approved	34.0	.	.	.	.	Non-small cell lung carcinoma	SYNERGxDB Database	Investigative	HOP-92	7.31	11.68	11.06	10.62	2
DCTGZ41	DM0PIY6	Picoplatin	Phase 3	25.0	DM3BF9B	DFN-15	Phase 3	25.0	.	.	.	.	Large cell lung carcinoma	SYNERGxDB Database	Investigative	NCI-H460	4.54	10.29	8.18	7.06	2
DC4CYLK	DM0PIY6	Picoplatin	Phase 3	25.0	DM3BH1Y	Lapatinib	Approved	34.0	.	.	.	.	Lung adenocarcinoma	SYNERGxDB Database	Investigative	HOP-62	2.8	8.83	3.97	3.97	2
DCPFGPH	DM0PIY6	Picoplatin	Phase 3	25.0	DM4F29C	Crizotinib	Approved	34.0	.	.	.	.	Lung adenocarcinoma	SYNERGxDB Database	Investigative	HOP-62	5.09	9.2	4.21	3.74	2
DC0JB3A	DM0PIY6	Picoplatin	Phase 3	25.0	DM4F29C	Crizotinib	Approved	34.0	.	.	.	.	Minimally invasive lung adenocarcinoma	SYNERGxDB Database	Investigative	NCI-H322M	5.14	12.01	9.76	8.67	2
DCRR2TN	DM0PIY6	Picoplatin	Phase 3	25.0	DM2TEOL	Methotrexate	Phase 1/2 Trial	19.0	.	.	.	.	Lung adenocarcinoma	SYNERGxDB Database	Investigative	MDA-MB-231	7.73	11.71	4.21	4.13	2
DC1U53U	DM0PIY6	Picoplatin	Phase 3	25.0	DM2TEOL	Methotrexate	Phase 1/2 Trial	19.0	.	.	.	.	Minimally invasive lung adenocarcinoma	SYNERGxDB Database	Investigative	NCI-H322M	5.39	10.55	7.99	3.31	2
DC9P4L2	DM0PIY6	Picoplatin	Phase 3	25.0	DM5JVS3	Isoniazid	Approved	34.0	.	.	.	.	Minimally invasive lung adenocarcinoma	SYNERGxDB Database	Investigative	NCI-H322M	0.53	3.28	1.09	1.09	2
DC4GUNG	DM0PIY6	Picoplatin	Phase 3	25.0	DM5JVS3	Isoniazid	Approved	34.0	.	.	.	.	Non-small cell lung carcinoma	SYNERGxDB Database	Investigative	HOP-92	1.62	3.22	2.48	0.54	2
DCAEBFF	DM0PIY6	Picoplatin	Phase 3	25.0	DM62UG5	Vemurafenib	Approved	34.0	.	.	.	.	Minimally invasive lung adenocarcinoma	SYNERGxDB Database	Investigative	NCI-H322M	7.9	8.74	3.2	2.41	2
DCCDCJ4	DM0PIY6	Picoplatin	Phase 3	25.0	DM7C8YV	Plicamycin	Approved	34.0	.	.	.	.	Lung adenocarcinoma	SYNERGxDB Database	Investigative	MDA-MB-231	5.05	7.16	3.01	3.13	2
DCGJ8U1	DM0PIY6	Picoplatin	Phase 3	25.0	DM7C8YV	Plicamycin	Approved	34.0	.	.	.	.	Lung adenocarcinoma 	SYNERGxDB Database	Investigative	NCI-H522	34.03	31.74	28.4	28.4	2
DC2F68Y	DM0PIY6	Picoplatin	Phase 3	25.0	DM7HXWT	Nilotinib	Approved	34.0	.	.	.	.	Lung adenocarcinoma	SYNERGxDB Database	Investigative	HOP-62	3.91	7.34	1.3	2.34	2
DCZ132G	DM0PIY6	Picoplatin	Phase 3	25.0	DMAE6LK	Topetecan	Approved	34.0	.	.	.	.	Minimally invasive lung adenocarcinoma	SYNERGxDB Database	Investigative	NCI-H322M	2.26	4.33	3.81	1.9	2
DC693S8	DM0PIY6	Picoplatin	Phase 3	25.0	DMAO80I	Pralatrexate	Approved	34.0	.	.	.	.	Large cell lung carcinoma	SYNERGxDB Database	Investigative	NCI-H460	1.71	2.89	0.81	0.46	2
DCYB8EO	DM0PIY6	Picoplatin	Phase 3	25.0	DMAO80I	Pralatrexate	Approved	34.0	.	.	.	.	Lung adenocarcinoma	SYNERGxDB Database	Investigative	HOP-62	5.28	8.18	3.34	3.34	2
DC4KVYE	DM0PIY6	Picoplatin	Phase 3	25.0	DMAO80I	Pralatrexate	Approved	34.0	.	.	.	.	Lung adenocarcinoma	SYNERGxDB Database	Investigative	MDA-MB-231	2.07	4.73	1.05	1.05	2
DCL4GX3	DM0PIY6	Picoplatin	Phase 3	25.0	DMC3P45	Terameprocol	Phase 2	21.0	.	.	.	.	Lung adenocarcinoma 	SYNERGxDB Database	Investigative	NCI-H522	1.13	5.2	1.6	1.87	2
DCSZ3FB	DM0PIY6	Picoplatin	Phase 3	25.0	DMC3P45	Terameprocol	Phase 2	21.0	.	.	.	.	Minimally invasive lung adenocarcinoma	SYNERGxDB Database	Investigative	NCI-H322M	2.7	2.71	0.62	0.49	2
DCR2ESQ	DM0PIY6	Picoplatin	Phase 3	25.0	DMCJLD1	SCH 727965	Discontinued in Phase 3	9.0	.	.	.	.	Large cell lung carcinoma	SYNERGxDB Database	Investigative	NCI-H460	3.07	5.1	2.98	1.82	2
DCSP3L4	DM0PIY6	Picoplatin	Phase 3	25.0	DMCJLD1	SCH 727965	Discontinued in Phase 3	9.0	.	.	.	.	Lung adenocarcinoma	SYNERGxDB Database	Investigative	MDA-MB-231	3.78	4.73	2.27	0.39	2
DC5N9FC	DM0PIY6	Picoplatin	Phase 3	25.0	DMCJLD1	SCH 727965	Discontinued in Phase 3	9.0	.	.	.	.	Lung adenocarcinoma	SYNERGxDB Database	Investigative	HOP-62	3.42	7.69	3.24	2.31	2
DCUV9BR	DM0PIY6	Picoplatin	Phase 3	25.0	DMCT3I8	Ifosfamide	Approved	34.0	.	.	.	.	Lung adenocarcinoma	SYNERGxDB Database	Investigative	MDA-MB-231	6.77	7.57	0.72	0.15	2
DC1I9XN	DM0PIY6	Picoplatin	Phase 3	25.0	DMDKF3M	Raloxifene	Approved	34.0	.	.	.	.	Lung adenocarcinoma	SYNERGxDB Database	Investigative	HOP-62	0.94	6.58	4.35	2.9	2
DCIN20I	DM0PIY6	Picoplatin	Phase 3	25.0	DMFH15Z	Bendamustine hydrochloride	Approved	34.0	.	.	.	.	Large cell lung carcinoma	SYNERGxDB Database	Investigative	NCI-H460	20.5	18.97	10.71	16.56	2
DC2K7ZN	DM0PIY6	Picoplatin	Phase 3	25.0	DMH07Y3	Letrozole	Approved	34.0	.	.	.	.	Large cell lung carcinoma	SYNERGxDB Database	Investigative	NCI-H460	4.41	9.14	4.36	4.3	2
DCHYBMQ	DM0PIY6	Picoplatin	Phase 3	25.0	DMH0ZJE	Mitomycin	Approved	34.0	.	.	.	.	Non-small cell lung carcinoma	SYNERGxDB Database	Investigative	HOP-92	2.7	5.9	5.16	3.71	2
DC4CTNN	DM0PIY6	Picoplatin	Phase 3	25.0	DMH8UF0	SY-1425	Phase 1	17.0	.	.	.	.	Non-small cell lung carcinoma	SYNERGxDB Database	Investigative	HOP-92	4.95	12.89	12.23	12.23	2
DCF8N8W	DM0PIY6	Picoplatin	Phase 3	25.0	DMINOX3	Vincristine	Approved	34.0	.	.	.	.	Large cell lung carcinoma	SYNERGxDB Database	Investigative	NCI-H460	13.7	10.42	1.67	1.67	2
DC956K3	DM0PIY6	Picoplatin	Phase 3	25.0	DMKLAYG	Altretamine	Approved	34.0	.	.	.	.	Lung adenocarcinoma	SYNERGxDB Database	Investigative	MDA-MB-231	2.46	4.41	0.97	0.31	2
DCG8LNV	DM0PIY6	Picoplatin	Phase 3	25.0	DMLNFWU	TEM	Phase 2	21.0	.	.	.	.	Large cell lung carcinoma	SYNERGxDB Database	Investigative	NCI-H460	9.01	18.3	16.18	15.2	2
DCTBUB2	DM0PIY6	Picoplatin	Phase 3	25.0	DMLNFWU	TEM	Phase 2	21.0	.	.	.	.	Minimally invasive lung adenocarcinoma	SYNERGxDB Database	Investigative	NCI-H322M	3.67	11.46	6.6	9.36	2
DC0CNKO	DM0PIY6	Picoplatin	Phase 3	25.0	DMM0XGL	Idarubicin	Approved	34.0	.	.	.	.	Lung adenocarcinoma	SYNERGxDB Database	Investigative	HOP-62	8.16	12.21	5.15	3.74	2
DCDPG1W	DM0PIY6	Picoplatin	Phase 3	25.0	DM7RJXL	Imatinib	Phase 3 Trial	25.0	.	.	.	.	Large cell lung carcinoma	SYNERGxDB Database	Investigative	NCI-H460	2.19	3.37	1.25	0.25	2
DCQLIRL	DM0PIY6	Picoplatin	Phase 3	25.0	DMNO38U	Bortezomib	Approved	34.0	.	.	.	.	Lung adenocarcinoma	SYNERGxDB Database	Investigative	HOP-62	3.62	8.45	4.66	2.8	2
DC1XI6L	DM0PIY6	Picoplatin	Phase 3	25.0	DMNO38U	Bortezomib	Approved	34.0	.	.	.	.	Minimally invasive lung adenocarcinoma	SYNERGxDB Database	Investigative	NCI-H322M	7.79	6.8	4.83	3.1	2
DC0NJI9	DM0PIY6	Picoplatin	Phase 3	25.0	DMRHGI9	Cisplatin	Approved	34.0	.	.	.	.	Non-small cell lung carcinoma	SYNERGxDB Database	Investigative	HOP-92	2.31	4.57	3.83	3.66	2
DC4HK60	DM0PIY6	Picoplatin	Phase 3	25.0	DMRKE63	Chlorambucil	Approved	34.0	.	.	.	.	Lung adenocarcinoma	SYNERGxDB Database	Investigative	HOP-62	7	13.02	8.09	6.45	2
DCJAVM4	DM0PIY6	Picoplatin	Phase 3	25.0	DMRKE63	Chlorambucil	Approved	34.0	.	.	.	.	Minimally invasive lung adenocarcinoma	SYNERGxDB Database	Investigative	NCI-H322M	5.88	9.47	3.81	3.27	2
DCKU36B	DM0PIY6	Picoplatin	Phase 3	25.0	DMSG91J	ER819762	Investigative	0.0	.	.	.	.	Lung adenocarcinoma	SYNERGxDB Database	Investigative	HOP-62	5.49	10.85	7.49	4.85	2
DCPYCTU	DM0PIY6	Picoplatin	Phase 3	25.0	DMSG91J	ER819762	Investigative	0.0	.	.	.	.	Minimally invasive lung adenocarcinoma	SYNERGxDB Database	Investigative	NCI-H322M	2.83	5.81	2.58	1.58	2
DCZHC1T	DM0PIY6	Picoplatin	Phase 3	25.0	DMTGBAX	Pomalidomide	Approved	34.0	.	.	.	.	Lung adenocarcinoma	SYNERGxDB Database	Investigative	EKVX	8.37	14.52	12.75	11.68	2
DCBTK9L	DM0PIY6	Picoplatin	Phase 3	25.0	DMTGBAX	Pomalidomide	Approved	34.0	.	.	.	.	Lung adenocarcinoma 	SYNERGxDB Database	Investigative	NCI-H522	2.05	3.65	0.25	0.25	2
DCK1I2O	DM0PIY6	Picoplatin	Phase 3	25.0	DMTGBAX	Pomalidomide	Approved	34.0	.	.	.	.	Minimally invasive lung adenocarcinoma	SYNERGxDB Database	Investigative	NCI-H322M	3.85	9.29	7.61	7.08	2
DCENK0E	DM0PIY6	Picoplatin	Phase 3	25.0	DMTGBAX	Pomalidomide	Approved	34.0	.	.	.	.	Non-small cell lung carcinoma	SYNERGxDB Database	Investigative	HOP-92	0.83	3.39	2.66	1.91	2
DCSTD5I	DM0PIY6	Picoplatin	Phase 3	25.0	DMWGV8N	PMID28870136-Compound-43	Patented	15.5	.	.	.	.	Non-small cell lung carcinoma	SYNERGxDB Database	Investigative	HOP-92	0.76	1.93	1.15	1.02	2
DCXXZBO	DM0PIY6	Picoplatin	Phase 3	25.0	DMXYJ9C	Busulfan	Approved	34.0	.	.	.	.	Minimally invasive lung adenocarcinoma	SYNERGxDB Database	Investigative	NCI-H322M	5.03	5.7	1.9	1.01	2
DCQUVN3	DM89QE1	Metformin	Investigative	0.0	DM3WDZ5	MK-1775	Phase 2	21.0	.	.	.	.	Large cell lung carcinoma	DrugCombDB Database	Investigative	NCI-H460	5.88	7.55	9.69	10.32	2
DCUGY1G	DMS8IFC	Sorafenib	Approved	34.0	DM0HXDS	Pentostatin	Approved	34.0	.	.	.	.	Large cell lung carcinoma	DrugCombDB Database	Investigative	NCI-H460	0.65	4.39	0.5	1.04	2
DCE8MPN	DMS8IFC	Sorafenib	Approved	34.0	DM4O2Z7	Cyclophosphamide	Approved	34.0	.	.	.	.	Lung adenocarcinoma	DrugCombDB Database	Investigative	HOP-62	6.87	10.71	5.48	5.48	2
DCRS75B	DMS8IFC	Sorafenib	Approved	34.0	DM4O2Z7	Cyclophosphamide	Approved	34.0	.	.	.	.	Lung adenocarcinoma 	DrugCombDB Database	Investigative	NCI-H522	1.71	4.2	0.63	0.63	2
DCDJNX0	DMS8IFC	Sorafenib	Approved	34.0	DM4O2Z7	Cyclophosphamide	Approved	34.0	.	.	.	.	Minimally invasive lung adenocarcinoma	DrugCombDB Database	Investigative	NCI-H322M	2.12	4.83	0.15	2.1	2
DCYUIFX	DMS8IFC	Sorafenib	Approved	34.0	DM2TEOL	Methotrexate	Phase 1/2 Trial	19.0	.	.	.	.	Lung adenocarcinoma	DrugCombDB Database	Investigative	MDA-MB-231	3.02	9.33	7.14	5.26	2
DCHJ5YR	DMS8IFC	Sorafenib	Approved	34.0	DM67EMK	SCH-900776	Phase 2	21.0	.	.	.	.	Large cell lung carcinoma	DrugCombDB Database	Investigative	NCI-H460	4.86	6.04	4.02	8.51	2
DC3MMDC	DMS8IFC	Sorafenib	Approved	34.0	DMAO80I	Pralatrexate	Approved	34.0	.	.	.	.	Lung adenocarcinoma	DrugCombDB Database	Investigative	MDA-MB-231	8.14	3.75	0.57	0.68	2
DCIXI1K	DMS8IFC	Sorafenib	Approved	34.0	DMC3P45	Terameprocol	Phase 2	21.0	.	.	.	.	Lung adenocarcinoma	DrugCombDB Database	Investigative	EKVX	7.97	8.27	7.65	6.69	2
DCU8S0N	DMS8IFC	Sorafenib	Approved	34.0	DMC3P45	Terameprocol	Phase 2	21.0	.	.	.	.	Lung adenocarcinoma	DrugCombDB Database	Investigative	MDA-MB-231	2.88	6.59	10.59	4.24	2
DCIRYWP	DMS8IFC	Sorafenib	Approved	34.0	DMC3P45	Terameprocol	Phase 2	21.0	.	.	.	.	Lung adenocarcinoma	DrugCombDB Database	Investigative	HOP-62	7.48	9.82	10.12	9.94	2
DCQ2WQS	DMS8IFC	Sorafenib	Approved	34.0	DMC3P45	Terameprocol	Phase 2	21.0	.	.	.	.	Lung adenocarcinoma 	DrugCombDB Database	Investigative	NCI-H522	14.61	10.39	6.97	8.08	2
DC2YBAY	DMS8IFC	Sorafenib	Approved	34.0	DMCT3I8	Ifosfamide	Approved	34.0	.	.	.	.	Lung adenocarcinoma	DrugCombDB Database	Investigative	HOP-62	3.7	11.47	10.07	10.04	2
DCUWO09	DMS8IFC	Sorafenib	Approved	34.0	DMCT3I8	Ifosfamide	Approved	34.0	.	.	.	.	Lung adenocarcinoma	DrugCombDB Database	Investigative	MDA-MB-231	3.98	6.17	4.55	1.98	2
DCAU2GZ	DMS8IFC	Sorafenib	Approved	34.0	DMCT3I8	Ifosfamide	Approved	34.0	.	.	.	.	Lung adenocarcinoma 	DrugCombDB Database	Investigative	NCI-H522	2.37	4.33	1.3	0	2
DCY7Y44	DMS8IFC	Sorafenib	Approved	34.0	DMCT3I8	Ifosfamide	Approved	34.0	.	.	.	.	Minimally invasive lung adenocarcinoma	DrugCombDB Database	Investigative	NCI-H322M	0.12	3.79	2.48	2.93	2
DCSIX1F	DMS8IFC	Sorafenib	Approved	34.0	DMH0ZJE	Mitomycin	Approved	34.0	.	.	.	.	Large cell lung carcinoma	DrugCombDB Database	Investigative	NCI-H460	1.02	3.39	0.57	0.55	2
DCRETGN	DMS8IFC	Sorafenib	Approved	34.0	DMH0ZJE	Mitomycin	Approved	34.0	.	.	.	.	Lung adenocarcinoma	DrugCombDB Database	Investigative	EKVX	0.72	3.75	1.03	2.54	2
DCPT2GS	DMS8IFC	Sorafenib	Approved	34.0	DMH0ZJE	Mitomycin	Approved	34.0	.	.	.	.	Non-small cell lung carcinoma	DrugCombDB Database	Investigative	HOP-92	1.97	4.54	3.98	3.6	2
DC2LD79	DMS8IFC	Sorafenib	Approved	34.0	DMKLAYG	Altretamine	Approved	34.0	.	.	.	.	Lung adenocarcinoma	DrugCombDB Database	Investigative	EKVX	1.87	4.55	3.84	1.6	2
DC9GBXS	DMS8IFC	Sorafenib	Approved	34.0	DMLHEU7	Ridaforolimus	Phase 3	25.0	.	.	.	.	Large cell lung carcinoma	DrugCombDB Database	Investigative	NCI-H460	6.93	7.63	1.73	10.05	2
DCFX6AO	DMS8IFC	Sorafenib	Approved	34.0	DMRKE63	Chlorambucil	Approved	34.0	.	.	.	.	Lung adenocarcinoma	DrugCombDB Database	Investigative	HOP-62	9.74	16.96	11.91	11.68	2
DCEX2CV	DMS8IFC	Sorafenib	Approved	34.0	DMSG91J	ER819762	Investigative	0.0	.	.	.	.	Lung adenocarcinoma	DrugCombDB Database	Investigative	HOP-62	3.07	5.29	3.17	2.53	2
DC8NNXY	DMS8IFC	Sorafenib	Approved	34.0	DMTGBAX	Pomalidomide	Approved	34.0	.	.	.	.	Lung adenocarcinoma	DrugCombDB Database	Investigative	EKVX	1.62	3.02	1.78	1.33	2
DCUB5Z4	DMS8IFC	Sorafenib	Approved	34.0	DMTGBAX	Pomalidomide	Approved	34.0	.	.	.	.	Lung adenocarcinoma	DrugCombDB Database	Investigative	MDA-MB-231	1.29	4.4	3.63	3.5	2
DCTGXWT	DMS8IFC	Sorafenib	Approved	34.0	DMWIDJK	FORMESTANE	Withdrawn from market	12.0	.	.	.	.	Lung adenocarcinoma	DrugCombDB Database	Investigative	MDA-MB-231	6.3	9.87	5.48	5.38	2
DCIMQH4	DMH8UF0	SY-1425	Phase 1	17.0	DM0YZC6	Fulvestrant	Approved	34.0	.	.	.	.	Large cell lung carcinoma	SYNERGxDB Database	Investigative	NCI-H460	0.66	0.91	1.61	0.04	2
DC3ZNQG	DMH8UF0	SY-1425	Phase 1	17.0	DM2OZ3G	Ixabepilone	Approved	34.0	.	.	.	.	Lung adenocarcinoma 	SYNERGxDB Database	Investigative	NCI-H522	4.97	5.1	2.02	5.28	2
DCDSMTI	DMH8UF0	SY-1425	Phase 1	17.0	DM4O2Z7	Cyclophosphamide	Approved	34.0	.	.	.	.	Lung adenocarcinoma 	SYNERGxDB Database	Investigative	NCI-H522	0.05	1.53	1.48	1.48	2
DCM3Q7F	DMH8UF0	SY-1425	Phase 1	17.0	DM4O2Z7	Cyclophosphamide	Approved	34.0	.	.	.	.	Non-small cell lung carcinoma	SYNERGxDB Database	Investigative	HOP-92	0.06	2.55	0.56	0.52	2
DC7IXDX	DMH8UF0	SY-1425	Phase 1	17.0	DM7C8YV	Plicamycin	Approved	34.0	.	.	.	.	Lung adenocarcinoma 	SYNERGxDB Database	Investigative	NCI-H522	11.43	10.81	6.68	10.32	2
DCXIA2A	DMH8UF0	SY-1425	Phase 1	17.0	DM7HXWT	Nilotinib	Approved	34.0	.	.	.	.	Lung adenocarcinoma	SYNERGxDB Database	Investigative	HOP-62	3.97	8.26	8.92	9.39	2
DCSFEFK	DMH8UF0	SY-1425	Phase 1	17.0	DMC3P45	Terameprocol	Phase 2	21.0	.	.	.	.	Large cell lung carcinoma	SYNERGxDB Database	Investigative	NCI-H460	1.63	3.59	2.87	1.39	2
DCTGDSH	DMH8UF0	SY-1425	Phase 1	17.0	DMC3P45	Terameprocol	Phase 2	21.0	.	.	.	.	Non-small cell lung carcinoma	SYNERGxDB Database	Investigative	HOP-92	2.05	4.3	1.35	0.78	2
DC8XE4Z	DMH8UF0	SY-1425	Phase 1	17.0	DMCJLD1	SCH 727965	Discontinued in Phase 3	9.0	.	.	.	.	Lung adenocarcinoma	SYNERGxDB Database	Investigative	HOP-62	5.06	12.95	6.5	6	2
DC4MXNY	DMH8UF0	SY-1425	Phase 1	17.0	DMDI269	Docetaxel	Approved	34.0	.	.	.	.	Large cell lung carcinoma	SYNERGxDB Database	Investigative	NCI-H460	19.8	17	14.47	14.08	2
DCYNU9Q	DMH8UF0	SY-1425	Phase 1	17.0	DMDI269	Docetaxel	Approved	34.0	.	.	.	.	Lung adenocarcinoma	SYNERGxDB Database	Investigative	EKVX	4.82	9.76	5.3	5.41	2
DCAAULM	DMH8UF0	SY-1425	Phase 1	17.0	DMDI269	Docetaxel	Approved	34.0	.	.	.	.	Lung adenocarcinoma	SYNERGxDB Database	Investigative	MDA-MB-231	5.24	11.27	11.75	10.7	2
DCF5W8G	DMH8UF0	SY-1425	Phase 1	17.0	DMDI269	Docetaxel	Approved	34.0	.	.	.	.	Lung adenocarcinoma 	SYNERGxDB Database	Investigative	NCI-H522	11.5	15.26	12.5	12.38	2
DCQU3BW	DMH8UF0	SY-1425	Phase 1	17.0	DMGW1ID	Sirolimus	Approved	34.0	.	.	.	.	Large cell lung carcinoma	SYNERGxDB Database	Investigative	NCI-H460	1.71	4.29	1.27	1.06	2
DC1UB77	DMH8UF0	SY-1425	Phase 1	17.0	DMGW1ID	Sirolimus	Approved	34.0	.	.	.	.	Lung adenocarcinoma	SYNERGxDB Database	Investigative	MDA-MB-231	2.62	5.06	2.77	0.73	2
DCE1IJV	DMH8UF0	SY-1425	Phase 1	17.0	DMH0ZJE	Mitomycin	Approved	34.0	.	.	.	.	Lung adenocarcinoma 	SYNERGxDB Database	Investigative	NCI-H522	0.4	2.59	0.35	0.43	2
DC2BP0F	DMH8UF0	SY-1425	Phase 1	17.0	DMKLAYG	Altretamine	Approved	34.0	.	.	.	.	Lung adenocarcinoma 	SYNERGxDB Database	Investigative	NCI-H522	1.39	2.78	1.63	0.52	2
DCYFHO6	DMH8UF0	SY-1425	Phase 1	17.0	DMLNFWU	TEM	Phase 2	21.0	.	.	.	.	Non-small cell lung carcinoma	SYNERGxDB Database	Investigative	HOP-92	3.5	7.94	3.5	2.48	2
DCZKTVJ	DMH8UF0	SY-1425	Phase 1	17.0	DM7RJXL	Imatinib	Phase 3 Trial	25.0	.	.	.	.	Lung adenocarcinoma	SYNERGxDB Database	Investigative	HOP-62	3.09	7.31	2.95	5.4	2
DC6TIZ8	DMH8UF0	SY-1425	Phase 1	17.0	DMRHGI9	Cisplatin	Approved	34.0	.	.	.	.	Lung adenocarcinoma	SYNERGxDB Database	Investigative	EKVX	2.8	8.1	0.58	1.3	2
DCZNQ9H	DMH8UF0	SY-1425	Phase 1	17.0	DMS8IFC	Sorafenib	Approved	34.0	.	.	.	.	Lung adenocarcinoma	SYNERGxDB Database	Investigative	HOP-62	7.96	3.37	2.83	1.29	2
DCQT1RP	DMH8UF0	SY-1425	Phase 1	17.0	DMS8IFC	Sorafenib	Approved	34.0	.	.	.	.	Lung adenocarcinoma	SYNERGxDB Database	Investigative	EKVX	5.2	6.75	8.1	7.79	2
DCTGDMW	DMH8UF0	SY-1425	Phase 1	17.0	DMS8IFC	Sorafenib	Approved	34.0	.	.	.	.	Lung adenocarcinoma	SYNERGxDB Database	Investigative	MDA-MB-231	9.5	14.68	10	8.68	2
DCMQMV2	DMH8UF0	SY-1425	Phase 1	17.0	DMS8IFC	Sorafenib	Approved	34.0	.	.	.	.	Lung adenocarcinoma 	SYNERGxDB Database	Investigative	NCI-H522	4.31	2.61	3.62	4.16	2
DCIWW5M	DMH8UF0	SY-1425	Phase 1	17.0	DMS8IFC	Sorafenib	Approved	34.0	.	.	.	.	Non-small cell lung carcinoma	SYNERGxDB Database	Investigative	HOP-92	8.77	10.53	9.56	7.46	2
DC1OP75	DMH8UF0	SY-1425	Phase 1	17.0	DMTGBAX	Pomalidomide	Approved	34.0	.	.	.	.	Non-small cell lung carcinoma	SYNERGxDB Database	Investigative	HOP-92	3.12	5.35	1.43	1.43	2
DC934VJ	DMH8UF0	SY-1425	Phase 1	17.0	DMTJAEP	Vinflunine	Approved	34.0	.	.	.	.	Lung adenocarcinoma	SYNERGxDB Database	Investigative	HOP-62	2.68	5.18	2.27	0.08	2
DCVQRWN	DMH8UF0	SY-1425	Phase 1	17.0	DMTJAEP	Vinflunine	Approved	34.0	.	.	.	.	Non-small cell lung carcinoma	SYNERGxDB Database	Investigative	HOP-92	0.21	7.44	3.56	3.82	2
DCG9FXT	DMH8UF0	SY-1425	Phase 1	17.0	DMUOT9V	Taxol	Approved	34.0	.	.	.	.	Large cell lung carcinoma	SYNERGxDB Database	Investigative	NCI-H460	25.41	24.63	20.29	23.04	2
DCS6OK2	DMH8UF0	SY-1425	Phase 1	17.0	DMUOT9V	Taxol	Approved	34.0	.	.	.	.	Lung adenocarcinoma	SYNERGxDB Database	Investigative	MDA-MB-231	9.14	12.46	11.5	14.77	2
DCSASP4	DMH8UF0	SY-1425	Phase 1	17.0	DMWGV8N	PMID28870136-Compound-43	Patented	15.5	.	.	.	.	Non-small cell lung carcinoma	SYNERGxDB Database	Investigative	HOP-92	8.05	12.33	1.27	1.27	2
DCPKWER	DMH8UF0	SY-1425	Phase 1	17.0	DMXYJ9C	Busulfan	Approved	34.0	.	.	.	.	Lung adenocarcinoma	SYNERGxDB Database	Investigative	MDA-MB-231	0.76	4.08	0.39	1.03	2
DC7A851	DMIXMYK	Arfolitixorin	Phase 3	25.0	DM2YGNW	Dactinomycin	Approved	34.0	.	.	.	.	Large cell lung carcinoma	SYNERGxDB Database	Investigative	NCI-H460	6.84	10.47	9.29	9.46	2
DC22WTU	DMIXMYK	Arfolitixorin	Phase 3	25.0	DM2YGNW	Dactinomycin	Approved	34.0	.	.	.	.	Lung adenocarcinoma	SYNERGxDB Database	Investigative	HOP-62	2.57	3.25	3.48	3.52	2
DC1B93N	DMIXMYK	Arfolitixorin	Phase 3	25.0	DM2YGNW	Dactinomycin	Approved	34.0	.	.	.	.	Lung adenocarcinoma 	SYNERGxDB Database	Investigative	NCI-H522	8.3	16.31	16.18	16.28	2
DCZZO7K	DMIXMYK	Arfolitixorin	Phase 3	25.0	DM4DOUB	PMID28460551-Compound-2	Patented	15.5	.	.	.	.	Lung adenocarcinoma	SYNERGxDB Database	Investigative	HOP-62	2.11	5.87	3.36	6.72	2
DCURU0A	DMIXMYK	Arfolitixorin	Phase 3	25.0	DM4DOUB	PMID28460551-Compound-2	Patented	15.5	.	.	.	.	Lung adenocarcinoma	SYNERGxDB Database	Investigative	MDA-MB-231	4.11	9.94	12.33	13	2
DCXRZZ6	DMIXMYK	Arfolitixorin	Phase 3	25.0	DM4F29C	Crizotinib	Approved	34.0	.	.	.	.	Minimally invasive lung adenocarcinoma	SYNERGxDB Database	Investigative	NCI-H322M	10.77	15.43	12.98	11.92	2
DCLKCPE	DMIXMYK	Arfolitixorin	Phase 3	25.0	DM62UG5	Vemurafenib	Approved	34.0	.	.	.	.	Minimally invasive lung adenocarcinoma	SYNERGxDB Database	Investigative	NCI-H322M	5.8	14.6	9.12	8.09	2
DCO9KER	DMIXMYK	Arfolitixorin	Phase 3	25.0	DM7C8YV	Plicamycin	Approved	34.0	.	.	.	.	Large cell lung carcinoma	SYNERGxDB Database	Investigative	NCI-H460	4.36	3.9	3.35	3.39	2
DCZ136F	DMIXMYK	Arfolitixorin	Phase 3	25.0	DM7C8YV	Plicamycin	Approved	34.0	.	.	.	.	Lung adenocarcinoma	SYNERGxDB Database	Investigative	HOP-62	4.73	1.12	0.59	0.57	2
DCJOF1H	DMIXMYK	Arfolitixorin	Phase 3	25.0	DM7C8YV	Plicamycin	Approved	34.0	.	.	.	.	Lung adenocarcinoma	SYNERGxDB Database	Investigative	EKVX	5.43	5.87	8.92	8.53	2
DCOMOI5	DMIXMYK	Arfolitixorin	Phase 3	25.0	DM7C8YV	Plicamycin	Approved	34.0	.	.	.	.	Lung adenocarcinoma	SYNERGxDB Database	Investigative	MDA-MB-231	2.95	6.24	5.5	5.65	2
DC5FKCX	DMIXMYK	Arfolitixorin	Phase 3	25.0	DM7C8YV	Plicamycin	Approved	34.0	.	.	.	.	Lung adenocarcinoma 	SYNERGxDB Database	Investigative	NCI-H522	27.26	30.19	30.97	31.14	2
DCC5SVQ	DMIXMYK	Arfolitixorin	Phase 3	25.0	DM7C8YV	Plicamycin	Approved	34.0	.	.	.	.	Minimally invasive lung adenocarcinoma	SYNERGxDB Database	Investigative	NCI-H322M	13.23	5.65	5.3	2.98	2
DCUGH33	DMIXMYK	Arfolitixorin	Phase 3	25.0	DMFH15Z	Bendamustine hydrochloride	Approved	34.0	.	.	.	.	Lung adenocarcinoma 	SYNERGxDB Database	Investigative	NCI-H522	0.26	3.93	5.26	7.13	2
DCOGLR8	DMIXMYK	Arfolitixorin	Phase 3	25.0	DMKLAYG	Altretamine	Approved	34.0	.	.	.	.	Minimally invasive lung adenocarcinoma	SYNERGxDB Database	Investigative	NCI-H322M	5.46	6.62	4.37	3.52	2
DCS7SA7	DMIXMYK	Arfolitixorin	Phase 3	25.0	DMLNFWU	TEM	Phase 2	21.0	.	.	.	.	Large cell lung carcinoma	SYNERGxDB Database	Investigative	NCI-H460	3.11	4.26	0.71	3.1	2
DCLUYI5	DMIXMYK	Arfolitixorin	Phase 3	25.0	DMLNFWU	TEM	Phase 2	21.0	.	.	.	.	Minimally invasive lung adenocarcinoma	SYNERGxDB Database	Investigative	NCI-H322M	5.1	10.08	4.47	7.8	2
DCFT49Y	DMIXMYK	Arfolitixorin	Phase 3	25.0	DMT5GNL	Romidepsin	Approved	34.0	.	.	.	.	Lung adenocarcinoma	SYNERGxDB Database	Investigative	EKVX	22.34	20.63	2.92	24.97	2
DC4Q928	DMIXMYK	Arfolitixorin	Phase 3	25.0	DMT5GNL	Romidepsin	Approved	34.0	.	.	.	.	Lung adenocarcinoma	SYNERGxDB Database	Investigative	MDA-MB-231	4.66	5.22	5.95	8.05	2
DC62PTK	DMIXMYK	Arfolitixorin	Phase 3	25.0	DMT5GNL	Romidepsin	Approved	34.0	.	.	.	.	Lung adenocarcinoma 	SYNERGxDB Database	Investigative	NCI-H522	10.37	9.05	2.16	11.68	2
DC0OI8E	DMIXMYK	Arfolitixorin	Phase 3	25.0	DMVRLT7	Fludarabine	Approved	34.0	.	.	.	.	Large cell lung carcinoma	SYNERGxDB Database	Investigative	NCI-H460	2.29	3	0.37	6.48	2
DC829YZ	DMIXMYK	Arfolitixorin	Phase 3	25.0	DMJV2EK	Dasatinib	Investigative	0.0	.	.	.	.	Lung adenocarcinoma 	SYNERGxDB Database	Investigative	NCI-H522	4.65	4.37	9.76	11.06	2
DCH82IB	DMINOX3	Vincristine	Approved	34.0	DM0YZC6	Fulvestrant	Approved	34.0	.	.	.	.	Large cell lung carcinoma	ALMANAC Dataset	Investigative	NCI-H460	16.65	15.96	11.36	15.53	2
DCFHBPF	DMINOX3	Vincristine	Approved	34.0	DM2AZPP	Hepzato	Phase 3	25.0	.	.	.	.	Minimally invasive lung adenocarcinoma	ALMANAC Dataset	Investigative	NCI-H322M	3.28	7.63	1.95	0.95	2
DCF6WH8	DMINOX3	Vincristine	Approved	34.0	DM2OZ3G	Ixabepilone	Approved	34.0	.	.	.	.	Minimally invasive lung adenocarcinoma	ALMANAC Dataset	Investigative	NCI-H322M	6.34	6.23	2.96	6.88	2
DC1YV4Y	DMINOX3	Vincristine	Approved	34.0	DM3BH1Y	Lapatinib	Approved	34.0	.	.	.	.	Lung adenocarcinoma	ALMANAC Dataset	Investigative	HOP-62	8.08	10.21	12.9	12.55	2
DCMWEFA	DMINOX3	Vincristine	Approved	34.0	DM3BH1Y	Lapatinib	Approved	34.0	.	.	.	.	Lung adenocarcinoma	ALMANAC Dataset	Investigative	EKVX	1.97	4.25	5.09	5.16	2
DCD56FH	DMINOX3	Vincristine	Approved	34.0	DM3BH1Y	Lapatinib	Approved	34.0	.	.	.	.	Minimally invasive lung adenocarcinoma	ALMANAC Dataset	Investigative	NCI-H322M	1.91	3.01	3.53	5.7	2
DCKPCHI	DMINOX3	Vincristine	Approved	34.0	DM3BH1Y	Lapatinib	Approved	34.0	.	.	.	.	Non-small cell lung carcinoma	ALMANAC Dataset	Investigative	HOP-92	2.27	6.93	9.89	8.92	2
DCF5JOK	DMINOX3	Vincristine	Approved	34.0	DM4O2Z7	Cyclophosphamide	Approved	34.0	.	.	.	.	Large cell lung carcinoma	ALMANAC Dataset	Investigative	NCI-H460	1.78	2.23	0.49	0.04	2
DC0CPV6	DMINOX3	Vincristine	Approved	34.0	DM4O2Z7	Cyclophosphamide	Approved	34.0	.	.	.	.	Lung adenocarcinoma	ALMANAC Dataset	Investigative	HOP-62	9.84	11.84	3.68	0.49	2
DC55VAW	DMINOX3	Vincristine	Approved	34.0	DM4O2Z7	Cyclophosphamide	Approved	34.0	.	.	.	.	Minimally invasive lung adenocarcinoma	ALMANAC Dataset	Investigative	NCI-H322M	0	2.66	1.95	1.58	2
DCZPGXX	DMINOX3	Vincristine	Approved	34.0	DM7HXWT	Nilotinib	Approved	34.0	.	.	.	.	Large cell lung carcinoma	ALMANAC Dataset	Investigative	NCI-H460	8.62	8.03	7.9	5.55	2
DC248P8	DMINOX3	Vincristine	Approved	34.0	DM7HXWT	Nilotinib	Approved	34.0	.	.	.	.	Lung adenocarcinoma	ALMANAC Dataset	Investigative	HOP-62	3.97	8.26	8.92	9.39	2
DCN11HC	DMINOX3	Vincristine	Approved	34.0	DM7XZY5	Triapine	Phase 2	21.0	.	.	.	.	Non-small cell lung carcinoma	ALMANAC Dataset	Investigative	HOP-92	2.7	4.99	2.28	1.73	2
DC9DARY	DMINOX3	Vincristine	Approved	34.0	DMCJLD1	SCH 727965	Discontinued in Phase 3	9.0	.	.	.	.	Large cell lung carcinoma	ALMANAC Dataset	Investigative	NCI-H460	14.51	14.19	2.1	12.83	2
DC500M2	DMINOX3	Vincristine	Approved	34.0	DMCJLD1	SCH 727965	Discontinued in Phase 3	9.0	.	.	.	.	Lung adenocarcinoma	ALMANAC Dataset	Investigative	HOP-62	10.29	14.43	6.45	10.73	2
DCVZY9D	DMINOX3	Vincristine	Approved	34.0	DMCT3I8	Ifosfamide	Approved	34.0	.	.	.	.	Large cell lung carcinoma	ALMANAC Dataset	Investigative	NCI-H460	12.18	15.99	14.14	13.77	2
DC23VSG	DMINOX3	Vincristine	Approved	34.0	DMFH15Z	Bendamustine hydrochloride	Approved	34.0	.	.	.	.	Lung adenocarcinoma	ALMANAC Dataset	Investigative	MDA-MB-231	0.65	3.24	0.46	0.86	2
DCLJEGR	DMINOX3	Vincristine	Approved	34.0	DMGW1ID	Sirolimus	Approved	34.0	.	.	.	.	Lung adenocarcinoma 	ALMANAC Dataset	Investigative	NCI-H522	2.17	6.72	4.4	4.39	2
DCCGXGX	DMINOX3	Vincristine	Approved	34.0	DMGW1ID	Sirolimus	Approved	34.0	.	.	.	.	Minimally invasive lung adenocarcinoma	ALMANAC Dataset	Investigative	NCI-H322M	0.22	9.16	6.89	8.42	2
DCU3B5Z	DMINOX3	Vincristine	Approved	34.0	DMH0ZJE	Mitomycin	Approved	34.0	.	.	.	.	Large cell lung carcinoma	ALMANAC Dataset	Investigative	NCI-H460	2.98	4.37	2.35	1.52	2
DCP883V	DMINOX3	Vincristine	Approved	34.0	DMH8UF0	SY-1425	Phase 1	17.0	.	.	.	.	Minimally invasive lung adenocarcinoma	ALMANAC Dataset	Investigative	NCI-H322M	1.46	1.57	0.76	5.33	2
DCYDFDL	DMINOX3	Vincristine	Approved	34.0	DMM0XGL	Idarubicin	Approved	34.0	.	.	.	.	Large cell lung carcinoma	ALMANAC Dataset	Investigative	NCI-H460	26.66	26.93	24.2	25.94	2
DCSCR2C	DMINOX3	Vincristine	Approved	34.0	DM7RJXL	Imatinib	Phase 3 Trial	25.0	.	.	.	.	Minimally invasive lung adenocarcinoma	ALMANAC Dataset	Investigative	NCI-H322M	0.1	4.6	3.87	4.42	2
DC9IFTA	DMINOX3	Vincristine	Approved	34.0	DMS8IFC	Sorafenib	Approved	34.0	.	.	.	.	Lung adenocarcinoma	ALMANAC Dataset	Investigative	MDA-MB-231	2.2	4.76	2.5	0.59	2
DC906PJ	DMINOX3	Vincristine	Approved	34.0	DMSG91J	ER819762	Investigative	0.0	.	.	.	.	Minimally invasive lung adenocarcinoma	ALMANAC Dataset	Investigative	NCI-H322M	2.16	3.56	0.9	0.87	2
DC5EVUQ	DMINOX3	Vincristine	Approved	34.0	DMTA5OE	Azacitidine	Approved	34.0	.	.	.	.	Large cell lung carcinoma	ALMANAC Dataset	Investigative	NCI-H460	0.52	3.01	2.12	2.9	2
DCFOF9R	DMINOX3	Vincristine	Approved	34.0	DMTJAEP	Vinflunine	Approved	34.0	.	.	.	.	Large cell lung carcinoma	ALMANAC Dataset	Investigative	NCI-H460	4.55	4.19	4.27	4.18	2
DCSSU4K	DMINOX3	Vincristine	Approved	34.0	DMTJAEP	Vinflunine	Approved	34.0	.	.	.	.	Minimally invasive lung adenocarcinoma	ALMANAC Dataset	Investigative	NCI-H322M	6.43	10.51	9.73	9.86	2
DCGM7D1	DMINOX3	Vincristine	Approved	34.0	DMU8L7C	Mepacrine	Investigative	0.0	.	.	.	.	Lung adenocarcinoma	ALMANAC Dataset	Investigative	HOP-62	4.05	9.69	2.61	3.16	2
DCBMTOP	DMINOX3	Vincristine	Approved	34.0	DMWGV8N	PMID28870136-Compound-43	Patented	15.5	.	.	.	.	Minimally invasive lung adenocarcinoma	ALMANAC Dataset	Investigative	NCI-H322M	0.36	2.83	2.89	2.5	2
DCSWF49	DMINOX3	Vincristine	Approved	34.0	DMWNHPC	Aminolevulinic Acid Hydrochloride	Approved	34.0	.	.	.	.	Minimally invasive lung adenocarcinoma	ALMANAC Dataset	Investigative	NCI-H322M	0.84	3.7	0.73	1.95	2
DCKVDRT	DMINOX3	Vincristine	Approved	34.0	DMWTAOI	Estramustine	Approved	34.0	.	.	.	.	Lung adenocarcinoma	ALMANAC Dataset	Investigative	HOP-62	3.11	6.41	5.01	2.72	2
DC07LA1	DMHL7OB	Uracil mustard	Approved	34.0	DM2YGNW	Dactinomycin	Approved	34.0	.	.	.	.	Large cell lung carcinoma	SYNERGxDB Database	Investigative	NCI-H460	5.94	7.12	5.38	6.19	2
DC67VL9	DMHL7OB	Uracil mustard	Approved	34.0	DM2YGNW	Dactinomycin	Approved	34.0	.	.	.	.	Lung adenocarcinoma	SYNERGxDB Database	Investigative	MDA-MB-231	2.83	3.87	3.52	3.3	2
DCLG0FN	DMHL7OB	Uracil mustard	Approved	34.0	DM2YGNW	Dactinomycin	Approved	34.0	.	.	.	.	Lung adenocarcinoma 	SYNERGxDB Database	Investigative	NCI-H522	23.89	26.56	26.63	26.49	2
DCCCMD1	DMHL7OB	Uracil mustard	Approved	34.0	DM3BF9B	DFN-15	Phase 3	25.0	.	.	.	.	Lung adenocarcinoma	SYNERGxDB Database	Investigative	EKVX	5.81	7.93	4	9.2	2
DCKHEBU	DMHL7OB	Uracil mustard	Approved	34.0	DM3BH1Y	Lapatinib	Approved	34.0	.	.	.	.	Lung adenocarcinoma	SYNERGxDB Database	Investigative	EKVX	2.49	6.04	1.29	6.89	2
DCZKZPT	DMHL7OB	Uracil mustard	Approved	34.0	DM4DOUB	PMID28460551-Compound-2	Patented	15.5	.	.	.	.	Lung adenocarcinoma	SYNERGxDB Database	Investigative	EKVX	5.46	8.21	5.3	7.88	2
DCAOGE9	DMHL7OB	Uracil mustard	Approved	34.0	DM4DOUB	PMID28460551-Compound-2	Patented	15.5	.	.	.	.	Lung adenocarcinoma	SYNERGxDB Database	Investigative	MDA-MB-231	9.07	15.26	14.77	15.87	2
DCGOE32	DMHL7OB	Uracil mustard	Approved	34.0	DM4DOUB	PMID28460551-Compound-2	Patented	15.5	.	.	.	.	Lung adenocarcinoma 	SYNERGxDB Database	Investigative	NCI-H522	0.11	10.12	6.05	10.95	2
DCGPQSZ	DMHL7OB	Uracil mustard	Approved	34.0	DM4OYXE	LIAROZOLE	Phase 2/3	24.0	.	.	.	.	Lung adenocarcinoma 	SYNERGxDB Database	Investigative	NCI-H522	6.93	9.62	11.72	12.37	2
DCGRHM2	DMHL7OB	Uracil mustard	Approved	34.0	DM7C8YV	Plicamycin	Approved	34.0	.	.	.	.	Lung adenocarcinoma 	SYNERGxDB Database	Investigative	NCI-H522	35.37	36.39	30.03	37.25	2
DCYZHEC	DMHL7OB	Uracil mustard	Approved	34.0	DM7NKEV	Thioguanine	Preclinical	2.1	.	.	.	.	Lung adenocarcinoma	SYNERGxDB Database	Investigative	EKVX	1.6	11.13	2.47	11.59	2
DCT1FMA	DMHL7OB	Uracil mustard	Approved	34.0	DM7XZY5	Triapine	Phase 2	21.0	.	.	.	.	Lung adenocarcinoma 	SYNERGxDB Database	Investigative	NCI-H522	0.75	9.32	1.22	10.06	2
DCYZ219	DMHL7OB	Uracil mustard	Approved	34.0	DMAO80I	Pralatrexate	Approved	34.0	.	.	.	.	Large cell lung carcinoma	SYNERGxDB Database	Investigative	NCI-H460	0.21	1.29	1.57	1.54	2
DC9H470	DMHL7OB	Uracil mustard	Approved	34.0	DMAO80I	Pralatrexate	Approved	34.0	.	.	.	.	Minimally invasive lung adenocarcinoma	SYNERGxDB Database	Investigative	NCI-H322M	0.06	3.27	2.92	2.93	2
DCT0K8M	DMHL7OB	Uracil mustard	Approved	34.0	DMFH15Z	Bendamustine hydrochloride	Approved	34.0	.	.	.	.	Large cell lung carcinoma	SYNERGxDB Database	Investigative	NCI-H460	12.18	11.09	4.22	11.65	2
DCW04KT	DMHL7OB	Uracil mustard	Approved	34.0	DMFH15Z	Bendamustine hydrochloride	Approved	34.0	.	.	.	.	Lung adenocarcinoma 	SYNERGxDB Database	Investigative	NCI-H522	11.8	14	14.14	15.27	2
DCJCHMD	DMHL7OB	Uracil mustard	Approved	34.0	DMH0ZJE	Mitomycin	Approved	34.0	.	.	.	.	Lung adenocarcinoma	SYNERGxDB Database	Investigative	MDA-MB-231	1.11	5.8	5.34	6.38	2
DCMS331	DMHL7OB	Uracil mustard	Approved	34.0	DMH0ZJE	Mitomycin	Approved	34.0	.	.	.	.	Lung adenocarcinoma	SYNERGxDB Database	Investigative	EKVX	2.1	5.36	0.14	4.35	2
DCBX6XL	DMHL7OB	Uracil mustard	Approved	34.0	DMINOX3	Vincristine	Approved	34.0	.	.	.	.	Large cell lung carcinoma	SYNERGxDB Database	Investigative	NCI-H460	7.76	10.3	2.13	5.36	2
DCDJ2MM	DMHL7OB	Uracil mustard	Approved	34.0	DMINOX3	Vincristine	Approved	34.0	.	.	.	.	Minimally invasive lung adenocarcinoma	SYNERGxDB Database	Investigative	NCI-H322M	3.88	7.83	5.3	4.75	2
DC5KJX6	DMHL7OB	Uracil mustard	Approved	34.0	DMKLAYG	Altretamine	Approved	34.0	.	.	.	.	Non-small cell lung carcinoma	SYNERGxDB Database	Investigative	HOP-92	1.27	5.58	6.89	6.64	2
DCZ872N	DMHL7OB	Uracil mustard	Approved	34.0	DMNER5S	Bleomycin	Approved	34.0	.	.	.	.	Large cell lung carcinoma	SYNERGxDB Database	Investigative	NCI-H460	2.64	3.33	3.88	5.78	2
DC1T8BQ	DMHL7OB	Uracil mustard	Approved	34.0	DMNER5S	Bleomycin	Approved	34.0	.	.	.	.	Non-small cell lung carcinoma	SYNERGxDB Database	Investigative	HOP-92	0.81	6.04	7.14	9.39	2
DCHD6KO	DMHL7OB	Uracil mustard	Approved	34.0	DMNO38U	Bortezomib	Approved	34.0	.	.	.	.	Minimally invasive lung adenocarcinoma	SYNERGxDB Database	Investigative	NCI-H322M	1.37	4.76	2.49	2.32	2
DC2MUIH	DMHL7OB	Uracil mustard	Approved	34.0	DMNPZL4	Dacarbazine	Approved	34.0	.	.	.	.	Lung adenocarcinoma	SYNERGxDB Database	Investigative	EKVX	3.18	7.58	0.02	8.38	2
DCB9CYN	DMHL7OB	Uracil mustard	Approved	34.0	DMNPZL4	Dacarbazine	Approved	34.0	.	.	.	.	Non-small cell lung carcinoma	SYNERGxDB Database	Investigative	HOP-92	1.35	5.33	8.07	8.97	2
DCROFWZ	DMHL7OB	Uracil mustard	Approved	34.0	DMP6G8T	Topotecan	Approved	34.0	.	.	.	.	Lung adenocarcinoma	SYNERGxDB Database	Investigative	EKVX	16.67	17.48	17.77	19.77	2
DCTU1V8	DMHL7OB	Uracil mustard	Approved	34.0	DMP6G8T	Topotecan	Approved	34.0	.	.	.	.	Minimally invasive lung adenocarcinoma	SYNERGxDB Database	Investigative	NCI-H322M	4.09	5.42	4.1	6.86	2
DCN35B3	DMHL7OB	Uracil mustard	Approved	34.0	DMT5GNL	Romidepsin	Approved	34.0	.	.	.	.	Large cell lung carcinoma	SYNERGxDB Database	Investigative	NCI-H460	1.23	0.77	3.01	3.47	2
DCUEQ7P	DMHL7OB	Uracil mustard	Approved	34.0	DMT5GNL	Romidepsin	Approved	34.0	.	.	.	.	Lung adenocarcinoma	SYNERGxDB Database	Investigative	EKVX	24.21	25.04	24.67	26.51	2
DCSTN2D	DMHL7OB	Uracil mustard	Approved	34.0	DMT5GNL	Romidepsin	Approved	34.0	.	.	.	.	Lung adenocarcinoma 	SYNERGxDB Database	Investigative	NCI-H522	7.06	8.24	2.04	9.78	2
DCU32DV	DMHL7OB	Uracil mustard	Approved	34.0	DMTJAEP	Vinflunine	Approved	34.0	.	.	.	.	Minimally invasive lung adenocarcinoma	SYNERGxDB Database	Investigative	NCI-H322M	7.63	11.11	2.82	11.11	2
DCFSZLE	DMHL7OB	Uracil mustard	Approved	34.0	DMU8L7C	Mepacrine	Investigative	0.0	.	.	.	.	Lung adenocarcinoma 	SYNERGxDB Database	Investigative	NCI-H522	7.6	10.42	3.36	11.13	2
DCHDG9Q	DMHL7OB	Uracil mustard	Approved	34.0	DMVRLT7	Fludarabine	Approved	34.0	.	.	.	.	Large cell lung carcinoma	SYNERGxDB Database	Investigative	NCI-H460	4.89	5.54	6.35	8.52	2
DCSYT2Y	DMHL7OB	Uracil mustard	Approved	34.0	DMWNHPC	Aminolevulinic Acid Hydrochloride	Approved	34.0	.	.	.	.	Large cell lung carcinoma	SYNERGxDB Database	Investigative	NCI-H460	1.47	3.27	1.95	4.69	2
DC1UK7Y	DMHL7OB	Uracil mustard	Approved	34.0	DMJV2EK	Dasatinib	Investigative	0.0	.	.	.	.	Lung adenocarcinoma 	SYNERGxDB Database	Investigative	NCI-H522	2.41	6.86	7.54	9.43	2
DCIK2TG	DM7RJXL	Imatinib	Phase 3 Trial	25.0	DM0HXDS	Pentostatin	Approved	34.0	.	.	.	.	Lung adenocarcinoma	DrugCombDB Database	Investigative	HOP-62	1.06	8.33	6.41	5.56	2
DC9SLFG	DM7RJXL	Imatinib	Phase 3 Trial	25.0	DM2OZ3G	Ixabepilone	Approved	34.0	.	.	.	.	Lung adenocarcinoma	DrugCombDB Database	Investigative	EKVX	1.93	8.1	1.49	9.08	2
DCU1J46	DM7RJXL	Imatinib	Phase 3 Trial	25.0	DM7HXWT	Nilotinib	Approved	34.0	.	.	.	.	Lung adenocarcinoma	DrugCombDB Database	Investigative	HOP-62	3.97	8.26	8.92	9.39	2
DCCNPLA	DM7RJXL	Imatinib	Phase 3 Trial	25.0	DMCT3I8	Ifosfamide	Approved	34.0	.	.	.	.	Lung adenocarcinoma	DrugCombDB Database	Investigative	HOP-62	0.2	4.84	2.62	3.12	2
DCO2LBS	DM7RJXL	Imatinib	Phase 3 Trial	25.0	DMCT3I8	Ifosfamide	Approved	34.0	.	.	.	.	Non-small cell lung carcinoma	DrugCombDB Database	Investigative	HOP-92	4.61	7.66	4.03	4.01	2
DC3TX6Q	DM7RJXL	Imatinib	Phase 3 Trial	25.0	DMDI269	Docetaxel	Approved	34.0	.	.	.	.	Large cell lung carcinoma	DrugCombDB Database	Investigative	NCI-H460	14.37	15.12	10.62	11.22	2
DCJPF23	DM7RJXL	Imatinib	Phase 3 Trial	25.0	DMDI269	Docetaxel	Approved	34.0	.	.	.	.	Lung adenocarcinoma	DrugCombDB Database	Investigative	EKVX	6.43	11.26	0.4	0.4	2
DCJ0M16	DM7RJXL	Imatinib	Phase 3 Trial	25.0	DMDI269	Docetaxel	Approved	34.0	.	.	.	.	Lung adenocarcinoma	DrugCombDB Database	Investigative	MDA-MB-231	1.04	5.25	1.72	1.09	2
DCM930N	DM7RJXL	Imatinib	Phase 3 Trial	25.0	DMDI269	Docetaxel	Approved	34.0	.	.	.	.	Lung adenocarcinoma 	DrugCombDB Database	Investigative	NCI-H522	13.17	15.14	13.26	12.03	2
DC266VA	DM7RJXL	Imatinib	Phase 3 Trial	25.0	DMH0ZJE	Mitomycin	Approved	34.0	.	.	.	.	Large cell lung carcinoma	DrugCombDB Database	Investigative	NCI-H460	3.14	4.28	1.24	0.72	2
DCF0GDQ	DM7RJXL	Imatinib	Phase 3 Trial	25.0	DMH0ZJE	Mitomycin	Approved	34.0	.	.	.	.	Lung adenocarcinoma	DrugCombDB Database	Investigative	EKVX	5.36	3.39	0.46	2.21	2
DC556D3	DM7RJXL	Imatinib	Phase 3 Trial	25.0	DMH0ZJE	Mitomycin	Approved	34.0	.	.	.	.	Lung adenocarcinoma 	DrugCombDB Database	Investigative	NCI-H522	2.29	4.58	3.98	3.28	2
DCKTGXB	DM7RJXL	Imatinib	Phase 3 Trial	25.0	DMNO38U	Bortezomib	Approved	34.0	.	.	.	.	Lung adenocarcinoma	DrugCombDB Database	Investigative	HOP-62	4.84	11.97	1.3	5.14	2
DC138M0	DM7RJXL	Imatinib	Phase 3 Trial	25.0	DMRKE63	Chlorambucil	Approved	34.0	.	.	.	.	Lung adenocarcinoma 	DrugCombDB Database	Investigative	NCI-H522	0.34	5.32	0.57	2.29	2
DCUMA1J	DM7RJXL	Imatinib	Phase 3 Trial	25.0	DMSG91J	ER819762	Investigative	0.0	.	.	.	.	Lung adenocarcinoma	DrugCombDB Database	Investigative	HOP-62	7.61	9.64	5.57	1.74	2
DCAW4F7	DM7RJXL	Imatinib	Phase 3 Trial	25.0	DMSG91J	ER819762	Investigative	0.0	.	.	.	.	Lung adenocarcinoma 	DrugCombDB Database	Investigative	NCI-H522	2.17	5.81	4.7	3.18	2
DC5XFOC	DM7RJXL	Imatinib	Phase 3 Trial	25.0	DMTJAEP	Vinflunine	Approved	34.0	.	.	.	.	Non-small cell lung carcinoma	DrugCombDB Database	Investigative	HOP-92	3.91	7.32	4.49	2.13	2
DC08OS5	DM7RJXL	Imatinib	Phase 3 Trial	25.0	DMUOT9V	Taxol	Approved	34.0	.	.	.	.	Large cell lung carcinoma	DrugCombDB Database	Investigative	NCI-H460	10	9.26	0.82	7.45	2
DC90U5G	DM7RJXL	Imatinib	Phase 3 Trial	25.0	DMWGV8N	PMID28870136-Compound-43	Patented	15.5	.	.	.	.	Lung adenocarcinoma	DrugCombDB Database	Investigative	MDA-MB-231	2.43	3.87	1.29	1	2
DCX15FU	DM7RJXL	Imatinib	Phase 3 Trial	25.0	DMXYJ9C	Busulfan	Approved	34.0	.	.	.	.	Lung adenocarcinoma	DrugCombDB Database	Investigative	MDA-MB-231	2.56	4.8	2.84	0.95	2
DCCQZ9Z	DM7RJXL	Imatinib	Phase 3 Trial	25.0	DMJV2EK	Dasatinib	Investigative	0.0	.	.	.	.	Non-small cell lung carcinoma	DrugCombDB Database	Investigative	HOP-92	3.2	4.95	1.58	1.27	2
DCFZ5TA	DMOYJFK	Valrubicin	Approved	34.0	DM0HXDS	Pentostatin	Approved	34.0	.	.	.	.	Lung adenocarcinoma	SYNERGxDB Database	Investigative	EKVX	1.22	2.31	0.51	2.6	2
DCR02UW	DMOYJFK	Valrubicin	Approved	34.0	DM4DOUB	PMID28460551-Compound-2	Patented	15.5	.	.	.	.	Large cell lung carcinoma	SYNERGxDB Database	Investigative	NCI-H460	5.14	5.78	3.97	6.72	2
DCAXVBH	DMOYJFK	Valrubicin	Approved	34.0	DM4DOUB	PMID28460551-Compound-2	Patented	15.5	.	.	.	.	Lung adenocarcinoma	SYNERGxDB Database	Investigative	EKVX	13.97	14.23	7.92	8.58	2
DCQOMVD	DMOYJFK	Valrubicin	Approved	34.0	DM4DOUB	PMID28460551-Compound-2	Patented	15.5	.	.	.	.	Lung adenocarcinoma 	SYNERGxDB Database	Investigative	NCI-H522	3.4	3.05	2.17	5.08	2
DCBZUSG	DMOYJFK	Valrubicin	Approved	34.0	DM4DOUB	PMID28460551-Compound-2	Patented	15.5	.	.	.	.	Minimally invasive lung adenocarcinoma	SYNERGxDB Database	Investigative	NCI-H322M	7.77	7.91	5.28	6.64	2
DCLFSO1	DMOYJFK	Valrubicin	Approved	34.0	DM2TEOL	Methotrexate	Phase 1/2 Trial	19.0	.	.	.	.	Large cell lung carcinoma	SYNERGxDB Database	Investigative	NCI-H460	8.22	5.51	3.18	5.44	2
DCMOP29	DMOYJFK	Valrubicin	Approved	34.0	DM2TEOL	Methotrexate	Phase 1/2 Trial	19.0	.	.	.	.	Lung adenocarcinoma	SYNERGxDB Database	Investigative	MDA-MB-231	2.97	5.63	1.44	1.67	2
DC6OBD5	DMOYJFK	Valrubicin	Approved	34.0	DM7C8YV	Plicamycin	Approved	34.0	.	.	.	.	Lung adenocarcinoma	SYNERGxDB Database	Investigative	HOP-62	9.97	8.76	8.77	6.31	2
DCXPKWA	DMOYJFK	Valrubicin	Approved	34.0	DM7C8YV	Plicamycin	Approved	34.0	.	.	.	.	Lung adenocarcinoma	SYNERGxDB Database	Investigative	MDA-MB-231	0.95	9.98	4.22	7.64	2
DCQKAVO	DMOYJFK	Valrubicin	Approved	34.0	DM7C8YV	Plicamycin	Approved	34.0	.	.	.	.	Lung adenocarcinoma 	SYNERGxDB Database	Investigative	NCI-H522	7.65	11.76	7.76	10.12	2
DCOHMQX	DMOYJFK	Valrubicin	Approved	34.0	DMAO80I	Pralatrexate	Approved	34.0	.	.	.	.	Non-small cell lung carcinoma	SYNERGxDB Database	Investigative	HOP-92	1.83	4.85	5.22	5.22	2
DCWKNLO	DMOYJFK	Valrubicin	Approved	34.0	DMDI269	Docetaxel	Approved	34.0	.	.	.	.	Large cell lung carcinoma	SYNERGxDB Database	Investigative	NCI-H460	17.45	19.18	19.59	19.69	2
DCNO35O	DMOYJFK	Valrubicin	Approved	34.0	DMDI269	Docetaxel	Approved	34.0	.	.	.	.	Lung adenocarcinoma 	SYNERGxDB Database	Investigative	NCI-H522	20.8	21.94	21.2	20.78	2
DCYO7OA	DMOYJFK	Valrubicin	Approved	34.0	DMFH15Z	Bendamustine hydrochloride	Approved	34.0	.	.	.	.	Lung adenocarcinoma	SYNERGxDB Database	Investigative	EKVX	3.39	5.97	4.14	5.33	2
DCIY6XO	DMOYJFK	Valrubicin	Approved	34.0	DMGW1ID	Sirolimus	Approved	34.0	.	.	.	.	Large cell lung carcinoma	SYNERGxDB Database	Investigative	NCI-H460	3.3	7.35	5.63	5.75	2
DC7SH0M	DMOYJFK	Valrubicin	Approved	34.0	DMGW1ID	Sirolimus	Approved	34.0	.	.	.	.	Lung adenocarcinoma	SYNERGxDB Database	Investigative	EKVX	9.56	16.06	13.39	13.55	2
DC2MWYO	DMOYJFK	Valrubicin	Approved	34.0	DMGW1ID	Sirolimus	Approved	34.0	.	.	.	.	Lung adenocarcinoma	SYNERGxDB Database	Investigative	HOP-62	18.43	16.73	6.27	15.36	2
DCLHAUO	DMOYJFK	Valrubicin	Approved	34.0	DMGW1ID	Sirolimus	Approved	34.0	.	.	.	.	Lung adenocarcinoma	SYNERGxDB Database	Investigative	MDA-MB-231	13.66	18.79	12.3	12.21	2
DC2N1S7	DMOYJFK	Valrubicin	Approved	34.0	DMH0ZJE	Mitomycin	Approved	34.0	.	.	.	.	Lung adenocarcinoma	SYNERGxDB Database	Investigative	MDA-MB-231	0.13	1.74	5.36	6.06	2
DCQ64WQ	DMOYJFK	Valrubicin	Approved	34.0	DMKLAYG	Altretamine	Approved	34.0	.	.	.	.	Lung adenocarcinoma	SYNERGxDB Database	Investigative	EKVX	8.9	9.07	4.27	9.65	2
DC4OKV4	DMOYJFK	Valrubicin	Approved	34.0	DMKLAYG	Altretamine	Approved	34.0	.	.	.	.	Lung adenocarcinoma	SYNERGxDB Database	Investigative	MDA-MB-231	6.15	5.76	4.5	5.85	2
DCKC3O4	DMOYJFK	Valrubicin	Approved	34.0	DMLNFWU	TEM	Phase 2	21.0	.	.	.	.	Lung adenocarcinoma	SYNERGxDB Database	Investigative	HOP-62	0.9	3.88	2.59	1.8	2
DC1H6AQ	DMOYJFK	Valrubicin	Approved	34.0	DMLNFWU	TEM	Phase 2	21.0	.	.	.	.	Minimally invasive lung adenocarcinoma	SYNERGxDB Database	Investigative	NCI-H322M	0.3	2.49	2.32	2.63	2
DC7NKYE	DMOYJFK	Valrubicin	Approved	34.0	DMNO38U	Bortezomib	Approved	34.0	.	.	.	.	Lung adenocarcinoma 	SYNERGxDB Database	Investigative	NCI-H522	5.58	4.04	2.96	5.65	2
DCPVUYQ	DMOYJFK	Valrubicin	Approved	34.0	DMRHGI9	Cisplatin	Approved	34.0	.	.	.	.	Lung adenocarcinoma	SYNERGxDB Database	Investigative	MDA-MB-231	0.81	8.35	2.35	8.44	2
DCNAYAP	DMOYJFK	Valrubicin	Approved	34.0	DMSG91J	ER819762	Investigative	0.0	.	.	.	.	Lung adenocarcinoma	SYNERGxDB Database	Investigative	EKVX	0.83	3.86	2.92	3.08	2
DCCCEQY	DMOYJFK	Valrubicin	Approved	34.0	DMSG91J	ER819762	Investigative	0.0	.	.	.	.	Non-small cell lung carcinoma	SYNERGxDB Database	Investigative	HOP-92	2.85	1.53	0.76	1.09	2
DCLULQ6	DMOYJFK	Valrubicin	Approved	34.0	DMTA5OE	Azacitidine	Approved	34.0	.	.	.	.	Lung adenocarcinoma	SYNERGxDB Database	Investigative	EKVX	18.92	19.24	20.76	19.66	2
DCQLUHJ	DMOYJFK	Valrubicin	Approved	34.0	DMTM2IK	Mercaptopurine	Preclinical	2.1	.	.	.	.	Lung adenocarcinoma 	SYNERGxDB Database	Investigative	NCI-H522	8.64	8.12	8.08	9.39	2
DC0DDIK	DMOYJFK	Valrubicin	Approved	34.0	DMWIDJK	FORMESTANE	Withdrawn from market	12.0	.	.	.	.	Large cell lung carcinoma	SYNERGxDB Database	Investigative	NCI-H460	18.84	17.73	19.11	19.33	2
DC0IM15	DMOYJFK	Valrubicin	Approved	34.0	DMWIDJK	FORMESTANE	Withdrawn from market	12.0	.	.	.	.	Lung adenocarcinoma	SYNERGxDB Database	Investigative	MDA-MB-231	0.67	20.86	15.24	15.41	2
DCUZ8D1	DMOYJFK	Valrubicin	Approved	34.0	DMWIDJK	FORMESTANE	Withdrawn from market	12.0	.	.	.	.	Non-small cell lung carcinoma	SYNERGxDB Database	Investigative	HOP-92	3.7	3.55	1.95	2.17	2
DCVBEG5	DM7C8YV	Plicamycin	Approved	34.0	DM0HXDS	Pentostatin	Approved	34.0	.	.	.	.	Large cell lung carcinoma	SYNERGxDB Database	Investigative	NCI-H460	7.03	7.83	6.19	6.42	2
DCM1NQA	DM7C8YV	Plicamycin	Approved	34.0	DM2AZPP	Hepzato	Phase 3	25.0	.	.	.	.	Lung adenocarcinoma 	SYNERGxDB Database	Investigative	NCI-H522	0.17	3.07	1.83	2.23	2
DC56Y86	DM7C8YV	Plicamycin	Approved	34.0	DM2OZ3G	Ixabepilone	Approved	34.0	.	.	.	.	Large cell lung carcinoma	SYNERGxDB Database	Investigative	NCI-H460	11.87	6.4	3.55	8.03	2
DC42R4B	DM7C8YV	Plicamycin	Approved	34.0	DM2OZ3G	Ixabepilone	Approved	34.0	.	.	.	.	Lung adenocarcinoma	SYNERGxDB Database	Investigative	HOP-62	5.16	4.53	5.43	7.58	2
DCZ6HFA	DM7C8YV	Plicamycin	Approved	34.0	DM2OZ3G	Ixabepilone	Approved	34.0	.	.	.	.	Lung adenocarcinoma 	SYNERGxDB Database	Investigative	NCI-H522	2.41	1.71	0.61	3.5	2
DCC50IM	DM7C8YV	Plicamycin	Approved	34.0	DM2OZ3G	Ixabepilone	Approved	34.0	.	.	.	.	Minimally invasive lung adenocarcinoma	SYNERGxDB Database	Investigative	NCI-H322M	3.15	3.22	1.09	4.92	2
DCMDXO2	DM7C8YV	Plicamycin	Approved	34.0	DM2TEOL	Methotrexate	Phase 1/2 Trial	19.0	.	.	.	.	Large cell lung carcinoma	SYNERGxDB Database	Investigative	NCI-H460	10.13	7.95	4.61	7.01	2
DCLZK63	DM7C8YV	Plicamycin	Approved	34.0	DMAO80I	Pralatrexate	Approved	34.0	.	.	.	.	Lung adenocarcinoma	SYNERGxDB Database	Investigative	EKVX	1.74	3.48	1.72	1.03	2
DCOX30U	DM7C8YV	Plicamycin	Approved	34.0	DMAO80I	Pralatrexate	Approved	34.0	.	.	.	.	Non-small cell lung carcinoma	SYNERGxDB Database	Investigative	HOP-92	0.7	2.61	0.59	0.75	2
DC1N3G8	DM7C8YV	Plicamycin	Approved	34.0	DMCT3I8	Ifosfamide	Approved	34.0	.	.	.	.	Large cell lung carcinoma	SYNERGxDB Database	Investigative	NCI-H460	3.13	3.31	0.51	1.22	2
DC7SM9T	DM7C8YV	Plicamycin	Approved	34.0	DMNO38U	Bortezomib	Approved	34.0	.	.	.	.	Large cell lung carcinoma	SYNERGxDB Database	Investigative	NCI-H460	14.89	13.43	15.04	15.42	2
DCV02ZH	DM7C8YV	Plicamycin	Approved	34.0	DMOYJFK	Valrubicin	Approved	34.0	.	.	.	.	Lung adenocarcinoma	SYNERGxDB Database	Investigative	HOP-62	9.19	9.69	5.9	7.49	2
DC62ZF2	DM7C8YV	Plicamycin	Approved	34.0	DMOYJFK	Valrubicin	Approved	34.0	.	.	.	.	Lung adenocarcinoma 	SYNERGxDB Database	Investigative	NCI-H522	3.36	1.62	0.22	3.2	2
DCKG4T6	DM7C8YV	Plicamycin	Approved	34.0	DMOYJFK	Valrubicin	Approved	34.0	.	.	.	.	Minimally invasive lung adenocarcinoma	SYNERGxDB Database	Investigative	NCI-H322M	6.91	9.09	3.25	8.76	2
DCQLR7E	DM7C8YV	Plicamycin	Approved	34.0	DMSG91J	ER819762	Investigative	0.0	.	.	.	.	Large cell lung carcinoma	SYNERGxDB Database	Investigative	NCI-H460	1.45	2.35	2.97	2.64	2
DC8ZX2E	DM7C8YV	Plicamycin	Approved	34.0	DMTJAEP	Vinflunine	Approved	34.0	.	.	.	.	Lung adenocarcinoma	SYNERGxDB Database	Investigative	MDA-MB-231	4.72	4.95	2.14	4.72	2
DCT4SIP	DM7C8YV	Plicamycin	Approved	34.0	DMTJAEP	Vinflunine	Approved	34.0	.	.	.	.	Lung adenocarcinoma 	SYNERGxDB Database	Investigative	NCI-H522	1.81	4.16	2.89	4.09	2
DC7Y5DS	DM7C8YV	Plicamycin	Approved	34.0	DMWIDJK	FORMESTANE	Withdrawn from market	12.0	.	.	.	.	Non-small cell lung carcinoma	SYNERGxDB Database	Investigative	HOP-92	0.83	1.72	1.42	1.26	2
DCFXWJW	DMH07Y3	Letrozole	Approved	34.0	DM0HXDS	Pentostatin	Approved	34.0	.	.	.	.	Lung adenocarcinoma	ALMANAC Dataset	Investigative	EKVX	5.04	8.47	5.89	5.84	2
DC5THDD	DMH07Y3	Letrozole	Approved	34.0	DM0HXDS	Pentostatin	Approved	34.0	.	.	.	.	Minimally invasive lung adenocarcinoma	ALMANAC Dataset	Investigative	NCI-H322M	1.05	1.94	0.64	0.61	2
DCN3KLS	DMH07Y3	Letrozole	Approved	34.0	DM2YGNW	Dactinomycin	Approved	34.0	.	.	.	.	Lung adenocarcinoma	ALMANAC Dataset	Investigative	EKVX	2.12	2.3	1.64	0.78	2
DCL46FT	DMH07Y3	Letrozole	Approved	34.0	DM3BF9B	DFN-15	Phase 3	25.0	.	.	.	.	Non-small cell lung carcinoma	ALMANAC Dataset	Investigative	HOP-92	1.79	3.41	1.09	1.09	2
DCNF142	DMH07Y3	Letrozole	Approved	34.0	DM4O2Z7	Cyclophosphamide	Approved	34.0	.	.	.	.	Minimally invasive lung adenocarcinoma	ALMANAC Dataset	Investigative	NCI-H322M	3.14	4.54	1.43	1.38	2
DCQT1Y4	DMH07Y3	Letrozole	Approved	34.0	DM4OYXE	LIAROZOLE	Phase 2/3	24.0	.	.	.	.	Lung adenocarcinoma	ALMANAC Dataset	Investigative	HOP-62	1.38	4.52	5.41	6.09	2
DC0YDVK	DMH07Y3	Letrozole	Approved	34.0	DM2TEOL	Methotrexate	Phase 1/2 Trial	19.0	.	.	.	.	Large cell lung carcinoma	ALMANAC Dataset	Investigative	NCI-H460	28.11	26.15	22.61	26.37	2
DC4SZCJ	DMH07Y3	Letrozole	Approved	34.0	DM2TEOL	Methotrexate	Phase 1/2 Trial	19.0	.	.	.	.	Lung adenocarcinoma	ALMANAC Dataset	Investigative	MDA-MB-231	0.57	3.4	1.05	0.88	2
DC61CHF	DMH07Y3	Letrozole	Approved	34.0	DM7HXWT	Nilotinib	Approved	34.0	.	.	.	.	Lung adenocarcinoma	ALMANAC Dataset	Investigative	HOP-62	3.97	8.26	8.92	9.39	2
DCXZTNU	DMH07Y3	Letrozole	Approved	34.0	DM7XZY5	Triapine	Phase 2	21.0	.	.	.	.	Lung adenocarcinoma	ALMANAC Dataset	Investigative	EKVX	2.33	4.15	2.85	1.55	2
DC4VSDM	DMH07Y3	Letrozole	Approved	34.0	DM7XZY5	Triapine	Phase 2	21.0	.	.	.	.	Non-small cell lung carcinoma	ALMANAC Dataset	Investigative	HOP-92	6.75	7.52	0.62	0.45	2
DCYTHE6	DMH07Y3	Letrozole	Approved	34.0	DMAE6LK	Topetecan	Approved	34.0	.	.	.	.	Non-small cell lung carcinoma	ALMANAC Dataset	Investigative	HOP-92	2.38	6.75	7.23	5.78	2
DCACT2Y	DMH07Y3	Letrozole	Approved	34.0	DMC3P45	Terameprocol	Phase 2	21.0	.	.	.	.	Lung adenocarcinoma	ALMANAC Dataset	Investigative	EKVX	0.44	1.82	1.71	0.32	2
DCGM5X2	DMH07Y3	Letrozole	Approved	34.0	DMCT3I8	Ifosfamide	Approved	34.0	.	.	.	.	Lung adenocarcinoma	ALMANAC Dataset	Investigative	EKVX	5.31	8.46	7.03	5.28	2
DCUEYC8	DMH07Y3	Letrozole	Approved	34.0	DMDI269	Docetaxel	Approved	34.0	.	.	.	.	Lung adenocarcinoma	ALMANAC Dataset	Investigative	EKVX	2.1	4.94	2.58	1.07	2
DC8HJPP	DMH07Y3	Letrozole	Approved	34.0	DMH8UF0	SY-1425	Phase 1	17.0	.	.	.	.	Lung adenocarcinoma	ALMANAC Dataset	Investigative	HOP-62	0.74	4.37	4.35	5.58	2
DCCKQ6E	DMH07Y3	Letrozole	Approved	34.0	DMINOX3	Vincristine	Approved	34.0	.	.	.	.	Lung adenocarcinoma	ALMANAC Dataset	Investigative	HOP-62	2.91	4.58	5.73	6.88	2
DCDT96O	DMH07Y3	Letrozole	Approved	34.0	DMM0XGL	Idarubicin	Approved	34.0	.	.	.	.	Minimally invasive lung adenocarcinoma	ALMANAC Dataset	Investigative	NCI-H322M	1.53	5.28	0.56	0.56	2
DCMY3T0	DMH07Y3	Letrozole	Approved	34.0	DM7RJXL	Imatinib	Phase 3 Trial	25.0	.	.	.	.	Lung adenocarcinoma	ALMANAC Dataset	Investigative	HOP-62	0.11	0.77	3.85	4.03	2
DCVMW1A	DMH07Y3	Letrozole	Approved	34.0	DM7RJXL	Imatinib	Phase 3 Trial	25.0	.	.	.	.	Non-small cell lung carcinoma	ALMANAC Dataset	Investigative	HOP-92	5.38	6.83	1.02	0.45	2
DC4EQ1N	DMH07Y3	Letrozole	Approved	34.0	DMRKE63	Chlorambucil	Approved	34.0	.	.	.	.	Lung adenocarcinoma	ALMANAC Dataset	Investigative	HOP-62	1.88	3.87	0.98	0.71	2
DC6SW1F	DMH07Y3	Letrozole	Approved	34.0	DMRKE63	Chlorambucil	Approved	34.0	.	.	.	.	Lung adenocarcinoma	ALMANAC Dataset	Investigative	EKVX	3.7	4.77	4.71	3.18	2
DCJ8RR3	DMH07Y3	Letrozole	Approved	34.0	DMRKE63	Chlorambucil	Approved	34.0	.	.	.	.	Non-small cell lung carcinoma	ALMANAC Dataset	Investigative	HOP-92	2.75	6.86	9.06	8.53	2
DC7Z1DB	DMH07Y3	Letrozole	Approved	34.0	DMS8IFC	Sorafenib	Approved	34.0	.	.	.	.	Lung adenocarcinoma	ALMANAC Dataset	Investigative	HOP-62	0.56	3	6.37	0.26	2
DCVHIP6	DMH07Y3	Letrozole	Approved	34.0	DMTGBAX	Pomalidomide	Approved	34.0	.	.	.	.	Lung adenocarcinoma	ALMANAC Dataset	Investigative	HOP-62	2.01	7.18	1.39	0.84	2
DC0L05U	DMH07Y3	Letrozole	Approved	34.0	DMTGBAX	Pomalidomide	Approved	34.0	.	.	.	.	Non-small cell lung carcinoma	ALMANAC Dataset	Investigative	HOP-92	2.49	5.09	2.73	2.73	2
DCQKOND	DMH07Y3	Letrozole	Approved	34.0	DMTM2IK	Mercaptopurine	Preclinical	2.1	.	.	.	.	Lung adenocarcinoma	ALMANAC Dataset	Investigative	HOP-62	9.38	16.13	0.89	2.6	2
DCCDZUX	DMH07Y3	Letrozole	Approved	34.0	DMWGV8N	PMID28870136-Compound-43	Patented	15.5	.	.	.	.	Lung adenocarcinoma 	ALMANAC Dataset	Investigative	NCI-H522	2.61	5.09	3.88	3.58	2
DCHGNEP	DMH07Y3	Letrozole	Approved	34.0	DMWGV8N	PMID28870136-Compound-43	Patented	15.5	.	.	.	.	Minimally invasive lung adenocarcinoma	ALMANAC Dataset	Investigative	NCI-H322M	0.14	1.11	0.44	0.51	2
DCZZ385	DMH07Y3	Letrozole	Approved	34.0	DMWNHPC	Aminolevulinic Acid Hydrochloride	Approved	34.0	.	.	.	.	Large cell lung carcinoma	ALMANAC Dataset	Investigative	NCI-H460	7.66	6.38	5.8	6.28	2
DCL0X0Z	DMH07Y3	Letrozole	Approved	34.0	DMWNHPC	Aminolevulinic Acid Hydrochloride	Approved	34.0	.	.	.	.	Lung adenocarcinoma	ALMANAC Dataset	Investigative	MDA-MB-231	0.3	3.73	2.83	2.39	2
DC4RWV5	DMH07Y3	Letrozole	Approved	34.0	DMWNHPC	Aminolevulinic Acid Hydrochloride	Approved	34.0	.	.	.	.	Lung adenocarcinoma	ALMANAC Dataset	Investigative	HOP-62	4.98	4.68	4.7	1.65	2
DCJ79OL	DMH07Y3	Letrozole	Approved	34.0	DMWTAOI	Estramustine	Approved	34.0	.	.	.	.	Lung adenocarcinoma	ALMANAC Dataset	Investigative	EKVX	3.15	8.49	3	2.71	2
DCX9F86	DMH07Y3	Letrozole	Approved	34.0	DMXYJ9C	Busulfan	Approved	34.0	.	.	.	.	Large cell lung carcinoma	ALMANAC Dataset	Investigative	NCI-H460	2.97	3.4	0.03	0.12	2
DCCBWRL	DMH07Y3	Letrozole	Approved	34.0	DMXYJ9C	Busulfan	Approved	34.0	.	.	.	.	Lung adenocarcinoma	ALMANAC Dataset	Investigative	MDA-MB-231	3.63	6.45	2.33	1.81	2
DCIEEUC	DM9WLN4	10-hydroxycamptothecin	Investigative	0.0	DM4DOUB	PMID28460551-Compound-2	Patented	15.5	.	.	.	.	Lung adenocarcinoma	SYNERGxDB Database	Investigative	MDA-MB-231	3.99	9.14	8.58	11.89	2
DCFCX88	DM9WLN4	10-hydroxycamptothecin	Investigative	0.0	DM7C8YV	Plicamycin	Approved	34.0	.	.	.	.	Large cell lung carcinoma	SYNERGxDB Database	Investigative	NCI-H460	3.78	4.14	1.83	4.78	2
DC8HUWL	DM9WLN4	10-hydroxycamptothecin	Investigative	0.0	DM7XZY5	Triapine	Phase 2	21.0	.	.	.	.	Minimally invasive lung adenocarcinoma	SYNERGxDB Database	Investigative	NCI-H322M	0.2	1.43	0.57	0.03	2
DC7E9BG	DM9WLN4	10-hydroxycamptothecin	Investigative	0.0	DMAE6LK	Topetecan	Approved	34.0	.	.	.	.	Large cell lung carcinoma	SYNERGxDB Database	Investigative	NCI-H460	2.6	2.58	3.79	5.99	2
DCNMWLQ	DM9WLN4	10-hydroxycamptothecin	Investigative	0.0	DMAE6LK	Topetecan	Approved	34.0	.	.	.	.	Lung adenocarcinoma	SYNERGxDB Database	Investigative	HOP-62	0.62	3.43	0.72	3.92	2
DC43V2K	DM9WLN4	10-hydroxycamptothecin	Investigative	0.0	DMH0ZJE	Mitomycin	Approved	34.0	.	.	.	.	Large cell lung carcinoma	SYNERGxDB Database	Investigative	NCI-H460	1.15	1.9	0.98	3.86	2
DC763Y7	DM9WLN4	10-hydroxycamptothecin	Investigative	0.0	DMLNFWU	TEM	Phase 2	21.0	.	.	.	.	Minimally invasive lung adenocarcinoma	SYNERGxDB Database	Investigative	NCI-H322M	2.25	5.11	3.7	2.88	2
DCVLE7W	DM9WLN4	10-hydroxycamptothecin	Investigative	0.0	DMOYJFK	Valrubicin	Approved	34.0	.	.	.	.	Lung adenocarcinoma	SYNERGxDB Database	Investigative	HOP-62	6.59	6.96	7.35	8.02	2
DCKJTRS	DM9WLN4	10-hydroxycamptothecin	Investigative	0.0	DMOYJFK	Valrubicin	Approved	34.0	.	.	.	.	Non-small cell lung carcinoma	SYNERGxDB Database	Investigative	HOP-92	1.7	1.1	5.22	6.81	2
DC4I50L	DM9WLN4	10-hydroxycamptothecin	Investigative	0.0	DMRHGI9	Cisplatin	Approved	34.0	.	.	.	.	Minimally invasive lung adenocarcinoma	SYNERGxDB Database	Investigative	NCI-H322M	1.89	4.21	2.95	0.48	2
DCI6HDO	DM9WLN4	10-hydroxycamptothecin	Investigative	0.0	DMS8IFC	Sorafenib	Approved	34.0	.	.	.	.	Large cell lung carcinoma	SYNERGxDB Database	Investigative	NCI-H460	11.47	12.75	13.8	16.96	2
DCPZYHB	DM9WLN4	10-hydroxycamptothecin	Investigative	0.0	DMTA5OE	Azacitidine	Approved	34.0	.	.	.	.	Large cell lung carcinoma	SYNERGxDB Database	Investigative	NCI-H460	1.73	1.54	1.86	5.65	2
DCAVVER	DM9WLN4	10-hydroxycamptothecin	Investigative	0.0	DMTA5OE	Azacitidine	Approved	34.0	.	.	.	.	Minimally invasive lung adenocarcinoma	SYNERGxDB Database	Investigative	NCI-H322M	3.77	10.69	5.57	5.73	2
DC2RJZ5	DM9WLN4	10-hydroxycamptothecin	Investigative	0.0	DMTJAEP	Vinflunine	Approved	34.0	.	.	.	.	Lung adenocarcinoma 	SYNERGxDB Database	Investigative	NCI-H522	1.05	1.62	1.59	3.37	2
DCAAE55	DM3BF9B	DFN-15	Phase 3	25.0	DM2AZPP	Hepzato	Phase 3	25.0	.	.	.	.	Lung adenocarcinoma	SYNERGxDB Database	Investigative	MDA-MB-231	4.9	11.87	10.72	9.97	2
DC948YS	DM3BF9B	DFN-15	Phase 3	25.0	DM4O2Z7	Cyclophosphamide	Approved	34.0	.	.	.	.	Lung adenocarcinoma	SYNERGxDB Database	Investigative	HOP-62	12.11	14.99	2.38	1.21	2
DCPRH88	DM3BF9B	DFN-15	Phase 3	25.0	DM7HXWT	Nilotinib	Approved	34.0	.	.	.	.	Large cell lung carcinoma	SYNERGxDB Database	Investigative	NCI-H460	2.95	3.07	2.66	0.05	2
DCWAPQB	DM3BF9B	DFN-15	Phase 3	25.0	DM7HXWT	Nilotinib	Approved	34.0	.	.	.	.	Lung adenocarcinoma	SYNERGxDB Database	Investigative	HOP-62	3.97	8.26	8.92	9.39	2
DCC531X	DM3BF9B	DFN-15	Phase 3	25.0	DMAO80I	Pralatrexate	Approved	34.0	.	.	.	.	Lung adenocarcinoma	SYNERGxDB Database	Investigative	EKVX	0.18	2.3	1.53	0.92	2
DC4NDKD	DM3BF9B	DFN-15	Phase 3	25.0	DMC3P45	Terameprocol	Phase 2	21.0	.	.	.	.	Lung adenocarcinoma	SYNERGxDB Database	Investigative	MDA-MB-231	1.16	4.18	0.68	0.68	2
DCCVLXE	DM3BF9B	DFN-15	Phase 3	25.0	DMCJLD1	SCH 727965	Discontinued in Phase 3	9.0	.	.	.	.	Lung adenocarcinoma	SYNERGxDB Database	Investigative	HOP-62	1.09	6.43	3.21	2.87	2
DC399XB	DM3BF9B	DFN-15	Phase 3	25.0	DMDI269	Docetaxel	Approved	34.0	.	.	.	.	Large cell lung carcinoma	SYNERGxDB Database	Investigative	NCI-H460	11.67	11.28	6.81	7.41	2
DCYL7DC	DM3BF9B	DFN-15	Phase 3	25.0	DMDI269	Docetaxel	Approved	34.0	.	.	.	.	Lung adenocarcinoma	SYNERGxDB Database	Investigative	MDA-MB-231	0.94	6.42	6.69	6.93	2
DC7E54J	DM3BF9B	DFN-15	Phase 3	25.0	DMDI269	Docetaxel	Approved	34.0	.	.	.	.	Lung adenocarcinoma 	SYNERGxDB Database	Investigative	NCI-H522	16.04	16.22	9.3	9.25	2
DCAHGUO	DM3BF9B	DFN-15	Phase 3	25.0	DMDKF3M	Raloxifene	Approved	34.0	.	.	.	.	Lung adenocarcinoma	SYNERGxDB Database	Investigative	MDA-MB-231	1.33	8.77	1.01	6.17	2
DC9IFZH	DM3BF9B	DFN-15	Phase 3	25.0	DMGW1ID	Sirolimus	Approved	34.0	.	.	.	.	Lung adenocarcinoma	SYNERGxDB Database	Investigative	MDA-MB-231	7.71	13.27	10.18	10.52	2
DCFUNWZ	DM3BF9B	DFN-15	Phase 3	25.0	DMGW1ID	Sirolimus	Approved	34.0	.	.	.	.	Lung adenocarcinoma 	SYNERGxDB Database	Investigative	NCI-H522	2.11	4.69	1.06	1.07	2
DCY7STK	DM3BF9B	DFN-15	Phase 3	25.0	DMINOX3	Vincristine	Approved	34.0	.	.	.	.	Lung adenocarcinoma	SYNERGxDB Database	Investigative	HOP-62	4.92	7.08	8.89	9.31	2
DCFQORL	DM3BF9B	DFN-15	Phase 3	25.0	DMINOX3	Vincristine	Approved	34.0	.	.	.	.	Lung adenocarcinoma	SYNERGxDB Database	Investigative	EKVX	6.42	14.91	5.33	5.11	2
DCKMVPF	DM3BF9B	DFN-15	Phase 3	25.0	DMM0XGL	Idarubicin	Approved	34.0	.	.	.	.	Lung adenocarcinoma	SYNERGxDB Database	Investigative	MDA-MB-231	1.14	10.79	2.77	5.54	2
DCASB7B	DM3BF9B	DFN-15	Phase 3	25.0	DM7RJXL	Imatinib	Phase 3 Trial	25.0	.	.	.	.	Non-small cell lung carcinoma	SYNERGxDB Database	Investigative	HOP-92	5.86	6.18	1.52	0.28	2
DC5U7B1	DM3BF9B	DFN-15	Phase 3	25.0	DMS8IFC	Sorafenib	Approved	34.0	.	.	.	.	Lung adenocarcinoma	SYNERGxDB Database	Investigative	MDA-MB-231	3.17	4.86	0.7	0.3	2
DCDFCE4	DM3BF9B	DFN-15	Phase 3	25.0	DMTA5OE	Azacitidine	Approved	34.0	.	.	.	.	Lung adenocarcinoma	SYNERGxDB Database	Investigative	EKVX	8.24	5.52	0.43	0.54	2
DC25HUA	DM3BF9B	DFN-15	Phase 3	25.0	DMU8L7C	Mepacrine	Investigative	0.0	.	.	.	.	Lung adenocarcinoma	SYNERGxDB Database	Investigative	HOP-62	10.26	20.2	2.8	2.17	2
DCI2KKX	DM3BF9B	DFN-15	Phase 3	25.0	DMU8L7C	Mepacrine	Investigative	0.0	.	.	.	.	Lung adenocarcinoma 	SYNERGxDB Database	Investigative	NCI-H522	2.02	9.36	3.67	4.66	2
DCL1G2S	DM3BF9B	DFN-15	Phase 3	25.0	DMUOT9V	Taxol	Approved	34.0	.	.	.	.	Large cell lung carcinoma	SYNERGxDB Database	Investigative	NCI-H460	19.82	18.63	7.6	14.43	2
DCFSRKM	DM3BF9B	DFN-15	Phase 3	25.0	DMUOT9V	Taxol	Approved	34.0	.	.	.	.	Lung adenocarcinoma	SYNERGxDB Database	Investigative	MDA-MB-231	8.56	11.05	9.31	14.14	2
DCYOM9Y	DM3BF9B	DFN-15	Phase 3	25.0	DMVRLT7	Fludarabine	Approved	34.0	.	.	.	.	Lung adenocarcinoma	SYNERGxDB Database	Investigative	EKVX	1.7	5.42	1.69	2.96	2
DC6KSYC	DM3BF9B	DFN-15	Phase 3	25.0	DMWNHPC	Aminolevulinic Acid Hydrochloride	Approved	34.0	.	.	.	.	Large cell lung carcinoma	SYNERGxDB Database	Investigative	NCI-H460	9.03	9.34	0.1	9.26	2
DCRGAUF	DM3BF9B	DFN-15	Phase 3	25.0	DMWTAOI	Estramustine	Approved	34.0	.	.	.	.	Lung adenocarcinoma	SYNERGxDB Database	Investigative	EKVX	2.05	3.86	1.53	1.53	2
DCY5V6U	DM3BF9B	DFN-15	Phase 3	25.0	DMXYJ9C	Busulfan	Approved	34.0	.	.	.	.	Lung adenocarcinoma	SYNERGxDB Database	Investigative	MDA-MB-231	2.59	3.13	0.66	0.19	2
DC2XVAB	DM3BF9B	DFN-15	Phase 3	25.0	DMJV2EK	Dasatinib	Investigative	0.0	.	.	.	.	Lung adenocarcinoma	SYNERGxDB Database	Investigative	MDA-MB-231	0.79	8.06	1.64	6.08	2
DCOK1NW	DM3BF9B	DFN-15	Phase 3	25.0	DMJV2EK	Dasatinib	Investigative	0.0	.	.	.	.	Lung adenocarcinoma	SYNERGxDB Database	Investigative	EKVX	0.65	6.74	1.37	4.93	2
DCWK2K9	DM3BF9B	DFN-15	Phase 3	25.0	DMJV2EK	Dasatinib	Investigative	0.0	.	.	.	.	Non-small cell lung carcinoma	SYNERGxDB Database	Investigative	HOP-92	1.05	4.58	4.65	0.86	2
DCZXTUL	DMC3P45	Terameprocol	Phase 2	21.0	DM0HXDS	Pentostatin	Approved	34.0	.	.	.	.	Large cell lung carcinoma	SYNERGxDB Database	Investigative	NCI-H460	0.18	1.16	1.37	0.19	2
DC24LZN	DMC3P45	Terameprocol	Phase 2	21.0	DM0YZC6	Fulvestrant	Approved	34.0	.	.	.	.	Lung adenocarcinoma	SYNERGxDB Database	Investigative	MDA-MB-231	5.2	9.55	4.33	2.33	2
DCY48LA	DMC3P45	Terameprocol	Phase 2	21.0	DM2AZPP	Hepzato	Phase 3	25.0	.	.	.	.	Lung adenocarcinoma 	SYNERGxDB Database	Investigative	NCI-H522	0.19	1.76	0.93	0.72	2
DCGMVHH	DMC3P45	Terameprocol	Phase 2	21.0	DM4O2Z7	Cyclophosphamide	Approved	34.0	.	.	.	.	Large cell lung carcinoma	SYNERGxDB Database	Investigative	NCI-H460	1.27	2.28	1.38	0.33	2
DCGUF3M	DMC3P45	Terameprocol	Phase 2	21.0	DM5JVS3	Isoniazid	Approved	34.0	.	.	.	.	Minimally invasive lung adenocarcinoma	SYNERGxDB Database	Investigative	NCI-H322M	0.47	0.86	0.03	0.03	2
DCYV82U	DMC3P45	Terameprocol	Phase 2	21.0	DM7C8YV	Plicamycin	Approved	34.0	.	.	.	.	Large cell lung carcinoma	SYNERGxDB Database	Investigative	NCI-H460	1.3	3.79	1.59	1.33	2
DCE0FSS	DMC3P45	Terameprocol	Phase 2	21.0	DM7C8YV	Plicamycin	Approved	34.0	.	.	.	.	Lung adenocarcinoma	SYNERGxDB Database	Investigative	HOP-62	9.25	19.78	6.61	5.37	2
DCCLIO4	DMC3P45	Terameprocol	Phase 2	21.0	DM7C8YV	Plicamycin	Approved	34.0	.	.	.	.	Minimally invasive lung adenocarcinoma	SYNERGxDB Database	Investigative	NCI-H322M	1.77	3.48	3.17	1.18	2
DCP6HCQ	DMC3P45	Terameprocol	Phase 2	21.0	DMDKF3M	Raloxifene	Approved	34.0	.	.	.	.	Minimally invasive lung adenocarcinoma	SYNERGxDB Database	Investigative	NCI-H322M	3.09	5.85	2.35	0.15	2
DC4J52P	DMC3P45	Terameprocol	Phase 2	21.0	DMGW1ID	Sirolimus	Approved	34.0	.	.	.	.	Large cell lung carcinoma	SYNERGxDB Database	Investigative	NCI-H460	0.22	3.86	1.86	1.86	2
DCHKN0L	DMC3P45	Terameprocol	Phase 2	21.0	DMGW1ID	Sirolimus	Approved	34.0	.	.	.	.	Lung adenocarcinoma	SYNERGxDB Database	Investigative	EKVX	1.37	4.19	4.72	4.81	2
DCRRST1	DMC3P45	Terameprocol	Phase 2	21.0	DMGW1ID	Sirolimus	Approved	34.0	.	.	.	.	Lung adenocarcinoma	SYNERGxDB Database	Investigative	MDA-MB-231	3.03	5.61	3.07	0.3	2
DCXJV1N	DMC3P45	Terameprocol	Phase 2	21.0	DMKLAYG	Altretamine	Approved	34.0	.	.	.	.	Minimally invasive lung adenocarcinoma	SYNERGxDB Database	Investigative	NCI-H322M	1.36	2.22	0.97	0.56	2
DCFK5YD	DMC3P45	Terameprocol	Phase 2	21.0	DMTGBAX	Pomalidomide	Approved	34.0	.	.	.	.	Large cell lung carcinoma	SYNERGxDB Database	Investigative	NCI-H460	0.18	1.23	0.19	0.43	2
DC5U30V	DMC3P45	Terameprocol	Phase 2	21.0	DMTGBAX	Pomalidomide	Approved	34.0	.	.	.	.	Lung adenocarcinoma	SYNERGxDB Database	Investigative	EKVX	0.63	3.29	2.33	1.26	2
DCQZO27	DMC3P45	Terameprocol	Phase 2	21.0	DMTGBAX	Pomalidomide	Approved	34.0	.	.	.	.	Minimally invasive lung adenocarcinoma	SYNERGxDB Database	Investigative	NCI-H322M	1.01	1.5	0.43	0.22	2
DCCH7JN	DMC3P45	Terameprocol	Phase 2	21.0	DMWIDJK	FORMESTANE	Withdrawn from market	12.0	.	.	.	.	Large cell lung carcinoma	SYNERGxDB Database	Investigative	NCI-H460	1.84	2.79	0.7	0.09	2
DCP5MTL	DMC3P45	Terameprocol	Phase 2	21.0	DMWIDJK	FORMESTANE	Withdrawn from market	12.0	.	.	.	.	Minimally invasive lung adenocarcinoma	SYNERGxDB Database	Investigative	NCI-H322M	4.66	5.8	1.2	0.52	2
DCY7GDV	DMC3P45	Terameprocol	Phase 2	21.0	DMWNHPC	Aminolevulinic Acid Hydrochloride	Approved	34.0	.	.	.	.	Minimally invasive lung adenocarcinoma	SYNERGxDB Database	Investigative	NCI-H322M	0.57	3.59	1.8	1.59	2
DCPSS7J	DMC3P45	Terameprocol	Phase 2	21.0	DMXYJ9C	Busulfan	Approved	34.0	.	.	.	.	Lung adenocarcinoma	SYNERGxDB Database	Investigative	HOP-62	6.51	10.89	6.2	5.97	2
DCA0IKM	DMGW1ID	Sirolimus	Approved	34.0	DM3BH1Y	Lapatinib	Approved	34.0	.	.	.	.	Lung adenocarcinoma	SYNERGxDB Database	Investigative	MDA-MB-231	3.2	6.87	7.57	7.59	2
DCLV9UI	DMGW1ID	Sirolimus	Approved	34.0	DM3BH1Y	Lapatinib	Approved	34.0	.	.	.	.	Lung adenocarcinoma	SYNERGxDB Database	Investigative	EKVX	11.57	16.11	14.95	15.41	2
DCFTQC8	DMGW1ID	Sirolimus	Approved	34.0	DM61TA4	Arsenic trioxide	Approved	34.0	.	.	.	.	Lung adenocarcinoma	SYNERGxDB Database	Investigative	HOP-62	4.73	3.78	3.56	2.62	2
DCBDNQ8	DMGW1ID	Sirolimus	Approved	34.0	DM61TA4	Arsenic trioxide	Approved	34.0	.	.	.	.	Lung adenocarcinoma	SYNERGxDB Database	Investigative	EKVX	2	0.36	0.11	0.77	2
DCK6IKW	DMGW1ID	Sirolimus	Approved	34.0	DMCT3I8	Ifosfamide	Approved	34.0	.	.	.	.	Non-small cell lung carcinoma	SYNERGxDB Database	Investigative	HOP-92	3.99	6.93	4.87	4.17	2
DCZGZWG	DMGW1ID	Sirolimus	Approved	34.0	DMDI269	Docetaxel	Approved	34.0	.	.	.	.	Large cell lung carcinoma	SYNERGxDB Database	Investigative	NCI-H460	8.2	7.66	6.43	6.86	2
DCEZJCM	DMGW1ID	Sirolimus	Approved	34.0	DMDI269	Docetaxel	Approved	34.0	.	.	.	.	Minimally invasive lung adenocarcinoma	SYNERGxDB Database	Investigative	NCI-H322M	3.1	6.7	4.03	1.7	2
DCFE3Y9	DMGW1ID	Sirolimus	Approved	34.0	DMNO38U	Bortezomib	Approved	34.0	.	.	.	.	Large cell lung carcinoma	SYNERGxDB Database	Investigative	NCI-H460	1.32	2.26	3.45	5.93	2
DC0QYOQ	DMGW1ID	Sirolimus	Approved	34.0	DMNO38U	Bortezomib	Approved	34.0	.	.	.	.	Lung adenocarcinoma 	SYNERGxDB Database	Investigative	NCI-H522	6.28	6.67	1.67	6.93	2
DCNMBPY	DMGW1ID	Sirolimus	Approved	34.0	DMOYJFK	Valrubicin	Approved	34.0	.	.	.	.	Lung adenocarcinoma	SYNERGxDB Database	Investigative	HOP-62	4.58	5.24	1.7	1.94	2
DCXT7RI	DMGW1ID	Sirolimus	Approved	34.0	DMOYJFK	Valrubicin	Approved	34.0	.	.	.	.	Lung adenocarcinoma	SYNERGxDB Database	Investigative	EKVX	0.38	7.64	2.37	2.9	2
DCU4UY7	DMGW1ID	Sirolimus	Approved	34.0	DMRHGI9	Cisplatin	Approved	34.0	.	.	.	.	Lung adenocarcinoma 	SYNERGxDB Database	Investigative	NCI-H522	1.28	1.08	1.37	5.58	2
DCAXN2S	DMGW1ID	Sirolimus	Approved	34.0	DMT5GNL	Romidepsin	Approved	34.0	.	.	.	.	Lung adenocarcinoma	SYNERGxDB Database	Investigative	MDA-MB-231	0.2	3.57	1.67	4.58	2
DCNZR44	DMGW1ID	Sirolimus	Approved	34.0	DMTJAEP	Vinflunine	Approved	34.0	.	.	.	.	Lung adenocarcinoma	SYNERGxDB Database	Investigative	HOP-62	4.77	8	1.14	0.8	2
DCIP2WD	DMGW1ID	Sirolimus	Approved	34.0	DMTJAEP	Vinflunine	Approved	34.0	.	.	.	.	Lung adenocarcinoma 	SYNERGxDB Database	Investigative	NCI-H522	0.27	4.14	5.76	5.8	2
DCLIY5K	DMGW1ID	Sirolimus	Approved	34.0	DMTJAEP	Vinflunine	Approved	34.0	.	.	.	.	Non-small cell lung carcinoma	SYNERGxDB Database	Investigative	HOP-92	3.58	5.11	1.85	1.48	2
DC38MZJ	DMGW1ID	Sirolimus	Approved	34.0	DMTM2IK	Mercaptopurine	Preclinical	2.1	.	.	.	.	Large cell lung carcinoma	SYNERGxDB Database	Investigative	NCI-H460	2.16	1.53	1.07	2.4	2
DCRTI8O	DMGW1ID	Sirolimus	Approved	34.0	DMUOT9V	Taxol	Approved	34.0	.	.	.	.	Large cell lung carcinoma	SYNERGxDB Database	Investigative	NCI-H460	7.99	6.92	4.46	6.85	2
DCROL3T	DMGW1ID	Sirolimus	Approved	34.0	DMWGV8N	PMID28870136-Compound-43	Patented	15.5	.	.	.	.	Non-small cell lung carcinoma	SYNERGxDB Database	Investigative	HOP-92	3.06	5.78	1.6	0.54	2
DCVAPHW	DMGW1ID	Sirolimus	Approved	34.0	DMXYJ9C	Busulfan	Approved	34.0	.	.	.	.	Non-small cell lung carcinoma	SYNERGxDB Database	Investigative	HOP-92	1.56	5.03	1.19	0.24	2
DCG8TAD	DMGW1ID	Sirolimus	Approved	34.0	DMJV2EK	Dasatinib	Investigative	0.0	.	.	.	.	Non-small cell lung carcinoma	SYNERGxDB Database	Investigative	HOP-92	5.43	8.97	0.8	0.15	2
DCCGXQX	DM0YZC6	Fulvestrant	Approved	34.0	DMCMBHA	Erlotinib	Approved	34.0	.	.	.	.	Stage IV Lung Cancer	ClinicalTrials.gov	Phase 1	.	.	.	.	.	2
DCFS5CS	DM0YZC6	Fulvestrant	Approved	34.0	DM15F0X	Gefitinib	Approved	34.0	.	.	.	.	Stage IV Lung Cancer	ClinicalTrials.gov	Phase 1	.	.	.	.	.	2
DCQZ7IC	DM0YZC6	Fulvestrant	Approved	34.0	DMCMBHA	Erlotinib	Approved	34.0	.	.	.	.	Lung Cancer	ClinicalTrials.gov	Phase 1	.	.	.	.	.	2
DCE2FBZ	DM0YZC6	Fulvestrant	Approved	34.0	DM0HXDS	Pentostatin	Approved	34.0	.	.	.	.	Lung adenocarcinoma	ALMANAC Dataset	Investigative	EKVX	0.39	5.15	2.17	2.7	2
DC9WXUK	DM0YZC6	Fulvestrant	Approved	34.0	DM2AZPP	Hepzato	Phase 3	25.0	.	.	.	.	Lung adenocarcinoma 	ALMANAC Dataset	Investigative	NCI-H522	2.06	5.01	0.11	0.5	2
DCS2YAP	DM0YZC6	Fulvestrant	Approved	34.0	DM2OZ3G	Ixabepilone	Approved	34.0	.	.	.	.	Non-small cell lung carcinoma	ALMANAC Dataset	Investigative	HOP-92	9	6.99	1.3	6.79	2
DCXNDI2	DM0YZC6	Fulvestrant	Approved	34.0	DM4O2Z7	Cyclophosphamide	Approved	34.0	.	.	.	.	Minimally invasive lung adenocarcinoma	ALMANAC Dataset	Investigative	NCI-H322M	2.79	3.94	1.73	0.8	2
DCHOM2A	DM0YZC6	Fulvestrant	Approved	34.0	DM61TA4	Arsenic trioxide	Approved	34.0	.	.	.	.	Lung adenocarcinoma	ALMANAC Dataset	Investigative	HOP-62	5.8	16	2.86	10.47	2
DCNECO5	DM0YZC6	Fulvestrant	Approved	34.0	DMCT3I8	Ifosfamide	Approved	34.0	.	.	.	.	Lung adenocarcinoma	ALMANAC Dataset	Investigative	HOP-62	1.51	4.08	2.5	1.42	2
DCOBXV7	DM0YZC6	Fulvestrant	Approved	34.0	DMDI269	Docetaxel	Approved	34.0	.	.	.	.	Lung adenocarcinoma	ALMANAC Dataset	Investigative	EKVX	9.18	15.26	5.59	5.59	2
DC0V8MT	DM0YZC6	Fulvestrant	Approved	34.0	DMDI269	Docetaxel	Approved	34.0	.	.	.	.	Lung adenocarcinoma	ALMANAC Dataset	Investigative	MDA-MB-231	3.26	10.91	2.93	3.8	2
DC7YSSV	DM0YZC6	Fulvestrant	Approved	34.0	DMDI269	Docetaxel	Approved	34.0	.	.	.	.	Lung adenocarcinoma 	ALMANAC Dataset	Investigative	NCI-H522	18.04	17.7	13.39	13.33	2
DC42W7T	DM0YZC6	Fulvestrant	Approved	34.0	DMRKE63	Chlorambucil	Approved	34.0	.	.	.	.	Lung adenocarcinoma	ALMANAC Dataset	Investigative	HOP-62	1.18	2.79	1.25	0.71	2
DC7R09K	DM0YZC6	Fulvestrant	Approved	34.0	DMS8IFC	Sorafenib	Approved	34.0	.	.	.	.	Large cell lung carcinoma	ALMANAC Dataset	Investigative	NCI-H460	17.13	16.42	18.13	18.42	2
DC48XDT	DM0YZC6	Fulvestrant	Approved	34.0	DMS8IFC	Sorafenib	Approved	34.0	.	.	.	.	Lung adenocarcinoma 	ALMANAC Dataset	Investigative	NCI-H522	2.5	6.87	3.66	3.18	2
DCNXEO9	DM0YZC6	Fulvestrant	Approved	34.0	DMTGBAX	Pomalidomide	Approved	34.0	.	.	.	.	Lung adenocarcinoma	ALMANAC Dataset	Investigative	HOP-62	3.06	4.82	1.55	0.77	2
DCZ7W81	DM0YZC6	Fulvestrant	Approved	34.0	DMXYJ9C	Busulfan	Approved	34.0	.	.	.	.	Lung adenocarcinoma	ALMANAC Dataset	Investigative	MDA-MB-231	7.77	5.1	3.38	0.81	2
DCFTKAJ	DMTJAEP	Vinflunine	Approved	34.0	DM0HXDS	Pentostatin	Approved	34.0	.	.	.	.	Minimally invasive lung adenocarcinoma	SYNERGxDB Database	Investigative	NCI-H322M	0.83	2.33	0.78	0.9	2
DCC515A	DMTJAEP	Vinflunine	Approved	34.0	DM0YZC6	Fulvestrant	Approved	34.0	.	.	.	.	Non-small cell lung carcinoma	SYNERGxDB Database	Investigative	HOP-92	0.21	2.1	1.13	1.13	2
DCGD7HX	DMTJAEP	Vinflunine	Approved	34.0	DM2OZ3G	Ixabepilone	Approved	34.0	.	.	.	.	Non-small cell lung carcinoma	SYNERGxDB Database	Investigative	HOP-92	2.27	2.85	2.25	3.14	2
DC28YXG	DMTJAEP	Vinflunine	Approved	34.0	DM2YGNW	Dactinomycin	Approved	34.0	.	.	.	.	Minimally invasive lung adenocarcinoma	SYNERGxDB Database	Investigative	NCI-H322M	0.23	1.36	0.83	0.96	2
DC85A4C	DMTJAEP	Vinflunine	Approved	34.0	DM5JVS3	Isoniazid	Approved	34.0	.	.	.	.	Minimally invasive lung adenocarcinoma	SYNERGxDB Database	Investigative	NCI-H322M	0.87	5.63	4.45	3.1	2
DC2BYQO	DMTJAEP	Vinflunine	Approved	34.0	DM61TA4	Arsenic trioxide	Approved	34.0	.	.	.	.	Lung adenocarcinoma 	SYNERGxDB Database	Investigative	NCI-H522	0.68	2.15	2.84	3.02	2
DCD3UCV	DMTJAEP	Vinflunine	Approved	34.0	DMAO80I	Pralatrexate	Approved	34.0	.	.	.	.	Lung adenocarcinoma	SYNERGxDB Database	Investigative	HOP-62	2.43	4.71	0.93	0.58	2
DCLHZQI	DMTJAEP	Vinflunine	Approved	34.0	DMCT3I8	Ifosfamide	Approved	34.0	.	.	.	.	Large cell lung carcinoma	SYNERGxDB Database	Investigative	NCI-H460	3.31	4.33	2.21	1.86	2
DC47984	DMTJAEP	Vinflunine	Approved	34.0	DMCT3I8	Ifosfamide	Approved	34.0	.	.	.	.	Lung adenocarcinoma	SYNERGxDB Database	Investigative	HOP-62	0.31	1.66	0.53	0.36	2
DCFTX5S	DMTJAEP	Vinflunine	Approved	34.0	DMCT3I8	Ifosfamide	Approved	34.0	.	.	.	.	Lung adenocarcinoma	SYNERGxDB Database	Investigative	EKVX	0.37	2.6	2.15	1.61	2
DC8F3FA	DMTJAEP	Vinflunine	Approved	34.0	DMCT3I8	Ifosfamide	Approved	34.0	.	.	.	.	Minimally invasive lung adenocarcinoma	SYNERGxDB Database	Investigative	NCI-H322M	1.28	2.49	0.5	0.46	2
DCQIS4B	DMTJAEP	Vinflunine	Approved	34.0	DMCT3I8	Ifosfamide	Approved	34.0	.	.	.	.	Non-small cell lung carcinoma	SYNERGxDB Database	Investigative	HOP-92	2.6	4.08	1.05	0.37	2
DCL32QO	DMTJAEP	Vinflunine	Approved	34.0	DMDKF3M	Raloxifene	Approved	34.0	.	.	.	.	Lung adenocarcinoma	SYNERGxDB Database	Investigative	HOP-62	2.96	8.94	1.75	2.14	2
DCS1S6X	DMTJAEP	Vinflunine	Approved	34.0	DMH0ZJE	Mitomycin	Approved	34.0	.	.	.	.	Large cell lung carcinoma	SYNERGxDB Database	Investigative	NCI-H460	1.82	2.57	0.7	0.49	2
DC4CQYY	DMTJAEP	Vinflunine	Approved	34.0	DMOYJFK	Valrubicin	Approved	34.0	.	.	.	.	Lung adenocarcinoma 	SYNERGxDB Database	Investigative	NCI-H522	3.14	5.21	0.34	1.53	2
DCDCBI9	DMTJAEP	Vinflunine	Approved	34.0	DMSG91J	ER819762	Investigative	0.0	.	.	.	.	Minimally invasive lung adenocarcinoma	SYNERGxDB Database	Investigative	NCI-H322M	1.46	2.88	1.01	0.98	2
DCKGDN4	DMTJAEP	Vinflunine	Approved	34.0	DMT5GNL	Romidepsin	Approved	34.0	.	.	.	.	Large cell lung carcinoma	SYNERGxDB Database	Investigative	NCI-H460	1.73	1.71	0.56	2.02	2
DC471QY	DMTJAEP	Vinflunine	Approved	34.0	DMTA5OE	Azacitidine	Approved	34.0	.	.	.	.	Lung adenocarcinoma	SYNERGxDB Database	Investigative	MDA-MB-231	0.71	3.82	0.47	1.59	2
DCE44I5	DMTJAEP	Vinflunine	Approved	34.0	DMTGBAX	Pomalidomide	Approved	34.0	.	.	.	.	Lung adenocarcinoma	SYNERGxDB Database	Investigative	HOP-62	5.53	12.27	9.79	8.55	2
DCTSLWZ	DMTJAEP	Vinflunine	Approved	34.0	DMTGBAX	Pomalidomide	Approved	34.0	.	.	.	.	Minimally invasive lung adenocarcinoma	SYNERGxDB Database	Investigative	NCI-H322M	1.76	5.85	3.13	3.1	2
DC5VS0R	DMTJAEP	Vinflunine	Approved	34.0	DMWIDJK	FORMESTANE	Withdrawn from market	12.0	.	.	.	.	Large cell lung carcinoma	SYNERGxDB Database	Investigative	NCI-H460	1.63	6.73	5.66	4.24	2
DCCXHOB	DMTJAEP	Vinflunine	Approved	34.0	DMWIDJK	FORMESTANE	Withdrawn from market	12.0	.	.	.	.	Lung adenocarcinoma	SYNERGxDB Database	Investigative	EKVX	0.33	1.58	0.19	0.12	2
DC8UB8F	DM8X2EH	Everolimus	Approved	34.0	DMMX2E6	Pemetrexed	Approved	34.0	.	.	.	.	Non Small Cell Lung Cancer	ClinicalTrials.gov	Phase 1	.	.	.	.	.	2
DC7RSZI	DMLWYJB	JNK-IN-8	Investigative	0.0	DM2OZ3G	Ixabepilone	Approved	34.0	.	.	.	.	Lung adenocarcinoma	SYNERGxDB Database	Investigative	HOP-62	4.24	2.6	1.87	2.71	2
DC3MQ4J	DMLWYJB	JNK-IN-8	Investigative	0.0	DM2OZ3G	Ixabepilone	Approved	34.0	.	.	.	.	Minimally invasive lung adenocarcinoma	SYNERGxDB Database	Investigative	NCI-H322M	2.1	4.12	4.98	4.26	2
DCKM46T	DMLWYJB	JNK-IN-8	Investigative	0.0	DM2YGNW	Dactinomycin	Approved	34.0	.	.	.	.	Large cell lung carcinoma	SYNERGxDB Database	Investigative	NCI-H460	7.86	9.03	4.14	11.06	2
DCX5OR9	DMLWYJB	JNK-IN-8	Investigative	0.0	DM2YGNW	Dactinomycin	Approved	34.0	.	.	.	.	Lung adenocarcinoma	SYNERGxDB Database	Investigative	EKVX	14.32	14.06	9.94	14.62	2
DCFC7T4	DMLWYJB	JNK-IN-8	Investigative	0.0	DM2YGNW	Dactinomycin	Approved	34.0	.	.	.	.	Lung adenocarcinoma 	SYNERGxDB Database	Investigative	NCI-H522	3.32	13.66	13.48	13.36	2
DC51BU2	DMLWYJB	JNK-IN-8	Investigative	0.0	DM3BF9B	DFN-15	Phase 3	25.0	.	.	.	.	Lung adenocarcinoma	SYNERGxDB Database	Investigative	HOP-62	6.74	5.42	3.82	5.31	2
DCICDMD	DMLWYJB	JNK-IN-8	Investigative	0.0	DM4DOUB	PMID28460551-Compound-2	Patented	15.5	.	.	.	.	Lung adenocarcinoma	SYNERGxDB Database	Investigative	MDA-MB-231	2.36	5.07	5.58	6.5	2
DC01DSA	DMLWYJB	JNK-IN-8	Investigative	0.0	DM4DOUB	PMID28460551-Compound-2	Patented	15.5	.	.	.	.	Lung adenocarcinoma	SYNERGxDB Database	Investigative	HOP-62	2.03	2.74	3.61	5.88	2
DCPXNC8	DMLWYJB	JNK-IN-8	Investigative	0.0	DM4F29C	Crizotinib	Approved	34.0	.	.	.	.	Minimally invasive lung adenocarcinoma	SYNERGxDB Database	Investigative	NCI-H322M	12.53	17.54	13.96	16.13	2
DCBMDY4	DMLWYJB	JNK-IN-8	Investigative	0.0	DM2TEOL	Methotrexate	Phase 1/2 Trial	19.0	.	.	.	.	Lung adenocarcinoma	SYNERGxDB Database	Investigative	MDA-MB-231	4.84	7.92	0.34	2.05	2
DC9IN8M	DMLWYJB	JNK-IN-8	Investigative	0.0	DM62UG5	Vemurafenib	Approved	34.0	.	.	.	.	Minimally invasive lung adenocarcinoma	SYNERGxDB Database	Investigative	NCI-H322M	11.72	15.57	5.96	10.6	2
DCM6G76	DMLWYJB	JNK-IN-8	Investigative	0.0	DM7C8YV	Plicamycin	Approved	34.0	.	.	.	.	Large cell lung carcinoma	SYNERGxDB Database	Investigative	NCI-H460	2.11	2.38	1.26	2.19	2
DC426J8	DMLWYJB	JNK-IN-8	Investigative	0.0	DM7C8YV	Plicamycin	Approved	34.0	.	.	.	.	Lung adenocarcinoma	SYNERGxDB Database	Investigative	EKVX	5.44	12.87	14.27	15.12	2
DC28G73	DMLWYJB	JNK-IN-8	Investigative	0.0	DM7C8YV	Plicamycin	Approved	34.0	.	.	.	.	Lung adenocarcinoma 	SYNERGxDB Database	Investigative	NCI-H522	27.39	24.16	23.92	24.5	2
DCFVOPC	DMLWYJB	JNK-IN-8	Investigative	0.0	DM7HXWT	Nilotinib	Approved	34.0	.	.	.	.	Lung adenocarcinoma	SYNERGxDB Database	Investigative	HOP-62	5.64	3.48	3.9	5.04	2
DCF8M2B	DMLWYJB	JNK-IN-8	Investigative	0.0	DM7HXWT	Nilotinib	Approved	34.0	.	.	.	.	Minimally invasive lung adenocarcinoma	SYNERGxDB Database	Investigative	NCI-H322M	9.67	7.57	1.23	3.01	2
DCRMT6E	DMLWYJB	JNK-IN-8	Investigative	0.0	DMAO80I	Pralatrexate	Approved	34.0	.	.	.	.	Lung adenocarcinoma	SYNERGxDB Database	Investigative	HOP-62	0.59	0.8	1.89	1.89	2
DCAD8CH	DMLWYJB	JNK-IN-8	Investigative	0.0	DMAO80I	Pralatrexate	Approved	34.0	.	.	.	.	Minimally invasive lung adenocarcinoma	SYNERGxDB Database	Investigative	NCI-H322M	3.85	5.86	6.97	6.28	2
DC8ROPX	DMLWYJB	JNK-IN-8	Investigative	0.0	DMCJLD1	SCH 727965	Discontinued in Phase 3	9.0	.	.	.	.	Minimally invasive lung adenocarcinoma	SYNERGxDB Database	Investigative	NCI-H322M	4.2	5.67	2.51	4.05	2
DCKOYSQ	DMLWYJB	JNK-IN-8	Investigative	0.0	DMFH15Z	Bendamustine hydrochloride	Approved	34.0	.	.	.	.	Large cell lung carcinoma	SYNERGxDB Database	Investigative	NCI-H460	15.82	12.23	5.93	13.35	2
DC4RIDX	DMLWYJB	JNK-IN-8	Investigative	0.0	DMLNFWU	TEM	Phase 2	21.0	.	.	.	.	Minimally invasive lung adenocarcinoma	SYNERGxDB Database	Investigative	NCI-H322M	2.86	8.88	6.13	11.2	2
DC5OOK2	DMLWYJB	JNK-IN-8	Investigative	0.0	DMNO38U	Bortezomib	Approved	34.0	.	.	.	.	Minimally invasive lung adenocarcinoma	SYNERGxDB Database	Investigative	NCI-H322M	0.95	6.99	5.95	5.34	2
DC2RNEK	DMLWYJB	JNK-IN-8	Investigative	0.0	DMOYJFK	Valrubicin	Approved	34.0	.	.	.	.	Lung adenocarcinoma	SYNERGxDB Database	Investigative	EKVX	7.22	8.11	9.63	10.58	2
DCAEUZ4	DMLWYJB	JNK-IN-8	Investigative	0.0	DMS8IFC	Sorafenib	Approved	34.0	.	.	.	.	Lung adenocarcinoma	SYNERGxDB Database	Investigative	HOP-62	2.19	0.39	2.93	4.92	2
DCIWP8K	DMLWYJB	JNK-IN-8	Investigative	0.0	DMSG91J	ER819762	Investigative	0.0	.	.	.	.	Minimally invasive lung adenocarcinoma	SYNERGxDB Database	Investigative	NCI-H322M	4.99	7.6	3.09	4.64	2
DCZJW9L	DMLWYJB	JNK-IN-8	Investigative	0.0	DMT5GNL	Romidepsin	Approved	34.0	.	.	.	.	Lung adenocarcinoma	SYNERGxDB Database	Investigative	MDA-MB-231	1.79	2.78	1.51	4.29	2
DCAMQ9K	DMLWYJB	JNK-IN-8	Investigative	0.0	DMT5GNL	Romidepsin	Approved	34.0	.	.	.	.	Lung adenocarcinoma	SYNERGxDB Database	Investigative	EKVX	11.16	11.84	9.44	16.31	2
DCFTI2D	DMLWYJB	JNK-IN-8	Investigative	0.0	DMTA5OE	Azacitidine	Approved	34.0	.	.	.	.	Large cell lung carcinoma	SYNERGxDB Database	Investigative	NCI-H460	0.39	1.38	0.33	3.86	2
DCR8W35	DMLWYJB	JNK-IN-8	Investigative	0.0	DMTM2IK	Mercaptopurine	Preclinical	2.1	.	.	.	.	Lung adenocarcinoma	SYNERGxDB Database	Investigative	EKVX	7.09	8.11	4.55	9.25	2
DCOMS2B	DMLWYJB	JNK-IN-8	Investigative	0.0	DMU8L7C	Mepacrine	Investigative	0.0	.	.	.	.	Lung adenocarcinoma	SYNERGxDB Database	Investigative	EKVX	9.35	8.73	0.75	12.49	2
DCJS465	DMLWYJB	JNK-IN-8	Investigative	0.0	DMU8L7C	Mepacrine	Investigative	0.0	.	.	.	.	Lung adenocarcinoma 	SYNERGxDB Database	Investigative	NCI-H522	4.27	2.47	0.26	3.41	2
DCKK6VM	DMLWYJB	JNK-IN-8	Investigative	0.0	DMVRLT7	Fludarabine	Approved	34.0	.	.	.	.	Large cell lung carcinoma	SYNERGxDB Database	Investigative	NCI-H460	2.19	2.06	2.47	5.9	2
DCPW4QF	DMLWYJB	JNK-IN-8	Investigative	0.0	DMWIDJK	FORMESTANE	Withdrawn from market	12.0	.	.	.	.	Lung adenocarcinoma	SYNERGxDB Database	Investigative	HOP-62	4.53	1.77	1.27	3.23	2
DCO61GR	DM4OYXE	LIAROZOLE	Phase 2/3	24.0	DM0HXDS	Pentostatin	Approved	34.0	.	.	.	.	Lung adenocarcinoma	SYNERGxDB Database	Investigative	HOP-62	3.68	5.77	7.39	5.86	2
DC8F2FW	DM4OYXE	LIAROZOLE	Phase 2/3	24.0	DM0HXDS	Pentostatin	Approved	34.0	.	.	.	.	Lung adenocarcinoma 	SYNERGxDB Database	Investigative	NCI-H522	2.84	3.71	1.39	2.16	2
DC8S7BW	DM4OYXE	LIAROZOLE	Phase 2/3	24.0	DM2OZ3G	Ixabepilone	Approved	34.0	.	.	.	.	Lung adenocarcinoma	SYNERGxDB Database	Investigative	HOP-62	3.68	4.8	6.03	8.42	2
DCT3FEA	DM4OYXE	LIAROZOLE	Phase 2/3	24.0	DM4DOUB	PMID28460551-Compound-2	Patented	15.5	.	.	.	.	Large cell lung carcinoma	SYNERGxDB Database	Investigative	NCI-H460	3.09	5.84	1.61	3.76	2
DCZIEYL	DM4OYXE	LIAROZOLE	Phase 2/3	24.0	DM7HXWT	Nilotinib	Approved	34.0	.	.	.	.	Lung adenocarcinoma	SYNERGxDB Database	Investigative	HOP-62	3.97	8.26	8.92	9.39	2
DCNYBMJ	DM4OYXE	LIAROZOLE	Phase 2/3	24.0	DM7HXWT	Nilotinib	Approved	34.0	.	.	.	.	Lung adenocarcinoma	SYNERGxDB Database	Investigative	MDA-MB-231	6.45	15.53	11.32	12.93	2
DCZ2FHY	DM4OYXE	LIAROZOLE	Phase 2/3	24.0	DM9WLN4	10-hydroxycamptothecin	Investigative	0.0	.	.	.	.	Large cell lung carcinoma	SYNERGxDB Database	Investigative	NCI-H460	1	4.69	3.03	5.92	2
DC2FOG9	DM4OYXE	LIAROZOLE	Phase 2/3	24.0	DMAE6LK	Topetecan	Approved	34.0	.	.	.	.	Large cell lung carcinoma	SYNERGxDB Database	Investigative	NCI-H460	2.61	1.76	2.41	5.16	2
DC7KCFB	DM4OYXE	LIAROZOLE	Phase 2/3	24.0	DMCJLD1	SCH 727965	Discontinued in Phase 3	9.0	.	.	.	.	Lung adenocarcinoma	SYNERGxDB Database	Investigative	HOP-62	2.32	10.2	1.81	3.83	2
DCXB1JR	DM4OYXE	LIAROZOLE	Phase 2/3	24.0	DMDI269	Docetaxel	Approved	34.0	.	.	.	.	Lung adenocarcinoma	SYNERGxDB Database	Investigative	EKVX	2.15	4.28	1.83	0.85	2
DCR7DEB	DM4OYXE	LIAROZOLE	Phase 2/3	24.0	DMGW1ID	Sirolimus	Approved	34.0	.	.	.	.	Lung adenocarcinoma	SYNERGxDB Database	Investigative	MDA-MB-231	1.98	6.19	3.68	4.1	2
DCMTIHE	DM4OYXE	LIAROZOLE	Phase 2/3	24.0	DMINOX3	Vincristine	Approved	34.0	.	.	.	.	Lung adenocarcinoma	SYNERGxDB Database	Investigative	EKVX	0.53	5.45	2.46	2.46	2
DC8Q9TT	DM4OYXE	LIAROZOLE	Phase 2/3	24.0	DMSG91J	ER819762	Investigative	0.0	.	.	.	.	Large cell lung carcinoma	SYNERGxDB Database	Investigative	NCI-H460	3.28	3.03	2.6	3.28	2
DCFJFDS	DM4OYXE	LIAROZOLE	Phase 2/3	24.0	DMT5GNL	Romidepsin	Approved	34.0	.	.	.	.	Large cell lung carcinoma	SYNERGxDB Database	Investigative	NCI-H460	3.21	4.59	2.75	5.49	2
DCJ936F	DM4OYXE	LIAROZOLE	Phase 2/3	24.0	DMTA5OE	Azacitidine	Approved	34.0	.	.	.	.	Large cell lung carcinoma	SYNERGxDB Database	Investigative	NCI-H460	5.9	5.59	1.33	6.88	2
DCOWBQL	DM4OYXE	LIAROZOLE	Phase 2/3	24.0	DMUOT9V	Taxol	Approved	34.0	.	.	.	.	Large cell lung carcinoma	SYNERGxDB Database	Investigative	NCI-H460	6.86	6.14	3.93	5.47	2
DCGHP5Q	DM4OYXE	LIAROZOLE	Phase 2/3	24.0	DMWGV8N	PMID28870136-Compound-43	Patented	15.5	.	.	.	.	Minimally invasive lung adenocarcinoma	SYNERGxDB Database	Investigative	NCI-H322M	0.6	1.23	1.24	0.78	2
DCZQYYP	DM4OYXE	LIAROZOLE	Phase 2/3	24.0	DMWIDJK	FORMESTANE	Withdrawn from market	12.0	.	.	.	.	Lung adenocarcinoma	SYNERGxDB Database	Investigative	EKVX	2.59	9.54	3.34	1.04	2
DC3Y3MT	DM4OYXE	LIAROZOLE	Phase 2/3	24.0	DMJV2EK	Dasatinib	Investigative	0.0	.	.	.	.	Non-small cell lung carcinoma	SYNERGxDB Database	Investigative	HOP-92	5.15	10.42	6.77	5.73	2
DC3GYHI	DM7XZY5	Triapine	Phase 2	21.0	DM0YZC6	Fulvestrant	Approved	34.0	.	.	.	.	Lung adenocarcinoma	SYNERGxDB Database	Investigative	MDA-MB-231	7.2	14.03	5.08	3.2	2
DCK0ICA	DM7XZY5	Triapine	Phase 2	21.0	DM2AZPP	Hepzato	Phase 3	25.0	.	.	.	.	Lung adenocarcinoma	SYNERGxDB Database	Investigative	EKVX	0.3	1.93	0.39	0.78	2
DC7FN6U	DM7XZY5	Triapine	Phase 2	21.0	DM4O2Z7	Cyclophosphamide	Approved	34.0	.	.	.	.	Large cell lung carcinoma	SYNERGxDB Database	Investigative	NCI-H460	1.19	1.98	0.81	0.45	2
DCWQK8V	DM7XZY5	Triapine	Phase 2	21.0	DM5JVS3	Isoniazid	Approved	34.0	.	.	.	.	Large cell lung carcinoma	SYNERGxDB Database	Investigative	NCI-H460	0	2.07	1.3	1.46	2
DC7EGTV	DM7XZY5	Triapine	Phase 2	21.0	DM7C8YV	Plicamycin	Approved	34.0	.	.	.	.	Large cell lung carcinoma	SYNERGxDB Database	Investigative	NCI-H460	1.43	4.38	3.08	2.61	2
DCX67D4	DM7XZY5	Triapine	Phase 2	21.0	DMDKF3M	Raloxifene	Approved	34.0	.	.	.	.	Lung adenocarcinoma	SYNERGxDB Database	Investigative	EKVX	2.25	2.91	0.02	0.01	2
DCR6XHE	DM7XZY5	Triapine	Phase 2	21.0	DMGW1ID	Sirolimus	Approved	34.0	.	.	.	.	Lung adenocarcinoma	SYNERGxDB Database	Investigative	MDA-MB-231	5.62	5.09	2.31	0.07	2
DCO46N6	DM7XZY5	Triapine	Phase 2	21.0	DMH0ZJE	Mitomycin	Approved	34.0	.	.	.	.	Lung adenocarcinoma 	SYNERGxDB Database	Investigative	NCI-H522	0.38	3.36	0.86	0.98	2
DCHG6VC	DM7XZY5	Triapine	Phase 2	21.0	DMKLAYG	Altretamine	Approved	34.0	.	.	.	.	Lung adenocarcinoma	SYNERGxDB Database	Investigative	HOP-62	1.11	2.38	2.91	0.58	2
DC8LBZ7	DM7XZY5	Triapine	Phase 2	21.0	DMOYJFK	Valrubicin	Approved	34.0	.	.	.	.	Lung adenocarcinoma	SYNERGxDB Database	Investigative	MDA-MB-231	2.68	2.83	3.38	4.24	2
DC21ZO9	DM7XZY5	Triapine	Phase 2	21.0	DMTGBAX	Pomalidomide	Approved	34.0	.	.	.	.	Large cell lung carcinoma	SYNERGxDB Database	Investigative	NCI-H460	1.33	1.93	1.05	0.5	2
DC3RCR1	DM7XZY5	Triapine	Phase 2	21.0	DMWIDJK	FORMESTANE	Withdrawn from market	12.0	.	.	.	.	Minimally invasive lung adenocarcinoma	SYNERGxDB Database	Investigative	NCI-H322M	4.57	6.44	1.18	0.62	2
DC1E2Q6	DM7XZY5	Triapine	Phase 2	21.0	DMXYJ9C	Busulfan	Approved	34.0	.	.	.	.	Lung adenocarcinoma	SYNERGxDB Database	Investigative	MDA-MB-231	3.72	0.85	1.25	0.45	2
DCW0OZI	DM7XZY5	Triapine	Phase 2	21.0	DMXYJ9C	Busulfan	Approved	34.0	.	.	.	.	Lung adenocarcinoma	SYNERGxDB Database	Investigative	HOP-62	2.44	5.83	2.73	0.83	2
DCYFR6P	DM7HXWT	Nilotinib	Approved	34.0	DM0HXDS	Pentostatin	Approved	34.0	.	.	.	.	Large cell lung carcinoma	SYNERGxDB Database	Investigative	NCI-H460	3.41	5.38	1.65	1.12	2
DCGCZLJ	DM7HXWT	Nilotinib	Approved	34.0	DM0HXDS	Pentostatin	Approved	34.0	.	.	.	.	Minimally invasive lung adenocarcinoma	SYNERGxDB Database	Investigative	NCI-H322M	1.5	2.51	0.59	0.5	2
DCEJQU1	DM7HXWT	Nilotinib	Approved	34.0	DM0HXDS	Pentostatin	Approved	34.0	.	.	.	.	Non-small cell lung carcinoma	SYNERGxDB Database	Investigative	HOP-92	16.81	21.73	8.51	4.84	2
DCYAB4I	DM7HXWT	Nilotinib	Approved	34.0	DM4O2Z7	Cyclophosphamide	Approved	34.0	.	.	.	.	Non-small cell lung carcinoma	SYNERGxDB Database	Investigative	HOP-92	0.71	2.07	1.88	1.15	2
DC1G6IB	DM7HXWT	Nilotinib	Approved	34.0	DM5JVS3	Isoniazid	Approved	34.0	.	.	.	.	Lung adenocarcinoma	SYNERGxDB Database	Investigative	EKVX	0.53	1.72	1.1	0.6	2
DCZ8DRE	DM7HXWT	Nilotinib	Approved	34.0	DM5JVS3	Isoniazid	Approved	34.0	.	.	.	.	Non-small cell lung carcinoma	SYNERGxDB Database	Investigative	HOP-92	0.61	3.25	2.52	1.67	2
DCF9O16	DM7HXWT	Nilotinib	Approved	34.0	DM61TA4	Arsenic trioxide	Approved	34.0	.	.	.	.	Lung adenocarcinoma	SYNERGxDB Database	Investigative	HOP-62	3.92	8.18	4.04	8.07	2
DCVDOCL	DM7HXWT	Nilotinib	Approved	34.0	DMCT3I8	Ifosfamide	Approved	34.0	.	.	.	.	Lung adenocarcinoma	SYNERGxDB Database	Investigative	EKVX	0.79	3.15	0.74	0.03	2
DCWFZ6G	DM7HXWT	Nilotinib	Approved	34.0	DMCT3I8	Ifosfamide	Approved	34.0	.	.	.	.	Lung adenocarcinoma	SYNERGxDB Database	Investigative	HOP-62	7.15	15.02	8.58	7.1	2
DCXZU8A	DM7HXWT	Nilotinib	Approved	34.0	DMCT3I8	Ifosfamide	Approved	34.0	.	.	.	.	Minimally invasive lung adenocarcinoma	SYNERGxDB Database	Investigative	NCI-H322M	1.81	2.61	0.16	0.1	2
DCQH9HD	DM7HXWT	Nilotinib	Approved	34.0	DMDI269	Docetaxel	Approved	34.0	.	.	.	.	Large cell lung carcinoma	SYNERGxDB Database	Investigative	NCI-H460	13.68	11.67	4.29	4.89	2
DC24U1V	DM7HXWT	Nilotinib	Approved	34.0	DMDI269	Docetaxel	Approved	34.0	.	.	.	.	Lung adenocarcinoma 	SYNERGxDB Database	Investigative	NCI-H522	15.99	16.31	5.68	5.61	2
DCAQ632	DM7HXWT	Nilotinib	Approved	34.0	DMH0ZJE	Mitomycin	Approved	34.0	.	.	.	.	Lung adenocarcinoma	SYNERGxDB Database	Investigative	EKVX	0.98	2.83	1.68	1.53	2
DCWYJR4	DM7HXWT	Nilotinib	Approved	34.0	DMOYJFK	Valrubicin	Approved	34.0	.	.	.	.	Lung adenocarcinoma	SYNERGxDB Database	Investigative	EKVX	7.52	10.17	5.96	6.53	2
DCA0IG9	DM7HXWT	Nilotinib	Approved	34.0	DMS8IFC	Sorafenib	Approved	34.0	.	.	.	.	Lung adenocarcinoma	SYNERGxDB Database	Investigative	MDA-MB-231	3.62	4.94	0.76	0.38	2
DCDGZUF	DM7HXWT	Nilotinib	Approved	34.0	DMSG91J	ER819762	Investigative	0.0	.	.	.	.	Large cell lung carcinoma	SYNERGxDB Database	Investigative	NCI-H460	2.38	5.57	2.71	1.91	2
DCR8S0K	DM7HXWT	Nilotinib	Approved	34.0	DMTGBAX	Pomalidomide	Approved	34.0	.	.	.	.	Non-small cell lung carcinoma	SYNERGxDB Database	Investigative	HOP-92	2.22	5.48	4.46	1.81	2
DCOU7IC	DM7HXWT	Nilotinib	Approved	34.0	DMWGV8N	PMID28870136-Compound-43	Patented	15.5	.	.	.	.	Lung adenocarcinoma	SYNERGxDB Database	Investigative	HOP-62	1.45	5.12	2.94	3.43	2
DCVVORZ	DM7HXWT	Nilotinib	Approved	34.0	DMWGV8N	PMID28870136-Compound-43	Patented	15.5	.	.	.	.	Minimally invasive lung adenocarcinoma	SYNERGxDB Database	Investigative	NCI-H322M	0.61	1.91	0.01	0.13	2
DCRLHAS	DM7HXWT	Nilotinib	Approved	34.0	DMWNHPC	Aminolevulinic Acid Hydrochloride	Approved	34.0	.	.	.	.	Large cell lung carcinoma	SYNERGxDB Database	Investigative	NCI-H460	7.92	8.34	6.76	8.02	2
DCC7GYI	DMT5GNL	Romidepsin	Approved	34.0	DM2OZ3G	Ixabepilone	Approved	34.0	.	.	.	.	Lung adenocarcinoma	SYNERGxDB Database	Investigative	MDA-MB-231	2.8	4.14	1.82	4.11	2
DCOK3PZ	DMT5GNL	Romidepsin	Approved	34.0	DM2OZ3G	Ixabepilone	Approved	34.0	.	.	.	.	Lung adenocarcinoma 	SYNERGxDB Database	Investigative	NCI-H522	1.16	0.61	3.1	6.02	2
DCHW0SQ	DMT5GNL	Romidepsin	Approved	34.0	DM2OZ3G	Ixabepilone	Approved	34.0	.	.	.	.	Minimally invasive lung adenocarcinoma	SYNERGxDB Database	Investigative	NCI-H322M	5.14	7.3	7.91	10.38	2
DCYWS1E	DMT5GNL	Romidepsin	Approved	34.0	DM3BH1Y	Lapatinib	Approved	34.0	.	.	.	.	Lung adenocarcinoma	SYNERGxDB Database	Investigative	EKVX	0.24	3.04	5.62	5.63	2
DCE96W5	DMT5GNL	Romidepsin	Approved	34.0	DMAE6LK	Topetecan	Approved	34.0	.	.	.	.	Large cell lung carcinoma	SYNERGxDB Database	Investigative	NCI-H460	3.12	3.06	0.1	3.12	2
DCP5X5A	DMT5GNL	Romidepsin	Approved	34.0	DMAE6LK	Topetecan	Approved	34.0	.	.	.	.	Lung adenocarcinoma	SYNERGxDB Database	Investigative	MDA-MB-231	0.71	1.63	2.28	3.74	2
DCRRSU7	DMT5GNL	Romidepsin	Approved	34.0	DMAE6LK	Topetecan	Approved	34.0	.	.	.	.	Lung adenocarcinoma	SYNERGxDB Database	Investigative	HOP-62	1.4	0.99	0.63	2.63	2
DC2OJG5	DMT5GNL	Romidepsin	Approved	34.0	DMH0ZJE	Mitomycin	Approved	34.0	.	.	.	.	Lung adenocarcinoma	SYNERGxDB Database	Investigative	HOP-62	3.05	1.23	5.58	8.71	2
DCVYN8O	DMT5GNL	Romidepsin	Approved	34.0	DMNER5S	Bleomycin	Approved	34.0	.	.	.	.	Lung adenocarcinoma	SYNERGxDB Database	Investigative	HOP-62	4	3.88	7.07	9.88	2
DCCR2TV	DMT5GNL	Romidepsin	Approved	34.0	DMNER5S	Bleomycin	Approved	34.0	.	.	.	.	Lung adenocarcinoma 	SYNERGxDB Database	Investigative	NCI-H522	0.79	0.37	4.07	4.12	2
DCZJ5CC	DMT5GNL	Romidepsin	Approved	34.0	DMNO38U	Bortezomib	Approved	34.0	.	.	.	.	Lung adenocarcinoma	SYNERGxDB Database	Investigative	MDA-MB-231	4.76	5.95	2.18	4.31	2
DCXVAQL	DMT5GNL	Romidepsin	Approved	34.0	DMOYJFK	Valrubicin	Approved	34.0	.	.	.	.	Lung adenocarcinoma	SYNERGxDB Database	Investigative	HOP-62	10.31	13.14	12.03	11.62	2
DCNSBOI	DMT5GNL	Romidepsin	Approved	34.0	DMOYJFK	Valrubicin	Approved	34.0	.	.	.	.	Minimally invasive lung adenocarcinoma	SYNERGxDB Database	Investigative	NCI-H322M	0.75	3.97	4.91	4.89	2
DCD3T2V	DMT5GNL	Romidepsin	Approved	34.0	DMOYJFK	Valrubicin	Approved	34.0	.	.	.	.	Non-small cell lung carcinoma	SYNERGxDB Database	Investigative	HOP-92	3.06	6.84	8.64	9.32	2
DCMTM53	DMT5GNL	Romidepsin	Approved	34.0	DMRHGI9	Cisplatin	Approved	34.0	.	.	.	.	Large cell lung carcinoma	SYNERGxDB Database	Investigative	NCI-H460	3.98	3.78	3.39	5.95	2
DCVGO4J	DMT5GNL	Romidepsin	Approved	34.0	DMRKE63	Chlorambucil	Approved	34.0	.	.	.	.	Lung adenocarcinoma	SYNERGxDB Database	Investigative	MDA-MB-231	7.15	7.66	5.39	6.98	2
DC9DK6H	DMT5GNL	Romidepsin	Approved	34.0	DMTA5OE	Azacitidine	Approved	34.0	.	.	.	.	Large cell lung carcinoma	SYNERGxDB Database	Investigative	NCI-H460	1.22	1.12	2.12	5.1	2
DCQUP06	DMT5GNL	Romidepsin	Approved	34.0	DMTM2IK	Mercaptopurine	Preclinical	2.1	.	.	.	.	Large cell lung carcinoma	SYNERGxDB Database	Investigative	NCI-H460	3.02	1.97	0.46	3.78	2
DC4PV12	DMT5GNL	Romidepsin	Approved	34.0	DMTM2IK	Mercaptopurine	Preclinical	2.1	.	.	.	.	Non-small cell lung carcinoma	SYNERGxDB Database	Investigative	HOP-92	5.69	5.51	6.47	9.32	2
DC4MSSC	DMT5GNL	Romidepsin	Approved	34.0	DMWGV8N	PMID28870136-Compound-43	Patented	15.5	.	.	.	.	Lung adenocarcinoma	SYNERGxDB Database	Investigative	EKVX	0.78	2	3.95	4.02	2
DCNOZHK	DMT5GNL	Romidepsin	Approved	34.0	DMWNHPC	Aminolevulinic Acid Hydrochloride	Approved	34.0	.	.	.	.	Large cell lung carcinoma	SYNERGxDB Database	Investigative	NCI-H460	2.79	1.3	0.79	5.53	2
DCN6VAJ	DMT5GNL	Romidepsin	Approved	34.0	DMWNHPC	Aminolevulinic Acid Hydrochloride	Approved	34.0	.	.	.	.	Lung adenocarcinoma	SYNERGxDB Database	Investigative	HOP-62	13.67	21.19	8.38	13.13	2
DCMRRV9	DMT5GNL	Romidepsin	Approved	34.0	DMWNHPC	Aminolevulinic Acid Hydrochloride	Approved	34.0	.	.	.	.	Lung adenocarcinoma 	SYNERGxDB Database	Investigative	NCI-H522	0.87	0.9	3.74	5.81	2
DCRCCVT	DMWIDJK	FORMESTANE	Withdrawn from market	12.0	DM0HXDS	Pentostatin	Approved	34.0	.	.	.	.	Lung adenocarcinoma	ALMANAC Dataset	Investigative	EKVX	3.48	4.27	3.4	0.23	2
DCC22L8	DMWIDJK	FORMESTANE	Withdrawn from market	12.0	DM0HXDS	Pentostatin	Approved	34.0	.	.	.	.	Non-small cell lung carcinoma	ALMANAC Dataset	Investigative	HOP-92	3.76	5.61	6.35	2.84	2
DC4L9M8	DMWIDJK	FORMESTANE	Withdrawn from market	12.0	DM4O2Z7	Cyclophosphamide	Approved	34.0	.	.	.	.	Lung adenocarcinoma	ALMANAC Dataset	Investigative	HOP-62	8.43	10.17	2.99	1.41	2
DCPSM29	DMWIDJK	FORMESTANE	Withdrawn from market	12.0	DM4O2Z7	Cyclophosphamide	Approved	34.0	.	.	.	.	Non-small cell lung carcinoma	ALMANAC Dataset	Investigative	HOP-92	1.36	3.79	4.83	2.16	2
DCW84T6	DMWIDJK	FORMESTANE	Withdrawn from market	12.0	DM2TEOL	Methotrexate	Phase 1/2 Trial	19.0	.	.	.	.	Lung adenocarcinoma	ALMANAC Dataset	Investigative	EKVX	5.88	2.35	4.28	0.25	2
DCUVIL2	DMWIDJK	FORMESTANE	Withdrawn from market	12.0	DM5JVS3	Isoniazid	Approved	34.0	.	.	.	.	Lung adenocarcinoma	ALMANAC Dataset	Investigative	HOP-62	6.19	7.02	1.9	0.82	2
DCXPSQ0	DMWIDJK	FORMESTANE	Withdrawn from market	12.0	DMAO80I	Pralatrexate	Approved	34.0	.	.	.	.	Large cell lung carcinoma	ALMANAC Dataset	Investigative	NCI-H460	0.02	1.35	1	0.82	2
DCHI7XQ	DMWIDJK	FORMESTANE	Withdrawn from market	12.0	DMFH15Z	Bendamustine hydrochloride	Approved	34.0	.	.	.	.	Large cell lung carcinoma	ALMANAC Dataset	Investigative	NCI-H460	2.22	3.41	1.39	2	2
DCTUDFZ	DMWIDJK	FORMESTANE	Withdrawn from market	12.0	DMH0ZJE	Mitomycin	Approved	34.0	.	.	.	.	Lung adenocarcinoma	ALMANAC Dataset	Investigative	HOP-62	0.19	1.72	3.01	0.46	2
DCNO7UZ	DMWIDJK	FORMESTANE	Withdrawn from market	12.0	DMRKE63	Chlorambucil	Approved	34.0	.	.	.	.	Lung adenocarcinoma	ALMANAC Dataset	Investigative	EKVX	1.15	7.81	4.71	4.67	2
DC222CG	DMWIDJK	FORMESTANE	Withdrawn from market	12.0	DMSG91J	ER819762	Investigative	0.0	.	.	.	.	Lung adenocarcinoma	ALMANAC Dataset	Investigative	EKVX	4.08	7.02	7.48	3.8	2
DCU78Z2	DMWIDJK	FORMESTANE	Withdrawn from market	12.0	DMTM2IK	Mercaptopurine	Preclinical	2.1	.	.	.	.	Large cell lung carcinoma	ALMANAC Dataset	Investigative	NCI-H460	1.67	0.32	0.04	0.9	2
DCWS2NO	DMWIDJK	FORMESTANE	Withdrawn from market	12.0	DMU8L7C	Mepacrine	Investigative	0.0	.	.	.	.	Lung adenocarcinoma	ALMANAC Dataset	Investigative	HOP-62	7.15	14.6	4.94	4.58	2
DCCAL30	DMWIDJK	FORMESTANE	Withdrawn from market	12.0	DMWNHPC	Aminolevulinic Acid Hydrochloride	Approved	34.0	.	.	.	.	Large cell lung carcinoma	ALMANAC Dataset	Investigative	NCI-H460	8.08	7.91	9.12	9.22	2
DCKIBCX	DMVRLT7	Fludarabine	Approved	34.0	DM4DOUB	PMID28460551-Compound-2	Patented	15.5	.	.	.	.	Minimally invasive lung adenocarcinoma	SYNERGxDB Database	Investigative	NCI-H322M	1.35	4.55	3.19	0.7	2
DCHPC1D	DMVRLT7	Fludarabine	Approved	34.0	DM7HXWT	Nilotinib	Approved	34.0	.	.	.	.	Lung adenocarcinoma	SYNERGxDB Database	Investigative	HOP-62	6.11	8.26	8.92	9.39	2
DCROOSU	DMVRLT7	Fludarabine	Approved	34.0	DM7XZY5	Triapine	Phase 2	21.0	.	.	.	.	Lung adenocarcinoma	SYNERGxDB Database	Investigative	EKVX	3.4	6.1	3.49	1.05	2
DCZJGBL	DMVRLT7	Fludarabine	Approved	34.0	DMAE6LK	Topetecan	Approved	34.0	.	.	.	.	Large cell lung carcinoma	SYNERGxDB Database	Investigative	NCI-H460	0.4	0.09	0.96	3.95	2
DC1QTIZ	DMVRLT7	Fludarabine	Approved	34.0	DMFH15Z	Bendamustine hydrochloride	Approved	34.0	.	.	.	.	Lung adenocarcinoma	SYNERGxDB Database	Investigative	MDA-MB-231	0.22	3.62	4.69	5.41	2
DCWSK7Z	DMVRLT7	Fludarabine	Approved	34.0	DMGW1ID	Sirolimus	Approved	34.0	.	.	.	.	Lung adenocarcinoma	SYNERGxDB Database	Investigative	MDA-MB-231	4.82	8.18	4.09	6.19	2
DC1O002	DMVRLT7	Fludarabine	Approved	34.0	DMINOX3	Vincristine	Approved	34.0	.	.	.	.	Lung adenocarcinoma	SYNERGxDB Database	Investigative	EKVX	0.16	3.7	0.85	0.85	2
DCYIUNH	DMVRLT7	Fludarabine	Approved	34.0	DMNO38U	Bortezomib	Approved	34.0	.	.	.	.	Lung adenocarcinoma	SYNERGxDB Database	Investigative	HOP-62	0.47	1.11	0.78	2.26	2
DCZ9N5U	DMVRLT7	Fludarabine	Approved	34.0	DMRKE63	Chlorambucil	Approved	34.0	.	.	.	.	Large cell lung carcinoma	SYNERGxDB Database	Investigative	NCI-H460	9.21	8.83	5	9.79	2
DCLYCMS	DMVRLT7	Fludarabine	Approved	34.0	DMSG91J	ER819762	Investigative	0.0	.	.	.	.	Lung adenocarcinoma	SYNERGxDB Database	Investigative	HOP-62	5.81	5.56	3.51	7.48	2
DCQP24C	DMVRLT7	Fludarabine	Approved	34.0	DMT5GNL	Romidepsin	Approved	34.0	.	.	.	.	Large cell lung carcinoma	SYNERGxDB Database	Investigative	NCI-H460	4.47	5.14	2.88	6.12	2
DCFK4BU	DMVRLT7	Fludarabine	Approved	34.0	DMTA5OE	Azacitidine	Approved	34.0	.	.	.	.	Large cell lung carcinoma	SYNERGxDB Database	Investigative	NCI-H460	1.86	2.59	0.15	3.67	2
DC44LEP	DMVRLT7	Fludarabine	Approved	34.0	DMTJAEP	Vinflunine	Approved	34.0	.	.	.	.	Lung adenocarcinoma	SYNERGxDB Database	Investigative	EKVX	0.75	5.73	1.32	1.19	2
DCW2QYL	DMVRLT7	Fludarabine	Approved	34.0	DMTJAEP	Vinflunine	Approved	34.0	.	.	.	.	Non-small cell lung carcinoma	SYNERGxDB Database	Investigative	HOP-92	3.67	4.24	0.54	1.71	2
DCEP6DS	DMVRLT7	Fludarabine	Approved	34.0	DMWNHPC	Aminolevulinic Acid Hydrochloride	Approved	34.0	.	.	.	.	Lung adenocarcinoma	SYNERGxDB Database	Investigative	HOP-62	2.25	1.63	1.49	6.57	2
DC7OGH1	DMVRLT7	Fludarabine	Approved	34.0	DMWVIGP	Digitoxin	Approved	34.0	.	.	.	.	Large cell lung carcinoma	SYNERGxDB Database	Investigative	NCI-H460	3.09	5.66	1.28	6.49	2
DC25OME	DMLNFWU	TEM	Phase 2	21.0	DM0HXDS	Pentostatin	Approved	34.0	.	.	.	.	Lung adenocarcinoma	SYNERGxDB Database	Investigative	EKVX	2.35	5.97	8.03	1.6	2
DC02LMR	DMLNFWU	TEM	Phase 2	21.0	DM0HXDS	Pentostatin	Approved	34.0	.	.	.	.	Minimally invasive lung adenocarcinoma	SYNERGxDB Database	Investigative	NCI-H322M	1.15	2.01	1.36	1.23	2
DCB90HT	DMLNFWU	TEM	Phase 2	21.0	DM7C8YV	Plicamycin	Approved	34.0	.	.	.	.	Lung adenocarcinoma	SYNERGxDB Database	Investigative	MDA-MB-231	3.77	6.34	1	1.01	2
DC8HEOG	DMLNFWU	TEM	Phase 2	21.0	DM7C8YV	Plicamycin	Approved	34.0	.	.	.	.	Minimally invasive lung adenocarcinoma	SYNERGxDB Database	Investigative	NCI-H322M	2.53	3.9	3.16	0.28	2
DCCNG2S	DMLNFWU	TEM	Phase 2	21.0	DM7XZY5	Triapine	Phase 2	21.0	.	.	.	.	Minimally invasive lung adenocarcinoma	SYNERGxDB Database	Investigative	NCI-H322M	1.05	3.51	0.55	0.55	2
DCWZKMY	DMLNFWU	TEM	Phase 2	21.0	DMAO80I	Pralatrexate	Approved	34.0	.	.	.	.	Lung adenocarcinoma	SYNERGxDB Database	Investigative	MDA-MB-231	3.88	8.14	3.04	2.63	2
DCK5VOV	DMLNFWU	TEM	Phase 2	21.0	DMCT3I8	Ifosfamide	Approved	34.0	.	.	.	.	Lung adenocarcinoma	SYNERGxDB Database	Investigative	HOP-62	2.68	7.55	4.67	3.64	2
DC3RAQH	DMLNFWU	TEM	Phase 2	21.0	DMCT3I8	Ifosfamide	Approved	34.0	.	.	.	.	Lung adenocarcinoma	SYNERGxDB Database	Investigative	MDA-MB-231	2.14	3.41	1.81	0.12	2
DC81Q8J	DMLNFWU	TEM	Phase 2	21.0	DMKLAYG	Altretamine	Approved	34.0	.	.	.	.	Minimally invasive lung adenocarcinoma	SYNERGxDB Database	Investigative	NCI-H322M	7.95	1.93	2.95	2.22	2
DC7RYQN	DMLNFWU	TEM	Phase 2	21.0	DMNER5S	Bleomycin	Approved	34.0	.	.	.	.	Lung adenocarcinoma	SYNERGxDB Database	Investigative	EKVX	1.8	3.81	2.1	1.73	2
DCH9OR1	DMLNFWU	TEM	Phase 2	21.0	DMNER5S	Bleomycin	Approved	34.0	.	.	.	.	Minimally invasive lung adenocarcinoma	SYNERGxDB Database	Investigative	NCI-H322M	3.61	4.29	0.25	0.25	2
DCC2IE2	DMLNFWU	TEM	Phase 2	21.0	DMRKE63	Chlorambucil	Approved	34.0	.	.	.	.	Lung adenocarcinoma	SYNERGxDB Database	Investigative	HOP-62	3.99	8.72	2.48	1.86	2
DCJEQV9	DMLNFWU	TEM	Phase 2	21.0	DMRKE63	Chlorambucil	Approved	34.0	.	.	.	.	Minimally invasive lung adenocarcinoma	SYNERGxDB Database	Investigative	NCI-H322M	1.03	1.31	0.25	0.15	2
DCU9SGC	DMLNFWU	TEM	Phase 2	21.0	DMSG91J	ER819762	Investigative	0.0	.	.	.	.	Lung adenocarcinoma	SYNERGxDB Database	Investigative	EKVX	0.55	2.88	1.74	1.74	2
DCSTNZZ	DMLNFWU	TEM	Phase 2	21.0	DMTGBAX	Pomalidomide	Approved	34.0	.	.	.	.	Minimally invasive lung adenocarcinoma	SYNERGxDB Database	Investigative	NCI-H322M	0.13	1.93	0.11	0.66	2
DCT7BAC	DMLNFWU	TEM	Phase 2	21.0	DMTM2IK	Mercaptopurine	Preclinical	2.1	.	.	.	.	Lung adenocarcinoma	SYNERGxDB Database	Investigative	MDA-MB-231	18.24	27.15	2.74	2.74	2
DC31L29	DMLNFWU	TEM	Phase 2	21.0	DMWNHPC	Aminolevulinic Acid Hydrochloride	Approved	34.0	.	.	.	.	Large cell lung carcinoma	SYNERGxDB Database	Investigative	NCI-H460	2.26	3.6	1.8	4.25	2
DC1CKPZ	DMLNFWU	TEM	Phase 2	21.0	DMWNHPC	Aminolevulinic Acid Hydrochloride	Approved	34.0	.	.	.	.	Lung adenocarcinoma	SYNERGxDB Database	Investigative	HOP-62	0.42	3.89	2.81	0.54	2
DCGWSDO	DMTA5OE	Azacitidine	Approved	34.0	DM0YZC6	Fulvestrant	Approved	34.0	.	.	.	.	Lung adenocarcinoma	DrugCombDB Database	Investigative	HOP-62	4.91	12.38	4.65	4.95	2
DCI1T5H	DMTA5OE	Azacitidine	Approved	34.0	DM0YZC6	Fulvestrant	Approved	34.0	.	.	.	.	Lung adenocarcinoma	DrugCombDB Database	Investigative	EKVX	1.52	5.06	3.74	2.37	2
DCD91GV	DMTA5OE	Azacitidine	Approved	34.0	DM2OZ3G	Ixabepilone	Approved	34.0	.	.	.	.	Lung adenocarcinoma	DrugCombDB Database	Investigative	HOP-62	4.15	3.04	9.68	11	2
DCGULA9	DMTA5OE	Azacitidine	Approved	34.0	DM5JVS3	Isoniazid	Approved	34.0	.	.	.	.	Lung adenocarcinoma	DrugCombDB Database	Investigative	HOP-62	9.1	12.15	4.25	9.76	2
DCUP953	DMTA5OE	Azacitidine	Approved	34.0	DM7XZY5	Triapine	Phase 2	21.0	.	.	.	.	Lung adenocarcinoma	DrugCombDB Database	Investigative	EKVX	0.84	3.47	0.43	0.43	2
DCWJWBK	DMTA5OE	Azacitidine	Approved	34.0	DMAO80I	Pralatrexate	Approved	34.0	.	.	.	.	Large cell lung carcinoma	DrugCombDB Database	Investigative	NCI-H460	1.4	0.06	0.32	0.56	2
DCDGD21	DMTA5OE	Azacitidine	Approved	34.0	DMC3P45	Terameprocol	Phase 2	21.0	.	.	.	.	Lung adenocarcinoma	DrugCombDB Database	Investigative	EKVX	0.14	2.22	0.79	1.24	2
DC1K6HM	DMTA5OE	Azacitidine	Approved	34.0	DMC3P45	Terameprocol	Phase 2	21.0	.	.	.	.	Lung adenocarcinoma	DrugCombDB Database	Investigative	HOP-62	0.58	5.75	3.95	3.45	2
DC1FRY6	DMTA5OE	Azacitidine	Approved	34.0	DMH0ZJE	Mitomycin	Approved	34.0	.	.	.	.	Large cell lung carcinoma	DrugCombDB Database	Investigative	NCI-H460	6.43	5.26	5.54	7.92	2
DC600PR	DMTA5OE	Azacitidine	Approved	34.0	DMOYJFK	Valrubicin	Approved	34.0	.	.	.	.	Lung adenocarcinoma	DrugCombDB Database	Investigative	HOP-62	8.57	13.08	2.84	6.33	2
DC67I93	DMTA5OE	Azacitidine	Approved	34.0	DMOYJFK	Valrubicin	Approved	34.0	.	.	.	.	Non-small cell lung carcinoma	DrugCombDB Database	Investigative	HOP-92	1.23	3.36	2.53	5.09	2
DCCTTI5	DMTA5OE	Azacitidine	Approved	34.0	DMRHGI9	Cisplatin	Approved	34.0	.	.	.	.	Lung adenocarcinoma	DrugCombDB Database	Investigative	EKVX	1.57	4.55	0.2	0.46	2
DCQJ3IK	DMTA5OE	Azacitidine	Approved	34.0	DMSG91J	ER819762	Investigative	0.0	.	.	.	.	Large cell lung carcinoma	DrugCombDB Database	Investigative	NCI-H460	0.48	1.34	1.04	1.6	2
DCQOUAG	DMTA5OE	Azacitidine	Approved	34.0	DMTJAEP	Vinflunine	Approved	34.0	.	.	.	.	Non-small cell lung carcinoma	DrugCombDB Database	Investigative	HOP-92	3.64	6.18	3.88	1.05	2
DCAAA2G	DMTA5OE	Azacitidine	Approved	34.0	DMTM2IK	Mercaptopurine	Preclinical	2.1	.	.	.	.	Large cell lung carcinoma	DrugCombDB Database	Investigative	NCI-H460	1.88	0.9	0.04	3.43	2
DC1UWNX	DMTA5OE	Azacitidine	Approved	34.0	DMU8L7C	Mepacrine	Investigative	0.0	.	.	.	.	Lung adenocarcinoma	DrugCombDB Database	Investigative	MDA-MB-231	0.66	6.68	7.13	7.37	2
DCDHFSK	DMTA5OE	Azacitidine	Approved	34.0	DMWNHPC	Aminolevulinic Acid Hydrochloride	Approved	34.0	.	.	.	.	Large cell lung carcinoma	DrugCombDB Database	Investigative	NCI-H460	3.38	3.17	2.23	6.3	2
DCVPMTF	DMAO80I	Pralatrexate	Approved	34.0	DMH5LME	Levoleucovorin	Approved	34.0	.	.	.	.	Non-Small Cell Lung Cancer	ClinicalTrials.gov	Phase 1	.	.	.	.	.	2
DCY5CN8	DMAO80I	Pralatrexate	Approved	34.0	DM2OZ3G	Ixabepilone	Approved	34.0	.	.	.	.	Lung adenocarcinoma	SYNERGxDB Database	Investigative	HOP-62	6.62	5.49	2.12	1.53	2
DCZWMBC	DMAO80I	Pralatrexate	Approved	34.0	DM2OZ3G	Ixabepilone	Approved	34.0	.	.	.	.	Lung adenocarcinoma	SYNERGxDB Database	Investigative	MDA-MB-231	1.98	2.86	2.68	2.66	2
DC5MIYT	DMAO80I	Pralatrexate	Approved	34.0	DM2OZ3G	Ixabepilone	Approved	34.0	.	.	.	.	Lung adenocarcinoma 	SYNERGxDB Database	Investigative	NCI-H522	4.69	5.68	5.1	5.16	2
DCZIF49	DMAO80I	Pralatrexate	Approved	34.0	DM2OZ3G	Ixabepilone	Approved	34.0	.	.	.	.	Minimally invasive lung adenocarcinoma	SYNERGxDB Database	Investigative	NCI-H322M	3.53	3.81	3.78	3.43	2
DC0FYMM	DMAO80I	Pralatrexate	Approved	34.0	DM2TEOL	Methotrexate	Phase 1/2 Trial	19.0	.	.	.	.	Large cell lung carcinoma	SYNERGxDB Database	Investigative	NCI-H460	27.34	20.4	18.86	19.11	2
DC2O41S	DMAO80I	Pralatrexate	Approved	34.0	DM2TEOL	Methotrexate	Phase 1/2 Trial	19.0	.	.	.	.	Lung adenocarcinoma	SYNERGxDB Database	Investigative	HOP-62	0.29	8.29	5.66	3.32	2
DC4TQ3O	DMAO80I	Pralatrexate	Approved	34.0	DM2TEOL	Methotrexate	Phase 1/2 Trial	19.0	.	.	.	.	Minimally invasive lung adenocarcinoma	SYNERGxDB Database	Investigative	NCI-H322M	1.21	2.1	0.38	0.45	2
DCF7QPZ	DMAO80I	Pralatrexate	Approved	34.0	DM61TA4	Arsenic trioxide	Approved	34.0	.	.	.	.	Large cell lung carcinoma	SYNERGxDB Database	Investigative	NCI-H460	0.53	1.1	1.06	1.1	2
DC22M4D	DMAO80I	Pralatrexate	Approved	34.0	DMAE6LK	Topetecan	Approved	34.0	.	.	.	.	Large cell lung carcinoma	SYNERGxDB Database	Investigative	NCI-H460	3.52	2.96	1.35	1.19	2
DC4YKOX	DMAO80I	Pralatrexate	Approved	34.0	DMFH15Z	Bendamustine hydrochloride	Approved	34.0	.	.	.	.	Large cell lung carcinoma	SYNERGxDB Database	Investigative	NCI-H460	2.92	1.47	1.71	2.89	2
DC01YYT	DMAO80I	Pralatrexate	Approved	34.0	DMH0ZJE	Mitomycin	Approved	34.0	.	.	.	.	Lung adenocarcinoma	SYNERGxDB Database	Investigative	HOP-62	2.13	3.07	3.7	3.73	2
DCWZDVL	DMAO80I	Pralatrexate	Approved	34.0	DMNO38U	Bortezomib	Approved	34.0	.	.	.	.	Lung adenocarcinoma 	SYNERGxDB Database	Investigative	NCI-H522	0.74	1.36	0.48	0	2
DCTBTZ5	DMAO80I	Pralatrexate	Approved	34.0	DMRHGI9	Cisplatin	Approved	34.0	.	.	.	.	Lung adenocarcinoma	SYNERGxDB Database	Investigative	MDA-MB-231	5.81	9.69	0.73	0.15	2
DCEW6E0	DMAO80I	Pralatrexate	Approved	34.0	DMRKE63	Chlorambucil	Approved	34.0	.	.	.	.	Lung adenocarcinoma 	SYNERGxDB Database	Investigative	NCI-H522	0.12	2.89	0.37	0.08	2
DCTF9VG	DMAO80I	Pralatrexate	Approved	34.0	DMSG91J	ER819762	Investigative	0.0	.	.	.	.	Lung adenocarcinoma 	SYNERGxDB Database	Investigative	NCI-H522	1.21	2.61	1.88	1.47	2
DCWCTPE	DMAO80I	Pralatrexate	Approved	34.0	DMTGBAX	Pomalidomide	Approved	34.0	.	.	.	.	Lung adenocarcinoma	SYNERGxDB Database	Investigative	EKVX	0.17	3.95	2.82	2.75	2
DCTU4WV	DMAO80I	Pralatrexate	Approved	34.0	DMWGV8N	PMID28870136-Compound-43	Patented	15.5	.	.	.	.	Lung adenocarcinoma 	SYNERGxDB Database	Investigative	NCI-H522	0.4	7.73	6.54	6.48	2
DC9NWNI	DM2AZPP	Hepzato	Phase 3	25.0	DM0YZC6	Fulvestrant	Approved	34.0	.	.	.	.	Large cell lung carcinoma	SYNERGxDB Database	Investigative	NCI-H460	0.15	2.57	1.83	1.68	2
DCHR3XV	DM2AZPP	Hepzato	Phase 3	25.0	DM4O2Z7	Cyclophosphamide	Approved	34.0	.	.	.	.	Lung adenocarcinoma	SYNERGxDB Database	Investigative	HOP-62	8.14	14.3	7.89	2.96	2
DCK7R6Q	DM2AZPP	Hepzato	Phase 3	25.0	DM5JVS3	Isoniazid	Approved	34.0	.	.	.	.	Non-small cell lung carcinoma	SYNERGxDB Database	Investigative	HOP-92	2.97	7.25	4.24	3.13	2
DCGA0HM	DM2AZPP	Hepzato	Phase 3	25.0	DMC3P45	Terameprocol	Phase 2	21.0	.	.	.	.	Lung adenocarcinoma	SYNERGxDB Database	Investigative	HOP-62	5.03	7.83	4.72	3.8	2
DC4RH99	DM2AZPP	Hepzato	Phase 3	25.0	DMC3P45	Terameprocol	Phase 2	21.0	.	.	.	.	Lung adenocarcinoma	SYNERGxDB Database	Investigative	EKVX	3.48	10.33	4.82	4.38	2
DC7QPNF	DM2AZPP	Hepzato	Phase 3	25.0	DMC3P45	Terameprocol	Phase 2	21.0	.	.	.	.	Lung adenocarcinoma 	SYNERGxDB Database	Investigative	NCI-H522	2.08	4.47	0.78	0.66	2
DCVEPHT	DM2AZPP	Hepzato	Phase 3	25.0	DMC3P45	Terameprocol	Phase 2	21.0	.	.	.	.	Non-small cell lung carcinoma	SYNERGxDB Database	Investigative	HOP-92	1.54	4.41	2.55	1	2
DC6UKK3	DM2AZPP	Hepzato	Phase 3	25.0	DMCT3I8	Ifosfamide	Approved	34.0	.	.	.	.	Lung adenocarcinoma	SYNERGxDB Database	Investigative	HOP-62	3.03	5.55	1.84	1.01	2
DCUBVTY	DM2AZPP	Hepzato	Phase 3	25.0	DMDI269	Docetaxel	Approved	34.0	.	.	.	.	Lung adenocarcinoma	SYNERGxDB Database	Investigative	EKVX	3.48	7.12	5.28	2.43	2
DCIW07V	DM2AZPP	Hepzato	Phase 3	25.0	DMGW1ID	Sirolimus	Approved	34.0	.	.	.	.	Lung adenocarcinoma	SYNERGxDB Database	Investigative	MDA-MB-231	1.51	5.54	3.51	2.94	2
DCIY4S1	DM2AZPP	Hepzato	Phase 3	25.0	DMH0ZJE	Mitomycin	Approved	34.0	.	.	.	.	Non-small cell lung carcinoma	SYNERGxDB Database	Investigative	HOP-92	0.13	1.14	0.04	0.68	2
DCPYLAI	DM2AZPP	Hepzato	Phase 3	25.0	DMKLAYG	Altretamine	Approved	34.0	.	.	.	.	Large cell lung carcinoma	SYNERGxDB Database	Investigative	NCI-H460	4.38	5.6	0.74	0.74	2
DCCHQEL	DM2AZPP	Hepzato	Phase 3	25.0	DMRKE63	Chlorambucil	Approved	34.0	.	.	.	.	Lung adenocarcinoma	SYNERGxDB Database	Investigative	EKVX	0.68	2.32	0.73	1.31	2
DCR87ML	DM2AZPP	Hepzato	Phase 3	25.0	DMSG91J	ER819762	Investigative	0.0	.	.	.	.	Lung adenocarcinoma	SYNERGxDB Database	Investigative	HOP-62	5.49	9.09	2.38	1.53	2
DCCHTKD	DM2AZPP	Hepzato	Phase 3	25.0	DMTGBAX	Pomalidomide	Approved	34.0	.	.	.	.	Lung adenocarcinoma	SYNERGxDB Database	Investigative	EKVX	3.72	6.19	5.02	1.89	2
DC29O22	DM2AZPP	Hepzato	Phase 3	25.0	DMTGBAX	Pomalidomide	Approved	34.0	.	.	.	.	Lung adenocarcinoma	SYNERGxDB Database	Investigative	MDA-MB-231	3.12	5.5	0.79	0.79	2
DCOEIP9	DM2AZPP	Hepzato	Phase 3	25.0	DMTGBAX	Pomalidomide	Approved	34.0	.	.	.	.	Non-small cell lung carcinoma	SYNERGxDB Database	Investigative	HOP-92	1.53	2.93	0.93	0.28	2
DCTZDQ6	DM2AZPP	Hepzato	Phase 3	25.0	DMU8L7C	Mepacrine	Investigative	0.0	.	.	.	.	Lung adenocarcinoma 	SYNERGxDB Database	Investigative	NCI-H522	2.29	6.67	2.62	3.4	2
DCOW5N4	DMWVIGP	Digitoxin	Approved	34.0	DM7HXWT	Nilotinib	Approved	34.0	.	.	.	.	Lung adenocarcinoma	DrugCombDB Database	Investigative	HOP-62	6.11	8.26	8.92	9.39	2
DCLF1JC	DMWVIGP	Digitoxin	Approved	34.0	DMCT3I8	Ifosfamide	Approved	34.0	.	.	.	.	Large cell lung carcinoma	DrugCombDB Database	Investigative	NCI-H460	9.63	12.01	10.72	10.72	2
DCE44UW	DMWVIGP	Digitoxin	Approved	34.0	DMDKF3M	Raloxifene	Approved	34.0	.	.	.	.	Large cell lung carcinoma	DrugCombDB Database	Investigative	NCI-H460	2.03	4.86	1.52	1.26	2
DCM3OWN	DMWVIGP	Digitoxin	Approved	34.0	DMH0ZJE	Mitomycin	Approved	34.0	.	.	.	.	Large cell lung carcinoma	DrugCombDB Database	Investigative	NCI-H460	4.06	6.21	7.16	3.61	2
DCLZ4B7	DMWVIGP	Digitoxin	Approved	34.0	DM7RJXL	Imatinib	Phase 3 Trial	25.0	.	.	.	.	Large cell lung carcinoma	DrugCombDB Database	Investigative	NCI-H460	4.64	5.82	2.03	1.87	2
DCT3VKB	DMWVIGP	Digitoxin	Approved	34.0	DMOYJFK	Valrubicin	Approved	34.0	.	.	.	.	Lung adenocarcinoma	DrugCombDB Database	Investigative	MDA-MB-231	1.66	1.64	3.21	6.59	2
DCDVGRF	DMWVIGP	Digitoxin	Approved	34.0	DMRHGI9	Cisplatin	Approved	34.0	.	.	.	.	Lung adenocarcinoma	DrugCombDB Database	Investigative	HOP-62	0.51	1.03	1.1	4.94	2
DC3YJT5	DMWVIGP	Digitoxin	Approved	34.0	DMRHGI9	Cisplatin	Approved	34.0	.	.	.	.	Lung adenocarcinoma	DrugCombDB Database	Investigative	EKVX	1.19	7.58	2.59	2.6	2
DCGKJ93	DMWVIGP	Digitoxin	Approved	34.0	DMS8IFC	Sorafenib	Approved	34.0	.	.	.	.	Lung adenocarcinoma	DrugCombDB Database	Investigative	EKVX	1.93	3.8	2.15	1.43	2
DCHMJNT	DMWVIGP	Digitoxin	Approved	34.0	DMT5GNL	Romidepsin	Approved	34.0	.	.	.	.	Lung adenocarcinoma	DrugCombDB Database	Investigative	MDA-MB-231	3.01	3.34	0.59	4.9	2
DCZDYKM	DMWVIGP	Digitoxin	Approved	34.0	DMTJAEP	Vinflunine	Approved	34.0	.	.	.	.	Non-small cell lung carcinoma	DrugCombDB Database	Investigative	HOP-92	3.38	4.44	0.76	2.13	2
DC2VQ89	DMWVIGP	Digitoxin	Approved	34.0	DMWNHPC	Aminolevulinic Acid Hydrochloride	Approved	34.0	.	.	.	.	Large cell lung carcinoma	DrugCombDB Database	Investigative	NCI-H460	1.4	1.83	2.68	1.75	2
DCPHULZ	DMWVIGP	Digitoxin	Approved	34.0	DMWTAOI	Estramustine	Approved	34.0	.	.	.	.	Large cell lung carcinoma	DrugCombDB Database	Investigative	NCI-H460	2.91	4.38	1.18	2.09	2
DCCHLJZ	DMWVIGP	Digitoxin	Approved	34.0	DMWTAOI	Estramustine	Approved	34.0	.	.	.	.	Minimally invasive lung adenocarcinoma	DrugCombDB Database	Investigative	NCI-H322M	1.88	4.74	3.2	1.78	2
DCOMBER	DMXYJ9C	Busulfan	Approved	34.0	DM61TA4	Arsenic trioxide	Approved	34.0	.	.	.	.	Large cell lung carcinoma	DrugCombDB Database	Investigative	NCI-H460	2.72	3.34	1.14	5.2	2
DC3XOYD	DMXYJ9C	Busulfan	Approved	34.0	DMH0ZJE	Mitomycin	Approved	34.0	.	.	.	.	Lung adenocarcinoma 	DrugCombDB Database	Investigative	NCI-H522	2.76	5.52	3.7	2.6	2
DC7I0VE	DMXYJ9C	Busulfan	Approved	34.0	DMKLAYG	Altretamine	Approved	34.0	.	.	.	.	Lung adenocarcinoma	DrugCombDB Database	Investigative	HOP-62	0.57	2.32	2.88	3.61	2
DCW3NTJ	DMXYJ9C	Busulfan	Approved	34.0	DMRHGI9	Cisplatin	Approved	34.0	.	.	.	.	Large cell lung carcinoma	DrugCombDB Database	Investigative	NCI-H460	4.63	1.85	2.69	4.89	2
DCA832U	DMXYJ9C	Busulfan	Approved	34.0	DMRKE63	Chlorambucil	Approved	34.0	.	.	.	.	Lung adenocarcinoma	DrugCombDB Database	Investigative	EKVX	1.67	7.22	7.84	7.44	2
DC2RLDI	DMXYJ9C	Busulfan	Approved	34.0	DMSG91J	ER819762	Investigative	0.0	.	.	.	.	Lung adenocarcinoma	DrugCombDB Database	Investigative	MDA-MB-231	1.06	2.47	1.12	1.12	2
DC9PZV0	DMXYJ9C	Busulfan	Approved	34.0	DMSG91J	ER819762	Investigative	0.0	.	.	.	.	Lung adenocarcinoma	DrugCombDB Database	Investigative	EKVX	4.87	8.81	9.88	6.24	2
DCFLJY2	DMXYJ9C	Busulfan	Approved	34.0	DMWGV8N	PMID28870136-Compound-43	Patented	15.5	.	.	.	.	Minimally invasive lung adenocarcinoma	DrugCombDB Database	Investigative	NCI-H322M	1.12	2.02	0.92	0.39	2
DCU6VSB	DMXYJ9C	Busulfan	Approved	34.0	DMWIDJK	FORMESTANE	Withdrawn from market	12.0	.	.	.	.	Lung adenocarcinoma	DrugCombDB Database	Investigative	HOP-62	22.28	24.5	12.68	5.08	2
DCOGRNR	DMXYJ9C	Busulfan	Approved	34.0	DMWIDJK	FORMESTANE	Withdrawn from market	12.0	.	.	.	.	Minimally invasive lung adenocarcinoma	DrugCombDB Database	Investigative	NCI-H322M	4.67	6.27	1.67	1.1	2
DCVSL3P	DMFH15Z	Bendamustine hydrochloride	Approved	34.0	DM5JVS3	Isoniazid	Approved	34.0	.	.	.	.	Large cell lung carcinoma	SYNERGxDB Database	Investigative	NCI-H460	16.01	13.04	11.55	11.54	2
DCPAVBZ	DMFH15Z	Bendamustine hydrochloride	Approved	34.0	DMCT3I8	Ifosfamide	Approved	34.0	.	.	.	.	Large cell lung carcinoma	SYNERGxDB Database	Investigative	NCI-H460	7.24	7.63	1.79	0.91	2
DCWGPP4	DMFH15Z	Bendamustine hydrochloride	Approved	34.0	DMKLAYG	Altretamine	Approved	34.0	.	.	.	.	Large cell lung carcinoma	SYNERGxDB Database	Investigative	NCI-H460	5.82	11.76	8.13	8.23	2
DCKJVSO	DMFH15Z	Bendamustine hydrochloride	Approved	34.0	DMNO38U	Bortezomib	Approved	34.0	.	.	.	.	Large cell lung carcinoma	SYNERGxDB Database	Investigative	NCI-H460	13.24	11.07	9.68	11.03	2
DCBYKFW	DMFH15Z	Bendamustine hydrochloride	Approved	34.0	DMRKE63	Chlorambucil	Approved	34.0	.	.	.	.	Lung adenocarcinoma 	SYNERGxDB Database	Investigative	NCI-H522	3.99	5.88	2.64	2.7	2
DCTRK6S	DMFH15Z	Bendamustine hydrochloride	Approved	34.0	DMSG91J	ER819762	Investigative	0.0	.	.	.	.	Large cell lung carcinoma	SYNERGxDB Database	Investigative	NCI-H460	24.04	24.98	19.56	18.85	2
DCKDSZ9	DMFH15Z	Bendamustine hydrochloride	Approved	34.0	DMSG91J	ER819762	Investigative	0.0	.	.	.	.	Lung adenocarcinoma	SYNERGxDB Database	Investigative	HOP-62	5.73	5.95	3.06	3.34	2
DCE2HNU	DMFH15Z	Bendamustine hydrochloride	Approved	34.0	DMSG91J	ER819762	Investigative	0.0	.	.	.	.	Lung adenocarcinoma 	SYNERGxDB Database	Investigative	NCI-H522	2.1	7.01	5.46	4.69	2
DCNF8PF	DMFH15Z	Bendamustine hydrochloride	Approved	34.0	DMWNHPC	Aminolevulinic Acid Hydrochloride	Approved	34.0	.	.	.	.	Large cell lung carcinoma	SYNERGxDB Database	Investigative	NCI-H460	5.66	3.94	7.75	8.87	2
DC8YS6Z	DM58WKG	Panobinostat	Approved	34.0	DMMX2E6	Pemetrexed	Approved	34.0	.	.	.	.	Non-Small Cell Lung Cancer	ClinicalTrials.gov	Phase 1	.	.	.	.	.	2
DCPN5FQ	DM58WKG	Panobinostat	Approved	34.0	DMCMBHA	Erlotinib	Approved	34.0	.	.	.	.	Lung Cancer	ClinicalTrials.gov	Phase 1	.	.	.	.	.	2
DC4LL2R	DMWGV8N	PMID28870136-Compound-43	Patented	15.5	DM4O2Z7	Cyclophosphamide	Approved	34.0	.	.	.	.	Lung adenocarcinoma	SYNERGxDB Database	Investigative	HOP-62	5.18	9.71	6.07	1.94	2
DC6WUJE	DMWGV8N	PMID28870136-Compound-43	Patented	15.5	DM4O2Z7	Cyclophosphamide	Approved	34.0	.	.	.	.	Non-small cell lung carcinoma	SYNERGxDB Database	Investigative	HOP-92	0.93	3.61	0.98	0.69	2
DCUOZTF	DMWGV8N	PMID28870136-Compound-43	Patented	15.5	DM5JVS3	Isoniazid	Approved	34.0	.	.	.	.	Lung adenocarcinoma	SYNERGxDB Database	Investigative	MDA-MB-231	2.08	4.2	2.06	0.26	2
DCTXTH4	DMWGV8N	PMID28870136-Compound-43	Patented	15.5	DM5JVS3	Isoniazid	Approved	34.0	.	.	.	.	Non-small cell lung carcinoma	SYNERGxDB Database	Investigative	HOP-92	1.35	2.56	2.43	0.45	2
DC7OLAZ	DMWGV8N	PMID28870136-Compound-43	Patented	15.5	DMCT3I8	Ifosfamide	Approved	34.0	.	.	.	.	Lung adenocarcinoma	SYNERGxDB Database	Investigative	HOP-62	1.87	4.57	1.92	0.22	2
DCPD2CN	DMWGV8N	PMID28870136-Compound-43	Patented	15.5	DMH0ZJE	Mitomycin	Approved	34.0	.	.	.	.	Lung adenocarcinoma 	SYNERGxDB Database	Investigative	NCI-H522	1.63	3.63	1.57	0.86	2
DC6LVQJ	DMTGBAX	Pomalidomide	Approved	34.0	DM0HXDS	Pentostatin	Approved	34.0	.	.	.	.	Lung adenocarcinoma 	ALMANAC Dataset	Investigative	NCI-H522	0.41	2.73	1.36	1.22	2
DCB20OR	DMTGBAX	Pomalidomide	Approved	34.0	DM5JVS3	Isoniazid	Approved	34.0	.	.	.	.	Lung adenocarcinoma 	ALMANAC Dataset	Investigative	NCI-H522	4.61	1.86	2.15	1.6	2
DC5KGQ7	DMTGBAX	Pomalidomide	Approved	34.0	DMCT3I8	Ifosfamide	Approved	34.0	.	.	.	.	Lung adenocarcinoma	ALMANAC Dataset	Investigative	HOP-62	0.54	2.39	7.01	7.52	2
DCU9THN	DMTGBAX	Pomalidomide	Approved	34.0	DMH0ZJE	Mitomycin	Approved	34.0	.	.	.	.	Large cell lung carcinoma	ALMANAC Dataset	Investigative	NCI-H460	60.38	59.51	59.71	58.32	2
DCYQIDI	DMTGBAX	Pomalidomide	Approved	34.0	DMH0ZJE	Mitomycin	Approved	34.0	.	.	.	.	Lung adenocarcinoma	ALMANAC Dataset	Investigative	HOP-62	1.3	5.45	4.21	4.42	2
DCZX7S7	DMTGBAX	Pomalidomide	Approved	34.0	DMH0ZJE	Mitomycin	Approved	34.0	.	.	.	.	Lung adenocarcinoma	ALMANAC Dataset	Investigative	MDA-MB-231	0.85	3.65	2.46	1.01	2
DC5OTGW	DMTGBAX	Pomalidomide	Approved	34.0	DMH0ZJE	Mitomycin	Approved	34.0	.	.	.	.	Minimally invasive lung adenocarcinoma	ALMANAC Dataset	Investigative	NCI-H322M	8.59	13.96	1.18	10.57	2
DCI71OM	DM2JGQ3	Trametinib	Approved	34.0	DMX6OE3	Dabrafenib	Approved	34.0	.	.	.	.	Non-small-cell lung cancer	TTD Database	Phase 1	.	.	.	.	.	2
DC0QVG2	DM2JGQ3	Trametinib	Approved	34.0	DMYCXKL	Capmatinib	Approved	34.0	.	.	.	.	Metastatic Lung Non-Small Cell Carcinoma	ClinicalTrials.gov	Phase 1	.	.	.	.	.	2
DCGOTK3	DM2JGQ3	Trametinib	Approved	34.0	DMYGJQO	Ponatinib	Approved	34.0	.	.	.	.	Non Small Cell Lung Cancer	ClinicalTrials.gov	Phase 1	.	.	.	.	.	2
DCKQWQ1	DM2JGQ3	Trametinib	Approved	34.0	DMB920Z	Ceritinib	Approved	34.0	.	.	.	.	Non-small Cell Lung Cancer	ClinicalTrials.gov	Phase 1	.	.	.	.	.	2
DCNXY1R	DM2JGQ3	Trametinib	Approved	34.0	DM3WP0N	Al3818	Phase 3	25.0	.	.	.	.	Non Small Cell Lung Cancer	ClinicalTrials.gov	Phase 1	.	.	.	.	.	2
DCOFJW9	DM2JGQ3	Trametinib	Approved	34.0	DMCMJRA	EGF816	Phase 3	25.0	.	.	.	.	EGFR-mutant Non-small Cell Lung Cancer	ClinicalTrials.gov	Phase 1	.	.	.	.	.	2
DCRLIJR	DM2JGQ3	Trametinib	Approved	34.0	DMWZ2TU	CO-1686	Phase 3	25.0	.	.	.	.	Non-small Cell Lung Cancer	ClinicalTrials.gov	Phase 1	.	.	.	.	.	2
DCZMV46	DM2JGQ3	Trametinib	Approved	34.0	DMF98Q0	Momelotinib	Approved	34.0	.	.	.	.	Relapsed Metastatic KRAS-Mutated Non-Small Cell Lung Cancer	ClinicalTrials.gov	Phase 1	.	.	.	.	.	2
DC3LN1H	DMU8L7C	Mepacrine	Investigative	0.0	DM61TA4	Arsenic trioxide	Approved	34.0	.	.	.	.	Lung adenocarcinoma	SYNERGxDB Database	Investigative	EKVX	0.36	1.77	2.16	2.7	2
DCRUE9E	DMU8L7C	Mepacrine	Investigative	0.0	DMH0ZJE	Mitomycin	Approved	34.0	.	.	.	.	Lung adenocarcinoma	SYNERGxDB Database	Investigative	MDA-MB-231	1.51	3.73	4.02	3.31	2
DCTWEJ5	DMU8L7C	Mepacrine	Investigative	0.0	DMRKE63	Chlorambucil	Approved	34.0	.	.	.	.	Lung adenocarcinoma	SYNERGxDB Database	Investigative	MDA-MB-231	0.31	4.6	2.75	6.72	2
DC9Q3VR	DMU8L7C	Mepacrine	Investigative	0.0	DMSG91J	ER819762	Investigative	0.0	.	.	.	.	Large cell lung carcinoma	SYNERGxDB Database	Investigative	NCI-H460	3.88	3.83	2.81	1.73	2
DCRSO9C	DMCR1MV	Itraconazole	Approved	34.0	DMMX2E6	Pemetrexed	Approved	34.0	.	.	.	.	Recurrent Non Small Cell Lung Cancer	ClinicalTrials.gov	Phase 1	.	.	.	.	.	2
DC0DM1I	DMF57DM	Pazopanib	Approved	34.0	DMMX2E6	Pemetrexed	Approved	34.0	.	.	.	.	Lung Cancer, Non-Small Cell	ClinicalTrials.gov	Phase 1	.	.	.	.	.	2
DCC2KU5	DMF57DM	Pazopanib	Approved	34.0	DMVXFYE	Vinorelbine	Approved	34.0	.	.	.	.	Metastatic Non Small Cell Lung Cancer	ClinicalTrials.gov	Phase 1	.	.	.	.	.	2
DCJJKNH	DM48K0X	Carfilzomib	Approved	34.0	DMP6SC2	Irinotecan	Approved	34.0	.	.	.	.	Small Cell Lung Carcinoma	ClinicalTrials.gov	Phase 1	.	.	.	.	.	2
DCSGSU8	DMTM2IK	Mercaptopurine	Preclinical	2.1	DMH0ZJE	Mitomycin	Approved	34.0	.	.	.	.	Large cell lung carcinoma	SYNERGxDB Database	Investigative	NCI-H460	3.32	1.94	0.24	4.32	2
DCUA7LH	DMTM2IK	Mercaptopurine	Preclinical	2.1	DMKLAYG	Altretamine	Approved	34.0	.	.	.	.	Lung adenocarcinoma	SYNERGxDB Database	Investigative	EKVX	0.32	2.52	1.5	0.34	2
DCG4EKR	DMTM2IK	Mercaptopurine	Preclinical	2.1	DMRHGI9	Cisplatin	Approved	34.0	.	.	.	.	Lung adenocarcinoma	SYNERGxDB Database	Investigative	EKVX	0.87	8.64	0.08	2.03	2
DCBIVCH	DMTM2IK	Mercaptopurine	Preclinical	2.1	DMRKE63	Chlorambucil	Approved	34.0	.	.	.	.	Large cell lung carcinoma	SYNERGxDB Database	Investigative	NCI-H460	6.12	5.33	2.82	5.77	2
DC1DVOQ	DMTM2IK	Mercaptopurine	Preclinical	2.1	DMSG91J	ER819762	Investigative	0.0	.	.	.	.	Large cell lung carcinoma	SYNERGxDB Database	Investigative	NCI-H460	6.66	5.1	3.78	5.33	2
DCF1M7W	DMTM2IK	Mercaptopurine	Preclinical	2.1	DMWNHPC	Aminolevulinic Acid Hydrochloride	Approved	34.0	.	.	.	.	Large cell lung carcinoma	SYNERGxDB Database	Investigative	NCI-H460	1.17	0.1	0.17	3.31	2
DCAHIWV	DM8I94Y	Venetoclax	Approved	34.0	DMP6SC2	Irinotecan	Approved	34.0	.	.	.	.	Relapsed Small Cell Lung Cancer	ClinicalTrials.gov	Phase 1	.	.	.	.	.	2
DCLOZU5	DMGB035	Armodafinil	Approved	34.0	DMQPH29	Curcumin	Phase 3	25.0	.	.	.	.	Non Small Cell Lung Cancer	ClinicalTrials.gov	Phase 1	.	.	.	.	.	2
DCTANBS	DMKLAYG	Altretamine	Approved	34.0	DM4O2Z7	Cyclophosphamide	Approved	34.0	.	.	.	.	Lung adenocarcinoma	DrugCombDB Database	Investigative	HOP-62	6.56	9.16	3.78	0.74	2
DCCPQDM	DMKLAYG	Altretamine	Approved	34.0	DMCT3I8	Ifosfamide	Approved	34.0	.	.	.	.	Large cell lung carcinoma	DrugCombDB Database	Investigative	NCI-H460	0.89	3.12	0.63	0.86	2
DCPSR4T	DMKLAYG	Altretamine	Approved	34.0	DMCT3I8	Ifosfamide	Approved	34.0	.	.	.	.	Lung adenocarcinoma	DrugCombDB Database	Investigative	EKVX	0.12	6	3.33	3.26	2
DC8HOFR	DMKLAYG	Altretamine	Approved	34.0	DMCT3I8	Ifosfamide	Approved	34.0	.	.	.	.	Lung adenocarcinoma 	DrugCombDB Database	Investigative	NCI-H522	0.07	2.64	1.07	0.74	2
DCMYCDX	DMKLAYG	Altretamine	Approved	34.0	DMCT3I8	Ifosfamide	Approved	34.0	.	.	.	.	Minimally invasive lung adenocarcinoma	DrugCombDB Database	Investigative	NCI-H322M	0.52	3.49	2.97	2.75	2
DCM67U0	DMKLAYG	Altretamine	Approved	34.0	DMH0ZJE	Mitomycin	Approved	34.0	.	.	.	.	Large cell lung carcinoma	DrugCombDB Database	Investigative	NCI-H460	55.82	55.77	55.26	53.88	2
DC5UENX	DMKLAYG	Altretamine	Approved	34.0	DMH0ZJE	Mitomycin	Approved	34.0	.	.	.	.	Lung adenocarcinoma	DrugCombDB Database	Investigative	MDA-MB-231	2.31	8.11	6.79	2.78	2
DCIXDMB	DMKLAYG	Altretamine	Approved	34.0	DMRKE63	Chlorambucil	Approved	34.0	.	.	.	.	Lung adenocarcinoma	DrugCombDB Database	Investigative	HOP-62	4.99	6.18	1.25	1.34	2
DCADHYK	DM0HXDS	Pentostatin	Approved	34.0	DMRKE63	Chlorambucil	Approved	34.0	.	.	.	.	Lung adenocarcinoma	DrugCombDB Database	Investigative	EKVX	1.56	2.02	0.83	0.04	2
DCQLAMF	DMWNHPC	Aminolevulinic Acid Hydrochloride	Approved	34.0	DM61TA4	Arsenic trioxide	Approved	34.0	.	.	.	.	Large cell lung carcinoma	SYNERGxDB Database	Investigative	NCI-H460	4.51	6.76	1.97	8.42	2
DCTM492	DMWNHPC	Aminolevulinic Acid Hydrochloride	Approved	34.0	DMRKE63	Chlorambucil	Approved	34.0	.	.	.	.	Large cell lung carcinoma	SYNERGxDB Database	Investigative	NCI-H460	7.32	6.99	4.98	7.59	2
DC2OF28	DMWNHPC	Aminolevulinic Acid Hydrochloride	Approved	34.0	DMSG91J	ER819762	Investigative	0.0	.	.	.	.	Lung adenocarcinoma	SYNERGxDB Database	Investigative	HOP-62	5.64	2.83	2.98	0.68	2
DCXWDTV	DMWNHPC	Aminolevulinic Acid Hydrochloride	Approved	34.0	DMSG91J	ER819762	Investigative	0.0	.	.	.	.	Lung adenocarcinoma	SYNERGxDB Database	Investigative	EKVX	0.51	3.05	2	2	2
DCL8UCE	DM5JVS3	Isoniazid	Approved	34.0	DM4O2Z7	Cyclophosphamide	Approved	34.0	.	.	.	.	Lung adenocarcinoma	DrugCombDB Database	Investigative	HOP-62	3.86	10.43	5.06	4.65	2
DCNQFXT	DM5JVS3	Isoniazid	Approved	34.0	DMCT3I8	Ifosfamide	Approved	34.0	.	.	.	.	Lung adenocarcinoma	DrugCombDB Database	Investigative	HOP-62	0.98	6.34	8.56	11.06	2
DC2J8N7	DM5JVS3	Isoniazid	Approved	34.0	DMCT3I8	Ifosfamide	Approved	34.0	.	.	.	.	Lung adenocarcinoma	DrugCombDB Database	Investigative	MDA-MB-231	3.61	7.82	8.18	7.41	2
DC1HO8O	DM5JVS3	Isoniazid	Approved	34.0	DMRKE63	Chlorambucil	Approved	34.0	.	.	.	.	Large cell lung carcinoma	DrugCombDB Database	Investigative	NCI-H460	0.41	5.69	4.67	4.35	2
DCN8WYO	DM5JVS3	Isoniazid	Approved	34.0	DMRKE63	Chlorambucil	Approved	34.0	.	.	.	.	Lung adenocarcinoma	DrugCombDB Database	Investigative	EKVX	0.14	7.3	5.66	5.81	2
DCMY3HT	DMG281S	Carboplatin	Approved	34.0	DMLB81S	Paclitaxel	Approved	34.0	.	.	.	.	Non-small-cell Lung Cancer	ClinicalTrials.gov	Phase 2	.	.	.	.	.	2
DCK3HC0	DMG281S	Carboplatin	Approved	34.0	DMP6SC2	Irinotecan	Approved	34.0	.	.	.	.	Lung Cancer	ClinicalTrials.gov	Phase 1	.	.	.	.	.	2
DCKUBDT	DMG281S	Carboplatin	Approved	34.0	DMLB81S	Paclitaxel	Approved	34.0	.	.	.	.	Adenocarcinoma of the Lung	ClinicalTrials.gov	Phase 1	.	.	.	.	.	2
DCOI26E	DMG281S	Carboplatin	Approved	34.0	DMLB81S	Paclitaxel	Approved	34.0	.	.	.	.	Lung Cancer	ClinicalTrials.gov	Phase 1	.	.	.	.	.	2
DC7Y2MG	DMG281S	Carboplatin	Approved	34.0	DMMX2E6	Pemetrexed	Approved	34.0	.	.	.	.	Non-small Cell Lung Carcinoma	ClinicalTrials.gov	Phase 1	.	.	.	.	.	2
DC4ZNYM	DM672AH	Aspirin	Phase 3 Trial	25.0	DMRJLAT	Osimertinib	Approved	34.0	.	.	.	.	Non-Small Cell Lung Cancer Stage IIIB	ClinicalTrials.gov	Phase 1	.	.	.	.	.	2
DCKTEXN	DMSG91J	ER819762	Investigative	0.0	DM0HXDS	Pentostatin	Approved	34.0	.	.	.	.	Large cell lung carcinoma	SYNERGxDB Database	Investigative	NCI-H460	0.78	2.01	1.11	0.64	2
DCHZM5E	DMSG91J	ER819762	Investigative	0.0	DM0HXDS	Pentostatin	Approved	34.0	.	.	.	.	Lung adenocarcinoma	SYNERGxDB Database	Investigative	MDA-MB-231	3.8	5.78	2.39	0.89	2
DCOPRC7	DMSG91J	ER819762	Investigative	0.0	DM0HXDS	Pentostatin	Approved	34.0	.	.	.	.	Non-small cell lung carcinoma	SYNERGxDB Database	Investigative	HOP-92	0.04	3.55	3.23	3.22	2
DC0LEW5	DMSG91J	ER819762	Investigative	0.0	DM61TA4	Arsenic trioxide	Approved	34.0	.	.	.	.	Lung adenocarcinoma	SYNERGxDB Database	Investigative	MDA-MB-231	5.19	6.48	2.81	3.22	2
DCCNGVN	DMSG91J	ER819762	Investigative	0.0	DM61TA4	Arsenic trioxide	Approved	34.0	.	.	.	.	Lung adenocarcinoma	SYNERGxDB Database	Investigative	HOP-62	13.37	17.45	1.25	2.29	2
DCN5MCH	DMSG91J	ER819762	Investigative	0.0	DM61TA4	Arsenic trioxide	Approved	34.0	.	.	.	.	Lung adenocarcinoma 	SYNERGxDB Database	Investigative	NCI-H522	0.84	1.5	1.85	2.89	2
DCRDF5J	DMSG91J	ER819762	Investigative	0.0	DMNO38U	Bortezomib	Approved	34.0	.	.	.	.	Non-small cell lung carcinoma	SYNERGxDB Database	Investigative	HOP-92	2.24	4.1	1.39	0.71	2
DC7944X	DMOJZQ9	Loperamide	Preclinical	2.1	DMTKD7Q	Afatinib	Approved	34.0	.	.	.	.	Carcinoma, Non-Small-Cell Lung	ClinicalTrials.gov	Phase 3	.	.	.	.	.	2
DCBLXMC	DMBD4K3	Selinexor	Phase 2 Trial	21.0	DMDI269	Docetaxel	Approved	34.0	.	.	.	.	Non-small Cell Lung Cancer	ClinicalTrials.gov	Phase 1	.	.	.	.	.	2
DCLMORP	DMBD4K3	Selinexor	Phase 2 Trial	21.0	DMDI269	Docetaxel	Approved	34.0	.	.	.	.	Non-Small Cell Lung Carcinoma (NSCLC)	ClinicalTrials.gov	Phase 1	.	.	.	.	.	2
DCZKM1P	DM30SGU	Simvastatin	Approved	34.0	DMTKD7Q	Afatinib	Approved	34.0	.	.	.	.	Non-small Cell Lung Cancer	ClinicalTrials.gov	Phase 1	.	.	.	.	.	2
DC8C41J	DMAE6LK	Topetecan	Approved	34.0	DMNO38U	Bortezomib	Approved	34.0	.	.	.	.	Lung adenocarcinoma	SYNERGxDB Database	Investigative	HOP-62	1.52	3.91	3.84	4.73	2
DC65YAN	DMPQAGE	Mycophenolate mofetil	Investigative	0.0	DMNO38U	Bortezomib	Approved	34.0	.	.	.	.	Lung Diseases, Interstitial	ClinicalTrials.gov	Phase 2	.	.	.	.	.	2
DC1M6Z2	DM6LOQU	Celecoxib	Approved	34.0	DMCMBHA	Erlotinib	Approved	34.0	.	.	.	.	Recurrent Non-small Cell Lung Cancer	ClinicalTrials.gov	Phase 1	.	.	.	.	.	2
DC8T0AQ	DM6LOQU	Celecoxib	Approved	34.0	DMDI269	Docetaxel	Approved	34.0	.	.	.	.	Lung Cancer	ClinicalTrials.gov	Phase 1	.	.	.	.	.	2
DC8DL1L	DM93VBZ	LY2835219	Approved	34.0	DMRJLAT	Osimertinib	Approved	34.0	.	.	.	.	Lung Cancer	ClinicalTrials.gov	Phase 2	.	.	.	.	.	2
DCZXWWR	DM93VBZ	LY2835219	Approved	34.0	DMMX2E6	Pemetrexed	Approved	34.0	.	.	.	.	Carcinoma, Non-small Cell Lung	ClinicalTrials.gov	Phase 1	.	.	.	.	.	2
DCRR8RL	DMLHEU7	Ridaforolimus	Phase 3	25.0	DM67EMK	SCH-900776	Phase 2	21.0	.	.	.	.	Large cell lung carcinoma	SYNERGxDB Database	Investigative	NCI-H460	3.75	8.72	6.01	10.46	2
DC2X23P	DM7ICNU	Doxycycline	Approved	34.0	DMCMBHA	Erlotinib	Approved	34.0	.	.	.	.	Non-Small Cell Lung Cancer	ClinicalTrials.gov	Phase 1	.	.	.	.	.	2
DCH6V8Z	DM7ICNU	Doxycycline	Approved	34.0	DMOH8VY	Dacomitinib	Approved	34.0	.	.	.	.	Non Small Cell Lung Cancer (NSCLC)	ClinicalTrials.gov	Phase 1	.	.	.	.	.	2
DCOHFI6	DM2OZ3G	Ixabepilone	Approved	34.0	DMNO38U	Bortezomib	Approved	34.0	.	.	.	.	Lung adenocarcinoma	SYNERGxDB Database	Investigative	HOP-62	3.88	4.39	2.16	5.09	2
DC9WBWH	DM2OZ3G	Ixabepilone	Approved	34.0	DMNO38U	Bortezomib	Approved	34.0	.	.	.	.	Lung adenocarcinoma	SYNERGxDB Database	Investigative	MDA-MB-231	21.79	21.38	6.62	20.15	2
DCLU7NJ	DM2OZ3G	Ixabepilone	Approved	34.0	DMNO38U	Bortezomib	Approved	34.0	.	.	.	.	Lung adenocarcinoma 	SYNERGxDB Database	Investigative	NCI-H522	5.24	4.96	2.31	6.37	2
DCOJPIZ	DM2OZ3G	Ixabepilone	Approved	34.0	DMRHGI9	Cisplatin	Approved	34.0	.	.	.	.	Large cell lung carcinoma	SYNERGxDB Database	Investigative	NCI-H460	0.01	0.11	0.88	3.19	2
DCBVG9K	DM1WEHC	Buparlisib	Phase 3	25.0	DMDI269	Docetaxel	Approved	34.0	.	.	.	.	Squamous Non-small Cell Lung Cancer	ClinicalTrials.gov	Phase 1	.	.	.	.	.	2
DC0JZTT	DMB4OLE	Propofol	Investigative	0.0	DMZTXCH	Remifentanil	Approved	34.0	.	.	.	.	Lung Function	ClinicalTrials.gov	Phase 1	.	.	.	.	.	2
DC1WNDE	DMB4OLE	Propofol	Investigative	0.0	DMVO0UB	Alfentanil	Approved	34.0	.	.	.	.	Lung Disease	ClinicalTrials.gov	Phase 1	.	.	.	.	.	2
DCU2M04	DM6QOVN	HKI-272	Phase 3	25.0	DMS104F	Temsirolimus	Approved	34.0	.	.	.	.	HER2-mutant Non-Small Cell Lung Cancer	ClinicalTrials.gov	Phase 2	.	.	.	.	.	2
DC41TML	DM13V0P	Rivoceranib	Phase 3	25.0	DMP6G8T	Topotecan	Approved	34.0	.	.	.	.	Small Cell Lung Cancer	ClinicalTrials.gov	Phase 2	.	.	.	.	.	2
DCIAAGG	DM13V0P	Rivoceranib	Phase 3	25.0	DMNH3PG	Etoposide	Phase 2 Trial	21.0	.	.	.	.	Non-small Cell Lung Cancer	ClinicalTrials.gov	Phase 2	.	.	.	.	.	2
DCKV6KJ	DM13V0P	Rivoceranib	Phase 3	25.0	DMMX2E6	Pemetrexed	Approved	34.0	.	.	.	.	Advanced Non-squamous Non-small-cell Lung Cancer	ClinicalTrials.gov	Phase 2	.	.	.	.	.	2
DCTOJ2D	DMLB81S	Paclitaxel	Approved	34.0	DMWMPD4	Vorinostat	Approved	34.0	.	.	.	.	Stage IIIA Non-small Cell Lung Cancer	ClinicalTrials.gov	Phase 1	.	.	.	.	.	2
DCVD20F	DMLB81S	Paclitaxel	Approved	34.0	DM7RJXL	Imatinib	Phase 3 Trial	25.0	.	.	.	.	Non-small Cell Lung Cancer	ClinicalTrials.gov	Phase 1	.	.	.	.	.	2
DC5EN3P	DMLB81S	Paclitaxel	Approved	34.0	DM7KI4E	Oblimersen	Phase 3	25.0	.	.	.	.	Small-cell lung cancer	TTD Database	Investigative	.	.	.	.	.	2
DC0O0KQ	DMCBJSR	Sunitinib	Approved	34.0	DMCMBHA	Erlotinib	Approved	34.0	.	.	.	.	Carcinoma, Non-Small-Cell Lung	ClinicalTrials.gov	Phase 1	.	.	.	.	.	2
DCGXOY2	DMC7W6R	Selumetinib	Investigative	0.0	DMRJLAT	Osimertinib	Approved	34.0	.	.	.	.	Non-Small Cell Lung Cancer	ClinicalTrials.gov	Phase 2	.	.	.	.	.	2
DCYAKQU	DMC7W6R	Selumetinib	Investigative	0.0	DMMX2E6	Pemetrexed	Approved	34.0	.	.	.	.	Non Small Cell Lung Cancer	ClinicalTrials.gov	Phase 1	.	.	.	.	.	2
DCYMK8K	DMC7W6R	Selumetinib	Investigative	0.0	DMDI269	Docetaxel	Approved	34.0	.	.	.	.	Non Small Cell Lung Cancer	ClinicalTrials.gov	Phase 1	.	.	.	.	.	2
DCPE2HU	DMRHGI9	Cisplatin	Approved	34.0	DM61TA4	Arsenic trioxide	Approved	34.0	.	.	.	.	Lung adenocarcinoma	ALMANAC Dataset	Investigative	EKVX	8.32	4.17	4.82	3.72	2
DCB0F43	DM3WP0N	Al3818	Phase 3	25.0	DM5GFIK	Icotinib hydrochloride	Registered	33.0	.	.	.	.	Non Small Cell Lung Cancer	ClinicalTrials.gov	Phase 3	.	.	.	.	.	2
DCUXKE6	DM3WP0N	Al3818	Phase 3	25.0	DMP6G8T	Topotecan	Approved	34.0	.	.	.	.	Small Cell Lung Cancer	ClinicalTrials.gov	Phase 3	.	.	.	.	.	2
DCI5JZH	DM3WP0N	Al3818	Phase 3	25.0	DMDI269	Docetaxel	Approved	34.0	.	.	.	.	Non-squamous Non-small Cell Lung Cancer	ClinicalTrials.gov	Phase 1	.	.	.	.	.	2
DCN7DHO	DM3WP0N	Al3818	Phase 3	25.0	DMMX2E6	Pemetrexed	Approved	34.0	.	.	.	.	Non-squamous Non-small Cell Lung Cancer	ClinicalTrials.gov	Phase 1	.	.	.	.	.	2
DCJB3F7	DM3WP0N	Al3818	Phase 3	25.0	DMRJLAT	Osimertinib	Approved	34.0	.	.	.	.	Non-Small Cell Lung Cancer With EGFR Mutation	ClinicalTrials.gov	Phase 1	.	.	.	.	.	2
DCATITY	DM1P6FR	Arry-162	Approved	34.0	DMICDLV	Lorlatinib	Approved	34.0	.	.	.	.	Lung Cancer	ClinicalTrials.gov	Phase 1	.	.	.	.	.	2
DCLMQ1W	DM1P6FR	Arry-162	Approved	34.0	DMCMBHA	Erlotinib	Approved	34.0	.	.	.	.	Lung Cancer	ClinicalTrials.gov	Phase 1	.	.	.	.	.	2
DC4HV40	DM5PCS7	Bupropion	Approved	34.0	DMQPH29	Curcumin	Phase 3	25.0	.	.	.	.	Non Small Cell Lung Cancer	ClinicalTrials.gov	Phase 1	.	.	.	.	.	2
DCGCVBI	DM5PCS7	Bupropion	Approved	34.0	DMGB035	Armodafinil	Approved	34.0	.	.	.	.	Non Small Cell Lung Cancer	ClinicalTrials.gov	Phase 1	.	.	.	.	.	2
DC3QIP4	DMB920Z	Ceritinib	Approved	34.0	DMMX75K	LEE011	Phase 3	25.0	.	.	.	.	Non-small Cell Lung Cancer	ClinicalTrials.gov	Phase 1	.	.	.	.	.	2
DCSDTVC	DMB920Z	Ceritinib	Approved	34.0	DMDI269	Docetaxel	Approved	34.0	.	.	.	.	Non-small Cell Lung Cancer	ClinicalTrials.gov	Phase 1	.	.	.	.	.	2
DC4EQRP	DMIYDT4	Cabozantinib	Approved	34.0	DMMX2E6	Pemetrexed	Approved	34.0	.	.	.	.	Non Small Cell Lung Cancer	ClinicalTrials.gov	Phase 1	.	.	.	.	.	2
DCYIJUX	DM4QTBN	Isotretinoin	Phase 3 Trial	25.0	DMLB81S	Paclitaxel	Approved	34.0	.	.	.	.	Lung Cancer	ClinicalTrials.gov	Phase 1	.	.	.	.	.	2
DC20ZO4	DMO8PT9	MLN8237	Phase 3	25.0	DMRJLAT	Osimertinib	Approved	34.0	.	.	.	.	Lung Cancer Metastatic	ClinicalTrials.gov	Phase 1	.	.	.	.	.	2
DCPDJND	DMBL3VD	PF-05212384	Phase 2	21.0	DMD7L94	Palbociclib	Approved	34.0	.	.	.	.	Lung Cancer Squamous Cell	ClinicalTrials.gov	Phase 1	.	.	.	.	.	2
DC7KUDQ	DMMX2E6	Pemetrexed	Approved	34.0	DMS104F	Temsirolimus	Approved	34.0	.	.	.	.	Carcinoma, Non-Small-Cell Lung	ClinicalTrials.gov	Phase 1	.	.	.	.	.	2
DCHGZZ8	DMMX2E6	Pemetrexed	Approved	34.0	DMQNWRD	Oxaliplatin	Approved	34.0	.	.	.	.	Lung Cancer	ClinicalTrials.gov	Phase 1	.	.	.	.	.	2
DCIIQRJ	DMMX2E6	Pemetrexed	Approved	34.0	DMRICNP	Vandetanib	Approved	34.0	.	.	.	.	Non Small Cell Lung Cancer	ClinicalTrials.gov	Phase 1	.	.	.	.	.	2
DCKCLGF	DMMX2E6	Pemetrexed	Approved	34.0	DMTI8YE	Bosutinib	Approved	34.0	.	.	.	.	Carcinoma, Non-Small-Cell Lung	ClinicalTrials.gov	Phase 1	.	.	.	.	.	2
DCPB4V0	DMGW1ID	Sirolimus	Phase 3	25.0	DMWE2N4	Auranofin	Approved	34.0	.	.	.	.	Extensive Stage Small Cell Lung Carcinoma	ClinicalTrials.gov	Phase 1	.	.	.	.	.	2
DCYDVDR	DMGW1ID	Sirolimus	Phase 3	25.0	DMWE2N4	Auranofin	Approved	34.0	.	.	.	.	Recurrent Non-small Cell Lung Cancer	ClinicalTrials.gov	Phase 1	.	.	.	.	.	2
DC5PC5N	DM5H0R9	Enzastaurin	Phase 3	25.0	DMMX2E6	Pemetrexed	Approved	34.0	.	.	.	.	Non-small Cell Lung Cancer	ClinicalTrials.gov	Phase 1	.	.	.	.	.	2
DCNTHLC	DM5H0R9	Enzastaurin	Phase 3	25.0	DMCMBHA	Erlotinib	Approved	34.0	.	.	.	.	Non-Small Cell Lung Cancer	ClinicalTrials.gov	Phase 1	.	.	.	.	.	2
DCEOETY	DMD6UKO	Nedaplatin	Approved	34.0	DMP6SC2	Irinotecan	Approved	34.0	.	.	.	.	Small Cell Lung Cancer	ClinicalTrials.gov	Phase 1	.	.	.	.	.	2
DCJYKEM	DM1T6ZN	Pacritinib	Approved	34.0	DMCMBHA	Erlotinib	Approved	34.0	.	.	.	.	Non-Small Cell Lung Cancer	ClinicalTrials.gov	Phase 1	.	.	.	.	.	2
DC4LLXV	DMBESUA	Tucatinib	Approved	34.0	DMRJLAT	Osimertinib	Approved	34.0	.	.	.	.	Metastatic Lung Non-Small Cell Carcinoma	ClinicalTrials.gov	Phase 1	.	.	.	.	.	2
DCKI035	DMKQTBA	Diphenhydramine	Approved	34.0	DMUIE76	Acetaminophen	Approved	34.0	.	.	.	.	Carcinoma, Non-Small-Cell Lung	ClinicalTrials.gov	Phase 2	.	.	.	.	.	2
DCOHFV6	DMCL2OK	Disulfiram	Approved	34.0	DMRJLAT	Osimertinib	Approved	34.0	.	.	.	.	Non-Small Cell Lung Cancer	ClinicalTrials.gov	Phase 2	.	.	.	.	.	2
DC1S8C7	DMRJLAT	Osimertinib	Approved	34.0	DMYCXKL	Capmatinib	Approved	34.0	.	.	.	.	Carcinoma, Non-Small-Cell Lung	ClinicalTrials.gov	Phase 3	.	.	.	.	.	2
DCIXVIX	DMRJLAT	Osimertinib	Approved	34.0	DMUQ0E8	Tepotinib	Approved	34.0	.	.	.	.	Non-small Cell Lung Cancer	ClinicalTrials.gov	Phase 2	.	.	.	.	.	2
DCW8VJC	DMRJLAT	Osimertinib	Approved	34.0	DMTKD7Q	Afatinib	Approved	34.0	.	.	.	.	Carcinoma, Non-Small-Cell Lung	ClinicalTrials.gov	Phase 1	.	.	.	.	.	2
DCEGDDP	DMRJLAT	Osimertinib	Approved	34.0	DMYZFNH	Sapanisertib	Investigative	0.0	.	.	.	.	Metastatic Lung Non-Small Cell Carcinoma	ClinicalTrials.gov	Phase 1	.	.	.	.	.	2
DCYKZTZ	DMF9M57	Cotellic	Phase 3	25.0	DMP1I6Y	Alectinib	Approved	34.0	.	.	.	.	Non-small Cell Lung Cancer	ClinicalTrials.gov	Phase 1	.	.	.	.	.	2
DCJ7UTK	DMALFKX	Savolitinib	Phase 3	25.0	DMRJLAT	Osimertinib	Approved	34.0	.	.	.	.	Non-Small Cell Lung Cancer	ClinicalTrials.gov	Phase 2	.	.	.	.	.	2
DC9H7WN	DM4K7GQ	Erythromycin	Approved	34.0	DMCMBHA	Erlotinib	Approved	34.0	.	.	.	.	Non-Small Cell Lung Cancer	ClinicalTrials.gov	Phase 1	.	.	.	.	.	2
DCEIVC9	DMCLWDJ	Lumacaftor	Phase 2	21.0	DMZC1HS	Ivacaftor	Approved	34.0	.	.	.	.	Cystic fibrosis; Acute lung injury	TTD Database	Approved	.	.	.	.	.	2
DCDJZEC	DM0798Z	NLG8189	Phase 2/3	24.0	DMDI269	Docetaxel	Approved	34.0	.	.	.	.	Non-small Cell Lung Cancer	ClinicalTrials.gov	Phase 1	.	.	.	.	.	2
DC8OILK	DM7W94S	Brigatinib	Approved	34.0	DMICDLV	Lorlatinib	Approved	34.0	.	.	.	.	Lung Non-Squamous Non-Small Cell Carcinoma	ClinicalTrials.gov	Phase 2	.	.	.	.	.	2
DCTEAXU	DM7W94S	Brigatinib	Approved	34.0	DMXOELT	Midazolam	Approved	34.0	.	.	.	.	Carcinoma, Advanced ALK+ or ROS1+Non-Small-Cell Lung, Neoplasm, Advanced ALK+ or ROS1+Solid Tumors	ClinicalTrials.gov	Phase 1	.	.	.	.	.	2
DCG0YZE	DMD9RV3	INCB039110	Phase 2	21.0	DMDI269	Docetaxel	Approved	34.0	.	.	.	.	NSCLC (Non-small Cell Lung Carcinoma)	ClinicalTrials.gov	Phase 2	.	.	.	.	.	2
DCOXCM5	DMD9RV3	INCB039110	Phase 2	21.0	DMRJLAT	Osimertinib	Approved	34.0	.	.	.	.	Lung Cancer	ClinicalTrials.gov	Phase 1	.	.	.	.	.	2
DCEFNQ3	DM6SGUB	Amrubicin	Phase 3	25.0	DMP6G8T	Topotecan	Approved	34.0	.	.	.	.	Small Cell Lung Cancer (SCLC)	ClinicalTrials.gov	Phase 2	.	.	.	.	.	2
DCAP2E0	DMCMJRA	EGF816	Phase 3	25.0	DMYCXKL	Capmatinib	Approved	34.0	.	.	.	.	Non Small Cell Lung Cancer	ClinicalTrials.gov	Phase 1	.	.	.	.	.	2
DCJPVYX	DMCMJRA	EGF816	Phase 3	25.0	DMMX75K	LEE011	Phase 3	25.0	.	.	.	.	EGFR-mutant Non-small Cell Lung Cancer	ClinicalTrials.gov	Phase 1	.	.	.	.	.	2
DC03405	DMCXRZF	LY2603618	Phase 2	21.0	DMMX2E6	Pemetrexed	Approved	34.0	.	.	.	.	Non Small Cell Lung Cancer	ClinicalTrials.gov	Phase 1	.	.	.	.	.	2
DCU2QJA	DMCMDVR	Triptolide	Phase 3	25.0	DMRJLAT	Osimertinib	Approved	34.0	.	.	.	.	Advanced Lung Non-Small Cell Carcinoma	ClinicalTrials.gov	Phase 1	.	.	.	.	.	2
DCTUXIB	DMP1I6Y	Alectinib	Approved	34.0	DMRJLAT	Osimertinib	Approved	34.0	.	.	.	.	Non-Small Cell Lung Cancer	ClinicalTrials.gov	Phase 2	.	.	.	.	.	2
DC7B2QS	DMKHHT1	Gold sodium thiomalate	Approved	34.0	DMGW1ID	Sirolimus	Phase 3	25.0	.	.	.	.	Recurrent Non-small Cell Lung Cancer	ClinicalTrials.gov	Phase 1	.	.	.	.	.	2
DCPE56X	DMJTIYK	Ipilimumab	Approved	34.0	DMAB9QE	Nivolumab	Phase 2 Trial	21.0	.	.	.	.	Head and neck cancer; Mesothelioma; Renal cell carcinoma; Small-cell lung cancer; Solid tumour/cancer	TTD Database	Phase 1	.	.	.	.	.	2
DCTMFNE	DMJTU8D	OGX-427	Phase 2	21.0	DMLB81S	Paclitaxel	Approved	34.0	.	.	.	.	Lung cancer; Prostate cancer; Bladder cancer; Ovarian cancer; Breast cancer	TTD Database	Investigative	.	.	.	.	.	2
DCXO9XE	DMJRPYP	Talc	Approved	34.0	DMTKD7Q	Afatinib	Approved	34.0	.	.	.	.	Non Small Cell Lung Cancer	ClinicalTrials.gov	Phase 1	.	.	.	.	.	2
DCC8EAA	DMIK6C9	Zibotentan	Discontinued in Phase 3	9.0	DMMX2E6	Pemetrexed	Approved	34.0	.	.	.	.	Non Small Cell Lung Cancer	ClinicalTrials.gov	Phase 1	.	.	.	.	.	2
