drug_1,drug_2,drug_3,synergy_score
fentanyl,midazolam,propofol,1.0
docetaxel,epirubicin,gemcitabine,0.8556239425023028
anastrozole,exemestane,letrozole,0.6672428360383857
capecitabine,eribulin,vinorelbine,0.6167023724824809
capecitabine,epirubicin,paclitaxel,0.6151701425418864
capecitabine,docetaxel,epirubicin,0.6025401617449895
capecitabine,lapatinib,panobinostat,0.5635896131943435
anastrozole,degarelix,letrozole,0.5615438159669911
epirubicin,gemcitabine,paclitaxel,0.554095342509957
capecitabine,epirubicin,gemcitabine,0.5432810154130213
anastrozole,goserelin,letrozole,0.5244890280562532
alpelisib,fulvestrant,tucatinib,0.5150400930719652
docetaxel,epirubicin,paclitaxel,0.5092050492978666
anastrozole,fulvestrant,letrozole,0.49472836804944403
midazolam,pF-03084014,propofol,0.4820971867007786
goserelin,midazolam,propofol,0.48209718670077023
docetaxel,midazolam,propofol,0.48209718670077
hydroxychloroquine,midazolam,propofol,0.48209718670076995
midazolam,paclitaxel,propofol,0.4820971867007699
canagliflozin,midazolam,propofol,0.4820971867007699
exemestane,midazolam,propofol,0.4820971867007699
letrozole,midazolam,propofol,0.4820971867007699
fulvestrant,midazolam,propofol,0.4820971867007699
capecitabine,midazolam,propofol,0.4820971867007699
eribulin,midazolam,propofol,0.4820971867007698
anastrozole,midazolam,propofol,0.4820971867007698
gemcitabine,midazolam,propofol,0.4820971867007698
alpelisib,midazolam,propofol,0.48209718670076973
lapatinib,midazolam,propofol,0.48209718670076973
midazolam,propofol,vinorelbine,0.48209718670076973
lY2835219,midazolam,propofol,0.48209718670076973
midazolam,panobinostat,propofol,0.48209718670076973
midazolam,propofol,tucatinib,0.4820971867007697
degarelix,midazolam,propofol,0.48209718670076956
epirubicin,midazolam,propofol,0.48209718670076945
everolimus,midazolam,propofol,0.48209718670076945
entrectinib,midazolam,propofol,0.48209718670076923
midazolam,palbociclib,propofol,0.48209718670076923
anastrozole,degarelix,exemestane,0.4600760986101876
anastrozole,exemestane,fulvestrant,0.43949736680659823
anastrozole,degarelix,lY2835219,0.4325361717775485
anastrozole,letrozole,vinorelbine,0.4253374068660058
exemestane,fulvestrant,letrozole,0.4247839420448149
anastrozole,lY2835219,letrozole,0.41330054854121456
capecitabine,eribulin,paclitaxel,0.4112693920968029
capecitabine,paclitaxel,panobinostat,0.4110504067075525
capecitabine,eribulin,panobinostat,0.40889179693943023
capecitabine,epirubicin,eribulin,0.404860985921563
capecitabine,epirubicin,panobinostat,0.4046398559483288
capecitabine,docetaxel,gemcitabine,0.3992232891358123
anastrozole,letrozole,palbociclib,0.39367729138693075
anastrozole,eribulin,vinorelbine,0.39068969949007
eribulin,letrozole,vinorelbine,0.389015332237086
anastrozole,entrectinib,letrozole,0.3814403274461968
anastrozole,degarelix,fulvestrant,0.3703050192188639
anastrozole,everolimus,letrozole,0.3609682137958898
anastrozole,degarelix,goserelin,0.3606014431341667
alpelisib,goserelin,tucatinib,0.35851812336023914
alpelisib,canagliflozin,tucatinib,0.35192363817130395
capecitabine,docetaxel,paclitaxel,0.3476023909367655
everolimus,lapatinib,panobinostat,0.34712132707833077
anastrozole,lapatinib,letrozole,0.3365147001379626
epirubicin,eribulin,gemcitabine,0.33526807315179946
epirubicin,gemcitabine,panobinostat,0.33525953770476496
capecitabine,docetaxel,eribulin,0.33478393815750873
capecitabine,docetaxel,panobinostat,0.33456618145876793
capecitabine,lapatinib,paclitaxel,0.333026198386523
exemestane,goserelin,letrozole,0.3328152037295791
epirubicin,gemcitabine,lapatinib,0.33246502609426987
epirubicin,gemcitabine,vinorelbine,0.33158177432777625
capecitabine,eribulin,lapatinib,0.3309006684285525
entrectinib,fentanyl,propofol,0.3299232736572949
fentanyl,goserelin,propofol,0.32992327365729457
capecitabine,fentanyl,propofol,0.32992327365729446
degarelix,fentanyl,propofol,0.32992327365729446
exemestane,fentanyl,propofol,0.32992327365729446
everolimus,fentanyl,propofol,0.32992327365729435
fentanyl,gemcitabine,propofol,0.3299232736572943
epirubicin,fentanyl,propofol,0.3299232736572943
fentanyl,fulvestrant,propofol,0.3299232736572942
alpelisib,fentanyl,propofol,0.3299232736572942
anastrozole,fentanyl,propofol,0.3299232736572941
fentanyl,propofol,vinorelbine,0.3299232736572941
fentanyl,lapatinib,propofol,0.3299232736572941
canagliflozin,fentanyl,propofol,0.3299232736572941
eribulin,fentanyl,propofol,0.3299232736572941
fentanyl,propofol,tucatinib,0.32992327365729407
fentanyl,lY2835219,propofol,0.329923273657294
fentanyl,paclitaxel,propofol,0.32992327365729396
docetaxel,fentanyl,propofol,0.32992327365729374
fentanyl,letrozole,propofol,0.3299232736572937
fentanyl,panobinostat,propofol,0.3299232736572935
fentanyl,hydroxychloroquine,propofol,0.32992327365729307
fentanyl,palbociclib,propofol,0.3299232736572924
fentanyl,pF-03084014,propofol,0.3299232736572899
anastrozole,degarelix,vinorelbine,0.32904255494245016
epirubicin,gemcitabine,letrozole,0.3272966582849672
epirubicin,everolimus,gemcitabine,0.32729347618875826
anastrozole,epirubicin,gemcitabine,0.32725609519276433
epirubicin,exemestane,gemcitabine,0.3271938684599222
epirubicin,fulvestrant,gemcitabine,0.3271917751292594
epirubicin,gemcitabine,goserelin,0.3271906794133266
epirubicin,gemcitabine,lY2835219,0.3271897549753434
degarelix,epirubicin,gemcitabine,0.3271887601931993
epirubicin,gemcitabine,palbociclib,0.3271881176917537
entrectinib,epirubicin,gemcitabine,0.3271877862100487
epirubicin,gemcitabine,hydroxychloroquine,0.3271871461923982
alpelisib,epirubicin,gemcitabine,0.32718698910456356
epirubicin,gemcitabine,tucatinib,0.32718693549168537
canagliflozin,epirubicin,gemcitabine,0.3271868978997548
epirubicin,gemcitabine,pF-03084014,0.32718687763907356
epirubicin,fentanyl,gemcitabine,0.3271868776390733
epirubicin,gemcitabine,propofol,0.3271868776390728
epirubicin,gemcitabine,midazolam,0.32718687763907267
epirubicin,eribulin,vinorelbine,0.3262386320193888
capecitabine,epirubicin,lapatinib,0.3251873685872468
eribulin,paclitaxel,vinorelbine,0.32410262787191135
eribulin,panobinostat,vinorelbine,0.32401573478803114
eribulin,lapatinib,vinorelbine,0.3217838206010702
docetaxel,eribulin,vinorelbine,0.32160279372914446
entrectinib,goserelin,letrozole,0.31965132544614006
eribulin,exemestane,vinorelbine,0.31919017929958016
alpelisib,letrozole,tucatinib,0.3183217063355867
alpelisib,anastrozole,tucatinib,0.3179511734214135
eribulin,fulvestrant,vinorelbine,0.3175209971664806
eribulin,goserelin,vinorelbine,0.31731016953189345
alpelisib,exemestane,tucatinib,0.31729391564555637
degarelix,eribulin,vinorelbine,0.3167819506129141
eribulin,lY2835219,vinorelbine,0.31615563306369737
eribulin,everolimus,vinorelbine,0.3157250193293038
eribulin,palbociclib,vinorelbine,0.315687547599148
eribulin,gemcitabine,vinorelbine,0.31565937626668283
entrectinib,eribulin,vinorelbine,0.31533559955726653
anastrozole,hydroxychloroquine,letrozole,0.3150715092134969
alpelisib,everolimus,tucatinib,0.31494727164622677
eribulin,hydroxychloroquine,vinorelbine,0.31489660736968306
alpelisib,eribulin,vinorelbine,0.314778664187848
eribulin,tucatinib,vinorelbine,0.31474481768859613
canagliflozin,eribulin,vinorelbine,0.3147227670831579
eribulin,pF-03084014,vinorelbine,0.31471095804232135
eribulin,propofol,vinorelbine,0.31471095804232074
eribulin,midazolam,vinorelbine,0.31471095804232074
eribulin,fentanyl,vinorelbine,0.31471095804232074
alpelisib,lY2835219,tucatinib,0.31400340731362075
alpelisib,palbociclib,tucatinib,0.3135429152422975
everolimus,exemestane,letrozole,0.31345017192096464
alpelisib,entrectinib,tucatinib,0.31287726820923323
alpelisib,degarelix,tucatinib,0.312262021399007
alpelisib,tucatinib,vinorelbine,0.312197068471099
alpelisib,lapatinib,tucatinib,0.31217590496233616
alpelisib,hydroxychloroquine,tucatinib,0.3121253458723374
alpelisib,eribulin,tucatinib,0.31210717084092476
alpelisib,capecitabine,tucatinib,0.31210532188906465
alpelisib,panobinostat,tucatinib,0.3121051330571466
alpelisib,epirubicin,tucatinib,0.312101492126755
alpelisib,paclitaxel,tucatinib,0.3121014749138241
alpelisib,docetaxel,tucatinib,0.31210143268803753
alpelisib,gemcitabine,tucatinib,0.3121013507115695
alpelisib,pF-03084014,tucatinib,0.312101336760111
alpelisib,propofol,tucatinib,0.31210133676011054
alpelisib,fentanyl,tucatinib,0.31210133676011054
alpelisib,midazolam,tucatinib,0.3121013367601104
capecitabine,paclitaxel,vinorelbine,0.3079902476596344
anastrozole,exemestane,lY2835219,0.3056923539027407
capecitabine,panobinostat,vinorelbine,0.30564874978156953
anastrozole,everolimus,exemestane,0.3049939366718155
anastrozole,exemestane,goserelin,0.3037545999976866
capecitabine,epirubicin,vinorelbine,0.2996569446911634
anastrozole,eribulin,letrozole,0.2988236540365574
anastrozole,degarelix,palbociclib,0.29659263935627744
alpelisib,anastrozole,letrozole,0.2942199191294537
fulvestrant,goserelin,letrozole,0.29290887312999553
anastrozole,letrozole,tucatinib,0.2917282323673742
anastrozole,capecitabine,letrozole,0.29056791705810053
docetaxel,epirubicin,eribulin,0.29028327842619245
docetaxel,epirubicin,panobinostat,0.2902707531778687
anastrozole,letrozole,panobinostat,0.2901384727132658
everolimus,exemestane,fulvestrant,0.28922879858085443
anastrozole,canagliflozin,letrozole,0.28860868406234147
anastrozole,degarelix,everolimus,0.2877676230235201
anastrozole,letrozole,paclitaxel,0.2871401470551336
anastrozole,epirubicin,letrozole,0.2870976552207239
anastrozole,docetaxel,letrozole,0.28705273342489246
anastrozole,gemcitabine,letrozole,0.2869592882389107
anastrozole,letrozole,pF-03084014,0.28693897263002477
anastrozole,letrozole,midazolam,0.28693897263002466
anastrozole,letrozole,propofol,0.28693897263002444
anastrozole,fentanyl,letrozole,0.286938972630024
lapatinib,letrozole,panobinostat,0.2863501479264465
docetaxel,epirubicin,lapatinib,0.28625112462340957
docetaxel,epirubicin,vinorelbine,0.28498546428858995
docetaxel,epirubicin,letrozole,0.27859181475712247
docetaxel,epirubicin,everolimus,0.2785854887115911
anastrozole,docetaxel,epirubicin,0.2785298616793358
docetaxel,epirubicin,exemestane,0.2784351666561579
docetaxel,epirubicin,fulvestrant,0.27843204658432713
docetaxel,epirubicin,goserelin,0.2784303386092406
docetaxel,epirubicin,lY2835219,0.27842895141556884
degarelix,docetaxel,epirubicin,0.27842737905889153
docetaxel,epirubicin,palbociclib,0.2784264677172779
docetaxel,entrectinib,epirubicin,0.278425949797982
docetaxel,epirubicin,hydroxychloroquine,0.27842501061108293
alpelisib,docetaxel,epirubicin,0.27842478292483247
docetaxel,epirubicin,tucatinib,0.2784247014206295
canagliflozin,docetaxel,epirubicin,0.27842464625675967
docetaxel,epirubicin,pF-03084014,0.2784246165254454
docetaxel,epirubicin,propofol,0.2784246165254453
docetaxel,epirubicin,midazolam,0.2784246165254453
docetaxel,epirubicin,fentanyl,0.2784246165254451
docetaxel,gemcitabine,paclitaxel,0.2762364585795019
entrectinib,exemestane,letrozole,0.27559190105835796
exemestane,lY2835219,letrozole,0.271526259849299
anastrozole,exemestane,vinorelbine,0.26873592158225873
anastrozole,degarelix,entrectinib,0.26424481827274543
anastrozole,degarelix,eribulin,0.26305007642146233
anastrozole,fulvestrant,goserelin,0.2610440759540319
alpelisib,anastrozole,degarelix,0.2606089169054896
anastrozole,degarelix,lapatinib,0.2603995191956264
anastrozole,degarelix,tucatinib,0.2594445017402798
anastrozole,degarelix,hydroxychloroquine,0.25889031944530355
anastrozole,capecitabine,degarelix,0.258480981818305
exemestane,letrozole,vinorelbine,0.25828033614289486
exemestane,letrozole,palbociclib,0.25804145246436905
anastrozole,canagliflozin,degarelix,0.2578702420189983
anastrozole,degarelix,panobinostat,0.2572973945338716
anastrozole,degarelix,paclitaxel,0.2570996513892762
anastrozole,degarelix,epirubicin,0.25708465147556003
anastrozole,degarelix,docetaxel,0.25706625355734675
anastrozole,degarelix,gemcitabine,0.25702934597782806
anastrozole,degarelix,pF-03084014,0.25702144867278787
anastrozole,degarelix,fentanyl,0.2570214486727854
anastrozole,degarelix,propofol,0.257021448672785
anastrozole,degarelix,midazolam,0.2570214486727849
capecitabine,docetaxel,lapatinib,0.25643246036303563
docetaxel,eribulin,gemcitabine,0.2548998930624112
docetaxel,gemcitabine,panobinostat,0.2548947308898701
docetaxel,gemcitabine,lapatinib,0.25341898554472464
docetaxel,gemcitabine,vinorelbine,0.25296525752437715
docetaxel,gemcitabine,letrozole,0.2500949611061673
docetaxel,everolimus,gemcitabine,0.2500886608346717
anastrozole,docetaxel,gemcitabine,0.2500640119731896
docetaxel,exemestane,gemcitabine,0.2500174464162344
docetaxel,fulvestrant,gemcitabine,0.25001605296638985
docetaxel,gemcitabine,goserelin,0.2500151259227692
docetaxel,gemcitabine,lY2835219,0.2500144858998815
degarelix,docetaxel,gemcitabine,0.2500135868920177
docetaxel,gemcitabine,palbociclib,0.25001328149480306
docetaxel,entrectinib,gemcitabine,0.2500129978345245
docetaxel,gemcitabine,hydroxychloroquine,0.2500126107567812
alpelisib,docetaxel,gemcitabine,0.2500125232283731
docetaxel,gemcitabine,tucatinib,0.2500124833266154
canagliflozin,docetaxel,gemcitabine,0.2500124605913048
docetaxel,gemcitabine,pF-03084014,0.2500124483378023
docetaxel,gemcitabine,propofol,0.25001244833780145
docetaxel,gemcitabine,midazolam,0.25001244833780145
docetaxel,fentanyl,gemcitabine,0.2500124483378009
goserelin,letrozole,palbociclib,0.24951991719005828
epirubicin,lapatinib,panobinostat,0.24949586436655083
alpelisib,exemestane,fulvestrant,0.2488692404237166
lapatinib,paclitaxel,panobinostat,0.24686753163386255
eribulin,lapatinib,panobinostat,0.2467892304356758
docetaxel,lapatinib,panobinostat,0.24443387560465385
lapatinib,panobinostat,vinorelbine,0.2438455040896011
anastrozole,lapatinib,panobinostat,0.24068217488555016
exemestane,lapatinib,panobinostat,0.2403710529409544
fulvestrant,lapatinib,panobinostat,0.23975611899117258
lY2835219,lapatinib,panobinostat,0.23880881090809347
goserelin,lapatinib,panobinostat,0.2387262984022893
gemcitabine,lapatinib,panobinostat,0.2381120393751554
lapatinib,palbociclib,panobinostat,0.2375217841272839
entrectinib,lapatinib,panobinostat,0.23746524180188286
degarelix,lapatinib,panobinostat,0.23722893671919493
hydroxychloroquine,lapatinib,panobinostat,0.2372272832218257
alpelisib,lapatinib,panobinostat,0.23718092606317787
lapatinib,panobinostat,tucatinib,0.23715453365690078
canagliflozin,lapatinib,panobinostat,0.23713768592337414
lapatinib,pF-03084014,panobinostat,0.2371285476104095
lapatinib,midazolam,panobinostat,0.23712854761040855
lapatinib,panobinostat,propofol,0.2371285476104084
fentanyl,lapatinib,panobinostat,0.23712854761040802
anastrozole,exemestane,palbociclib,0.23701923463202001
capecitabine,gemcitabine,paclitaxel,0.23570901558963261
anastrozole,fulvestrant,lY2835219,0.23557135174172922
exemestane,fulvestrant,tucatinib,0.235450144797216
exemestane,lapatinib,letrozole,0.2351266977934353
capecitabine,docetaxel,vinorelbine,0.23133156021309845
capecitabine,everolimus,lapatinib,0.2310903815851408
epirubicin,eribulin,paclitaxel,0.22875440591932036
epirubicin,paclitaxel,panobinostat,0.22874065198048704
capecitabine,lapatinib,vinorelbine,0.2278413842031312
exemestane,fulvestrant,lY2835219,0.22618552799978245
epirubicin,lapatinib,paclitaxel,0.2248305362007307
epirubicin,paclitaxel,vinorelbine,0.2236298252889596
capecitabine,eribulin,gemcitabine,0.22298506432389256
capecitabine,gemcitabine,panobinostat,0.22277129742644106
alpelisib,anastrozole,fulvestrant,0.21824281402679332
epirubicin,letrozole,paclitaxel,0.21595392872731492
epirubicin,everolimus,paclitaxel,0.21593669712131336
anastrozole,epirubicin,paclitaxel,0.21587081569011526
epirubicin,exemestane,paclitaxel,0.2157458388086667
epirubicin,fulvestrant,paclitaxel,0.21574211317406441
epirubicin,goserelin,paclitaxel,0.21573961628067398
epirubicin,lY2835219,paclitaxel,0.21573790278598468
degarelix,epirubicin,paclitaxel,0.21573547723077227
epirubicin,paclitaxel,palbociclib,0.21573467200556895
entrectinib,epirubicin,paclitaxel,0.21573390776351054
epirubicin,hydroxychloroquine,paclitaxel,0.21573287644510766
alpelisib,epirubicin,paclitaxel,0.2157326439980135
epirubicin,paclitaxel,tucatinib,0.21573253692396585
canagliflozin,epirubicin,paclitaxel,0.21573247634868012
epirubicin,fentanyl,paclitaxel,0.21573244370081077
epirubicin,paclitaxel,propofol,0.21573244370081066
epirubicin,midazolam,paclitaxel,0.21573244370081063
epirubicin,pF-03084014,paclitaxel,0.21573244370080963
everolimus,fulvestrant,letrozole,0.21561880419903087
everolimus,goserelin,letrozole,0.21393943089215764
exemestane,hydroxychloroquine,letrozole,0.21278480886421713
alpelisib,fulvestrant,letrozole,0.2126211069845734
degarelix,exemestane,letrozole,0.2118792354986737
capecitabine,eribulin,letrozole,0.21000533354356332
capecitabine,everolimus,panobinostat,0.20992266467868914
anastrozole,capecitabine,eribulin,0.20917900924982624
goserelin,letrozole,vinorelbine,0.2084542174023353
capecitabine,letrozole,panobinostat,0.20676750623407297
capecitabine,everolimus,paclitaxel,0.20632650265034352
capecitabine,letrozole,paclitaxel,0.20627895953442496
fulvestrant,letrozole,palbociclib,0.20608237577673197
anastrozole,capecitabine,paclitaxel,0.2054277148054469
alpelisib,fulvestrant,goserelin,0.20475026190492088
anastrozole,everolimus,fulvestrant,0.20435837550581062
anastrozole,fulvestrant,tucatinib,0.20428979002465664
capecitabine,eribulin,everolimus,0.2042829465065664
fulvestrant,lY2835219,letrozole,0.2042094511323587
capecitabine,exemestane,paclitaxel,0.20409489950338555
anastrozole,entrectinib,exemestane,0.20405218313612347
capecitabine,fulvestrant,paclitaxel,0.20404495475118567
capecitabine,goserelin,paclitaxel,0.2040246476946868
capecitabine,lY2835219,paclitaxel,0.20400331956190795
capecitabine,degarelix,paclitaxel,0.2039865765432507
capecitabine,paclitaxel,palbociclib,0.20396763677799346
capecitabine,entrectinib,paclitaxel,0.20396158803607986
capecitabine,hydroxychloroquine,paclitaxel,0.20394516774621194
alpelisib,capecitabine,paclitaxel,0.20394091675961654
capecitabine,paclitaxel,tucatinib,0.20393976200973768
canagliflozin,capecitabine,paclitaxel,0.20393879755126712
capecitabine,paclitaxel,propofol,0.2039382777433434
capecitabine,midazolam,paclitaxel,0.20393827774334336
capecitabine,fentanyl,paclitaxel,0.20393827774334336
capecitabine,pF-03084014,paclitaxel,0.20393827774334158
anastrozole,capecitabine,panobinostat,0.2033052938123737
capecitabine,eribulin,exemestane,0.20230709778500316
capecitabine,eribulin,fulvestrant,0.20215269890610146
capecitabine,eribulin,goserelin,0.2020985361549535
capecitabine,eribulin,lY2835219,0.20199980625336011
capecitabine,degarelix,eribulin,0.20197986860315154
capecitabine,exemestane,panobinostat,0.20195271221486094
capecitabine,eribulin,palbociclib,0.20192424347434595
capecitabine,entrectinib,eribulin,0.20188766688887405
capecitabine,fulvestrant,panobinostat,0.20187502450953235
capecitabine,eribulin,hydroxychloroquine,0.2018508670847249
alpelisib,capecitabine,eribulin,0.20184212205611438
capecitabine,eribulin,tucatinib,0.20183841411243436
canagliflozin,capecitabine,eribulin,0.2018364263190698
capecitabine,eribulin,fentanyl,0.20183535847939055
capecitabine,eribulin,propofol,0.2018353584793903
capecitabine,eribulin,midazolam,0.20183535847939027
capecitabine,eribulin,pF-03084014,0.2018353584793896
capecitabine,goserelin,panobinostat,0.20179256124255623
capecitabine,lY2835219,panobinostat,0.2017763089609494
exemestane,fulvestrant,goserelin,0.20175871657732666
capecitabine,degarelix,panobinostat,0.201674540729362
capecitabine,palbociclib,panobinostat,0.2016708850006003
capecitabine,entrectinib,panobinostat,0.20165942849342977
capecitabine,hydroxychloroquine,panobinostat,0.20163315568293463
alpelisib,capecitabine,panobinostat,0.201627398301988
capecitabine,panobinostat,tucatinib,0.20162473865913128
canagliflozin,capecitabine,panobinostat,0.20162307618878372
capecitabine,midazolam,panobinostat,0.2016221777675646
capecitabine,panobinostat,propofol,0.2016221777675646
capecitabine,fentanyl,panobinostat,0.2016221777675644
capecitabine,pF-03084014,panobinostat,0.20162217776756416
anastrozole,entrectinib,goserelin,0.2015333855861586
alpelisib,anastrozole,exemestane,0.20088378106269916
anastrozole,exemestane,lapatinib,0.2008758310668812
anastrozole,eribulin,exemestane,0.2007847136340551
anastrozole,exemestane,tucatinib,0.19922130699535473
fulvestrant,letrozole,tucatinib,0.19837279866333765
capecitabine,epirubicin,everolimus,0.19787465082320754
capecitabine,epirubicin,letrozole,0.19781308397153202
anastrozole,exemestane,hydroxychloroquine,0.19708528246161564
anastrozole,capecitabine,epirubicin,0.19697338524274186
anastrozole,canagliflozin,exemestane,0.19619104175295501
anastrozole,capecitabine,exemestane,0.19609334895329922
everolimus,lapatinib,letrozole,0.19588673759046463
capecitabine,epirubicin,exemestane,0.1956551906230641
capecitabine,epirubicin,fulvestrant,0.1956051515528176
capecitabine,epirubicin,goserelin,0.19558546474231056
capecitabine,epirubicin,lY2835219,0.19556417849545366
capecitabine,degarelix,epirubicin,0.1955481929010513
capecitabine,epirubicin,palbociclib,0.1955288099151527
capecitabine,entrectinib,epirubicin,0.1955229596745752
capecitabine,epirubicin,hydroxychloroquine,0.19550637857630376
alpelisib,capecitabine,epirubicin,0.1955020627911257
capecitabine,epirubicin,tucatinib,0.19550091989997098
canagliflozin,capecitabine,epirubicin,0.19549994599629622
capecitabine,epirubicin,fentanyl,0.19549942109774973
capecitabine,epirubicin,propofol,0.195499421097749
capecitabine,epirubicin,midazolam,0.1954994210977489
capecitabine,epirubicin,pF-03084014,0.19549942109774832
anastrozole,exemestane,panobinostat,0.19498297405011153
anastrozole,exemestane,paclitaxel,0.19461538238015197
anastrozole,epirubicin,exemestane,0.1945990572283138
anastrozole,docetaxel,exemestane,0.19457941056759442
anastrozole,exemestane,gemcitabine,0.1945398236575323
anastrozole,exemestane,pF-03084014,0.19453133625565458
anastrozole,exemestane,fentanyl,0.1945313362556529
anastrozole,exemestane,propofol,0.1945313362556527
anastrozole,exemestane,midazolam,0.19453133625565266
alpelisib,exemestane,letrozole,0.19245788057640806
eribulin,exemestane,letrozole,0.19204831361458063
goserelin,lY2835219,letrozole,0.19139571933281457
entrectinib,fulvestrant,letrozole,0.19107056904290215
exemestane,letrozole,tucatinib,0.19050012218996462
everolimus,exemestane,lapatinib,0.18908886414405257
exemestane,letrozole,panobinostat,0.18888246215859922
capecitabine,exemestane,letrozole,0.18813845506065624
fentanyl,midazolam,pF-03084014,0.18797953964195543
fentanyl,goserelin,midazolam,0.18797953964195344
capecitabine,fentanyl,midazolam,0.18797953964195308
degarelix,fentanyl,midazolam,0.187979539641953
exemestane,fentanyl,midazolam,0.18797953964195294
fentanyl,gemcitabine,midazolam,0.18797953964195285
anastrozole,fentanyl,midazolam,0.18797953964195285
epirubicin,fentanyl,midazolam,0.18797953964195285
alpelisib,fentanyl,midazolam,0.18797953964195285
fentanyl,lapatinib,midazolam,0.18797953964195283
canagliflozin,fentanyl,midazolam,0.18797953964195277
fentanyl,fulvestrant,midazolam,0.18797953964195277
fentanyl,midazolam,vinorelbine,0.18797953964195274
eribulin,fentanyl,midazolam,0.18797953964195271
entrectinib,fentanyl,midazolam,0.18797953964195266
everolimus,fentanyl,midazolam,0.18797953964195266
fentanyl,midazolam,tucatinib,0.1879795396419526
fentanyl,lY2835219,midazolam,0.18797953964195255
fentanyl,midazolam,paclitaxel,0.18797953964195255
fentanyl,letrozole,midazolam,0.1879795396419524
docetaxel,fentanyl,midazolam,0.1879795396419524
fentanyl,midazolam,panobinostat,0.1879795396419522
fentanyl,hydroxychloroquine,midazolam,0.18797953964195185
fentanyl,midazolam,palbociclib,0.1879795396419513
canagliflozin,exemestane,letrozole,0.18743757475707581
exemestane,letrozole,paclitaxel,0.1859039027959185
epirubicin,exemestane,letrozole,0.18587603164389246
docetaxel,exemestane,letrozole,0.18584677102394795
exemestane,gemcitabine,letrozole,0.18578579412830198
exemestane,letrozole,pF-03084014,0.18577252715272577
exemestane,letrozole,propofol,0.1857725271527255
exemestane,letrozole,midazolam,0.1857725271527255
exemestane,fentanyl,letrozole,0.18577252715272516
goserelin,lapatinib,letrozole,0.18548742362415238
alpelisib,goserelin,letrozole,0.1840383849280461
anastrozole,fulvestrant,palbociclib,0.18225596450031178
anastrozole,goserelin,palbociclib,0.18191947741996228
everolimus,fulvestrant,lY2835219,0.1815325571504141
alpelisib,canagliflozin,fulvestrant,0.17969399149605197
anastrozole,fulvestrant,vinorelbine,0.17951367851763245
exemestane,fulvestrant,palbociclib,0.17900859052771892
anastrozole,goserelin,lY2835219,0.17898359144850928
alpelisib,everolimus,fulvestrant,0.178646857207394
everolimus,exemestane,lY2835219,0.17697045904441766
everolimus,fulvestrant,lapatinib,0.1755272583561789
capecitabine,lapatinib,letrozole,0.173348019304277
canagliflozin,exemestane,fulvestrant,0.17295973600207332
anastrozole,goserelin,vinorelbine,0.17233158090395226
fulvestrant,letrozole,vinorelbine,0.1718622865223397
anastrozole,capecitabine,vinorelbine,0.1716161758558916
capecitabine,letrozole,vinorelbine,0.17072331472973917
degarelix,lY2835219,letrozole,0.16769083281844746
everolimus,fulvestrant,tucatinib,0.16529637711013345
everolimus,lY2835219,lapatinib,0.165198565151537
goserelin,hydroxychloroquine,letrozole,0.1648477324618059
anastrozole,everolimus,lY2835219,0.16392989865666036
alpelisib,fulvestrant,lY2835219,0.1617759452899071
degarelix,everolimus,lY2835219,0.16160773843666523
degarelix,goserelin,letrozole,0.15898280196039974
anastrozole,everolimus,goserelin,0.15890497370526163
degarelix,fulvestrant,lY2835219,0.15885677345259122
entrectinib,letrozole,palbociclib,0.15692311533809045
entrectinib,letrozole,vinorelbine,0.15634579537934112
everolimus,lY2835219,letrozole,0.15573765805822223
everolimus,fulvestrant,goserelin,0.15401857468161362
fulvestrant,goserelin,tucatinib,0.15321877924544125
degarelix,exemestane,fulvestrant,0.1530289037005153
entrectinib,fulvestrant,goserelin,0.15162663775607482
fulvestrant,lapatinib,letrozole,0.1496861851826249
fulvestrant,lY2835219,tucatinib,0.1486947131189358
anastrozole,lY2835219,vinorelbine,0.14727443303002413
alpelisib,anastrozole,goserelin,0.14588606347659028
capecitabine,gemcitabine,lapatinib,0.1458626932746727
alpelisib,fulvestrant,palbociclib,0.1457800191557075
exemestane,fulvestrant,vinorelbine,0.1448450727444903
goserelin,letrozole,tucatinib,0.14396823950862372
eribulin,goserelin,letrozole,0.14381883654306785
exemestane,fulvestrant,lapatinib,0.14363158761744116
degarelix,exemestane,lY2835219,0.14343019357191358
entrectinib,exemestane,fulvestrant,0.14326669623872654
anastrozole,canagliflozin,fulvestrant,0.14174238035737013
goserelin,letrozole,panobinostat,0.14070139574483145
capecitabine,goserelin,letrozole,0.13998378445773368
exemestane,fulvestrant,hydroxychloroquine,0.13965382869160675
entrectinib,goserelin,palbociclib,0.13940566217970687
canagliflozin,goserelin,letrozole,0.13918524042484665
eribulin,exemestane,fulvestrant,0.13863223766056096
entrectinib,lY2835219,letrozole,0.1385086177878449
exemestane,fulvestrant,panobinostat,0.13842653911750086
capecitabine,exemestane,fulvestrant,0.1383448920953953
exemestane,fulvestrant,paclitaxel,0.1381064566961215
epirubicin,exemestane,fulvestrant,0.13810465790862028
docetaxel,exemestane,fulvestrant,0.13810137230460612
exemestane,fulvestrant,gemcitabine,0.13809528042604766
exemestane,fulvestrant,pF-03084014,0.13809402501181697
exemestane,fentanyl,fulvestrant,0.13809402501181622
exemestane,fulvestrant,propofol,0.13809402501181614
exemestane,fulvestrant,midazolam,0.1380940250118161
alpelisib,entrectinib,goserelin,0.13783614090302326
goserelin,letrozole,paclitaxel,0.1378127355457568
epirubicin,goserelin,letrozole,0.13778539032167586
docetaxel,goserelin,letrozole,0.1377569982548617
gemcitabine,goserelin,letrozole,0.13769766035953737
goserelin,letrozole,midazolam,0.137684734130533
goserelin,letrozole,propofol,0.13768473413053267
fentanyl,goserelin,letrozole,0.1376847341305325
goserelin,letrozole,pF-03084014,0.13768473413052842
letrozole,palbociclib,vinorelbine,0.13752646613139136
everolimus,goserelin,lapatinib,0.13611443499034825
canagliflozin,fulvestrant,letrozole,0.13579310680556206
anastrozole,everolimus,lapatinib,0.13566201740890696
hydroxychloroquine,letrozole,palbociclib,0.1348950510199981
fulvestrant,goserelin,palbociclib,0.1347875723829744
entrectinib,everolimus,letrozole,0.13420262355980242
entrectinib,lapatinib,letrozole,0.13401477845842566
fulvestrant,palbociclib,tucatinib,0.13241094173905177
canagliflozin,fulvestrant,tucatinib,0.1311434465381915
capecitabine,docetaxel,everolimus,0.1309609677944551
capecitabine,docetaxel,letrozole,0.1309025191180663
anastrozole,capecitabine,docetaxel,0.1300724343485012
anastrozole,capecitabine,lapatinib,0.12953442826451136
capecitabine,docetaxel,exemestane,0.12876990090471044
capecitabine,docetaxel,fulvestrant,0.12872056171528218
capecitabine,docetaxel,goserelin,0.12870104357708723
capecitabine,docetaxel,lY2835219,0.12868004174532588
capecitabine,degarelix,docetaxel,0.12866415192520375
capecitabine,docetaxel,palbociclib,0.12864510604353618
capecitabine,docetaxel,entrectinib,0.12863930362438514
capecitabine,docetaxel,hydroxychloroquine,0.12862297546602094
alpelisib,capecitabine,docetaxel,0.1286187292402693
capecitabine,docetaxel,tucatinib,0.12861760006023507
canagliflozin,capecitabine,docetaxel,0.12861664101318038
capecitabine,docetaxel,midazolam,0.1286161241218118
capecitabine,docetaxel,propofol,0.12861612412181178
capecitabine,docetaxel,fentanyl,0.1286161241218115
capecitabine,docetaxel,pF-03084014,0.12861612412181112
fulvestrant,hydroxychloroquine,letrozole,0.1280557839375903
capecitabine,exemestane,lapatinib,0.12804985487713783
capecitabine,fulvestrant,lapatinib,0.12741635044484062
capecitabine,lY2835219,lapatinib,0.12648936005178246
capecitabine,goserelin,lapatinib,0.1264314961493179
entrectinib,everolimus,goserelin,0.1263797442777591
capecitabine,lapatinib,palbociclib,0.12523993664752223
capecitabine,entrectinib,lapatinib,0.12518371608885898
capecitabine,degarelix,lapatinib,0.12498095103662409
capecitabine,hydroxychloroquine,lapatinib,0.12494006024956054
degarelix,fulvestrant,letrozole,0.12491234955142111
alpelisib,capecitabine,lapatinib,0.12489112614718002
capecitabine,lapatinib,tucatinib,0.12486520281677371
canagliflozin,capecitabine,lapatinib,0.12484813976673502
capecitabine,fentanyl,lapatinib,0.12483888781638743
capecitabine,lapatinib,midazolam,0.12483888781638704
capecitabine,lapatinib,pF-03084014,0.12483888781638698
capecitabine,lapatinib,propofol,0.12483888781638694
everolimus,exemestane,goserelin,0.12204599845826043
capecitabine,gemcitabine,vinorelbine,0.12114420169306155
lY2835219,letrozole,vinorelbine,0.12017037174307299
lY2835219,letrozole,palbociclib,0.12001610012829259
lapatinib,letrozole,vinorelbine,0.11748997104445637
anastrozole,entrectinib,fulvestrant,0.11672665767659648
anastrozole,lY2835219,palbociclib,0.11564235814353079
everolimus,letrozole,palbociclib,0.11523531617076983
lapatinib,letrozole,palbociclib,0.1149251635722968
everolimus,letrozole,vinorelbine,0.11481904557453652
alpelisib,degarelix,fulvestrant,0.11442180384450792
entrectinib,hydroxychloroquine,letrozole,0.11382694373891496
anastrozole,eribulin,fulvestrant,0.11301911313256889
anastrozole,fulvestrant,lapatinib,0.11263112501199954
alpelisib,entrectinib,fulvestrant,0.11137279505679759
alpelisib,fulvestrant,vinorelbine,0.11055434001356272
alpelisib,fulvestrant,lapatinib,0.11042258130445332
fulvestrant,goserelin,lY2835219,0.11035550461286425
anastrozole,fulvestrant,hydroxychloroquine,0.10955206409091767
anastrozole,palbociclib,vinorelbine,0.10944221553255175
epirubicin,everolimus,lapatinib,0.10891658195538341
alpelisib,fulvestrant,hydroxychloroquine,0.1087574123218003
anastrozole,capecitabine,fulvestrant,0.1083858891428707
eribulin,everolimus,lapatinib,0.1083663027167656
everolimus,lapatinib,paclitaxel,0.10832955029060723
alpelisib,eribulin,fulvestrant,0.10811698434864207
alpelisib,fulvestrant,panobinostat,0.10805094762159785
alpelisib,capecitabine,fulvestrant,0.10800069874731102
alpelisib,fulvestrant,paclitaxel,0.10790219636932245
alpelisib,epirubicin,fulvestrant,0.10790125249365183
alpelisib,docetaxel,fulvestrant,0.10789992305713486
alpelisib,fulvestrant,gemcitabine,0.10789733555454316
alpelisib,fentanyl,fulvestrant,0.10789678954625896
alpelisib,fulvestrant,midazolam,0.10789678954625893
alpelisib,fulvestrant,propofol,0.10789678954625888
alpelisib,fulvestrant,pF-03084014,0.10789678954625875
everolimus,lapatinib,vinorelbine,0.1076644074545349
everolimus,fulvestrant,palbociclib,0.10733808517582816
anastrozole,fulvestrant,panobinostat,0.1072940847221985
eribulin,fulvestrant,letrozole,0.10708690655716557
docetaxel,everolimus,lapatinib,0.10701458465429461
anastrozole,fulvestrant,paclitaxel,0.10695423600536776
anastrozole,epirubicin,fulvestrant,0.10693781653548284
anastrozole,docetaxel,fulvestrant,0.10691886975558171
anastrozole,fulvestrant,gemcitabine,0.10688030958668751
anastrozole,fulvestrant,pF-03084014,0.10687200553914705
anastrozole,fulvestrant,midazolam,0.10687200553914632
anastrozole,fentanyl,fulvestrant,0.10687200553914622
anastrozole,fulvestrant,propofol,0.10687200553914615
degarelix,goserelin,lY2835219,0.10657880556154076
degarelix,everolimus,lapatinib,0.10640601379023756
entrectinib,exemestane,goserelin,0.10634402582624365
anastrozole,goserelin,tucatinib,0.10611120237626687
anastrozole,eribulin,goserelin,0.10597701462479533
everolimus,lapatinib,palbociclib,0.10569818278597082
alpelisib,everolimus,lapatinib,0.10569238738871865
entrectinib,everolimus,lapatinib,0.1054745689119807
everolimus,lapatinib,tucatinib,0.10517190202519122
degarelix,entrectinib,letrozole,0.10510529128932047
anastrozole,goserelin,lapatinib,0.10465833495985125
capecitabine,exemestane,vinorelbine,0.10446253408993426
everolimus,gemcitabine,lapatinib,0.10441195137506709
canagliflozin,everolimus,lapatinib,0.10439669541383036
everolimus,hydroxychloroquine,lapatinib,0.10424603037215147
fulvestrant,letrozole,panobinostat,0.10399776627475733
everolimus,lapatinib,pF-03084014,0.10397189316278563
everolimus,fentanyl,lapatinib,0.10397189316278434
everolimus,lapatinib,propofol,0.10397189316278384
everolimus,lapatinib,midazolam,0.10397189316278366
canagliflozin,everolimus,fulvestrant,0.10353351804536677
capecitabine,everolimus,vinorelbine,0.10328173043254965
capecitabine,fulvestrant,letrozole,0.10323518869429892
degarelix,lY2835219,vinorelbine,0.10294619097032996
capecitabine,fulvestrant,vinorelbine,0.10285149264789238
capecitabine,goserelin,vinorelbine,0.10265733079083778
anastrozole,goserelin,hydroxychloroquine,0.10256998412145744
capecitabine,degarelix,vinorelbine,0.10217657548086663
degarelix,lY2835219,palbociclib,0.10200211924845194
capecitabine,lY2835219,vinorelbine,0.10156062333928866
degarelix,fulvestrant,tucatinib,0.10150076712014176
anastrozole,canagliflozin,goserelin,0.1013604854829789
anastrozole,capecitabine,goserelin,0.10136045641262964
degarelix,lY2835219,lapatinib,0.10131363952738034
capecitabine,palbociclib,vinorelbine,0.10110028006995367
fulvestrant,letrozole,paclitaxel,0.10104694986520542
epirubicin,fulvestrant,letrozole,0.10101898439513268
docetaxel,fulvestrant,letrozole,0.10099042365600643
fulvestrant,gemcitabine,letrozole,0.10093047350152831
fulvestrant,letrozole,midazolam,0.10091738988029025
fulvestrant,letrozole,propofol,0.1009173898802901
fentanyl,fulvestrant,letrozole,0.10091738988028966
fulvestrant,letrozole,pF-03084014,0.10091738988028935
alpelisib,degarelix,lY2835219,0.10080798193714513
capecitabine,entrectinib,vinorelbine,0.10077377387311137
degarelix,lY2835219,tucatinib,0.10051535860310058
degarelix,entrectinib,lY2835219,0.10038377976520625
capecitabine,hydroxychloroquine,vinorelbine,0.10033961141994059
anastrozole,goserelin,panobinostat,0.10022368569859678
alpelisib,capecitabine,vinorelbine,0.10022207894203676
capecitabine,tucatinib,vinorelbine,0.10018974981947895
canagliflozin,capecitabine,vinorelbine,0.10016780922054563
capecitabine,fentanyl,vinorelbine,0.10015605596078693
capecitabine,propofol,vinorelbine,0.10015605596078656
capecitabine,midazolam,vinorelbine,0.10015605596078654
capecitabine,pF-03084014,vinorelbine,0.10015605596078632
canagliflozin,degarelix,lY2835219,0.0999465462050717
anastrozole,goserelin,paclitaxel,0.09994599319224327
anastrozole,epirubicin,goserelin,0.09993019396835022
anastrozole,docetaxel,goserelin,0.09991141586076116
anastrozole,gemcitabine,goserelin,0.0998734679510207
anastrozole,fentanyl,goserelin,0.09986532129571328
anastrozole,goserelin,midazolam,0.09986532129571322
anastrozole,goserelin,propofol,0.09986532129571288
anastrozole,goserelin,pF-03084014,0.0998653212957103
degarelix,hydroxychloroquine,lY2835219,0.09984694687895922
degarelix,eribulin,lY2835219,0.09983006196947898
capecitabine,degarelix,lY2835219,0.09973948127609122
degarelix,lY2835219,panobinostat,0.09972759822693
degarelix,epirubicin,lY2835219,0.09963463327275458
degarelix,lY2835219,paclitaxel,0.09963444469021997
degarelix,docetaxel,lY2835219,0.09963304949865412
degarelix,gemcitabine,lY2835219,0.0996307119654815
degarelix,fentanyl,lY2835219,0.09963029267391979
degarelix,lY2835219,pF-03084014,0.09963029267391962
degarelix,lY2835219,propofol,0.09963029267391948
degarelix,lY2835219,midazolam,0.09963029267391933
anastrozole,everolimus,vinorelbine,0.09930077755889688
entrectinib,goserelin,tucatinib,0.09848987793612539
entrectinib,goserelin,lY2835219,0.0984320215037245
degarelix,entrectinib,goserelin,0.09840327926508084
lY2835219,lapatinib,letrozole,0.09835814931890376
entrectinib,fulvestrant,tucatinib,0.0978483691880864
fulvestrant,tucatinib,vinorelbine,0.09766828339385142
entrectinib,goserelin,vinorelbine,0.09758033022587238
fulvestrant,lapatinib,tucatinib,0.09754293047689352
entrectinib,goserelin,lapatinib,0.09639877408889919
fulvestrant,hydroxychloroquine,tucatinib,0.09589126912789707
entrectinib,goserelin,hydroxychloroquine,0.09556577945546041
eribulin,fulvestrant,tucatinib,0.09525954890780859
canagliflozin,entrectinib,goserelin,0.09524070763848398
fulvestrant,panobinostat,tucatinib,0.09519456048158763
capecitabine,fulvestrant,tucatinib,0.09514478068317161
fulvestrant,paclitaxel,tucatinib,0.09504731412229012
epirubicin,fulvestrant,tucatinib,0.09504638210534357
docetaxel,fulvestrant,tucatinib,0.09504506637994718
fulvestrant,gemcitabine,tucatinib,0.09504250676868028
fulvestrant,pF-03084014,tucatinib,0.09504196676561273
fulvestrant,propofol,tucatinib,0.09504196676561243
fulvestrant,midazolam,tucatinib,0.0950419667656124
fentanyl,fulvestrant,tucatinib,0.09504196676561238
hydroxychloroquine,letrozole,vinorelbine,0.09482311308487212
entrectinib,eribulin,goserelin,0.09477682356854343
capecitabine,entrectinib,goserelin,0.094671963306401
entrectinib,goserelin,panobinostat,0.09466897168435316
entrectinib,goserelin,paclitaxel,0.09457101772757656
entrectinib,epirubicin,goserelin,0.09457091970488392
docetaxel,entrectinib,goserelin,0.0945694364413454
entrectinib,gemcitabine,goserelin,0.09456709143024304
entrectinib,fentanyl,goserelin,0.09456665039494971
entrectinib,goserelin,propofol,0.09456665039494887
entrectinib,goserelin,midazolam,0.09456665039494827
entrectinib,goserelin,pF-03084014,0.0945666503949443
everolimus,goserelin,lY2835219,0.09350476354351181
entrectinib,eribulin,letrozole,0.0933831021717206
degarelix,everolimus,exemestane,0.09291789163487554
alpelisib,entrectinib,letrozole,0.0919296357473018
fulvestrant,lY2835219,palbociclib,0.09099951062394467
entrectinib,letrozole,panobinostat,0.09034339789043726
entrectinib,letrozole,tucatinib,0.08986654711864778
capecitabine,entrectinib,letrozole,0.08963906314328701
canagliflozin,fulvestrant,goserelin,0.08900791879941038
everolimus,exemestane,panobinostat,0.0882574246729689
canagliflozin,entrectinib,letrozole,0.08824854540926168
degarelix,letrozole,vinorelbine,0.08790772459742674
entrectinib,letrozole,paclitaxel,0.08752481078188201
entrectinib,epirubicin,letrozole,0.08749802014867272
docetaxel,entrectinib,letrozole,0.08747039319689177
everolimus,exemestane,palbociclib,0.08741825504052846
entrectinib,gemcitabine,letrozole,0.08741255090954815
entrectinib,fentanyl,letrozole,0.08739994092067556
entrectinib,letrozole,propofol,0.08739994092067549
entrectinib,letrozole,midazolam,0.08739994092067471
entrectinib,letrozole,pF-03084014,0.08739994092067381
canagliflozin,fulvestrant,lY2835219,0.08715275077490182
alpelisib,goserelin,palbociclib,0.08710015001202165
everolimus,exemestane,vinorelbine,0.08705855591545875
degarelix,letrozole,palbociclib,0.08693561228296698
alpelisib,everolimus,exemestane,0.08660472397629189
entrectinib,everolimus,exemestane,0.08565547487439845
everolimus,exemestane,tucatinib,0.0855447938138236
goserelin,hydroxychloroquine,palbociclib,0.08478301462961331
capecitabine,everolimus,exemestane,0.08448460070400546
anastrozole,entrectinib,lY2835219,0.08361737571319762
canagliflozin,everolimus,exemestane,0.08329907917394373
everolimus,exemestane,hydroxychloroquine,0.082952019821025
eribulin,everolimus,exemestane,0.08254573064733711
everolimus,exemestane,paclitaxel,0.08217124998159053
epirubicin,everolimus,exemestane,0.08215740256532152
docetaxel,everolimus,exemestane,0.0821250237700902
everolimus,exemestane,gemcitabine,0.08206719082376673
everolimus,exemestane,pF-03084014,0.08205550200927869
everolimus,exemestane,fentanyl,0.08205550200927719
everolimus,exemestane,propofol,0.08205550200927673
everolimus,exemestane,midazolam,0.08205550200927637
anastrozole,eribulin,lY2835219,0.08191784430082293
alpelisib,canagliflozin,goserelin,0.08096871455832437
anastrozole,lY2835219,lapatinib,0.08075575843993682
anastrozole,hydroxychloroquine,palbociclib,0.08065568857919311
alpelisib,anastrozole,lY2835219,0.08042268934417471
anastrozole,lY2835219,tucatinib,0.07909807873235965
fulvestrant,hydroxychloroquine,palbociclib,0.07808821319255632
anastrozole,hydroxychloroquine,lY2835219,0.07790641494132562
degarelix,everolimus,fulvestrant,0.07782991251055972
anastrozole,entrectinib,vinorelbine,0.07774404469061606
anastrozole,capecitabine,lY2835219,0.07735911510530419
anastrozole,canagliflozin,lY2835219,0.07701625994106856
hydroxychloroquine,lY2835219,letrozole,0.07695746549633987
anastrozole,lY2835219,panobinostat,0.07624699299461099
anastrozole,lapatinib,vinorelbine,0.07617707155141167
anastrozole,lY2835219,paclitaxel,0.07596422463708542
anastrozole,epirubicin,lY2835219,0.07594846729911432
anastrozole,docetaxel,lY2835219,0.07592997360662083
anastrozole,gemcitabine,lY2835219,0.07589248845256899
anastrozole,lY2835219,midazolam,0.07588443043086067
anastrozole,lY2835219,propofol,0.07588443043086064
anastrozole,fentanyl,lY2835219,0.07588443043086054
anastrozole,lY2835219,pF-03084014,0.07588443043085978
everolimus,goserelin,palbociclib,0.07556156478179629
everolimus,fulvestrant,panobinostat,0.07525163561206379
letrozole,panobinostat,vinorelbine,0.07515024365033551
alpelisib,everolimus,goserelin,0.07485007334350853
eribulin,letrozole,palbociclib,0.07427384331240044
anastrozole,panobinostat,vinorelbine,0.07418872277535724
anastrozole,epirubicin,vinorelbine,0.0741105224549502
anastrozole,paclitaxel,vinorelbine,0.07402044169493797
alpelisib,anastrozole,vinorelbine,0.07358510700264057
alpelisib,letrozole,palbociclib,0.07304451696323043
entrectinib,everolimus,fulvestrant,0.07301304968187941
hydroxychloroquine,lapatinib,letrozole,0.07268260277782902
anastrozole,docetaxel,vinorelbine,0.07265078103451952
everolimus,fulvestrant,vinorelbine,0.07251941311784044
anastrozole,tucatinib,vinorelbine,0.0724556719420855
epirubicin,letrozole,vinorelbine,0.07244952963701945
letrozole,paclitaxel,vinorelbine,0.07237099487719503
alpelisib,letrozole,vinorelbine,0.07222123928284005
everolimus,hydroxychloroquine,letrozole,0.07209725094823691
anastrozole,hydroxychloroquine,vinorelbine,0.07206155391578006
capecitabine,everolimus,fulvestrant,0.07146024116058491
letrozole,palbociclib,panobinostat,0.07120901895281566
letrozole,palbociclib,tucatinib,0.07113677678663187
canagliflozin,fulvestrant,palbociclib,0.07110409892315558
docetaxel,letrozole,vinorelbine,0.07098017425736362
anastrozole,canagliflozin,vinorelbine,0.07089103717931015
letrozole,tucatinib,vinorelbine,0.07079651990318594
capecitabine,letrozole,palbociclib,0.07050436243892758
anastrozole,gemcitabine,vinorelbine,0.07044880235987941
everolimus,fulvestrant,hydroxychloroquine,0.07010190171733496
anastrozole,pF-03084014,vinorelbine,0.07004760528621877
anastrozole,midazolam,vinorelbine,0.07004760528621742
anastrozole,fentanyl,vinorelbine,0.07004760528621742
anastrozole,propofol,vinorelbine,0.07004760528621731
eribulin,everolimus,fulvestrant,0.06946323041285887
canagliflozin,letrozole,palbociclib,0.06925779533298947
canagliflozin,letrozole,vinorelbine,0.0691996029499215
everolimus,fulvestrant,paclitaxel,0.06919320387381425
epirubicin,everolimus,fulvestrant,0.06917926213949853
docetaxel,everolimus,fulvestrant,0.06914758322508546
everolimus,fulvestrant,gemcitabine,0.06909077701992988
everolimus,fulvestrant,pF-03084014,0.0690792715597791
everolimus,fentanyl,fulvestrant,0.06907927155977849
everolimus,fulvestrant,propofol,0.06907927155977814
everolimus,fulvestrant,midazolam,0.06907927155977797
gemcitabine,letrozole,vinorelbine,0.06875680559713963
letrozole,paclitaxel,palbociclib,0.0683850240790035
epirubicin,letrozole,palbociclib,0.06835803494445812
letrozole,midazolam,vinorelbine,0.06835082894978076
letrozole,propofol,vinorelbine,0.06835082894978066
letrozole,pF-03084014,vinorelbine,0.06835082894978048
fentanyl,letrozole,vinorelbine,0.06835082894978027
docetaxel,letrozole,palbociclib,0.06833036017125078
gemcitabine,letrozole,palbociclib,0.06827233144631623
letrozole,pF-03084014,palbociclib,0.06825967284609953
letrozole,midazolam,palbociclib,0.06825967284609953
letrozole,palbociclib,propofol,0.0682596728460992
fentanyl,letrozole,palbociclib,0.06825967284609787
anastrozole,everolimus,palbociclib,0.06823924488341725
everolimus,lY2835219,panobinostat,0.06575121725189709
degarelix,everolimus,letrozole,0.0655446133670097
degarelix,fulvestrant,goserelin,0.06443298729180753
degarelix,lapatinib,letrozole,0.06397114101652115
alpelisib,everolimus,lY2835219,0.06237340589219617
everolimus,lY2835219,palbociclib,0.06227115218646799
capecitabine,everolimus,lY2835219,0.061980140490439206
everolimus,lY2835219,vinorelbine,0.061826840997652927
everolimus,lY2835219,tucatinib,0.06165133918525723
entrectinib,everolimus,lY2835219,0.06145044108590134
canagliflozin,everolimus,lY2835219,0.06035407099648603
everolimus,hydroxychloroquine,lY2835219,0.06000292593516373
eribulin,everolimus,lY2835219,0.05990863494853372
everolimus,lY2835219,paclitaxel,0.05974986587295272
epirubicin,everolimus,lY2835219,0.05973658627055079
docetaxel,everolimus,lY2835219,0.05970536044354539
everolimus,gemcitabine,lY2835219,0.05964962925323216
everolimus,fentanyl,lY2835219,0.059638369818913614
everolimus,lY2835219,propofol,0.05963836981891341
everolimus,lY2835219,midazolam,0.059638369818913115
everolimus,lY2835219,pF-03084014,0.05963836981891266
fulvestrant,goserelin,vinorelbine,0.059319471133497
fulvestrant,goserelin,lapatinib,0.05829283057772444
exemestane,goserelin,palbociclib,0.056942705125324546
fulvestrant,lY2835219,lapatinib,0.056879311575211776
fulvestrant,lY2835219,vinorelbine,0.056751380776970645
eribulin,lY2835219,letrozole,0.05653296843376125
eribulin,lapatinib,letrozole,0.05647266904649452
entrectinib,fulvestrant,lY2835219,0.05619968540051565
fulvestrant,goserelin,hydroxychloroquine,0.05601726941876177
alpelisib,lY2835219,letrozole,0.05534831301029642
alpelisib,exemestane,goserelin,0.05478309155146862
eribulin,fulvestrant,goserelin,0.05470327771861441
everolimus,letrozole,panobinostat,0.054571927711453735
fulvestrant,goserelin,panobinostat,0.05454598983329928
capecitabine,fulvestrant,goserelin,0.05449073862203894
fulvestrant,goserelin,paclitaxel,0.05431580657552598
epirubicin,fulvestrant,goserelin,0.054314533715969886
docetaxel,fulvestrant,goserelin,0.05431211666508606
fulvestrant,gemcitabine,goserelin,0.05430766378684926
fulvestrant,goserelin,midazolam,0.05430674911918985
fentanyl,fulvestrant,goserelin,0.05430674911918984
fulvestrant,goserelin,propofol,0.05430674911918951
fulvestrant,goserelin,pF-03084014,0.05430674911918588
fulvestrant,hydroxychloroquine,lY2835219,0.053842757756031694
lY2835219,letrozole,tucatinib,0.053728418079382306
lY2835219,letrozole,panobinostat,0.05349800525551146
eribulin,fulvestrant,lY2835219,0.05313316491204378
fulvestrant,lY2835219,panobinostat,0.053058354646715246
capecitabine,fulvestrant,lY2835219,0.05297845483211527
fulvestrant,lY2835219,paclitaxel,0.05282309553776991
epirubicin,fulvestrant,lY2835219,0.05282186456413577
docetaxel,fulvestrant,lY2835219,0.052819731928347484
fulvestrant,gemcitabine,lY2835219,0.052815741805799295
fulvestrant,lY2835219,midazolam,0.052814915771739045
fulvestrant,lY2835219,propofol,0.05281491577173903
fentanyl,fulvestrant,lY2835219,0.0528149157717389
fulvestrant,lY2835219,pF-03084014,0.052814915771737136
capecitabine,lY2835219,letrozole,0.05275574536507403
eribulin,everolimus,letrozole,0.05174367542517009
canagliflozin,lY2835219,letrozole,0.05161431709760214
epirubicin,lapatinib,letrozole,0.05123899439643979
alpelisib,everolimus,letrozole,0.05109986641837702
lapatinib,letrozole,paclitaxel,0.05066598646742063
lY2835219,letrozole,paclitaxel,0.05060426920526473
epirubicin,lY2835219,letrozole,0.0505769658671058
docetaxel,lY2835219,letrozole,0.05054885821538717
gemcitabine,lY2835219,letrozole,0.05048998307575143
lY2835219,letrozole,midazolam,0.05047714548034624
lY2835219,letrozole,propofol,0.050477145480346215
fentanyl,lY2835219,letrozole,0.05047714548034562
lY2835219,letrozole,pF-03084014,0.05047714548034374
alpelisib,lapatinib,letrozole,0.05014932735132028
capecitabine,everolimus,letrozole,0.05011817318413744
docetaxel,lapatinib,letrozole,0.04934011527063777
everolimus,letrozole,tucatinib,0.04921072356117367
lapatinib,letrozole,tucatinib,0.04873101376381766
degarelix,goserelin,palbociclib,0.04838272815179714
goserelin,lY2835219,palbociclib,0.04808863173724195
goserelin,palbociclib,tucatinib,0.047909235497179216
exemestane,goserelin,lY2835219,0.047868369384517634
canagliflozin,lapatinib,letrozole,0.04713897435944786
goserelin,palbociclib,vinorelbine,0.04691012887099237
canagliflozin,everolimus,letrozole,0.0468757258586608
alpelisib,goserelin,lY2835219,0.04684480293335079
anastrozole,entrectinib,palbociclib,0.04684356137765246
gemcitabine,lapatinib,letrozole,0.04673433804208774
alpelisib,degarelix,goserelin,0.04637484569647433
lapatinib,letrozole,midazolam,0.04629270166871819
lapatinib,letrozole,pF-03084014,0.04629270166871811
lapatinib,letrozole,propofol,0.04629270166871801
fentanyl,lapatinib,letrozole,0.04629270166871772
everolimus,letrozole,paclitaxel,0.04585501903190282
epirubicin,everolimus,letrozole,0.04581500493306229
docetaxel,everolimus,letrozole,0.045757351002718896
everolimus,gemcitabine,letrozole,0.04564565978047577
everolimus,letrozole,pF-03084014,0.04562214275897944
everolimus,letrozole,propofol,0.045622142758979065
everolimus,fentanyl,letrozole,0.04562214275897896
everolimus,letrozole,midazolam,0.045622142758978905
goserelin,lapatinib,palbociclib,0.045458287095840134
exemestane,hydroxychloroquine,palbociclib,0.04506604026194967
alpelisib,goserelin,vinorelbine,0.045028860336546135
anastrozole,eribulin,palbociclib,0.044470407293671424
degarelix,fulvestrant,palbociclib,0.04440942282997714
canagliflozin,goserelin,palbociclib,0.04439908545528154
alpelisib,goserelin,lapatinib,0.04410640918896862
degarelix,hydroxychloroquine,letrozole,0.043910600942245574
eribulin,goserelin,palbociclib,0.043816692602293025
capecitabine,goserelin,palbociclib,0.043686390495111346
goserelin,palbociclib,panobinostat,0.043683720639801346
goserelin,paclitaxel,palbociclib,0.043580358917767806
epirubicin,goserelin,palbociclib,0.04358006239373907
docetaxel,goserelin,palbociclib,0.04357853130877416
gemcitabine,goserelin,palbociclib,0.0435759998600809
goserelin,midazolam,palbociclib,0.043575510213442865
goserelin,palbociclib,propofol,0.04357551021344235
fentanyl,goserelin,palbociclib,0.043575510213441804
goserelin,pF-03084014,palbociclib,0.0435755102134398
alpelisib,goserelin,hydroxychloroquine,0.04343195028900372
alpelisib,anastrozole,palbociclib,0.04293058141131801
alpelisib,eribulin,goserelin,0.04273150377753213
alpelisib,goserelin,panobinostat,0.042637166534659744
alpelisib,capecitabine,goserelin,0.04263188395373354
alpelisib,goserelin,paclitaxel,0.042550571492861566
alpelisib,epirubicin,goserelin,0.0425502478631828
alpelisib,docetaxel,goserelin,0.04254908709897792
alpelisib,gemcitabine,goserelin,0.04254711185553998
alpelisib,fentanyl,goserelin,0.04254672323948959
alpelisib,goserelin,midazolam,0.04254672323948946
alpelisib,goserelin,propofol,0.042546723239489194
alpelisib,goserelin,pF-03084014,0.04254672323948561
alpelisib,canagliflozin,letrozole,0.042403466121927254
anastrozole,lapatinib,palbociclib,0.04213446080753918
alpelisib,anastrozole,canagliflozin,0.04206521539824309
everolimus,hydroxychloroquine,palbociclib,0.041873114839862724
hydroxychloroquine,lY2835219,palbociclib,0.0418041079027544
entrectinib,hydroxychloroquine,palbociclib,0.041735010474468946
alpelisib,canagliflozin,exemestane,0.041464958494529885
degarelix,hydroxychloroquine,palbociclib,0.04146425713563012
hydroxychloroquine,palbociclib,vinorelbine,0.041432754555516337
alpelisib,hydroxychloroquine,palbociclib,0.04133552345124615
anastrozole,palbociclib,tucatinib,0.0413181255538185
entrectinib,fulvestrant,palbociclib,0.0409220528636276
hydroxychloroquine,palbociclib,tucatinib,0.04080994840198007
hydroxychloroquine,lapatinib,palbociclib,0.04080719625150393
exemestane,lY2835219,vinorelbine,0.04077596456959551
exemestane,lY2835219,palbociclib,0.04056512148365151
canagliflozin,hydroxychloroquine,palbociclib,0.04050273755888795
canagliflozin,degarelix,fulvestrant,0.040466363846117445
fulvestrant,palbociclib,vinorelbine,0.04041534507815539
eribulin,hydroxychloroquine,palbociclib,0.040409368587485596
capecitabine,hydroxychloroquine,palbociclib,0.04037490927161716
hydroxychloroquine,palbociclib,panobinostat,0.04036466013560096
epirubicin,hydroxychloroquine,palbociclib,0.040341321283153465
hydroxychloroquine,paclitaxel,palbociclib,0.040341224024714094
docetaxel,hydroxychloroquine,palbociclib,0.04034080825312902
gemcitabine,hydroxychloroquine,palbociclib,0.040340071581665034
hydroxychloroquine,pF-03084014,palbociclib,0.04033994212940645
hydroxychloroquine,midazolam,palbociclib,0.040339942129406205
hydroxychloroquine,palbociclib,propofol,0.040339942129405795
fentanyl,hydroxychloroquine,palbociclib,0.04033994212940387
exemestane,lY2835219,lapatinib,0.039926358358091975
anastrozole,capecitabine,palbociclib,0.03991942029336705
alpelisib,canagliflozin,everolimus,0.0398458642255763
fulvestrant,lapatinib,palbociclib,0.03975419574147125
anastrozole,canagliflozin,palbociclib,0.039471426290665176
alpelisib,exemestane,lY2835219,0.039219253053811555
alpelisib,canagliflozin,lY2835219,0.03912289661370296
alpelisib,canagliflozin,palbociclib,0.038897524070517435
anastrozole,palbociclib,panobinostat,0.03876969480612447
anastrozole,paclitaxel,palbociclib,0.03855666762503351
anastrozole,epirubicin,palbociclib,0.03854122449067596
anastrozole,docetaxel,palbociclib,0.03852316367669375
alpelisib,canagliflozin,entrectinib,0.03849285678170952
anastrozole,gemcitabine,palbociclib,0.03848652493734307
anastrozole,pF-03084014,palbociclib,0.03847864591082489
anastrozole,midazolam,palbociclib,0.03847864591082326
anastrozole,palbociclib,propofol,0.03847864591082292
anastrozole,fentanyl,palbociclib,0.03847864591082211
exemestane,lY2835219,tucatinib,0.038428570817632526
entrectinib,exemestane,lY2835219,0.03832755158804121
alpelisib,canagliflozin,degarelix,0.03788906976909883
alpelisib,canagliflozin,vinorelbine,0.03783374179969694
alpelisib,canagliflozin,lapatinib,0.03781745583982871
alpelisib,canagliflozin,hydroxychloroquine,0.03777887626922831
alpelisib,canagliflozin,eribulin,0.03776379697509142
alpelisib,canagliflozin,panobinostat,0.03776208451433023
alpelisib,canagliflozin,capecitabine,0.03776205802973632
alpelisib,canagliflozin,epirubicin,0.03775913215061145
alpelisib,canagliflozin,paclitaxel,0.03775912438288479
alpelisib,canagliflozin,docetaxel,0.03775908756851405
alpelisib,canagliflozin,gemcitabine,0.03775902316398522
alpelisib,canagliflozin,pF-03084014,0.03775901179421263
alpelisib,canagliflozin,fentanyl,0.03775901179421208
alpelisib,canagliflozin,midazolam,0.03775901179421206
alpelisib,canagliflozin,propofol,0.03775901179421202
eribulin,fulvestrant,palbociclib,0.037181909703549385
fulvestrant,palbociclib,panobinostat,0.03707723825688587
capecitabine,fulvestrant,palbociclib,0.03703494181883523
fulvestrant,paclitaxel,palbociclib,0.036911720324375105
epirubicin,fulvestrant,palbociclib,0.03691080355435452
docetaxel,fulvestrant,palbociclib,0.036909103797077535
fulvestrant,gemcitabine,palbociclib,0.0369059600892305
fulvestrant,pF-03084014,palbociclib,0.03690531305035935
fulvestrant,midazolam,palbociclib,0.03690531305035877
fulvestrant,palbociclib,propofol,0.03690531305035845
fentanyl,fulvestrant,palbociclib,0.036905313050357574
canagliflozin,entrectinib,fulvestrant,0.036802506116446476
everolimus,goserelin,panobinostat,0.03674120327477971
anastrozole,entrectinib,everolimus,0.03668905218256437
degarelix,everolimus,goserelin,0.03668630311218016
canagliflozin,fulvestrant,vinorelbine,0.03664350507833321
canagliflozin,fulvestrant,lapatinib,0.036523029710269925
canagliflozin,exemestane,lY2835219,0.036403752898485325
exemestane,hydroxychloroquine,lY2835219,0.03617831685472824
eribulin,exemestane,lY2835219,0.03570110614152855
everolimus,goserelin,tucatinib,0.03567775614806129
exemestane,lY2835219,panobinostat,0.03554958470262688
capecitabine,exemestane,lY2835219,0.03548825537054232
exemestane,lY2835219,paclitaxel,0.03528658264055272
epirubicin,exemestane,lY2835219,0.035285445984965295
docetaxel,exemestane,lY2835219,0.03528261346835875
exemestane,gemcitabine,lY2835219,0.03527759660464267
exemestane,lY2835219,propofol,0.03527658721624416
exemestane,fentanyl,lY2835219,0.03527658721624411
exemestane,lY2835219,midazolam,0.035276587216244
exemestane,lY2835219,pF-03084014,0.035276587216243264
canagliflozin,fulvestrant,hydroxychloroquine,0.03488334788067175
anastrozole,everolimus,panobinostat,0.03469858614796251
anastrozole,eribulin,everolimus,0.03450622198964101
canagliflozin,eribulin,fulvestrant,0.03425472339785911
canagliflozin,fulvestrant,panobinostat,0.03419006029465518
canagliflozin,capecitabine,fulvestrant,0.03414006517972711
canagliflozin,fulvestrant,paclitaxel,0.034043511947234616
canagliflozin,epirubicin,fulvestrant,0.03404257048508394
canagliflozin,docetaxel,fulvestrant,0.034041269616307594
canagliflozin,fulvestrant,gemcitabine,0.034038727576979906
canagliflozin,fulvestrant,pF-03084014,0.03403819015559827
canagliflozin,fulvestrant,midazolam,0.03403819015559784
canagliflozin,fulvestrant,propofol,0.034038190155597746
canagliflozin,fentanyl,fulvestrant,0.034038190155597725
everolimus,goserelin,vinorelbine,0.03389728219047786
alpelisib,anastrozole,everolimus,0.033551913449664565
capecitabine,everolimus,goserelin,0.03299477511666148
eribulin,hydroxychloroquine,letrozole,0.03225778252627328
anastrozole,capecitabine,everolimus,0.03209921362177685
anastrozole,everolimus,tucatinib,0.03195805491156024
canagliflozin,everolimus,goserelin,0.03171158985729317
everolimus,goserelin,hydroxychloroquine,0.03167978843419239
eribulin,everolimus,goserelin,0.030981098591402946
everolimus,goserelin,paclitaxel,0.030744927747007406
epirubicin,everolimus,goserelin,0.030731606258683514
docetaxel,everolimus,goserelin,0.030700096016582558
everolimus,gemcitabine,goserelin,0.03064390207058072
everolimus,fentanyl,goserelin,0.030632554002663154
everolimus,goserelin,midazolam,0.030632554002662512
everolimus,goserelin,propofol,0.03063255400266249
everolimus,goserelin,pF-03084014,0.030632554002659986
anastrozole,everolimus,hydroxychloroquine,0.030423871090631868
alpelisib,hydroxychloroquine,letrozole,0.030120028365283495
anastrozole,canagliflozin,everolimus,0.02965533939953647
hydroxychloroquine,letrozole,panobinostat,0.029228605238643915
hydroxychloroquine,letrozole,tucatinib,0.028715222411437435
anastrozole,everolimus,paclitaxel,0.02859264516113275
anastrozole,epirubicin,everolimus,0.02856417706248006
capecitabine,hydroxychloroquine,letrozole,0.028518573232252344
anastrozole,docetaxel,everolimus,0.02851613709136179
anastrozole,everolimus,gemcitabine,0.028425835854702562
anastrozole,everolimus,pF-03084014,0.028407098406904734
anastrozole,everolimus,fentanyl,0.028407098406903128
anastrozole,everolimus,propofol,0.02840709840690273
anastrozole,everolimus,midazolam,0.028407098406902562
canagliflozin,hydroxychloroquine,letrozole,0.027135162526465896
hydroxychloroquine,letrozole,paclitaxel,0.0264198706507159
epirubicin,hydroxychloroquine,letrozole,0.026392919209103118
docetaxel,hydroxychloroquine,letrozole,0.026365545197229404
gemcitabine,hydroxychloroquine,letrozole,0.026308002079134342
hydroxychloroquine,letrozole,midazolam,0.02629543604450918
hydroxychloroquine,letrozole,propofol,0.026295436044508947
hydroxychloroquine,letrozole,pF-03084014,0.02629543604450793
fentanyl,hydroxychloroquine,letrozole,0.026295436044507445
docetaxel,eribulin,paclitaxel,0.02487620050202005
docetaxel,paclitaxel,panobinostat,0.02486581983768014
degarelix,eribulin,letrozole,0.0236344314963285
capecitabine,everolimus,gemcitabine,0.022885286712399058
capecitabine,gemcitabine,letrozole,0.022823694086687763
docetaxel,lapatinib,paclitaxel,0.02227447032327347
anastrozole,capecitabine,gemcitabine,0.02201499930270658
degarelix,exemestane,goserelin,0.02159592929377319
alpelisib,degarelix,letrozole,0.02150377151353914
docetaxel,paclitaxel,vinorelbine,0.02150328315764855
capecitabine,exemestane,gemcitabine,0.020744934149251576
capecitabine,fulvestrant,gemcitabine,0.020696621700991194
capecitabine,gemcitabine,goserelin,0.020677715821949983
capecitabine,gemcitabine,lY2835219,0.020657176745877245
capecitabine,degarelix,gemcitabine,0.020641864500288317
capecitabine,gemcitabine,palbociclib,0.02062308745878873
capecitabine,entrectinib,gemcitabine,0.02061747147722859
capecitabine,gemcitabine,hydroxychloroquine,0.02060144248811297
alpelisib,capecitabine,gemcitabine,0.020597266860777137
capecitabine,gemcitabine,tucatinib,0.02059616557206774
canagliflozin,capecitabine,gemcitabine,0.020595224096952275
capecitabine,fentanyl,gemcitabine,0.020594716676216412
capecitabine,gemcitabine,pF-03084014,0.02059471667621606
capecitabine,gemcitabine,propofol,0.020594716676216013
capecitabine,gemcitabine,midazolam,0.020594716676215964
degarelix,letrozole,panobinostat,0.020517637736699835
epirubicin,eribulin,panobinostat,0.02047872411994727
degarelix,letrozole,tucatinib,0.020044072029230163
capecitabine,degarelix,letrozole,0.01984684302000263
canagliflozin,degarelix,letrozole,0.018437530117459636
degarelix,letrozole,paclitaxel,0.017708926899383245
degarelix,epirubicin,letrozole,0.017682380985479234
degarelix,docetaxel,letrozole,0.017654369108040798
degarelix,gemcitabine,letrozole,0.017596071542938265
degarelix,letrozole,pF-03084014,0.017583394664199583
degarelix,letrozole,propofol,0.01758339466419831
degarelix,fentanyl,letrozole,0.017583394664198303
degarelix,letrozole,midazolam,0.01758339466419829
eribulin,gemcitabine,paclitaxel,0.017226766212462455
gemcitabine,paclitaxel,panobinostat,0.017220375349411843
epirubicin,eribulin,lapatinib,0.016601688150342755
eribulin,paclitaxel,panobinostat,0.016419967763222687
exemestane,goserelin,vinorelbine,0.015933576808765157
gemcitabine,lapatinib,paclitaxel,0.015854142778969148
exemestane,goserelin,tucatinib,0.015542158826781283
gemcitabine,paclitaxel,vinorelbine,0.015465364181670258
epirubicin,panobinostat,vinorelbine,0.01539024076889436
docetaxel,letrozole,paclitaxel,0.015242206220603067
docetaxel,everolimus,paclitaxel,0.015221856439314674
anastrozole,docetaxel,paclitaxel,0.015168707142628524
docetaxel,exemestane,paclitaxel,0.01505939143706695
docetaxel,fulvestrant,paclitaxel,0.015056365683282915
docetaxel,goserelin,paclitaxel,0.015054037462204555
docetaxel,lY2835219,paclitaxel,0.015052608382610787
degarelix,docetaxel,paclitaxel,0.01505027860167859
docetaxel,paclitaxel,palbociclib,0.01504981048070634
docetaxel,entrectinib,paclitaxel,0.015049094060074328
docetaxel,hydroxychloroquine,paclitaxel,0.015048315681578711
alpelisib,docetaxel,paclitaxel,0.015048152793910974
docetaxel,paclitaxel,tucatinib,0.015048059430983878
canagliflozin,docetaxel,paclitaxel,0.015048013712318167
docetaxel,midazolam,paclitaxel,0.015047989071627393
docetaxel,paclitaxel,propofol,0.015047989071627308
docetaxel,fentanyl,paclitaxel,0.015047989071626399
docetaxel,pF-03084014,paclitaxel,0.015047989071626355
degarelix,exemestane,vinorelbine,0.014653794705619661
eribulin,letrozole,panobinostat,0.014316704584813033
docetaxel,eribulin,panobinostat,0.014094595818207196
eribulin,lapatinib,paclitaxel,0.013971210833670613
exemestane,goserelin,lapatinib,0.013929399243247934
epirubicin,everolimus,panobinostat,0.013634772507658526
degarelix,exemestane,palbociclib,0.013625110919996289
epirubicin,eribulin,letrozole,0.01357698464403585
anastrozole,epirubicin,eribulin,0.013518792042077163
anastrozole,eribulin,lapatinib,0.01344058413356037
paclitaxel,panobinostat,vinorelbine,0.013256381205400809
anastrozole,entrectinib,eribulin,0.013062166063106128
epirubicin,lapatinib,vinorelbine,0.011696967731729215
degarelix,exemestane,lapatinib,0.011679827337379774
anastrozole,eribulin,panobinostat,0.011635998289945325
eribulin,everolimus,panobinostat,0.011623134418836526
everolimus,paclitaxel,panobinostat,0.011619461802829923
eribulin,letrozole,paclitaxel,0.011573553090980397
docetaxel,eribulin,lapatinib,0.01153632611395229
alpelisib,degarelix,exemestane,0.011515188838724672
anastrozole,eribulin,paclitaxel,0.011503814488833876
gemcitabine,letrozole,paclitaxel,0.011312820733283149
alpelisib,anastrozole,entrectinib,0.011298200105503926
everolimus,gemcitabine,paclitaxel,0.011295614901317265
anastrozole,gemcitabine,paclitaxel,0.011260711640892498
exemestane,gemcitabine,paclitaxel,0.011183864225666673
fulvestrant,gemcitabine,paclitaxel,0.011181865213050531
gemcitabine,goserelin,paclitaxel,0.011180149251125924
gemcitabine,lY2835219,paclitaxel,0.011179182927220773
degarelix,gemcitabine,paclitaxel,0.011177430720821769
gemcitabine,paclitaxel,palbociclib,0.011177231440017492
entrectinib,gemcitabine,paclitaxel,0.011176701456976412
gemcitabine,hydroxychloroquine,paclitaxel,0.011176222247729366
alpelisib,gemcitabine,paclitaxel,0.011176129958477443
gemcitabine,paclitaxel,tucatinib,0.011176064486875154
canagliflozin,gemcitabine,paclitaxel,0.01117603634014866
gemcitabine,paclitaxel,propofol,0.01117602117009017
gemcitabine,midazolam,paclitaxel,0.011176021170090145
fentanyl,gemcitabine,paclitaxel,0.011176021170089938
gemcitabine,pF-03084014,paclitaxel,0.011176021170089905
degarelix,entrectinib,exemestane,0.011064702371187167
lapatinib,paclitaxel,vinorelbine,0.010991387208288106
degarelix,fulvestrant,vinorelbine,0.010979133682682501
exemestane,goserelin,hydroxychloroquine,0.010942350400101624
degarelix,exemestane,tucatinib,0.010884702049150777
canagliflozin,exemestane,goserelin,0.010848442805637177
docetaxel,panobinostat,vinorelbine,0.010757775753143527
everolimus,panobinostat,vinorelbine,0.010737476224166456
anastrozole,entrectinib,lapatinib,0.010706575603782548
epirubicin,letrozole,panobinostat,0.010544388784962494
docetaxel,everolimus,panobinostat,0.010414008941220122
docetaxel,eribulin,letrozole,0.010355965978390783
anastrozole,docetaxel,eribulin,0.010307387335657229
exemestane,lapatinib,vinorelbine,0.01006488943837139
eribulin,exemestane,goserelin,0.009860740830742485
alpelisib,eribulin,letrozole,0.009764696173534527
exemestane,goserelin,panobinostat,0.009626741771854212
capecitabine,exemestane,goserelin,0.0095900610431093
anastrozole,entrectinib,tucatinib,0.009530395795948967
alpelisib,anastrozole,eribulin,0.009409378473445607
exemestane,goserelin,paclitaxel,0.00936881556095211
epirubicin,exemestane,goserelin,0.009367637019442718
canagliflozin,degarelix,exemestane,0.009367443200013228
docetaxel,exemestane,goserelin,0.009364520087740634
exemestane,gemcitabine,goserelin,0.009359040468335933
exemestane,fentanyl,goserelin,0.009357942446338354
exemestane,goserelin,midazolam,0.009357942446338094
exemestane,goserelin,propofol,0.009357942446337935
exemestane,goserelin,pF-03084014,0.009357942446335298
degarelix,entrectinib,fulvestrant,0.009286758953349319
degarelix,exemestane,hydroxychloroquine,0.009271929582304337
exemestane,palbociclib,vinorelbine,0.009082196841477043
anastrozole,entrectinib,hydroxychloroquine,0.009070081208224515
degarelix,fulvestrant,lapatinib,0.008982703324187283
degarelix,eribulin,exemestane,0.008943046485766198
capecitabine,degarelix,exemestane,0.00871983030714131
degarelix,exemestane,panobinostat,0.008709694465485652
letrozole,paclitaxel,panobinostat,0.0085431018158909
anastrozole,capecitabine,entrectinib,0.008536620907841023
degarelix,exemestane,paclitaxel,0.008531717616341633
degarelix,epirubicin,exemestane,0.008531338385009132
degarelix,docetaxel,exemestane,0.008528601642682787
degarelix,exemestane,gemcitabine,0.008524162353499898
degarelix,exemestane,pF-03084014,0.008523313681769501
degarelix,exemestane,fentanyl,0.008523313681767196
degarelix,exemestane,propofol,0.008523313681766655
degarelix,exemestane,midazolam,0.008523313681766443
docetaxel,lapatinib,vinorelbine,0.008383268981327994
eribulin,letrozole,tucatinib,0.00836859797275822
degarelix,everolimus,panobinostat,0.008365306674168639
anastrozole,eribulin,tucatinib,0.008308564591768342
exemestane,panobinostat,vinorelbine,0.008208532452177736
anastrozole,epirubicin,lapatinib,0.00819353504845248
epirubicin,exemestane,vinorelbine,0.00816471910960577
degarelix,goserelin,vinorelbine,0.008106828471171775
exemestane,paclitaxel,vinorelbine,0.008060017667209842
anastrozole,canagliflozin,entrectinib,0.007944676277051931
goserelin,lY2835219,tucatinib,0.007941733664192808
epirubicin,exemestane,lapatinib,0.007916800081691792
fulvestrant,lapatinib,vinorelbine,0.007916601751876386
alpelisib,exemestane,palbociclib,0.007865594890308775
epirubicin,eribulin,exemestane,0.00785471899786695
anastrozole,epirubicin,panobinostat,0.007850308055041645
epirubicin,eribulin,everolimus,0.00778982288511872
anastrozole,eribulin,hydroxychloroquine,0.007777037937291775
epirubicin,eribulin,fulvestrant,0.0077465392365626985
epirubicin,eribulin,goserelin,0.007710186648523179
epirubicin,exemestane,panobinostat,0.007705564878141719
alpelisib,everolimus,panobinostat,0.007694362734719818
entrectinib,exemestane,palbociclib,0.007692187021849944
epirubicin,fulvestrant,panobinostat,0.00767409629041061
degarelix,goserelin,tucatinib,0.007631971873921479
epirubicin,eribulin,lY2835219,0.00763107138501932
degarelix,epirubicin,eribulin,0.007625451198255655
epirubicin,lY2835219,panobinostat,0.007612805543025676
eribulin,exemestane,lapatinib,0.007610132321654333
epirubicin,goserelin,panobinostat,0.007609443186542931
anastrozole,lapatinib,paclitaxel,0.007608981119245491
epirubicin,eribulin,palbociclib,0.007587960609503989
entrectinib,epirubicin,eribulin,0.007556668523887275
epirubicin,palbociclib,panobinostat,0.007539833586175356
epirubicin,eribulin,hydroxychloroquine,0.00753525769120318
entrectinib,epirubicin,panobinostat,0.007533661578860068
alpelisib,epirubicin,eribulin,0.007530531202093948
epirubicin,eribulin,tucatinib,0.007527870934245116
canagliflozin,epirubicin,eribulin,0.007526787024065391
epirubicin,eribulin,fentanyl,0.007526206344440512
epirubicin,eribulin,pF-03084014,0.007526206344440255
epirubicin,eribulin,propofol,0.0075262063444401315
epirubicin,eribulin,midazolam,0.0075262063444400526
degarelix,epirubicin,panobinostat,0.007525354774883136
epirubicin,hydroxychloroquine,panobinostat,0.007522777739829965
alpelisib,epirubicin,panobinostat,0.007521038898384597
epirubicin,panobinostat,tucatinib,0.007519426931359051
canagliflozin,epirubicin,panobinostat,0.007518668344196345
epirubicin,pF-03084014,panobinostat,0.007518257083031807
epirubicin,panobinostat,propofol,0.007518257083031488
epirubicin,midazolam,panobinostat,0.007518257083031454
epirubicin,fentanyl,panobinostat,0.007518257083031362
exemestane,lapatinib,palbociclib,0.007443510495048243
everolimus,palbociclib,panobinostat,0.007394834330242068
anastrozole,entrectinib,panobinostat,0.007386573653860608
epirubicin,fulvestrant,lapatinib,0.0073295147669921205
docetaxel,letrozole,panobinostat,0.007326743393810873
exemestane,lapatinib,paclitaxel,0.007317625470101132
degarelix,fulvestrant,hydroxychloroquine,0.0072862932532954785
entrectinib,everolimus,panobinostat,0.0072159845077447455
everolimus,panobinostat,tucatinib,0.007197141058741962
anastrozole,entrectinib,paclitaxel,0.007178954238026539
entrectinib,exemestane,vinorelbine,0.0071714385342642175
anastrozole,entrectinib,epirubicin,0.0071637096050051075
anastrozole,docetaxel,entrectinib,0.0071456966124492675
anastrozole,entrectinib,gemcitabine,0.007109244310689533
anastrozole,entrectinib,fentanyl,0.007101413895514342
anastrozole,entrectinib,propofol,0.007101413895513744
anastrozole,entrectinib,pF-03084014,0.007101413895513692
anastrozole,entrectinib,midazolam,0.007101413895512975
alpelisib,exemestane,vinorelbine,0.007098888681082
goserelin,lY2835219,vinorelbine,0.006994891356937201
eribulin,fulvestrant,lapatinib,0.006918487198299418
alpelisib,anastrozole,lapatinib,0.006806742905202737
canagliflozin,eribulin,letrozole,0.006791633825062524
exemestane,palbociclib,tucatinib,0.0067870674084453
goserelin,lapatinib,vinorelbine,0.006775082572914547
anastrozole,canagliflozin,eribulin,0.006763882634561733
alpelisib,letrozole,panobinostat,0.006738506533569028
fulvestrant,lapatinib,paclitaxel,0.0067304344734481734
degarelix,eribulin,fulvestrant,0.006725028025969125
docetaxel,exemestane,vinorelbine,0.006720638865062036
fulvestrant,panobinostat,vinorelbine,0.006616061492651296
epirubicin,fulvestrant,vinorelbine,0.006599896785161429
canagliflozin,goserelin,tucatinib,0.006596332502277159
everolimus,gemcitabine,panobinostat,0.006586258718028616
degarelix,fulvestrant,panobinostat,0.006568387179261721
capecitabine,degarelix,fulvestrant,0.0065599525384019515
eribulin,gemcitabine,panobinostat,0.0065436528434555065
eribulin,gemcitabine,letrozole,0.006521082004587477
exemestane,tucatinib,vinorelbine,0.006503381996162967
fulvestrant,paclitaxel,vinorelbine,0.006495289660812213
anastrozole,eribulin,gemcitabine,0.00649389334743781
epirubicin,lY2835219,lapatinib,0.006439949175131965
canagliflozin,everolimus,panobinostat,0.006437335027072251
epirubicin,goserelin,vinorelbine,0.006423545091215256
degarelix,fulvestrant,paclitaxel,0.006418153283246516
degarelix,epirubicin,fulvestrant,0.006417679733867303
degarelix,docetaxel,fulvestrant,0.00641564287235922
degarelix,fulvestrant,gemcitabine,0.006412230324344224
degarelix,fulvestrant,pF-03084014,0.006411565006951078
degarelix,fentanyl,fulvestrant,0.006411565006949676
degarelix,fulvestrant,propofol,0.006411565006949232
degarelix,fulvestrant,midazolam,0.0064115650069492
goserelin,panobinostat,vinorelbine,0.006376933342236045
epirubicin,goserelin,lapatinib,0.006362470634577854
goserelin,lY2835219,lapatinib,0.006332129716710239
goserelin,tucatinib,vinorelbine,0.006320966618648141
goserelin,paclitaxel,vinorelbine,0.006318317720874195
anastrozole,docetaxel,lapatinib,0.006304269881875597
everolimus,hydroxychloroquine,panobinostat,0.00620482899671878
docetaxel,exemestane,lapatinib,0.006043196091001871
alpelisib,capecitabine,letrozole,0.006025897583444766
everolimus,pF-03084014,panobinostat,0.00602088630515599
everolimus,panobinostat,propofol,0.006020886305154666
everolimus,fentanyl,panobinostat,0.006020886305154462
everolimus,midazolam,panobinostat,0.0060208863051544334
alpelisib,entrectinib,exemestane,0.006020626119217543
alpelisib,exemestane,lapatinib,0.005989592962227922
degarelix,epirubicin,vinorelbine,0.005976721882778523
eribulin,letrozole,midazolam,0.005953545245001277
eribulin,letrozole,propofol,0.005953545245001224
eribulin,fentanyl,letrozole,0.005953545245000728
eribulin,letrozole,pF-03084014,0.005953545245000646
entrectinib,fulvestrant,vinorelbine,0.005942331443123858
eribulin,exemestane,panobinostat,0.005937538267900052
anastrozole,eribulin,pF-03084014,0.0059311361615494735
anastrozole,eribulin,midazolam,0.00593113616154849
anastrozole,eribulin,fentanyl,0.005931136161548444
anastrozole,eribulin,propofol,0.005931136161548427
eribulin,lY2835219,lapatinib,0.005917002011061831
eribulin,goserelin,lapatinib,0.005916967125244231
degarelix,paclitaxel,vinorelbine,0.005870695202260577
degarelix,panobinostat,vinorelbine,0.00584936146186434
lY2835219,lapatinib,paclitaxel,0.0058402067496742096
anastrozole,paclitaxel,panobinostat,0.005837475085782212
eribulin,exemestane,paclitaxel,0.00582512076223999
entrectinib,exemestane,lapatinib,0.005803037826014467
eribulin,fulvestrant,panobinostat,0.005801709871513699
lY2835219,lapatinib,vinorelbine,0.00577713990877643
eribulin,everolimus,paclitaxel,0.005772367596306256
goserelin,lapatinib,paclitaxel,0.005762770095042061
eribulin,fulvestrant,paclitaxel,0.005717035318982451
eribulin,goserelin,panobinostat,0.005702580827005099
anastrozole,lapatinib,tucatinib,0.0056837136367991715
eribulin,goserelin,paclitaxel,0.005680062484951084
exemestane,paclitaxel,panobinostat,0.005678111226498617
fulvestrant,paclitaxel,panobinostat,0.005646736956814219
eribulin,lY2835219,panobinostat,0.005628499528751336
eribulin,lY2835219,paclitaxel,0.005600905335525262
degarelix,eribulin,paclitaxel,0.005594527724506675
lY2835219,paclitaxel,panobinostat,0.005584784077515477
goserelin,paclitaxel,panobinostat,0.005581463606954694
eribulin,paclitaxel,palbociclib,0.005557480356396381
entrectinib,fulvestrant,lapatinib,0.005551467744618776
degarelix,eribulin,panobinostat,0.005537096704802606
entrectinib,eribulin,paclitaxel,0.005525989769443554
eribulin,palbociclib,panobinostat,0.005515333373187867
paclitaxel,palbociclib,panobinostat,0.005511497917051605
entrectinib,paclitaxel,panobinostat,0.005505127408400205
eribulin,hydroxychloroquine,paclitaxel,0.005504739745162972
alpelisib,eribulin,paclitaxel,0.005500078054636368
eribulin,paclitaxel,tucatinib,0.005497405928063464
degarelix,paclitaxel,panobinostat,0.005496575885118015
canagliflozin,eribulin,paclitaxel,0.005496331463087865
eribulin,paclitaxel,propofol,0.005495755874086123
eribulin,midazolam,paclitaxel,0.005495755874086091
eribulin,fentanyl,paclitaxel,0.005495755874085748
eribulin,pF-03084014,paclitaxel,0.005495755874085155
hydroxychloroquine,paclitaxel,panobinostat,0.005494404377773616
alpelisib,paclitaxel,panobinostat,0.005492730334910875
paclitaxel,panobinostat,tucatinib,0.005491106509161258
canagliflozin,paclitaxel,panobinostat,0.005490357367202677
midazolam,paclitaxel,panobinostat,0.005489951196661347
paclitaxel,panobinostat,propofol,0.005489951196661338
pF-03084014,paclitaxel,panobinostat,0.005489951196660563
fentanyl,paclitaxel,panobinostat,0.005489951196660453
entrectinib,eribulin,panobinostat,0.005478435020978145
docetaxel,fulvestrant,lapatinib,0.00545661065712046
eribulin,hydroxychloroquine,panobinostat,0.005447332476070326
alpelisib,eribulin,panobinostat,0.005441164391192501
eribulin,panobinostat,tucatinib,0.005436987371641706
canagliflozin,eribulin,panobinostat,0.005435214894789155
eribulin,pF-03084014,panobinostat,0.005434260692492375
eribulin,panobinostat,propofol,0.005434260692492008
eribulin,midazolam,panobinostat,0.0054342606924919976
eribulin,fentanyl,panobinostat,0.005434260692491416
goserelin,lapatinib,tucatinib,0.005404921263222139
exemestane,lapatinib,tucatinib,0.005400492069460392
epirubicin,lY2835219,vinorelbine,0.005346452277755679
letrozole,panobinostat,tucatinib,0.005343456633616007
alpelisib,anastrozole,hydroxychloroquine,0.0053287842431186064
degarelix,goserelin,lapatinib,0.005319705674208462
canagliflozin,letrozole,tucatinib,0.005314258404123923
lY2835219,panobinostat,vinorelbine,0.005304874494026561
anastrozole,canagliflozin,tucatinib,0.005271291999538794
lY2835219,paclitaxel,vinorelbine,0.005241183021492655
epirubicin,lapatinib,palbociclib,0.005222977774370505
anastrozole,hydroxychloroquine,lapatinib,0.005214591442818901
eribulin,gemcitabine,lapatinib,0.005210500083164573
canagliflozin,exemestane,tucatinib,0.005204963471461631
entrectinib,epirubicin,lapatinib,0.0051720417155624475
degarelix,everolimus,vinorelbine,0.00515865079308985
docetaxel,fulvestrant,vinorelbine,0.00515651642143596
exemestane,hydroxychloroquine,vinorelbine,0.005050673797987291
canagliflozin,exemestane,palbociclib,0.004997369017435862
canagliflozin,exemestane,vinorelbine,0.0049957481055315075
docetaxel,goserelin,vinorelbine,0.004980333399801871
degarelix,epirubicin,lapatinib,0.00494585762341846
epirubicin,hydroxychloroquine,lapatinib,0.0049437748477290586
epirubicin,everolimus,vinorelbine,0.004943170617909781
epirubicin,palbociclib,vinorelbine,0.004918561011919483
degarelix,lapatinib,vinorelbine,0.004914986093043242
alpelisib,epirubicin,lapatinib,0.004898859284849832
alpelisib,anastrozole,capecitabine,0.004889073756524328
epirubicin,lapatinib,tucatinib,0.004873983630274698
canagliflozin,epirubicin,lapatinib,0.004857824463420861
everolimus,paclitaxel,vinorelbine,0.0048506121223283495
epirubicin,lapatinib,pF-03084014,0.0048490596731278505
epirubicin,fentanyl,lapatinib,0.004849059673127642
epirubicin,lapatinib,midazolam,0.004849059673127094
epirubicin,lapatinib,propofol,0.004849059673127053
gemcitabine,panobinostat,vinorelbine,0.004818348091971145
paclitaxel,palbociclib,vinorelbine,0.0048129775520429074
palbociclib,panobinostat,vinorelbine,0.004806927848142226
entrectinib,exemestane,tucatinib,0.004786750185298616
degarelix,everolimus,palbociclib,0.004785121282225532
goserelin,hydroxychloroquine,tucatinib,0.004743969996913786
capecitabine,degarelix,everolimus,0.0046656950864509715
eribulin,lapatinib,palbociclib,0.004659836411587224
docetaxel,eribulin,exemestane,0.0046589754673339746
anastrozole,docetaxel,panobinostat,0.00464227662311515
capecitabine,letrozole,tucatinib,0.004631316759362531
lapatinib,paclitaxel,palbociclib,0.004622921145299199
degarelix,goserelin,hydroxychloroquine,0.0046140056860047565
entrectinib,epirubicin,vinorelbine,0.004597339314932375
entrectinib,eribulin,lapatinib,0.00457817400788473
entrectinib,lapatinib,paclitaxel,0.004571786585155028
docetaxel,lY2835219,lapatinib,0.004567498152667933
docetaxel,eribulin,everolimus,0.004565686044186868
docetaxel,eribulin,fulvestrant,0.004551495586847985
exemestane,gemcitabine,vinorelbine,0.004551128480757676
degarelix,docetaxel,vinorelbine,0.00453389038074088
docetaxel,eribulin,goserelin,0.004515311671120549
docetaxel,exemestane,panobinostat,0.004513194622102185
entrectinib,paclitaxel,vinorelbine,0.0044915573537196865
docetaxel,goserelin,lapatinib,0.004489735197018278
docetaxel,fulvestrant,panobinostat,0.004482425915189339
entrectinib,panobinostat,vinorelbine,0.00448009988456211
docetaxel,eribulin,lY2835219,0.004436480822712234
degarelix,docetaxel,eribulin,0.004430956410228769
docetaxel,lY2835219,panobinostat,0.004421588255212032
degarelix,eribulin,lapatinib,0.004418958403542137
docetaxel,goserelin,panobinostat,0.004417941483633743
canagliflozin,degarelix,goserelin,0.004394261373895695
docetaxel,eribulin,palbociclib,0.004393802925708192
eribulin,exemestane,palbociclib,0.004392118903730953
docetaxel,entrectinib,eribulin,0.004362558661517853
docetaxel,palbociclib,panobinostat,0.004349049176873
degarelix,lapatinib,paclitaxel,0.004345357773705781
hydroxychloroquine,lapatinib,paclitaxel,0.004343680525725151
docetaxel,entrectinib,panobinostat,0.004342924990984089
docetaxel,eribulin,hydroxychloroquine,0.00434140076874101
alpelisib,docetaxel,eribulin,0.004336743839058188
degarelix,docetaxel,panobinostat,0.004334233261349692
docetaxel,eribulin,tucatinib,0.004334097282329917
canagliflozin,docetaxel,eribulin,0.004333028228770234
docetaxel,eribulin,pF-03084014,0.004332455556323754
docetaxel,eribulin,midazolam,0.004332455556323634
docetaxel,eribulin,propofol,0.004332455556323564
docetaxel,eribulin,fentanyl,0.004332455556322952
docetaxel,hydroxychloroquine,panobinostat,0.004332294091861238
alpelisib,docetaxel,panobinostat,0.00433062480984228
eribulin,hydroxychloroquine,lapatinib,0.004329688434173625
docetaxel,panobinostat,tucatinib,0.004329026553937295
canagliflozin,docetaxel,panobinostat,0.00432828282339463
docetaxel,pF-03084014,panobinostat,0.0043278795694087465
docetaxel,midazolam,panobinostat,0.004327879569408475
docetaxel,panobinostat,propofol,0.004327879569408364
docetaxel,fentanyl,panobinostat,0.004327879569407242
alpelisib,lapatinib,paclitaxel,0.004298829761428553
goserelin,hydroxychloroquine,lY2835219,0.004286285980218248
alpelisib,eribulin,lapatinib,0.004280343627861944
lapatinib,paclitaxel,tucatinib,0.004273942248129347
canagliflozin,lapatinib,paclitaxel,0.004257792526479637
eribulin,lapatinib,tucatinib,0.004252902920761559
lapatinib,midazolam,paclitaxel,0.0042490328268094315
lapatinib,paclitaxel,propofol,0.004249032826809344
fentanyl,lapatinib,paclitaxel,0.004249032826809177
lapatinib,pF-03084014,paclitaxel,0.0042490328268090525
canagliflozin,eribulin,lapatinib,0.0042357298642178775
eribulin,lapatinib,pF-03084014,0.004226422132792629
eribulin,fentanyl,lapatinib,0.004226422132791903
eribulin,lapatinib,midazolam,0.004226422132791846
eribulin,lapatinib,propofol,0.004226422132791779
anastrozole,hydroxychloroquine,tucatinib,0.0042192626083715915
exemestane,palbociclib,panobinostat,0.004210736283494294
canagliflozin,goserelin,lY2835219,0.004196464094157376
capecitabine,exemestane,palbociclib,0.004187010327959089
epirubicin,hydroxychloroquine,vinorelbine,0.0041785658332266435
exemestane,pF-03084014,vinorelbine,0.0041569800404068205
exemestane,fentanyl,vinorelbine,0.004156980040405579
exemestane,propofol,vinorelbine,0.00415698004040542
exemestane,midazolam,vinorelbine,0.004156980040405328
lapatinib,palbociclib,vinorelbine,0.004135193818980955
anastrozole,canagliflozin,lapatinib,0.004123956422918452
alpelisib,degarelix,everolimus,0.004123321336522071
hydroxychloroquine,paclitaxel,vinorelbine,0.004072944680417467
alpelisib,epirubicin,vinorelbine,0.0040650518948240864
eribulin,goserelin,tucatinib,0.00405223123851195
hydroxychloroquine,panobinostat,vinorelbine,0.004051634690632656
epirubicin,tucatinib,vinorelbine,0.0040337704480974505
exemestane,paclitaxel,palbociclib,0.004017475397854719
epirubicin,exemestane,palbociclib,0.004016652945880847
docetaxel,exemestane,palbociclib,0.004014253307785591
canagliflozin,epirubicin,vinorelbine,0.004012733732348986
exemestane,gemcitabine,palbociclib,0.004010082858770672
exemestane,pF-03084014,palbociclib,0.004009252465562279
exemestane,midazolam,palbociclib,0.004009252465560506
exemestane,palbociclib,propofol,0.004009252465560365
exemestane,fentanyl,palbociclib,0.0040092524655595966
alpelisib,everolimus,palbociclib,0.004002213226170963
epirubicin,pF-03084014,vinorelbine,0.004001467632644712
epirubicin,fentanyl,vinorelbine,0.00400146763264467
epirubicin,propofol,vinorelbine,0.004001467632644187
epirubicin,midazolam,vinorelbine,0.004001467632644151
degarelix,eribulin,goserelin,0.00399272192036505
degarelix,palbociclib,vinorelbine,0.00398201009166097
alpelisib,paclitaxel,vinorelbine,0.0039594955405975385
goserelin,panobinostat,tucatinib,0.003958942296462844
capecitabine,goserelin,tucatinib,0.003954128791407435
alpelisib,capecitabine,everolimus,0.003952936913575095
alpelisib,panobinostat,vinorelbine,0.003936679156461505
alpelisib,letrozole,paclitaxel,0.003931278339992235
paclitaxel,tucatinib,vinorelbine,0.003928202235146831
canagliflozin,paclitaxel,vinorelbine,0.003907174964602493
alpelisib,epirubicin,letrozole,0.003904262099796825
panobinostat,tucatinib,vinorelbine,0.0039038809580329067
docetaxel,lY2835219,vinorelbine,0.003903525001437838
canagliflozin,exemestane,lapatinib,0.0038977357277235596
midazolam,paclitaxel,vinorelbine,0.00389591395552122
paclitaxel,propofol,vinorelbine,0.003895913955521209
fentanyl,paclitaxel,vinorelbine,0.0038959139555209362
pF-03084014,paclitaxel,vinorelbine,0.0038959139555206444
canagliflozin,panobinostat,vinorelbine,0.0038821556756116157
alpelisib,docetaxel,letrozole,0.0038769576473495176
goserelin,paclitaxel,tucatinib,0.003873852147642559
epirubicin,goserelin,tucatinib,0.003873540376687862
exemestane,hydroxychloroquine,lapatinib,0.0038727797036098837
docetaxel,goserelin,tucatinib,0.0038723933236035524
pF-03084014,panobinostat,vinorelbine,0.003870516053235698
midazolam,panobinostat,vinorelbine,0.003870516053234962
panobinostat,propofol,vinorelbine,0.003870516053234928
fentanyl,panobinostat,vinorelbine,0.003870516053234438
gemcitabine,goserelin,tucatinib,0.003870445971490404
fentanyl,goserelin,tucatinib,0.0038700633606563195
goserelin,midazolam,tucatinib,0.003870063360656228
goserelin,propofol,tucatinib,0.0038700633606560324
goserelin,pF-03084014,tucatinib,0.0038700633606529146
capecitabine,degarelix,goserelin,0.0038443122103303524
alpelisib,gemcitabine,letrozole,0.003819485127670276
degarelix,goserelin,panobinostat,0.0038077805578294894
alpelisib,letrozole,midazolam,0.003806927558041106
alpelisib,letrozole,propofol,0.0038069275580410217
alpelisib,fentanyl,letrozole,0.003806927558040644
alpelisib,letrozole,pF-03084014,0.0038069275580403326
entrectinib,everolimus,palbociclib,0.003797542017187658
anastrozole,capecitabine,tucatinib,0.003789777251541137
canagliflozin,letrozole,panobinostat,0.003766817808937331
entrectinib,lapatinib,vinorelbine,0.0037636018039080683
alpelisib,anastrozole,panobinostat,0.003747300705517941
entrectinib,fulvestrant,hydroxychloroquine,0.0037277630284918736
anastrozole,gemcitabine,lapatinib,0.0037198826389094526
degarelix,epirubicin,goserelin,0.0037198495689041476
degarelix,goserelin,paclitaxel,0.0037197028722915173
degarelix,docetaxel,goserelin,0.0037179813797081494
degarelix,gemcitabine,goserelin,0.003715181090846906
degarelix,fentanyl,goserelin,0.003714673165686185
degarelix,goserelin,midazolam,0.003714673165685589
degarelix,goserelin,propofol,0.0037146731656854236
degarelix,goserelin,pF-03084014,0.0037146731656838073
gemcitabine,lapatinib,vinorelbine,0.003668958264119584
capecitabine,everolimus,palbociclib,0.003661360945333539
canagliflozin,everolimus,tucatinib,0.0036544847317481377
degarelix,entrectinib,everolimus,0.0036415715284600914
fulvestrant,hydroxychloroquine,vinorelbine,0.0036138737956759245
alpelisib,exemestane,hydroxychloroquine,0.0036129362953912854
alpelisib,entrectinib,everolimus,0.003574103250123411
degarelix,everolimus,tucatinib,0.003561450076188261
alpelisib,anastrozole,paclitaxel,0.003551040204662329
lY2835219,palbociclib,vinorelbine,0.0035376434503371855
alpelisib,anastrozole,epirubicin,0.0035355699646547572
alpelisib,anastrozole,docetaxel,0.0035178794714325785
eribulin,goserelin,lY2835219,0.0035166745979169846
gemcitabine,letrozole,panobinostat,0.0034958492212968633
exemestane,gemcitabine,lapatinib,0.0034912771383714754
capecitabine,entrectinib,everolimus,0.0034828328895740498
alpelisib,anastrozole,gemcitabine,0.0034817969373372283
docetaxel,palbociclib,vinorelbine,0.0034760666141129292
alpelisib,anastrozole,pF-03084014,0.0034740189414057786
alpelisib,anastrozole,fentanyl,0.003474018941404977
alpelisib,anastrozole,midazolam,0.003474018941404938
alpelisib,anastrozole,propofol,0.0034740189414048427
docetaxel,everolimus,vinorelbine,0.0034706970629671745
goserelin,hydroxychloroquine,vinorelbine,0.0034630646994021842
capecitabine,everolimus,tucatinib,0.003456184313468023
goserelin,lY2835219,panobinostat,0.0034135638167603
fulvestrant,hydroxychloroquine,lapatinib,0.0034135167110431837
capecitabine,goserelin,lY2835219,0.0033786302955209455
docetaxel,lapatinib,palbociclib,0.003350959630417762
alpelisib,lY2835219,palbociclib,0.0033214383328790563
docetaxel,entrectinib,lapatinib,0.0033000713930360797
anastrozole,lapatinib,pF-03084014,0.003283025839238318
anastrozole,fentanyl,lapatinib,0.0032830258392368195
anastrozole,lapatinib,midazolam,0.0032830258392367796
anastrozole,lapatinib,propofol,0.0032830258392365945
entrectinib,exemestane,hydroxychloroquine,0.0032678454257039284
canagliflozin,entrectinib,exemestane,0.0032580315385454697
anastrozole,capecitabine,hydroxychloroquine,0.0032563225164393248
goserelin,lY2835219,paclitaxel,0.003240460918292185
lY2835219,lapatinib,palbociclib,0.0032403730291986482
epirubicin,goserelin,lY2835219,0.0032398501906498933
docetaxel,goserelin,lY2835219,0.0032378862271736962
gemcitabine,goserelin,lY2835219,0.003234508363779259
goserelin,lY2835219,midazolam,0.0032338397219527216
fentanyl,goserelin,lY2835219,0.003233839721952681
goserelin,lY2835219,propofol,0.003233839721952504
goserelin,lY2835219,pF-03084014,0.003233839721947149
alpelisib,eribulin,exemestane,0.003204890453021265
canagliflozin,lY2835219,tucatinib,0.0032007650461640504
entrectinib,lY2835219,palbociclib,0.0031743147600188535
docetaxel,entrectinib,vinorelbine,0.0031548927385521976
hydroxychloroquine,lapatinib,vinorelbine,0.0031177535811753266
everolimus,palbociclib,vinorelbine,0.0031155387670120205
canagliflozin,goserelin,vinorelbine,0.003092881077128445
degarelix,docetaxel,lapatinib,0.003073502375234627
docetaxel,hydroxychloroquine,lapatinib,0.0030720574651099423
alpelisib,exemestane,panobinostat,0.003062142552403888
exemestane,lapatinib,pF-03084014,0.0030614689720101372
exemestane,fentanyl,lapatinib,0.0030614689720087286
exemestane,lapatinib,propofol,0.0030614689720084628
exemestane,lapatinib,midazolam,0.003061468972008447
canagliflozin,capecitabine,letrozole,0.0030544626181718366
exemestane,hydroxychloroquine,tucatinib,0.003037343036280304
alpelisib,capecitabine,exemestane,0.00303046416063249
alpelisib,docetaxel,lapatinib,0.003027211461657125
docetaxel,lapatinib,tucatinib,0.0030023495182025534
entrectinib,eribulin,fulvestrant,0.00299882567988825
everolimus,palbociclib,tucatinib,0.0029923012735475736
fulvestrant,gemcitabine,vinorelbine,0.002988032778299492
canagliflozin,docetaxel,lapatinib,0.0029862052079687573
docetaxel,lapatinib,pF-03084014,0.002977448424854405
docetaxel,lapatinib,midazolam,0.0029774484248537274
docetaxel,lapatinib,propofol,0.002977448424853538
docetaxel,fentanyl,lapatinib,0.0029774484248531324
alpelisib,entrectinib,palbociclib,0.0029641853990239066
alpelisib,lapatinib,vinorelbine,0.0029596213255703185
letrozole,midazolam,panobinostat,0.0029288986473365287
letrozole,panobinostat,propofol,0.0029288986473364332
letrozole,pF-03084014,panobinostat,0.002928898647336049
fentanyl,letrozole,panobinostat,0.0029288986473354297
entrectinib,fulvestrant,panobinostat,0.0029192743115261616
fulvestrant,gemcitabine,lapatinib,0.0029057184456579583
lapatinib,tucatinib,vinorelbine,0.0029035594395921322
alpelisib,exemestane,paclitaxel,0.002885648346999667
alpelisib,epirubicin,exemestane,0.0028847987893757653
alpelisib,docetaxel,exemestane,0.002882769472040547
alpelisib,exemestane,gemcitabine,0.002879155228280947
alpelisib,exemestane,pF-03084014,0.0028784258656592934
alpelisib,exemestane,fentanyl,0.0028784258656585813
alpelisib,exemestane,propofol,0.002878425865658406
alpelisib,exemestane,midazolam,0.0028784258656583024
capecitabine,entrectinib,fulvestrant,0.002877299640213361
canagliflozin,lapatinib,vinorelbine,0.0028664335774797106
lapatinib,pF-03084014,vinorelbine,0.0028464404259753227
fentanyl,lapatinib,vinorelbine,0.0028464404259742966
lapatinib,midazolam,vinorelbine,0.002846440425974182
lapatinib,propofol,vinorelbine,0.0028464404259740702
gemcitabine,goserelin,vinorelbine,0.0028124620158191576
entrectinib,palbociclib,vinorelbine,0.0027744914157447603
canagliflozin,degarelix,everolimus,0.0027717409574267056
entrectinib,eribulin,exemestane,0.002771290207888521
entrectinib,fulvestrant,paclitaxel,0.0027591641442722956
entrectinib,epirubicin,fulvestrant,0.0027584458755878223
docetaxel,entrectinib,fulvestrant,0.0027567939397372056
entrectinib,fulvestrant,gemcitabine,0.0027538366694811146
entrectinib,fentanyl,fulvestrant,0.002753238241953962
entrectinib,fulvestrant,propofol,0.0027532382419534216
entrectinib,fulvestrant,midazolam,0.002753238241952632
entrectinib,fulvestrant,pF-03084014,0.0027532382419523213
docetaxel,hydroxychloroquine,vinorelbine,0.002736372196753718
alpelisib,lY2835219,lapatinib,0.0027022402663431006
canagliflozin,capecitabine,everolimus,0.0026961629652862956
degarelix,entrectinib,vinorelbine,0.002690482196812738
canagliflozin,palbociclib,tucatinib,0.0026875472572940786
anastrozole,canagliflozin,hydroxychloroquine,0.0026714849138891423
anastrozole,panobinostat,tucatinib,0.002647535124663965
eribulin,exemestane,tucatinib,0.002638004946980035
alpelisib,docetaxel,vinorelbine,0.0026229278177775706
entrectinib,everolimus,vinorelbine,0.0026216392548428762
entrectinib,exemestane,panobinostat,0.0026150276659532893
degarelix,eribulin,everolimus,0.002604554952184142
fulvestrant,pF-03084014,vinorelbine,0.0025940676922858886
fulvestrant,midazolam,vinorelbine,0.002594067692285573
fentanyl,fulvestrant,vinorelbine,0.0025940676922855473
fulvestrant,propofol,vinorelbine,0.0025940676922854866
docetaxel,tucatinib,vinorelbine,0.002591660082171496
capecitabine,entrectinib,exemestane,0.002591623477155919
lY2835219,palbociclib,tucatinib,0.002580774306544926
alpelisib,everolimus,vinorelbine,0.0025803527421851325
canagliflozin,docetaxel,vinorelbine,0.0025706382230430724
entrectinib,lY2835219,vinorelbine,0.0025689542086877633
docetaxel,pF-03084014,vinorelbine,0.0025593801305174558
docetaxel,midazolam,vinorelbine,0.0025593801305169757
docetaxel,propofol,vinorelbine,0.002559380130516862
docetaxel,fentanyl,vinorelbine,0.0025593801305163516
degarelix,everolimus,hydroxychloroquine,0.002550518322152593
entrectinib,lY2835219,lapatinib,0.002541969425728276
letrozole,paclitaxel,tucatinib,0.0025377333330171047
epirubicin,letrozole,tucatinib,0.002510728951545766
exemestane,panobinostat,tucatinib,0.0024963053471859452
docetaxel,letrozole,tucatinib,0.0024834382102190207
degarelix,entrectinib,palbociclib,0.0024780020484644516
fulvestrant,lapatinib,pF-03084014,0.0024760936336338736
fentanyl,fulvestrant,lapatinib,0.0024760936336333636
fulvestrant,lapatinib,midazolam,0.002476093633633361
fulvestrant,lapatinib,propofol,0.002476093633633198
goserelin,hydroxychloroquine,lapatinib,0.0024720151763013504
alpelisib,lY2835219,vinorelbine,0.002470120059906917
capecitabine,everolimus,hydroxychloroquine,0.0024659801193067476
capecitabine,exemestane,tucatinib,0.002465096031285333
anastrozole,paclitaxel,tucatinib,0.002452779516786243
lY2835219,lapatinib,tucatinib,0.002451002829104915
degarelix,everolimus,paclitaxel,0.00244898050815441
anastrozole,epirubicin,tucatinib,0.0024373211355027424
degarelix,epirubicin,everolimus,0.0024364583300074097
entrectinib,exemestane,paclitaxel,0.002427174545570612
entrectinib,epirubicin,exemestane,0.00242655059493285
gemcitabine,letrozole,tucatinib,0.002425993581864585
docetaxel,entrectinib,exemestane,0.0024241987782639704
entrectinib,exemestane,gemcitabine,0.002420214766839987
anastrozole,docetaxel,tucatinib,0.0024196443534011264
entrectinib,exemestane,fentanyl,0.002419432984974682
entrectinib,exemestane,propofol,0.0024194329849740416
entrectinib,exemestane,pF-03084014,0.0024194329849739405
entrectinib,exemestane,midazolam,0.002419432984973074
fentanyl,goserelin,vinorelbine,0.0024186543220390396
goserelin,midazolam,vinorelbine,0.0024186543220389442
goserelin,propofol,vinorelbine,0.002418654322038659
goserelin,pF-03084014,vinorelbine,0.0024186543220356
alpelisib,entrectinib,lY2835219,0.002418538627351226
letrozole,midazolam,tucatinib,0.002413442017451748
letrozole,propofol,tucatinib,0.00241344201745174
letrozole,pF-03084014,tucatinib,0.002413442017451507
fentanyl,letrozole,tucatinib,0.0024134420174512544
entrectinib,everolimus,tucatinib,0.0024088428454445703
degarelix,docetaxel,everolimus,0.0024053282772821907
anastrozole,gemcitabine,tucatinib,0.002383589710630581
anastrozole,pF-03084014,tucatinib,0.002375817719915996
anastrozole,fentanyl,tucatinib,0.002375817719914631
anastrozole,midazolam,tucatinib,0.0023758177199146233
anastrozole,propofol,tucatinib,0.002375817719914605
degarelix,gemcitabine,vinorelbine,0.002367059326979976
degarelix,everolimus,gemcitabine,0.0023501746615021656
degarelix,everolimus,pF-03084014,0.0023390759438516673
degarelix,everolimus,fentanyl,0.0023390759438494785
degarelix,everolimus,propofol,0.0023390759438486905
degarelix,everolimus,midazolam,0.00233907594384834
exemestane,paclitaxel,tucatinib,0.0023213160347596152
epirubicin,exemestane,tucatinib,0.002320478335859785
docetaxel,exemestane,tucatinib,0.002318462729645128
exemestane,gemcitabine,tucatinib,0.0023148763772103337
exemestane,pF-03084014,tucatinib,0.002314153019805545
exemestane,fentanyl,tucatinib,0.0023141530198042696
exemestane,propofol,tucatinib,0.002314153019804203
exemestane,midazolam,tucatinib,0.002314153019804021
capecitabine,everolimus,fentanyl,0.0022796006059869855
capecitabine,everolimus,pF-03084014,0.0022796006059866356
capecitabine,everolimus,propofol,0.002279600605986339
capecitabine,everolimus,midazolam,0.002279600605986062
anastrozole,canagliflozin,capecitabine,0.0022452053008395275
capecitabine,letrozole,midazolam,0.0022164298191886173
capecitabine,letrozole,propofol,0.0022164298191885666
capecitabine,fentanyl,letrozole,0.0022164298191884144
capecitabine,letrozole,pF-03084014,0.002216429819187155
lY2835219,tucatinib,vinorelbine,0.002212476830517229
alpelisib,degarelix,palbociclib,0.0021839106230918024
degarelix,hydroxychloroquine,vinorelbine,0.0021821193076017494
canagliflozin,goserelin,lapatinib,0.0021817132705970717
alpelisib,degarelix,vinorelbine,0.0021504330497990392
canagliflozin,entrectinib,tucatinib,0.002127531516430715
canagliflozin,degarelix,tucatinib,0.002127133648165057
anastrozole,hydroxychloroquine,panobinostat,0.002111972521700247
canagliflozin,tucatinib,vinorelbine,0.0021067857834180274
canagliflozin,lapatinib,tucatinib,0.0020969056157013046
canagliflozin,hydroxychloroquine,tucatinib,0.002071833678757445
canagliflozin,eribulin,tucatinib,0.0020654621376903193
canagliflozin,capecitabine,tucatinib,0.002065240569029289
canagliflozin,panobinostat,tucatinib,0.002064797977752416
canagliflozin,epirubicin,tucatinib,0.002063362365735593
canagliflozin,paclitaxel,tucatinib,0.002063342739284857
canagliflozin,docetaxel,tucatinib,0.002063331494758755
canagliflozin,gemcitabine,tucatinib,0.002063294981554729
canagliflozin,pF-03084014,tucatinib,0.0020632896169989986
canagliflozin,propofol,tucatinib,0.0020632896169979417
canagliflozin,midazolam,tucatinib,0.002063289616997901
canagliflozin,fentanyl,tucatinib,0.0020632896169978892
everolimus,tucatinib,vinorelbine,0.0020534615865061842
degarelix,tucatinib,vinorelbine,0.002052985267014489
gemcitabine,lY2835219,lapatinib,0.0020176809560478
canagliflozin,degarelix,vinorelbine,0.00200135689750135
degarelix,pF-03084014,vinorelbine,0.001973500983466656
degarelix,fentanyl,vinorelbine,0.001973500983464736
degarelix,propofol,vinorelbine,0.0019735009834642324
degarelix,midazolam,vinorelbine,0.0019735009834641487
entrectinib,lapatinib,palbociclib,0.00195842649786001
alpelisib,palbociclib,vinorelbine,0.0019573636696523884
gemcitabine,goserelin,lapatinib,0.0019394552447095305
canagliflozin,everolimus,palbociclib,0.0019301526129141295
anastrozole,hydroxychloroquine,paclitaxel,0.0019142056264934131
anastrozole,epirubicin,hydroxychloroquine,0.0018988001850684703
canagliflozin,lY2835219,lapatinib,0.001896692938476758
anastrozole,docetaxel,hydroxychloroquine,0.0018810401324198818
alpelisib,everolimus,hydroxychloroquine,0.001868133008872487
hydroxychloroquine,lY2835219,lapatinib,0.0018676512059595063
anastrozole,gemcitabine,hydroxychloroquine,0.0018448869999087168
alpelisib,eribulin,everolimus,0.001843006893072154
anastrozole,hydroxychloroquine,pF-03084014,0.0018371005389807944
anastrozole,hydroxychloroquine,midazolam,0.001837100538980432
anastrozole,hydroxychloroquine,propofol,0.0018371005389801879
anastrozole,fentanyl,hydroxychloroquine,0.0018371005389791945
entrectinib,palbociclib,tucatinib,0.0017803276749498826
alpelisib,everolimus,paclitaxel,0.0017795192124453868
alpelisib,epirubicin,everolimus,0.0017665267080069875
canagliflozin,lY2835219,palbociclib,0.001739522366644163
gemcitabine,lY2835219,vinorelbine,0.0017361163731437392
alpelisib,docetaxel,everolimus,0.0017361040802728954
hydroxychloroquine,lY2835219,vinorelbine,0.0017041293750466521
alpelisib,everolimus,gemcitabine,0.00168177550991616
alpelisib,everolimus,pF-03084014,0.0016707961013744054
alpelisib,everolimus,fentanyl,0.0016707961013738082
alpelisib,everolimus,propofol,0.0016707961013733867
alpelisib,everolimus,midazolam,0.0016707961013731434
canagliflozin,lY2835219,vinorelbine,0.001653289390994443
canagliflozin,entrectinib,everolimus,0.001607673929067417
degarelix,palbociclib,tucatinib,0.0016034420433628097
lY2835219,lapatinib,midazolam,0.0015883021698560752
fentanyl,lY2835219,lapatinib,0.0015883021698560541
lY2835219,lapatinib,propofol,0.0015883021698560311
lY2835219,lapatinib,pF-03084014,0.001588302169854987
eribulin,everolimus,palbociclib,0.0015821132082136874
degarelix,lapatinib,palbociclib,0.0015603785137860838
canagliflozin,exemestane,hydroxychloroquine,0.001546566213941744
canagliflozin,goserelin,hydroxychloroquine,0.0015327415236869898
entrectinib,lY2835219,tucatinib,0.0015225261489616444
fentanyl,goserelin,lapatinib,0.001509987824918763
goserelin,lapatinib,midazolam,0.001509987824918639
goserelin,lapatinib,propofol,0.0015099878249182767
goserelin,lapatinib,pF-03084014,0.001509987824915491
entrectinib,everolimus,hydroxychloroquine,0.0014917787986606554
everolimus,paclitaxel,palbociclib,0.0014632241277322856
epirubicin,everolimus,palbociclib,0.0014502587289439142
eribulin,lY2835219,palbociclib,0.0014421847315935546
canagliflozin,entrectinib,palbociclib,0.0014351750074431684
docetaxel,everolimus,palbociclib,0.001419465780449785
anastrozole,capecitabine,fentanyl,0.0014125146089046113
anastrozole,capecitabine,pF-03084014,0.0014125146089044647
anastrozole,capecitabine,midazolam,0.0014125146089043132
anastrozole,capecitabine,propofol,0.0014125146089042518
palbociclib,tucatinib,vinorelbine,0.0014118751945782573
alpelisib,lapatinib,palbociclib,0.0014004037411633095
lY2835219,palbociclib,panobinostat,0.0013916903890884831
alpelisib,entrectinib,vinorelbine,0.001381275552522044
entrectinib,eribulin,everolimus,0.0013781433074149354
capecitabine,lY2835219,palbociclib,0.0013697116410588371
everolimus,gemcitabine,palbociclib,0.0013645810048377306
everolimus,hydroxychloroquine,tucatinib,0.0013611552790015896
entrectinib,eribulin,palbociclib,0.0013537427986923885
everolimus,pF-03084014,palbociclib,0.001353500565709237
everolimus,midazolam,palbociclib,0.001353500565707193
everolimus,palbociclib,propofol,0.0013535005657071913
everolimus,fentanyl,palbociclib,0.0013535005657066685
eribulin,everolimus,tucatinib,0.0013447369162710087
lY2835219,propofol,vinorelbine,0.0013423973129627253
lY2835219,midazolam,vinorelbine,0.0013423973129626928
fentanyl,lY2835219,vinorelbine,0.0013423973129626436
lY2835219,pF-03084014,vinorelbine,0.0013423973129614085
capecitabine,entrectinib,palbociclib,0.001314453748411296
gemcitabine,palbociclib,vinorelbine,0.0013095044005199958
entrectinib,palbociclib,panobinostat,0.0012985073531537547
entrectinib,everolimus,paclitaxel,0.0012897820704918575
everolimus,paclitaxel,tucatinib,0.00128380242944542
lY2835219,paclitaxel,palbociclib,0.001283252815882898
epirubicin,lY2835219,palbociclib,0.0012829981777761216
docetaxel,lY2835219,palbociclib,0.0012817515079067564
gemcitabine,lY2835219,palbociclib,0.0012796828149020988
lY2835219,midazolam,palbociclib,0.0012792818018632361
lY2835219,palbociclib,propofol,0.0012792818018630358
lY2835219,pF-03084014,palbociclib,0.0012792818018622313
fentanyl,lY2835219,palbociclib,0.0012792818018620249
entrectinib,epirubicin,everolimus,0.001277015173039598
canagliflozin,everolimus,vinorelbine,0.0012733774262507175
epirubicin,everolimus,tucatinib,0.0012708217837310918
canagliflozin,degarelix,palbociclib,0.0012697491734716937
alpelisib,hydroxychloroquine,lY2835219,0.0012667887061607842
entrectinib,epirubicin,palbociclib,0.0012654767884825394
entrectinib,paclitaxel,palbociclib,0.0012652187216396534
docetaxel,entrectinib,palbociclib,0.001264710818550839
entrectinib,gemcitabine,palbociclib,0.0012636749778382824
entrectinib,palbociclib,propofol,0.0012635015713317874
entrectinib,pF-03084014,palbociclib,0.0012635015713317772
entrectinib,fentanyl,palbociclib,0.00126350157133146
entrectinib,midazolam,palbociclib,0.0012635015713311794
degarelix,eribulin,palbociclib,0.001250661581130832
everolimus,gemcitabine,vinorelbine,0.0012504723520656792
docetaxel,entrectinib,everolimus,0.0012462700459718449
docetaxel,everolimus,tucatinib,0.0012404128671175613
everolimus,hydroxychloroquine,vinorelbine,0.0012025941011412824
entrectinib,everolimus,gemcitabine,0.0011915717079507262
everolimus,gemcitabine,tucatinib,0.0011861121880856317
entrectinib,everolimus,fentanyl,0.0011805398801654344
entrectinib,everolimus,pF-03084014,0.0011805398801645786
entrectinib,everolimus,propofol,0.001180539880164548
entrectinib,everolimus,midazolam,0.0011805398801634412
everolimus,pF-03084014,tucatinib,0.001175138784760742
everolimus,fentanyl,tucatinib,0.0011751387847595807
everolimus,propofol,tucatinib,0.0011751387847592676
everolimus,midazolam,tucatinib,0.0011751387847589473
alpelisib,eribulin,lY2835219,0.0011707410508486407
capecitabine,degarelix,palbociclib,0.0011678230829574555
alpelisib,lY2835219,panobinostat,0.0011588814279628512
canagliflozin,eribulin,exemestane,0.0011503238619173155
alpelisib,capecitabine,lY2835219,0.0011289502436970123
degarelix,palbociclib,panobinostat,0.0011183366572468847
anastrozole,canagliflozin,panobinostat,0.0011031784904743742
degarelix,epirubicin,palbociclib,0.0010954270831195878
degarelix,paclitaxel,palbociclib,0.0010949242969714424
alpelisib,entrectinib,lapatinib,0.0010946012622120153
degarelix,docetaxel,palbociclib,0.0010942761875304217
degarelix,gemcitabine,palbociclib,0.0010927850690589588
degarelix,pF-03084014,palbociclib,0.0010925447726881025
degarelix,midazolam,palbociclib,0.0010925447726853152
degarelix,palbociclib,propofol,0.0010925447726851667
degarelix,fentanyl,palbociclib,0.0010925447726847406
canagliflozin,palbociclib,vinorelbine,0.0010878072831932294
eribulin,fulvestrant,hydroxychloroquine,0.0010677306814619529
alpelisib,lY2835219,paclitaxel,0.0010672105349926189
alpelisib,epirubicin,lY2835219,0.0010669287912358145
alpelisib,docetaxel,lY2835219,0.001066052442126486
alpelisib,gemcitabine,lY2835219,0.001064539954377148
alpelisib,lY2835219,propofol,0.0010642399719258508
alpelisib,lY2835219,midazolam,0.0010642399719258061
alpelisib,fentanyl,lY2835219,0.0010642399719257838
alpelisib,lY2835219,pF-03084014,0.0010642399719240192
eribulin,goserelin,hydroxychloroquine,0.001056920691094863
eribulin,exemestane,hydroxychloroquine,0.0010478881206332311
alpelisib,eribulin,palbociclib,0.0010427651509149793
hydroxychloroquine,lY2835219,tucatinib,0.0010290589025791466
canagliflozin,exemestane,panobinostat,0.001008949585140244
alpelisib,capecitabine,palbociclib,0.0010087165389777134
alpelisib,palbociclib,panobinostat,0.0010010443466942
fulvestrant,hydroxychloroquine,panobinostat,0.0009987063067538559
entrectinib,gemcitabine,vinorelbine,0.0009885169625501997
alpelisib,epirubicin,palbociclib,0.000979147090015301
alpelisib,paclitaxel,palbociclib,0.0009791146301585546
alpelisib,docetaxel,palbociclib,0.0009787036194172614
alpelisib,gemcitabine,palbociclib,0.0009780375463690884
alpelisib,pF-03084014,palbociclib,0.0009779165591069757
alpelisib,midazolam,palbociclib,0.0009779165591062538
alpelisib,palbociclib,propofol,0.000977916559105998
alpelisib,fentanyl,palbociclib,0.0009779165591052054
canagliflozin,capecitabine,exemestane,0.0009775249527276127
canagliflozin,letrozole,paclitaxel,0.0009617925202153813
goserelin,hydroxychloroquine,panobinostat,0.0009595958005586082
alpelisib,degarelix,entrectinib,0.0009581722643651628
capecitabine,goserelin,hydroxychloroquine,0.0009568901633651051
capecitabine,fulvestrant,hydroxychloroquine,0.0009510343761997187
entrectinib,hydroxychloroquine,lY2835219,0.0009479821320720553
canagliflozin,entrectinib,lY2835219,0.0009422539533171728
eribulin,lY2835219,tucatinib,0.0009417190003367554
canagliflozin,epirubicin,letrozole,0.0009347786935399174
lY2835219,panobinostat,tucatinib,0.0009309076782742538
pF-03084014,palbociclib,vinorelbine,0.0009159643355286811
midazolam,palbociclib,vinorelbine,0.0009159643355274569
palbociclib,propofol,vinorelbine,0.0009159643355271886
fentanyl,palbociclib,vinorelbine,0.0009159643355263809
anastrozole,canagliflozin,paclitaxel,0.0009091208944736055
canagliflozin,docetaxel,letrozole,0.0009075028088332129
entrectinib,hydroxychloroquine,vinorelbine,0.000903440373231476
exemestane,hydroxychloroquine,panobinostat,0.000902152572351992
capecitabine,lY2835219,tucatinib,0.0009014455698792002
anastrozole,canagliflozin,epirubicin,0.0008936530679859793
eribulin,exemestane,gemcitabine,0.0008779497694503071
anastrozole,canagliflozin,docetaxel,0.0008759911425044036
capecitabine,exemestane,hydroxychloroquine,0.000873051124313285
alpelisib,entrectinib,hydroxychloroquine,0.000871998805082884
goserelin,hydroxychloroquine,paclitaxel,0.0008714943644092115
epirubicin,goserelin,hydroxychloroquine,0.0008712355333130717
docetaxel,goserelin,hydroxychloroquine,0.00087000520968179
gemcitabine,goserelin,hydroxychloroquine,0.0008679593678280225
goserelin,hydroxychloroquine,midazolam,0.0008675622867815188
goserelin,hydroxychloroquine,propofol,0.0008675622867810969
fentanyl,goserelin,hydroxychloroquine,0.0008675622867803652
goserelin,hydroxychloroquine,pF-03084014,0.0008675622867771942
lapatinib,palbociclib,tucatinib,0.0008613210582406817
canagliflozin,gemcitabine,letrozole,0.0008500757524179947
fulvestrant,hydroxychloroquine,paclitaxel,0.0008484486601272257
epirubicin,fulvestrant,hydroxychloroquine,0.0008475695830392409
docetaxel,fulvestrant,hydroxychloroquine,0.0008461705870958746
everolimus,pF-03084014,vinorelbine,0.0008460738657947218
everolimus,fentanyl,vinorelbine,0.0008460738657935949
everolimus,propofol,vinorelbine,0.0008460738657931885
everolimus,midazolam,vinorelbine,0.000846073865792958
canagliflozin,eribulin,goserelin,0.000844098502560993
fulvestrant,gemcitabine,hydroxychloroquine,0.0008435124860883533
fulvestrant,hydroxychloroquine,midazolam,0.0008429580128081437
fulvestrant,hydroxychloroquine,propofol,0.0008429580128079213
fulvestrant,hydroxychloroquine,pF-03084014,0.0008429580128074793
fentanyl,fulvestrant,hydroxychloroquine,0.0008429580128068688
lY2835219,paclitaxel,tucatinib,0.0008407416782819121
epirubicin,lY2835219,tucatinib,0.0008404717932491786
anastrozole,canagliflozin,gemcitabine,0.000839954071673076
docetaxel,lY2835219,tucatinib,0.0008396091552604122
gemcitabine,lY2835219,tucatinib,0.0008381245588358796
lY2835219,propofol,tucatinib,0.000837830581600992
lY2835219,midazolam,tucatinib,0.0008378305816008698
fentanyl,lY2835219,tucatinib,0.0008378305816008165
lY2835219,pF-03084014,tucatinib,0.0008378305815996161
canagliflozin,letrozole,midazolam,0.0008375267696909784
canagliflozin,letrozole,propofol,0.0008375267696908678
canagliflozin,letrozole,pF-03084014,0.0008375267696908293
canagliflozin,fentanyl,letrozole,0.0008375267696903949
canagliflozin,exemestane,paclitaxel,0.0008346582845908663
canagliflozin,epirubicin,exemestane,0.0008338111404869104
anastrozole,gemcitabine,panobinostat,0.0008327724361850313
anastrozole,canagliflozin,pF-03084014,0.0008321846626444043
anastrozole,canagliflozin,midazolam,0.000832184662642939
anastrozole,canagliflozin,fentanyl,0.0008321846626428568
anastrozole,canagliflozin,propofol,0.0008321846626428178
canagliflozin,docetaxel,exemestane,0.0008318103908922949
canagliflozin,exemestane,gemcitabine,0.0008282416103967173
canagliflozin,exemestane,pF-03084014,0.000827520834677842
canagliflozin,exemestane,fentanyl,0.0008275208346763843
canagliflozin,exemestane,propofol,0.0008275208346763047
canagliflozin,exemestane,midazolam,0.0008275208346762263
gemcitabine,lapatinib,palbociclib,0.0008019888484987943
eribulin,fulvestrant,gemcitabine,0.0007714966301322115
entrectinib,eribulin,lY2835219,0.0007634251013145249
alpelisib,entrectinib,eribulin,0.0007566066451550277
entrectinib,gemcitabine,lapatinib,0.0007512870487080479
canagliflozin,goserelin,panobinostat,0.0007511348835289063
alpelisib,capecitabine,entrectinib,0.0007479998782570243
canagliflozin,capecitabine,goserelin,0.0007461060619614786
alpelisib,entrectinib,panobinostat,0.0007400059192356761
entrectinib,lY2835219,panobinostat,0.000738050837110881
exemestane,gemcitabine,panobinostat,0.0007361587255078164
eribulin,gemcitabine,goserelin,0.0007359249735585281
eribulin,everolimus,gemcitabine,0.0007339460197060661
exemestane,hydroxychloroquine,paclitaxel,0.0007241519725965493
alpelisib,entrectinib,epirubicin,0.0007237149291497853
alpelisib,entrectinib,paclitaxel,0.0007234839679569269
epirubicin,exemestane,hydroxychloroquine,0.0007233672135552767
alpelisib,docetaxel,entrectinib,0.0007233192799781218
alpelisib,entrectinib,gemcitabine,0.0007228396445208845
alpelisib,entrectinib,fentanyl,0.000722767268602772
alpelisib,entrectinib,propofol,0.0007227672686021551
alpelisib,entrectinib,midazolam,0.0007227672686013025
alpelisib,entrectinib,pF-03084014,0.000722767268601118
docetaxel,exemestane,hydroxychloroquine,0.0007212683367936479
exemestane,gemcitabine,hydroxychloroquine,0.0007175834946182334
exemestane,hydroxychloroquine,pF-03084014,0.0007168456670001066
exemestane,hydroxychloroquine,midazolam,0.0007168456669995938
exemestane,hydroxychloroquine,propofol,0.0007168456669995495
exemestane,fentanyl,hydroxychloroquine,0.000716845666998597
capecitabine,entrectinib,lY2835219,0.0007163938558190696
fulvestrant,gemcitabine,panobinostat,0.0007064167597628632
entrectinib,tucatinib,vinorelbine,0.000680438625392462
canagliflozin,goserelin,paclitaxel,0.0006667427465855744
canagliflozin,epirubicin,goserelin,0.0006664215304267513
canagliflozin,docetaxel,goserelin,0.0006652893339624828
canagliflozin,gemcitabine,goserelin,0.0006633595537885523
canagliflozin,fentanyl,goserelin,0.0006629795246401984
canagliflozin,goserelin,midazolam,0.0006629795246401971
canagliflozin,goserelin,propofol,0.000662979524639898
canagliflozin,goserelin,pF-03084014,0.0006629795246369752
eribulin,gemcitabine,lY2835219,0.000657556880838829
degarelix,eribulin,gemcitabine,0.0006526100428885581
gemcitabine,lY2835219,panobinostat,0.0006466541146279257
gemcitabine,goserelin,panobinostat,0.0006425445873610215
entrectinib,lY2835219,paclitaxel,0.0006350210291621922
entrectinib,epirubicin,lY2835219,0.0006349648923915273
docetaxel,entrectinib,lY2835219,0.0006337660439485384
entrectinib,gemcitabine,lY2835219,0.0006318837885348167
entrectinib,fentanyl,lY2835219,0.0006315313868405132
entrectinib,lY2835219,propofol,0.0006315313868401149
entrectinib,lY2835219,midazolam,0.0006315313868392066
entrectinib,lY2835219,pF-03084014,0.0006315313868372954
canagliflozin,entrectinib,vinorelbine,0.0006173504582637253
eribulin,gemcitabine,palbociclib,0.0006157253985359522
canagliflozin,everolimus,hydroxychloroquine,0.0005979281870390238
entrectinib,fentanyl,vinorelbine,0.0005950255089023555
entrectinib,propofol,vinorelbine,0.0005950255089017536
entrectinib,pF-03084014,vinorelbine,0.0005950255089012312
entrectinib,midazolam,vinorelbine,0.0005950255089009133
entrectinib,eribulin,gemcitabine,0.0005846675719365488
canagliflozin,eribulin,everolimus,0.0005846055615842823
gemcitabine,palbociclib,panobinostat,0.0005749614509900591
gemcitabine,hydroxychloroquine,vinorelbine,0.0005702955900002889
entrectinib,gemcitabine,panobinostat,0.0005690237026920832
eribulin,gemcitabine,hydroxychloroquine,0.0005638088484082743
degarelix,gemcitabine,panobinostat,0.0005598766952987792
alpelisib,eribulin,gemcitabine,0.0005592225171412678
gemcitabine,hydroxychloroquine,panobinostat,0.0005586919728178012
alpelisib,gemcitabine,panobinostat,0.0005570932892146567
eribulin,gemcitabine,tucatinib,0.0005566038517378012
canagliflozin,eribulin,gemcitabine,0.0005555523701173352
gemcitabine,panobinostat,tucatinib,0.0005555229246344776
eribulin,gemcitabine,pF-03084014,0.0005549891683039197
eribulin,fentanyl,gemcitabine,0.0005549891683030972
eribulin,gemcitabine,propofol,0.0005549891683030399
eribulin,gemcitabine,midazolam,0.0005549891683029926
canagliflozin,gemcitabine,panobinostat,0.0005547967660310301
gemcitabine,pF-03084014,panobinostat,0.0005544029826782107
gemcitabine,panobinostat,propofol,0.0005544029826771373
gemcitabine,midazolam,panobinostat,0.0005544029826771325
fentanyl,gemcitabine,panobinostat,0.0005544029826766862
entrectinib,hydroxychloroquine,lapatinib,0.0005481677073981174
canagliflozin,lapatinib,palbociclib,0.0005421306957502821
degarelix,entrectinib,lapatinib,0.0005391362571169013
eribulin,palbociclib,tucatinib,0.0005258978547186511
canagliflozin,everolimus,paclitaxel,0.0005246944096526646
degarelix,gemcitabine,lapatinib,0.0005242627531476879
gemcitabine,hydroxychloroquine,lapatinib,0.000523572290030479
canagliflozin,epirubicin,everolimus,0.0005117043187342108
capecitabine,palbociclib,tucatinib,0.0004933666194754585
canagliflozin,hydroxychloroquine,lY2835219,0.0004867285313492621
palbociclib,panobinostat,tucatinib,0.00048522535132115933
canagliflozin,docetaxel,everolimus,0.0004813102587407214
alpelisib,gemcitabine,lapatinib,0.00047879688499347605
epirubicin,palbociclib,tucatinib,0.0004648448463442224
paclitaxel,palbociclib,tucatinib,0.00046480052776340494
docetaxel,palbociclib,tucatinib,0.0004644150868667447
gemcitabine,palbociclib,tucatinib,0.00046377690514337697
pF-03084014,palbociclib,tucatinib,0.00046366192309812976
midazolam,palbociclib,tucatinib,0.0004636619230968748
palbociclib,propofol,tucatinib,0.00046366192309669634
fentanyl,palbociclib,tucatinib,0.0004636619230957952
alpelisib,gemcitabine,vinorelbine,0.0004569218094399563
gemcitabine,lapatinib,tucatinib,0.0004539628328637096
canagliflozin,gemcitabine,lapatinib,0.00043783609456913143
gemcitabine,lapatinib,pF-03084014,0.00042908878208784235
fentanyl,gemcitabine,lapatinib,0.0004290887820865509
gemcitabine,lapatinib,midazolam,0.00042908878208635954
gemcitabine,lapatinib,propofol,0.0004290887820862861
canagliflozin,everolimus,gemcitabine,0.0004270271516480089
gemcitabine,tucatinib,vinorelbine,0.00042568196515868704
canagliflozin,everolimus,pF-03084014,0.00041605633000903235
canagliflozin,everolimus,fentanyl,0.0004160563300076889
canagliflozin,everolimus,propofol,0.00041605633000736295
canagliflozin,everolimus,midazolam,0.0004160563300071459
canagliflozin,gemcitabine,vinorelbine,0.0004046776779694806
canagliflozin,eribulin,lY2835219,0.00040248436638271057
entrectinib,lapatinib,tucatinib,0.00040017012723393583
gemcitabine,pF-03084014,vinorelbine,0.00039342905607692743
fentanyl,gemcitabine,vinorelbine,0.0003934290560758038
gemcitabine,propofol,vinorelbine,0.00039342905607564406
gemcitabine,midazolam,vinorelbine,0.0003934290560756413
canagliflozin,lY2835219,panobinostat,0.00039199836733722705
lapatinib,pF-03084014,palbociclib,0.0003727890574969977
lapatinib,midazolam,palbociclib,0.0003727890574955768
lapatinib,palbociclib,propofol,0.00037278905749523237
fentanyl,lapatinib,palbociclib,0.00037278905749452986
canagliflozin,capecitabine,lY2835219,0.0003623209424301546
eribulin,everolimus,hydroxychloroquine,0.0003564608027349782
canagliflozin,entrectinib,lapatinib,0.0003419595089998273
eribulin,exemestane,pF-03084014,0.0003222412168717667
eribulin,exemestane,fentanyl,0.0003222412168708268
eribulin,exemestane,propofol,0.00032224121687076903
eribulin,exemestane,midazolam,0.00032224121687063285
entrectinib,fentanyl,lapatinib,0.00032213586904955387
entrectinib,lapatinib,propofol,0.000322135869048847
entrectinib,lapatinib,pF-03084014,0.0003221358690485974
entrectinib,lapatinib,midazolam,0.0003221358690480829
canagliflozin,lY2835219,paclitaxel,0.00030253037922183776
canagliflozin,epirubicin,lY2835219,0.00030225104898497896
canagliflozin,docetaxel,lY2835219,0.0003014032676162535
canagliflozin,gemcitabine,lY2835219,0.000299936243130938
canagliflozin,lY2835219,propofol,0.0002996448475817685
canagliflozin,lY2835219,midazolam,0.00029964484758174953
canagliflozin,fentanyl,lY2835219,0.0002996448475816061
canagliflozin,lY2835219,pF-03084014,0.0002996448475805876
eribulin,hydroxychloroquine,lY2835219,0.00029596291669505036
everolimus,hydroxychloroquine,paclitaxel,0.00028847908009312746
degarelix,entrectinib,hydroxychloroquine,0.0002852927117489665
hydroxychloroquine,lY2835219,panobinostat,0.00028111564614539876
epirubicin,everolimus,hydroxychloroquine,0.000275551374237357
anastrozole,pF-03084014,panobinostat,0.00027060143592271034
anastrozole,midazolam,panobinostat,0.000270601435921576
anastrozole,panobinostat,propofol,0.00027060143592146985
anastrozole,fentanyl,panobinostat,0.0002706014359209784
alpelisib,degarelix,lapatinib,0.0002581920994988746
alpelisib,hydroxychloroquine,vinorelbine,0.0002579956283676299
capecitabine,hydroxychloroquine,lY2835219,0.0002537614056122509
degarelix,entrectinib,eribulin,0.0002490632976529925
docetaxel,everolimus,hydroxychloroquine,0.0002450591870768544
degarelix,entrectinib,tucatinib,0.00022235523258071858
canagliflozin,eribulin,palbociclib,0.00022178274890236366
degarelix,hydroxychloroquine,lapatinib,0.00022127998177825487
eribulin,fulvestrant,midazolam,0.00021597143189096713
eribulin,fulvestrant,propofol,0.00021597143189092523
eribulin,fulvestrant,pF-03084014,0.00021597143189092387
eribulin,fentanyl,fulvestrant,0.0002159714318908835
hydroxychloroquine,tucatinib,vinorelbine,0.0002154413760459919
alpelisib,degarelix,eribulin,0.00021516424895425668
capecitabine,degarelix,entrectinib,0.00019166664451887835
entrectinib,hydroxychloroquine,tucatinib,0.0001910753037613526
everolimus,gemcitabine,hydroxychloroquine,0.00019066001830430495
canagliflozin,hydroxychloroquine,vinorelbine,0.00019029503333184222
canagliflozin,capecitabine,palbociclib,0.00018936152016417059
hydroxychloroquine,lY2835219,paclitaxel,0.00018793835882394475
epirubicin,hydroxychloroquine,lY2835219,0.00018772141364976918
docetaxel,hydroxychloroquine,lY2835219,0.00018677550511403046
gemcitabine,hydroxychloroquine,lY2835219,0.00018519241894887804
hydroxychloroquine,lY2835219,midazolam,0.00018488397150154102
hydroxychloroquine,lY2835219,propofol,0.00018488397150143737
fentanyl,hydroxychloroquine,lY2835219,0.00018488397150024266
hydroxychloroquine,lY2835219,pF-03084014,0.00018488397149927634
canagliflozin,palbociclib,panobinostat,0.0001814355685218902
exemestane,pF-03084014,panobinostat,0.0001810363585552916
exemestane,panobinostat,propofol,0.00018103635855410032
exemestane,midazolam,panobinostat,0.00018103635855400661
exemestane,fentanyl,panobinostat,0.0001810363585536495
eribulin,fentanyl,goserelin,0.00018055716755102687
eribulin,goserelin,midazolam,0.0001805571675509896
eribulin,goserelin,propofol,0.00018055716755074818
eribulin,goserelin,pF-03084014,0.00018055716754728602
everolimus,hydroxychloroquine,pF-03084014,0.0001796721447660771
everolimus,hydroxychloroquine,propofol,0.00017967214476538783
everolimus,hydroxychloroquine,midazolam,0.00017967214476529326
everolimus,fentanyl,hydroxychloroquine,0.00017967214476468147
hydroxychloroquine,midazolam,vinorelbine,0.00017684809059927568
hydroxychloroquine,pF-03084014,vinorelbine,0.00017684809059923985
hydroxychloroquine,propofol,vinorelbine,0.00017684809059910386
fentanyl,hydroxychloroquine,vinorelbine,0.00017684809059811276
entrectinib,eribulin,hydroxychloroquine,0.0001699840165711336
eribulin,everolimus,pF-03084014,0.00016798742120742455
eribulin,everolimus,fentanyl,0.00016798742120659876
eribulin,everolimus,propofol,0.00016798742120629465
eribulin,everolimus,midazolam,0.00016798742120601964
degarelix,lapatinib,tucatinib,0.00016715010886582662
alpelisib,capecitabine,degarelix,0.00016300803416396912
alpelisib,degarelix,hydroxychloroquine,0.00016288428760484347
alpelisib,hydroxychloroquine,lapatinib,0.00016182795192994304
canagliflozin,epirubicin,palbociclib,0.00016174363021778036
canagliflozin,paclitaxel,palbociclib,0.00016170875684108835
canagliflozin,docetaxel,palbociclib,0.00016132872736034358
capecitabine,entrectinib,hydroxychloroquine,0.00016096654574195943
canagliflozin,gemcitabine,palbociclib,0.0001607081175761932
canagliflozin,pF-03084014,palbociclib,0.00016059571721685896
canagliflozin,midazolam,palbociclib,0.00016059571721551214
canagliflozin,palbociclib,propofol,0.0001605957172152304
canagliflozin,fentanyl,palbociclib,0.00016059571721434242
fulvestrant,pF-03084014,panobinostat,0.00015147774714759115
fulvestrant,midazolam,panobinostat,0.00015147774714748338
fulvestrant,panobinostat,propofol,0.00015147774714739895
fentanyl,fulvestrant,panobinostat,0.00015147774714684864
entrectinib,hydroxychloroquine,panobinostat,0.00015039564298791985
canagliflozin,degarelix,entrectinib,0.0001496421069458937
capecitabine,exemestane,fentanyl,0.00014949808875949766
capecitabine,exemestane,pF-03084014,0.00014949808875926136
capecitabine,exemestane,propofol,0.0001494980887590974
capecitabine,exemestane,midazolam,0.00014949808875895895
degarelix,eribulin,tucatinib,0.00014633764504750862
canagliflozin,entrectinib,hydroxychloroquine,0.0001448442049255167
degarelix,entrectinib,panobinostat,0.00014185845207047288
degarelix,eribulin,hydroxychloroquine,0.0001380630574636405
entrectinib,epirubicin,hydroxychloroquine,0.00013266305713343648
entrectinib,hydroxychloroquine,paclitaxel,0.00013236729735794934
docetaxel,entrectinib,hydroxychloroquine,0.00013219784853536268
entrectinib,gemcitabine,hydroxychloroquine,0.00013164761466231097
entrectinib,hydroxychloroquine,propofol,0.00013156677374743823
entrectinib,fentanyl,hydroxychloroquine,0.0001315667737469273
entrectinib,hydroxychloroquine,midazolam,0.00013156677374673393
entrectinib,hydroxychloroquine,pF-03084014,0.00013156677374607167
hydroxychloroquine,lapatinib,tucatinib,0.00012567949175980783
degarelix,entrectinib,epirubicin,0.000124555144536184
letrozole,midazolam,paclitaxel,0.00012425197190995993
letrozole,paclitaxel,propofol,0.00012425197190988712
fentanyl,letrozole,paclitaxel,0.00012425197190910086
letrozole,pF-03084014,paclitaxel,0.00012425197190816788
degarelix,entrectinib,paclitaxel,0.000123853857051927
degarelix,docetaxel,entrectinib,0.00012345207037339412
degarelix,entrectinib,gemcitabine,0.00012214738949286704
degarelix,entrectinib,fentanyl,0.00012195570446441923
degarelix,entrectinib,pF-03084014,0.0001219557044643568
degarelix,entrectinib,propofol,0.00012195570446343602
degarelix,entrectinib,midazolam,0.0001219557044624759
alpelisib,degarelix,panobinostat,0.00012147404468959154
canagliflozin,degarelix,lapatinib,0.00012039928824731619
alpelisib,degarelix,epirubicin,0.00011530404514761935
alpelisib,degarelix,paclitaxel,0.00011482836464950178
canagliflozin,degarelix,eribulin,0.00011466208110311033
alpelisib,degarelix,docetaxel,0.00011452347031849011
alpelisib,degarelix,gemcitabine,0.00011358855710234655
alpelisib,degarelix,pF-03084014,0.0001134492913182288
alpelisib,degarelix,fentanyl,0.00011344929131683816
alpelisib,degarelix,propofol,0.00011344929131632003
alpelisib,degarelix,midazolam,0.00011344929131622367
everolimus,fentanyl,paclitaxel,0.000108624301030496
everolimus,paclitaxel,propofol,0.00010862430103048354
everolimus,pF-03084014,paclitaxel,0.00010862430103047185
everolimus,midazolam,paclitaxel,0.00010862430103022849
canagliflozin,hydroxychloroquine,lapatinib,0.00010541069794028637
eribulin,lY2835219,propofol,0.000102277708430534
eribulin,lY2835219,midazolam,0.00010227770843045724
eribulin,fentanyl,lY2835219,0.00010227770843034977
eribulin,lY2835219,pF-03084014,0.00010227770842881361
capecitabine,fentanyl,fulvestrant,0.00010136899483726672
capecitabine,fulvestrant,midazolam,0.0001013689948370056
capecitabine,fulvestrant,propofol,0.00010136899483696591
capecitabine,fulvestrant,pF-03084014,0.00010136899483613083
degarelix,eribulin,pF-03084014,9.749158714755394e-05
degarelix,eribulin,fentanyl,9.749158714593474e-05
degarelix,eribulin,propofol,9.749158714553394e-05
degarelix,eribulin,midazolam,9.749158714540552e-05
epirubicin,letrozole,midazolam,9.723305461093376e-05
epirubicin,letrozole,propofol,9.723305461090721e-05
epirubicin,fentanyl,letrozole,9.723305461087682e-05
epirubicin,letrozole,pF-03084014,9.723305461027839e-05
capecitabine,degarelix,tucatinib,9.569880695129436e-05
epirubicin,everolimus,pF-03084014,9.562911948959263e-05
epirubicin,everolimus,fentanyl,9.562911948928225e-05
epirubicin,everolimus,propofol,9.562911948851391e-05
epirubicin,everolimus,midazolam,9.562911948821263e-05
degarelix,lapatinib,pF-03084014,9.504468362388612e-05
degarelix,fentanyl,lapatinib,9.504468362179797e-05
degarelix,lapatinib,propofol,9.504468362118987e-05
degarelix,lapatinib,midazolam,9.504468362118204e-05
hydroxychloroquine,lapatinib,pF-03084014,9.446506461894817e-05
hydroxychloroquine,lapatinib,midazolam,9.446506461878726e-05
hydroxychloroquine,lapatinib,propofol,9.446506461853925e-05
fentanyl,hydroxychloroquine,lapatinib,9.446506461765324e-05
lY2835219,panobinostat,propofol,9.1961127845453e-05
lY2835219,midazolam,panobinostat,9.196112784541872e-05
fentanyl,lY2835219,panobinostat,9.196112784476015e-05
lY2835219,pF-03084014,panobinostat,9.196112784392616e-05
goserelin,midazolam,panobinostat,8.776296697934771e-05
goserelin,panobinostat,propofol,8.77629669790638e-05
fentanyl,goserelin,panobinostat,8.776296697883394e-05
goserelin,pF-03084014,panobinostat,8.776296697579523e-05
capecitabine,degarelix,hydroxychloroquine,8.549613874218224e-05
degarelix,hydroxychloroquine,tucatinib,8.534993062834342e-05
entrectinib,eribulin,tucatinib,8.439089690324835e-05
capecitabine,fentanyl,goserelin,8.262050802988595e-05
capecitabine,goserelin,midazolam,8.262050802950389e-05
capecitabine,goserelin,propofol,8.262050802926471e-05
capecitabine,goserelin,pF-03084014,8.262050802496886e-05
capecitabine,entrectinib,tucatinib,7.730150669931822e-05
anastrozole,midazolam,paclitaxel,7.692245321618894e-05
anastrozole,paclitaxel,propofol,7.692245321610536e-05
anastrozole,pF-03084014,paclitaxel,7.692245321601072e-05
anastrozole,fentanyl,paclitaxel,7.69224532158308e-05
docetaxel,letrozole,midazolam,6.996517708296672e-05
docetaxel,letrozole,propofol,6.996517708279158e-05
docetaxel,letrozole,pF-03084014,6.996517708223105e-05
docetaxel,fentanyl,letrozole,6.996517708176739e-05
entrectinib,panobinostat,tucatinib,6.883847180718427e-05
docetaxel,everolimus,pF-03084014,6.52430666747604e-05
docetaxel,everolimus,propofol,6.524306667361331e-05
docetaxel,everolimus,midazolam,6.524306667346063e-05
docetaxel,everolimus,fentanyl,6.524306667338785e-05
canagliflozin,capecitabine,degarelix,6.413324951189562e-05
alpelisib,pF-03084014,vinorelbine,6.348277503538015e-05
alpelisib,fentanyl,vinorelbine,6.348277503505141e-05
alpelisib,midazolam,vinorelbine,6.348277503493815e-05
alpelisib,propofol,vinorelbine,6.348277503491466e-05
capecitabine,fentanyl,lY2835219,6.217006555616737e-05
capecitabine,lY2835219,propofol,6.21700655560091e-05
capecitabine,lY2835219,midazolam,6.217006555593008e-05
capecitabine,lY2835219,pF-03084014,6.217006555345498e-05
anastrozole,epirubicin,pF-03084014,6.144953610595892e-05
anastrozole,epirubicin,fentanyl,6.144953610544443e-05
anastrozole,epirubicin,midazolam,6.144953610500048e-05
anastrozole,epirubicin,propofol,6.144953610496312e-05
eribulin,pF-03084014,palbociclib,6.062522131695308e-05
eribulin,midazolam,palbociclib,6.0625221316087896e-05
eribulin,palbociclib,propofol,6.062522131586401e-05
eribulin,fentanyl,palbociclib,6.062522131495422e-05
entrectinib,epirubicin,tucatinib,5.4064233423255466e-05
entrectinib,paclitaxel,tucatinib,5.382141350632615e-05
degarelix,panobinostat,tucatinib,5.369574160613101e-05
docetaxel,entrectinib,tucatinib,5.368229537215398e-05
entrectinib,gemcitabine,tucatinib,5.323055123972184e-05
entrectinib,fentanyl,tucatinib,5.316418053791061e-05
entrectinib,propofol,tucatinib,5.316418053740244e-05
entrectinib,pF-03084014,tucatinib,5.316418053682084e-05
entrectinib,midazolam,tucatinib,5.316418053647219e-05
canagliflozin,degarelix,hydroxychloroquine,5.057862940810558e-05
alpelisib,lapatinib,pF-03084014,4.969812457841804e-05
alpelisib,fentanyl,lapatinib,4.969812457792145e-05
alpelisib,lapatinib,midazolam,4.969812457777932e-05
alpelisib,lapatinib,propofol,4.969812457767969e-05
degarelix,epirubicin,tucatinib,4.904249376612077e-05
degarelix,paclitaxel,tucatinib,4.855495454393226e-05
degarelix,docetaxel,tucatinib,4.8275630057553495e-05
degarelix,gemcitabine,tucatinib,4.736860816621517e-05
degarelix,pF-03084014,tucatinib,4.723534759896289e-05
degarelix,fentanyl,tucatinib,4.7235347597008025e-05
degarelix,propofol,tucatinib,4.72353475965986e-05
degarelix,midazolam,tucatinib,4.723534759642464e-05
capecitabine,degarelix,pF-03084014,4.701853663353644e-05
capecitabine,degarelix,fentanyl,4.70185366330935e-05
capecitabine,degarelix,propofol,4.701853663235019e-05
capecitabine,degarelix,midazolam,4.701853663221953e-05
anastrozole,docetaxel,pF-03084014,4.3795617803040513e-05
anastrozole,docetaxel,midazolam,4.379561780216235e-05
anastrozole,docetaxel,propofol,4.379561780197642e-05
anastrozole,docetaxel,fentanyl,4.379561780146393e-05
degarelix,hydroxychloroquine,panobinostat,4.138520553511322e-05
canagliflozin,entrectinib,eribulin,4.1255535343251985e-05
canagliflozin,capecitabine,entrectinib,3.427615164432139e-05
degarelix,epirubicin,hydroxychloroquine,3.377361022454845e-05
degarelix,hydroxychloroquine,paclitaxel,3.323313114380213e-05
degarelix,docetaxel,hydroxychloroquine,3.292347596900887e-05
pF-03084014,tucatinib,vinorelbine,3.224893597097629e-05
fentanyl,tucatinib,vinorelbine,3.224893597008332e-05
propofol,tucatinib,vinorelbine,3.224893597005529e-05
midazolam,tucatinib,vinorelbine,3.224893597000119e-05
degarelix,gemcitabine,hydroxychloroquine,3.1917964337050974e-05
degarelix,hydroxychloroquine,pF-03084014,3.1770233556460375e-05
degarelix,hydroxychloroquine,midazolam,3.177023355493306e-05
degarelix,hydroxychloroquine,propofol,3.177023355488103e-05
degarelix,fentanyl,hydroxychloroquine,3.177023355427137e-05
alpelisib,eribulin,hydroxychloroquine,3.068937002225014e-05
entrectinib,eribulin,fentanyl,2.961600606132122e-05
entrectinib,eribulin,propofol,2.961600606082167e-05
entrectinib,eribulin,midazolam,2.9616006059936934e-05
entrectinib,eribulin,pF-03084014,2.9616006059895762e-05
capecitabine,pF-03084014,palbociclib,2.825977365595726e-05
capecitabine,midazolam,palbociclib,2.825977365592357e-05
capecitabine,palbociclib,propofol,2.8259773655701926e-05
capecitabine,fentanyl,palbociclib,2.8259773655134637e-05
alpelisib,capecitabine,hydroxychloroquine,2.691233753690256e-05
canagliflozin,entrectinib,panobinostat,2.602843326420632e-05
lapatinib,pF-03084014,tucatinib,2.4870077665516976e-05
fentanyl,lapatinib,tucatinib,2.4870077664456173e-05
lapatinib,midazolam,tucatinib,2.487007766434514e-05
lapatinib,propofol,tucatinib,2.4870077664323114e-05
alpelisib,hydroxychloroquine,panobinostat,2.4615637756890847e-05
capecitabine,entrectinib,fentanyl,2.2692403440764085e-05
capecitabine,entrectinib,propofol,2.269240343992205e-05
capecitabine,entrectinib,midazolam,2.269240343903506e-05
capecitabine,entrectinib,pF-03084014,2.26924034381624e-05
canagliflozin,degarelix,panobinostat,2.2345500678751144e-05
pF-03084014,palbociclib,panobinostat,2.0447459397075664e-05
midazolam,palbociclib,panobinostat,2.0447459396059424e-05
palbociclib,panobinostat,propofol,2.0447459395793036e-05
fentanyl,palbociclib,panobinostat,2.0447459394374656e-05
canagliflozin,degarelix,epirubicin,1.838081951156791e-05
alpelisib,epirubicin,hydroxychloroquine,1.801635989472418e-05
alpelisib,hydroxychloroquine,paclitaxel,1.7946207105376496e-05
canagliflozin,degarelix,paclitaxel,1.7902725493504874e-05
alpelisib,docetaxel,hydroxychloroquine,1.7873650630311048e-05
alpelisib,gemcitabine,hydroxychloroquine,1.769318442164283e-05
alpelisib,hydroxychloroquine,midazolam,1.766476275033407e-05
alpelisib,hydroxychloroquine,propofol,1.7664762750174577e-05
alpelisib,hydroxychloroquine,pF-03084014,1.7664762749796038e-05
alpelisib,fentanyl,hydroxychloroquine,1.7664762749198595e-05
canagliflozin,degarelix,docetaxel,1.7628812423041548e-05
eribulin,hydroxychloroquine,tucatinib,1.675629657841482e-05
canagliflozin,degarelix,gemcitabine,1.673936247092067e-05
canagliflozin,degarelix,pF-03084014,1.660868358958132e-05
canagliflozin,degarelix,fentanyl,1.6608683587444487e-05
canagliflozin,degarelix,propofol,1.6608683587021902e-05
canagliflozin,degarelix,midazolam,1.660868358695129e-05
entrectinib,panobinostat,propofol,1.4558322442178484e-05
entrectinib,fentanyl,panobinostat,1.4558322442169428e-05
entrectinib,pF-03084014,panobinostat,1.4558322441446124e-05
entrectinib,midazolam,panobinostat,1.455832244133625e-05
capecitabine,hydroxychloroquine,tucatinib,1.4496640787140507e-05
gemcitabine,letrozole,pF-03084014,1.2547591300076214e-05
gemcitabine,letrozole,midazolam,1.2547591300005936e-05
gemcitabine,letrozole,propofol,1.254759129994725e-05
fentanyl,gemcitabine,letrozole,1.2547591299592986e-05
canagliflozin,entrectinib,epirubicin,1.1942761553104507e-05
hydroxychloroquine,panobinostat,tucatinib,1.173086513634307e-05
canagliflozin,entrectinib,paclitaxel,1.170938684030067e-05
canagliflozin,docetaxel,entrectinib,1.1575680122043941e-05
canagliflozin,eribulin,hydroxychloroquine,1.1562759433005523e-05
canagliflozin,pF-03084014,vinorelbine,1.1247230467682882e-05
canagliflozin,midazolam,vinorelbine,1.1247230466615987e-05
canagliflozin,fentanyl,vinorelbine,1.1247230466607937e-05
canagliflozin,propofol,vinorelbine,1.1247230466566759e-05
canagliflozin,entrectinib,gemcitabine,1.1141507928829238e-05
canagliflozin,entrectinib,fentanyl,1.1077718912748977e-05
canagliflozin,entrectinib,propofol,1.1077718912227657e-05
canagliflozin,entrectinib,pF-03084014,1.1077718911841186e-05
canagliflozin,entrectinib,midazolam,1.1077718911400736e-05
everolimus,gemcitabine,pF-03084014,1.0969430215111423e-05
everolimus,fentanyl,gemcitabine,1.0969430213719342e-05
everolimus,gemcitabine,propofol,1.096943021327486e-05
everolimus,gemcitabine,midazolam,1.0969430213005727e-05
canagliflozin,capecitabine,hydroxychloroquine,9.413110146730734e-06
eribulin,hydroxychloroquine,midazolam,8.801236779935768e-06
eribulin,hydroxychloroquine,propofol,8.80123677980836e-06
eribulin,hydroxychloroquine,pF-03084014,8.801236779541016e-06
eribulin,fentanyl,hydroxychloroquine,8.801236778715049e-06
canagliflozin,lapatinib,pF-03084014,8.745921056851772e-06
canagliflozin,fentanyl,lapatinib,8.745921055608985e-06
canagliflozin,lapatinib,midazolam,8.745921055588134e-06
canagliflozin,lapatinib,propofol,8.745921055462785e-06
anastrozole,gemcitabine,pF-03084014,7.768017604776461e-06
anastrozole,fentanyl,gemcitabine,7.7680176031803e-06
anastrozole,gemcitabine,midazolam,7.768017603092348e-06
anastrozole,gemcitabine,propofol,7.768017603022864e-06
exemestane,paclitaxel,propofol,7.123671300126703e-06
exemestane,midazolam,paclitaxel,7.12367130001046e-06
exemestane,pF-03084014,paclitaxel,7.123671299982837e-06
exemestane,fentanyl,paclitaxel,7.1236712998928086e-06
canagliflozin,hydroxychloroquine,panobinostat,6.8626510079521804e-06
capecitabine,hydroxychloroquine,midazolam,6.7073685716897075e-06
capecitabine,hydroxychloroquine,propofol,6.707368571564549e-06
capecitabine,fentanyl,hydroxychloroquine,6.70736857081372e-06
capecitabine,hydroxychloroquine,pF-03084014,6.707368570463462e-06
epirubicin,hydroxychloroquine,tucatinib,6.6483389761383445e-06
hydroxychloroquine,paclitaxel,tucatinib,6.566327462719735e-06
docetaxel,hydroxychloroquine,tucatinib,6.5193408322871665e-06
gemcitabine,hydroxychloroquine,tucatinib,6.366765948424196e-06
hydroxychloroquine,midazolam,tucatinib,6.344349493447792e-06
hydroxychloroquine,pF-03084014,tucatinib,6.3443494934428655e-06
hydroxychloroquine,propofol,tucatinib,6.344349493365901e-06
fentanyl,hydroxychloroquine,tucatinib,6.344349492281202e-06
epirubicin,exemestane,pF-03084014,6.271436573601413e-06
epirubicin,exemestane,fentanyl,6.271436573176841e-06
epirubicin,exemestane,propofol,6.2714365726548495e-06
epirubicin,exemestane,midazolam,6.271436572492387e-06
degarelix,pF-03084014,panobinostat,5.344425183790755e-06
degarelix,panobinostat,propofol,5.344425181577223e-06
degarelix,midazolam,panobinostat,5.344425181491296e-06
degarelix,fentanyl,panobinostat,5.344425181469429e-06
fulvestrant,midazolam,paclitaxel,5.308013022299621e-06
fulvestrant,paclitaxel,propofol,5.308013022237727e-06
fentanyl,fulvestrant,paclitaxel,5.308013021904344e-06
fulvestrant,pF-03084014,paclitaxel,5.308013021094791e-06
epirubicin,fentanyl,fulvestrant,4.361460248476304e-06
epirubicin,fulvestrant,midazolam,4.361460248069474e-06
epirubicin,fulvestrant,propofol,4.3614602480538e-06
epirubicin,fulvestrant,pF-03084014,4.361460248001293e-06
docetaxel,exemestane,pF-03084014,4.2786941576430396e-06
docetaxel,exemestane,propofol,4.27869415662817e-06
docetaxel,exemestane,midazolam,4.278694156614279e-06
docetaxel,exemestane,fentanyl,4.278694156156351e-06
hydroxychloroquine,midazolam,panobinostat,4.270546815327397e-06
hydroxychloroquine,panobinostat,propofol,4.270546815157491e-06
hydroxychloroquine,pF-03084014,panobinostat,4.270546815083693e-06
fentanyl,hydroxychloroquine,panobinostat,4.270546813555565e-06
alpelisib,eribulin,pF-03084014,4.223370509007305e-06
alpelisib,eribulin,fentanyl,4.223370508979704e-06
alpelisib,eribulin,propofol,4.223370508945211e-06
alpelisib,eribulin,midazolam,4.223370508924245e-06
goserelin,midazolam,paclitaxel,3.7494433313977237e-06
goserelin,paclitaxel,propofol,3.7494433311363484e-06
fentanyl,goserelin,paclitaxel,3.7494433311234125e-06
goserelin,pF-03084014,paclitaxel,3.7494433265326582e-06
epirubicin,fentanyl,goserelin,3.4231365495402433e-06
epirubicin,goserelin,midazolam,3.423136549012448e-06
epirubicin,goserelin,propofol,3.423136548797293e-06
epirubicin,goserelin,pF-03084014,3.4231365452840303e-06
docetaxel,fulvestrant,midazolam,3.06859865045376e-06
docetaxel,fulvestrant,pF-03084014,3.068598650305313e-06
docetaxel,fulvestrant,propofol,3.068598650289514e-06
docetaxel,fentanyl,fulvestrant,3.068598649718207e-06
lY2835219,paclitaxel,propofol,2.871753025468065e-06
lY2835219,midazolam,paclitaxel,2.8717530254112577e-06
fentanyl,lY2835219,paclitaxel,2.8717530249921606e-06
lY2835219,pF-03084014,paclitaxel,2.8717530226061036e-06
alpelisib,pF-03084014,panobinostat,2.6803282084121245e-06
alpelisib,midazolam,panobinostat,2.680328208178016e-06
alpelisib,panobinostat,propofol,2.6803282081564815e-06
alpelisib,fentanyl,panobinostat,2.680328207682363e-06
epirubicin,fentanyl,lY2835219,2.587332165373212e-06
epirubicin,lY2835219,propofol,2.5873321650932307e-06
epirubicin,lY2835219,midazolam,2.5873321649902023e-06
epirubicin,lY2835219,pF-03084014,2.5873321633216973e-06
alpelisib,capecitabine,fentanyl,2.540206232249146e-06
alpelisib,capecitabine,propofol,2.540206231872167e-06
alpelisib,capecitabine,midazolam,2.540206231848954e-06
alpelisib,capecitabine,pF-03084014,2.5402062311005213e-06
canagliflozin,epirubicin,hydroxychloroquine,2.4686915205744564e-06
canagliflozin,hydroxychloroquine,paclitaxel,2.396125211281323e-06
canagliflozin,docetaxel,hydroxychloroquine,2.3545499967641963e-06
docetaxel,goserelin,midazolam,2.2989472634813097e-06
docetaxel,goserelin,propofol,2.2989472631175823e-06
docetaxel,fentanyl,goserelin,2.2989472628667212e-06
docetaxel,goserelin,pF-03084014,2.298947259672626e-06
canagliflozin,gemcitabine,hydroxychloroquine,2.2195470521186715e-06
canagliflozin,hydroxychloroquine,pF-03084014,2.1997122830502825e-06
canagliflozin,hydroxychloroquine,midazolam,2.199712282963409e-06
canagliflozin,hydroxychloroquine,propofol,2.19971228277819e-06
canagliflozin,fentanyl,hydroxychloroquine,2.1997122817066384e-06
degarelix,epirubicin,pF-03084014,1.7532666882511346e-06
degarelix,epirubicin,fentanyl,1.7532666871473272e-06
degarelix,epirubicin,propofol,1.7532666862823022e-06
degarelix,epirubicin,midazolam,1.7532666861276172e-06
docetaxel,lY2835219,midazolam,1.7475579750021798e-06
docetaxel,lY2835219,propofol,1.7475579749566352e-06
docetaxel,fentanyl,lY2835219,1.7475579742428058e-06
docetaxel,lY2835219,pF-03084014,1.7475579732534078e-06
eribulin,pF-03084014,tucatinib,1.6107103224061551e-06
eribulin,propofol,tucatinib,1.6107103218885561e-06
eribulin,fentanyl,tucatinib,1.6107103218143355e-06
eribulin,midazolam,tucatinib,1.6107103217899897e-06
capecitabine,fentanyl,tucatinib,1.4449227391570436e-06
capecitabine,propofol,tucatinib,1.4449227388887794e-06
capecitabine,midazolam,tucatinib,1.4449227387879651e-06
capecitabine,pF-03084014,tucatinib,1.4449227385726364e-06
degarelix,pF-03084014,paclitaxel,1.2802632926136223e-06
degarelix,fentanyl,paclitaxel,1.2802632918443574e-06
degarelix,paclitaxel,propofol,1.2802632917352178e-06
degarelix,midazolam,paclitaxel,1.280263291626754e-06
epirubicin,pF-03084014,palbociclib,1.129043764609412e-06
epirubicin,midazolam,palbociclib,1.1290437637691177e-06
epirubicin,palbociclib,propofol,1.1290437635714863e-06
epirubicin,fentanyl,palbociclib,1.1290437631259186e-06
pF-03084014,panobinostat,tucatinib,1.115968845098525e-06
panobinostat,propofol,tucatinib,1.1159688443873793e-06
midazolam,panobinostat,tucatinib,1.1159688443313121e-06
fentanyl,panobinostat,tucatinib,1.1159688438045461e-06
midazolam,paclitaxel,palbociclib,1.0992610106392977e-06
paclitaxel,palbociclib,propofol,1.0992610103954458e-06
pF-03084014,paclitaxel,palbociclib,1.0992610103429433e-06
fentanyl,paclitaxel,palbociclib,1.0992610091939923e-06
degarelix,docetaxel,pF-03084014,1.0092667783819632e-06
degarelix,docetaxel,propofol,1.0092667763448248e-06
degarelix,docetaxel,midazolam,1.0092667763387124e-06
degarelix,docetaxel,fentanyl,1.0092667762160391e-06
entrectinib,epirubicin,fentanyl,8.461734039287431e-07
entrectinib,epirubicin,propofol,8.461734029649815e-07
entrectinib,epirubicin,midazolam,8.461734020539892e-07
entrectinib,epirubicin,pF-03084014,8.461734019879228e-07
docetaxel,pF-03084014,palbociclib,7.221480858298194e-07
docetaxel,midazolam,palbociclib,7.221480850697919e-07
docetaxel,palbociclib,propofol,7.22148084723588e-07
docetaxel,fentanyl,palbociclib,7.221480832842094e-07
exemestane,gemcitabine,pF-03084014,7.193842951290432e-07
exemestane,fentanyl,gemcitabine,7.193842936227881e-07
exemestane,gemcitabine,propofol,7.193842934246685e-07
exemestane,gemcitabine,midazolam,7.193842932943292e-07
entrectinib,fentanyl,paclitaxel,6.178893138849714e-07
entrectinib,paclitaxel,propofol,6.178893136770954e-07
entrectinib,midazolam,paclitaxel,6.178893128123238e-07
entrectinib,pF-03084014,paclitaxel,6.178893116096084e-07
canagliflozin,eribulin,pF-03084014,5.618103878531244e-07
canagliflozin,eribulin,midazolam,5.618103871451604e-07
canagliflozin,eribulin,propofol,5.618103871403984e-07
canagliflozin,eribulin,fentanyl,5.618103870793247e-07
fulvestrant,gemcitabine,pF-03084014,5.360299556845527e-07
fentanyl,fulvestrant,gemcitabine,5.360299550778792e-07
fulvestrant,gemcitabine,midazolam,5.36029955027045e-07
fulvestrant,gemcitabine,propofol,5.360299549792475e-07
canagliflozin,capecitabine,fentanyl,5.060293094215562e-07
canagliflozin,capecitabine,midazolam,5.060293091426593e-07
canagliflozin,capecitabine,propofol,5.060293091401452e-07
canagliflozin,capecitabine,pF-03084014,5.060293090191294e-07
docetaxel,entrectinib,propofol,4.870991504933031e-07
docetaxel,entrectinib,fentanyl,4.870991504632539e-07
docetaxel,entrectinib,midazolam,4.870991497308833e-07
docetaxel,entrectinib,pF-03084014,4.8709914958455e-07
canagliflozin,pF-03084014,panobinostat,3.9239192756390005e-07
canagliflozin,midazolam,panobinostat,3.9239192670488857e-07
canagliflozin,panobinostat,propofol,3.923919266576274e-07
canagliflozin,fentanyl,panobinostat,3.923919260879409e-07
fentanyl,gemcitabine,goserelin,3.786377219801242e-07
gemcitabine,goserelin,midazolam,3.786377218083252e-07
gemcitabine,goserelin,propofol,3.786377215610462e-07
gemcitabine,goserelin,pF-03084014,3.7863771880559624e-07
gemcitabine,lY2835219,propofol,2.9000412201516173e-07
fentanyl,gemcitabine,lY2835219,2.900041219712715e-07
gemcitabine,lY2835219,midazolam,2.900041219442579e-07
gemcitabine,lY2835219,pF-03084014,2.9000412100144064e-07
epirubicin,hydroxychloroquine,midazolam,2.501099997692267e-07
epirubicin,hydroxychloroquine,propofol,2.501099996680788e-07
epirubicin,hydroxychloroquine,pF-03084014,2.50109999349583e-07
epirubicin,fentanyl,hydroxychloroquine,2.501099990389727e-07
hydroxychloroquine,midazolam,paclitaxel,1.826343140382659e-07
hydroxychloroquine,paclitaxel,propofol,1.8263431389089707e-07
fentanyl,hydroxychloroquine,paclitaxel,1.8263431250590548e-07
hydroxychloroquine,pF-03084014,paclitaxel,1.8263431248197306e-07
docetaxel,hydroxychloroquine,midazolam,1.4397565469642623e-07
docetaxel,hydroxychloroquine,propofol,1.4397565444670568e-07
docetaxel,hydroxychloroquine,pF-03084014,1.4397565419651552e-07
docetaxel,fentanyl,hydroxychloroquine,1.4397565282378885e-07
degarelix,gemcitabine,pF-03084014,1.2928745932453732e-07
degarelix,fentanyl,gemcitabine,1.2928745713904612e-07
degarelix,gemcitabine,propofol,1.2928745659789276e-07
degarelix,gemcitabine,midazolam,1.292874564753323e-07
gemcitabine,pF-03084014,palbociclib,1.110089347429054e-07
gemcitabine,midazolam,palbociclib,1.1100893317692322e-07
gemcitabine,palbociclib,propofol,1.110089329471678e-07
fentanyl,gemcitabine,palbociclib,1.1100893217772794e-07
alpelisib,epirubicin,fentanyl,1.0148716175837109e-07
alpelisib,epirubicin,pF-03084014,1.0148716127061555e-07
alpelisib,epirubicin,propofol,1.0148716125967144e-07
alpelisib,epirubicin,midazolam,1.014871612124476e-07
alpelisib,paclitaxel,propofol,9.881005811122888e-08
alpelisib,midazolam,paclitaxel,9.881005811022598e-08
alpelisib,fentanyl,paclitaxel,9.881005785404314e-08
alpelisib,pF-03084014,paclitaxel,9.881005703174488e-08
alpelisib,docetaxel,midazolam,6.491224254998846e-08
alpelisib,docetaxel,pF-03084014,6.491224252788939e-08
alpelisib,docetaxel,propofol,6.491224244863955e-08
alpelisib,docetaxel,fentanyl,6.491224195352855e-08
entrectinib,fentanyl,gemcitabine,6.239759029243599e-08
entrectinib,gemcitabine,propofol,6.239758965254635e-08
entrectinib,gemcitabine,pF-03084014,6.239758943329952e-08
entrectinib,gemcitabine,midazolam,6.239758877367823e-08
epirubicin,pF-03084014,tucatinib,5.387949991895272e-08
epirubicin,fentanyl,tucatinib,5.387949984249091e-08
epirubicin,propofol,tucatinib,5.387949945250517e-08
epirubicin,midazolam,tucatinib,5.387949932767983e-08
paclitaxel,propofol,tucatinib,3.934367223313633e-08
midazolam,paclitaxel,tucatinib,3.934367215453192e-08
fentanyl,paclitaxel,tucatinib,3.9343671867236664e-08
pF-03084014,paclitaxel,tucatinib,3.934367160915576e-08
docetaxel,pF-03084014,tucatinib,3.101570173818279e-08
docetaxel,midazolam,tucatinib,3.1015701227176895e-08
docetaxel,propofol,tucatinib,3.101570120342953e-08
docetaxel,fentanyl,tucatinib,3.1015700599604606e-08
canagliflozin,epirubicin,pF-03084014,1.8869255211329218e-08
canagliflozin,epirubicin,fentanyl,1.8869254952887078e-08
canagliflozin,epirubicin,propofol,1.8869254549754697e-08
canagliflozin,epirubicin,midazolam,1.8869254528257802e-08
gemcitabine,hydroxychloroquine,pF-03084014,1.844334261444451e-08
gemcitabine,hydroxychloroquine,midazolam,1.8443342308400645e-08
gemcitabine,hydroxychloroquine,propofol,1.84433421751284e-08
fentanyl,gemcitabine,hydroxychloroquine,1.8443341222150465e-08
canagliflozin,midazolam,paclitaxel,1.377863148058484e-08
canagliflozin,paclitaxel,propofol,1.3778631455860788e-08
canagliflozin,fentanyl,paclitaxel,1.3778631103107768e-08
canagliflozin,pF-03084014,paclitaxel,1.3778631027007196e-08
canagliflozin,docetaxel,pF-03084014,1.0862077071477288e-08
canagliflozin,docetaxel,midazolam,1.0862076468672865e-08
canagliflozin,docetaxel,propofol,1.086207634159704e-08
canagliflozin,docetaxel,fentanyl,1.086207575091876e-08
alpelisib,gemcitabine,pF-03084014,9.978346760145923e-09
alpelisib,fentanyl,gemcitabine,9.97834616621771e-09
alpelisib,gemcitabine,propofol,9.978345991389792e-09
alpelisib,gemcitabine,midazolam,9.97834597629036e-09
gemcitabine,pF-03084014,tucatinib,3.973130775684455e-09
fentanyl,gemcitabine,tucatinib,3.973129617538892e-09
gemcitabine,propofol,tucatinib,3.973129551424904e-09
gemcitabine,midazolam,tucatinib,3.973129458723941e-09
canagliflozin,gemcitabine,pF-03084014,1.3914453264244798e-09
canagliflozin,fentanyl,gemcitabine,1.3914439862985784e-09
canagliflozin,gemcitabine,midazolam,1.3914439176654463e-09
canagliflozin,gemcitabine,propofol,1.3914439070379512e-09
degarelix,midazolam,pF-03084014,1.7856896029045643e-14
anastrozole,midazolam,pF-03084014,1.7141465468064643e-14
exemestane,midazolam,pF-03084014,1.7139735670852925e-14
gemcitabine,midazolam,pF-03084014,1.6964250948250064e-14
canagliflozin,midazolam,pF-03084014,1.682143444015362e-14
lapatinib,midazolam,pF-03084014,1.6800759533659843e-14
everolimus,midazolam,pF-03084014,1.6750030949479308e-14
midazolam,pF-03084014,vinorelbine,1.6564448724891018e-14
midazolam,pF-03084014,palbociclib,1.656356410454355e-14
docetaxel,midazolam,pF-03084014,1.645180435829699e-14
midazolam,pF-03084014,tucatinib,1.6449552236392764e-14
midazolam,pF-03084014,panobinostat,1.6387213613404315e-14
eribulin,midazolam,pF-03084014,1.6231469191191318e-14
fulvestrant,midazolam,pF-03084014,1.6125161708442096e-14
alpelisib,midazolam,pF-03084014,1.610165880643474e-14
hydroxychloroquine,midazolam,pF-03084014,1.596091872190267e-14
epirubicin,midazolam,pF-03084014,1.5854196726640002e-14
letrozole,midazolam,pF-03084014,1.5561785214882488e-14
capecitabine,midazolam,pF-03084014,1.5426199526546255e-14
midazolam,pF-03084014,paclitaxel,1.5232048040228002e-14
entrectinib,midazolam,pF-03084014,1.4506533954320692e-14
lY2835219,midazolam,pF-03084014,1.4314729117330193e-14
goserelin,midazolam,pF-03084014,1.2952187597760216e-14
degarelix,pF-03084014,propofol,1.1111272790782944e-14
exemestane,pF-03084014,propofol,1.0401891290657496e-14
anastrozole,pF-03084014,propofol,1.0203797818693043e-14
everolimus,pF-03084014,propofol,1.0150980460538356e-14
gemcitabine,pF-03084014,propofol,1.0137385975841749e-14
canagliflozin,pF-03084014,propofol,9.942623274539782e-15
lapatinib,pF-03084014,propofol,9.859169875496126e-15
pF-03084014,propofol,vinorelbine,9.698982858608816e-15
pF-03084014,propofol,tucatinib,9.674069529066232e-15
pF-03084014,panobinostat,propofol,9.52371502042164e-15
docetaxel,pF-03084014,propofol,9.508491055829982e-15
pF-03084014,palbociclib,propofol,9.465625022607102e-15
eribulin,pF-03084014,propofol,9.410469705746279e-15
alpelisib,pF-03084014,propofol,9.248574567082259e-15
fulvestrant,pF-03084014,propofol,9.209180587748938e-15
epirubicin,pF-03084014,propofol,9.059456143833966e-15
hydroxychloroquine,pF-03084014,propofol,8.959462807628586e-15
letrozole,pF-03084014,propofol,8.634917053339119e-15
capecitabine,pF-03084014,propofol,8.607447931824042e-15
entrectinib,pF-03084014,propofol,8.517218411026895e-15
pF-03084014,paclitaxel,propofol,8.391086508727728e-15
lY2835219,pF-03084014,propofol,7.51744927462329e-15
goserelin,pF-03084014,propofol,5.836724883829084e-15
degarelix,fentanyl,pF-03084014,5.396623316711744e-15
exemestane,fentanyl,pF-03084014,4.344207945022002e-15
everolimus,fentanyl,pF-03084014,4.3396623732687094e-15
anastrozole,fentanyl,pF-03084014,4.1054307309542275e-15
fentanyl,gemcitabine,pF-03084014,4.079417761793184e-15
fentanyl,lapatinib,pF-03084014,3.868141153032588e-15
canagliflozin,fentanyl,pF-03084014,3.7660810275590005e-15
fentanyl,pF-03084014,vinorelbine,3.602931260653821e-15
fentanyl,pF-03084014,tucatinib,3.484380642279252e-15
epirubicin,fentanyl,pF-03084014,3.325359683011289e-15
eribulin,fentanyl,pF-03084014,3.2121670024553552e-15
alpelisib,fentanyl,pF-03084014,3.167599610690807e-15
fentanyl,fulvestrant,pF-03084014,3.0520094548790915e-15
entrectinib,fentanyl,pF-03084014,2.9013051613357055e-15
fentanyl,pF-03084014,panobinostat,2.816799674716555e-15
docetaxel,fentanyl,pF-03084014,2.7805839351755496e-15
capecitabine,fentanyl,pF-03084014,2.7516300807584192e-15
fentanyl,pF-03084014,palbociclib,2.4403822840431883e-15
fentanyl,letrozole,pF-03084014,2.0248482855852907e-15
fentanyl,pF-03084014,paclitaxel,1.9011046455239433e-15
fentanyl,hydroxychloroquine,pF-03084014,1.7506819987439687e-15
fentanyl,lY2835219,pF-03084014,1.2177561814792197e-15
fentanyl,goserelin,pF-03084014,0.0
