DrugCom_ID	DrugID_1	Drug_Name_1	Highest_status_1	order_1	DrugID_2	Drug_Name_2	Highest_status_2	order_2	DrugID_3	Drug_Name_3	DrugID_4	Drug_Name_4	Disease_Entry	Source	Highest_status	Cell Line	ZIP	Bliss	Loewe	HSA	n_drugs
DC7HONE	DMUM7HZ	Fluorouracil	Approved	34.0	DM27D4J	PD-0325901	Phase 2	21.0	.	.	.	.	Breast and ovarian cancer syndrome	JAAKS Dataset	Investigative	UWB1289	0.33	3.92	6.04	6.89	2
DC5X7DL	DMUM7HZ	Fluorouracil	Approved	34.0	DM27D4J	PD-0325901	Phase 2	21.0	.	.	.	.	Breast and ovarian cancer syndrome	JAAKS Dataset	Investigative	UWB1289+BRCA1	3.62	2.56	4.32	8.92	2
DCZBRAF	DMUM7HZ	Fluorouracil	Approved	34.0	DM27D4J	PD-0325901	Phase 2	21.0	.	.	.	.	Breast carcinoma	JAAKS Dataset	Investigative	KPL1	2.1	1.48	2.07	6.19	2
DCDZFYY	DMUM7HZ	Fluorouracil	Approved	34.0	DM27D4J	PD-0325901	Phase 2	21.0	.	.	.	.	Breast carcinoma	JAAKS Dataset	Investigative	OCUBM	3.65	4.38	3.49	11.21	2
DC6MMP7	DMUM7HZ	Fluorouracil	Approved	34.0	DM3BH1Y	Lapatinib	Approved	34.0	.	.	.	.	Breast and ovarian cancer syndrome	JAAKS Dataset	Investigative	UWB1289	5.94	5.4	1.29	7.81	2
DCN25FH	DMUM7HZ	Fluorouracil	Approved	34.0	DM3BH1Y	Lapatinib	Approved	34.0	.	.	.	.	Breast and ovarian cancer syndrome	JAAKS Dataset	Investigative	UWB1289+BRCA1	2.04	3.26	4.46	8.92	2
DCDPWLJ	DMUM7HZ	Fluorouracil	Approved	34.0	DM3BH1Y	Lapatinib	Approved	34.0	.	.	.	.	Breast carcinoma	JAAKS Dataset	Investigative	KPL1	9.08	9.9	7.99	13.8	2
DCYNRI3	DMUM7HZ	Fluorouracil	Approved	34.0	DM3BH1Y	Lapatinib	Approved	34.0	.	.	.	.	Breast carcinoma	JAAKS Dataset	Investigative	OCUBM	5.97	6.63	11.94	15.38	2
DC5NCO4	DMUM7HZ	Fluorouracil	Approved	34.0	DM3WDZ5	MK-1775	Phase 2	21.0	.	.	.	.	Breast and ovarian cancer syndrome	JAAKS Dataset	Investigative	UWB1289	1.1	2.38	3.76	7.61	2
DC631VR	DMUM7HZ	Fluorouracil	Approved	34.0	DM3WDZ5	MK-1775	Phase 2	21.0	.	.	.	.	Breast carcinoma	JAAKS Dataset	Investigative	KPL1	0.48	3.34	6.89	11.0	2
DCNHKBV	DMUM7HZ	Fluorouracil	Approved	34.0	DM3WDZ5	MK-1775	Phase 2	21.0	.	.	.	.	Breast carcinoma	JAAKS Dataset	Investigative	OCUBM	8.99	9.03	9.93	14.77	2
DC6857R	DMUM7HZ	Fluorouracil	Approved	34.0	DMMWZET	Dexamethasone	Phase 3 Trial	25.0	.	.	.	.	Breast carcinoma	JAAKS Dataset	Investigative	KPL1	2.15	5.95	7.97	14.25	2
DCNTWNJ	DMUM7HZ	Fluorouracil	Approved	34.0	DM4DOUB	PMID28460551-Compound-2	Patented	15.5	.	.	.	.	Breast and ovarian cancer syndrome	JAAKS Dataset	Investigative	UWB1289	5.0	6.17	4.1	8.71	2
DCQ5WMI	DMUM7HZ	Fluorouracil	Approved	34.0	DM4DOUB	PMID28460551-Compound-2	Patented	15.5	.	.	.	.	Breast and ovarian cancer syndrome	JAAKS Dataset	Investigative	UWB1289+BRCA1	3.49	4.26	4.29	9.48	2
DCHJLMV	DMUM7HZ	Fluorouracil	Approved	34.0	DM4DOUB	PMID28460551-Compound-2	Patented	15.5	.	.	.	.	Breast carcinoma	JAAKS Dataset	Investigative	KPL1	3.11	2.71	5.21	9.41	2
DCSNU3J	DMUM7HZ	Fluorouracil	Approved	34.0	DM4DOUB	PMID28460551-Compound-2	Patented	15.5	.	.	.	.	Breast carcinoma	JAAKS Dataset	Investigative	OCUBM	7.47	8.18	5.18	10.8	2
DCC3NNC	DMUM7HZ	Fluorouracil	Approved	34.0	DM2TEOL	Methotrexate	Phase 1/2 Trial	19.0	.	.	.	.	Breast and ovarian cancer syndrome	JAAKS Dataset	Investigative	UWB1289+BRCA1	4.57	3.68	1.31	7.6	2
DCIVGRH	DMUM7HZ	Fluorouracil	Approved	34.0	DM5TVS3	Vinblastine	Approved	34.0	.	.	.	.	Breast and ovarian cancer syndrome	JAAKS Dataset	Investigative	UWB1289	9.96	6.09	4.05	8.24	2
DC6NZAA	DMUM7HZ	Fluorouracil	Approved	34.0	DM5TVS3	Vinblastine	Approved	34.0	.	.	.	.	Breast and ovarian cancer syndrome	JAAKS Dataset	Investigative	UWB1289+BRCA1	1.18	0.3	1.49	4.37	2
DCKUELH	DMUM7HZ	Fluorouracil	Approved	34.0	DM5TVS3	Vinblastine	Approved	34.0	.	.	.	.	Breast carcinoma	JAAKS Dataset	Investigative	KPL1	7.32	12.69	7.1	14.03	2
DCRFSIY	DMUM7HZ	Fluorouracil	Approved	34.0	DM5TVS3	Vinblastine	Approved	34.0	.	.	.	.	Breast carcinoma	JAAKS Dataset	Investigative	OCUBM	15.63	15.06	11.74	16.93	2
DCG6R2J	DMUM7HZ	Fluorouracil	Approved	34.0	DM62QTW	RTB101	Phase 3	25.0	.	.	.	.	Breast and ovarian cancer syndrome	JAAKS Dataset	Investigative	UWB1289	4.72	4.13	5.18	8.75	2
DCZ765I	DMUM7HZ	Fluorouracil	Approved	34.0	DM62QTW	RTB101	Phase 3	25.0	.	.	.	.	Breast and ovarian cancer syndrome	JAAKS Dataset	Investigative	UWB1289+BRCA1	2.75	1.74	3.67	8.04	2
DCLM10J	DMUM7HZ	Fluorouracil	Approved	34.0	DM62QTW	RTB101	Phase 3	25.0	.	.	.	.	Breast carcinoma	JAAKS Dataset	Investigative	KPL1	1.16	0.74	4.67	8.43	2
DCO29V1	DMUM7HZ	Fluorouracil	Approved	34.0	DM62QTW	RTB101	Phase 3	25.0	.	.	.	.	Breast carcinoma	JAAKS Dataset	Investigative	OCUBM	2.72	2.41	4.32	8.75	2
DCUEXMJ	DMUM7HZ	Fluorouracil	Approved	34.0	DM67EMK	SCH-900776	Phase 2	21.0	.	.	.	.	Breast and ovarian cancer syndrome	JAAKS Dataset	Investigative	UWB1289	4.47	3.9	1.53	6.06	2
DCWJWRH	DMUM7HZ	Fluorouracil	Approved	34.0	DM67EMK	SCH-900776	Phase 2	21.0	.	.	.	.	Breast and ovarian cancer syndrome	JAAKS Dataset	Investigative	UWB1289+BRCA1	4.78	0.22	2.32	1.12	2
DCVG2RL	DMUM7HZ	Fluorouracil	Approved	34.0	DM67EMK	SCH-900776	Phase 2	21.0	.	.	.	.	Breast carcinoma	JAAKS Dataset	Investigative	OCUBM	0.95	0.85	6.13	8.95	2
DCU1EKM	DMUM7HZ	Fluorouracil	Approved	34.0	DMSE3I7	Gemcitabine	Preclinical	2.1	.	.	.	.	Breast and ovarian cancer syndrome	JAAKS Dataset	Investigative	UWB1289+BRCA1	2.52	2.61	6.93	11.17	2
DC2YD4T	DMUM7HZ	Fluorouracil	Approved	34.0	DM9WLN4	10-hydroxycamptothecin	Investigative	0.0	.	.	.	.	Breast and ovarian cancer syndrome	JAAKS Dataset	Investigative	UWB1289+BRCA1	3.08	5.65	8.57	10.58	2
DC8LLV4	DMUM7HZ	Fluorouracil	Approved	34.0	DM9WLN4	10-hydroxycamptothecin	Investigative	0.0	.	.	.	.	Breast carcinoma	JAAKS Dataset	Investigative	KPL1	2.33	8.34	12.19	14.05	2
DCXKB9R	DMUM7HZ	Fluorouracil	Approved	34.0	DM9WLN4	10-hydroxycamptothecin	Investigative	0.0	.	.	.	.	Breast carcinoma	JAAKS Dataset	Investigative	OCUBM	3.51	2.59	2.14	7.93	2
DCQVW73	DMUM7HZ	Fluorouracil	Approved	34.0	DMB5A80	SNX-2112	Investigative	0.0	.	.	.	.	Breast and ovarian cancer syndrome	JAAKS Dataset	Investigative	UWB1289	16.67	12.7	16.24	12.75	2
DC7PUKI	DMUM7HZ	Fluorouracil	Approved	34.0	DMB5A80	SNX-2112	Investigative	0.0	.	.	.	.	Breast and ovarian cancer syndrome	JAAKS Dataset	Investigative	UWB1289+BRCA1	2.12	4.17	0.32	5.33	2
DC30EOL	DMUM7HZ	Fluorouracil	Approved	34.0	DMB5A80	SNX-2112	Investigative	0.0	.	.	.	.	Breast carcinoma	JAAKS Dataset	Investigative	OCUBM	0.1	3.07	1.43	5.34	2
DCBU8L8	DMUM7HZ	Fluorouracil	Approved	34.0	DMCJLD1	SCH 727965	Discontinued in Phase 3	9.0	.	.	.	.	Breast and ovarian cancer syndrome	JAAKS Dataset	Investigative	UWB1289	1.72	3.4	4.13	8.88	2
DC1S8V2	DMUM7HZ	Fluorouracil	Approved	34.0	DMCJLD1	SCH 727965	Discontinued in Phase 3	9.0	.	.	.	.	Breast and ovarian cancer syndrome	JAAKS Dataset	Investigative	UWB1289+BRCA1	0.08	0.48	5.67	9.05	2
DCMXOVM	DMUM7HZ	Fluorouracil	Approved	34.0	DMCJLD1	SCH 727965	Discontinued in Phase 3	9.0	.	.	.	.	Breast carcinoma	JAAKS Dataset	Investigative	ZR751	0.71	1.54	8.57	11.21	2
DC09CDH	DMUM7HZ	Fluorouracil	Approved	34.0	DMCJLD1	SCH 727965	Discontinued in Phase 3	9.0	.	.	.	.	Breast carcinoma	JAAKS Dataset	Investigative	KPL1	2.04	2.16	5.5	11.6	2
DC48PJC	DMUM7HZ	Fluorouracil	Approved	34.0	DMCJLD1	SCH 727965	Discontinued in Phase 3	9.0	.	.	.	.	Breast carcinoma	JAAKS Dataset	Investigative	OCUBM	1.78	2.55	7.01	12.0	2
DCW2L30	DMUM7HZ	Fluorouracil	Approved	34.0	DMCMBHA	Erlotinib	Approved	34.0	.	.	.	.	Breast and ovarian cancer syndrome	JAAKS Dataset	Investigative	UWB1289	1.12	1.12	3.55	6.76	2
DCMSHKT	DMUM7HZ	Fluorouracil	Approved	34.0	DMCMBHA	Erlotinib	Approved	34.0	.	.	.	.	Breast and ovarian cancer syndrome	JAAKS Dataset	Investigative	UWB1289+BRCA1	5.19	5.26	9.95	13.07	2
DCWW9WK	DMUM7HZ	Fluorouracil	Approved	34.0	DMCMBHA	Erlotinib	Approved	34.0	.	.	.	.	Breast carcinoma	JAAKS Dataset	Investigative	KPL1	3.49	4.58	4.0	8.47	2
DCISOID	DMUM7HZ	Fluorouracil	Approved	34.0	DMCMBHA	Erlotinib	Approved	34.0	.	.	.	.	Breast carcinoma	JAAKS Dataset	Investigative	OCUBM	3.11	2.16	1.32	7.17	2
DCOQHJN	DMUM7HZ	Fluorouracil	Approved	34.0	DMDASC6	Metformin	Investigative	0.0	.	.	.	.	Breast carcinoma	JAAKS Dataset	Investigative	OCUBM	6.74	8.3	2.99	9.6	2
DCQ8BUA	DMUM7HZ	Fluorouracil	Approved	34.0	DMNH3PG	Etoposide	Phase 2 Trial	21.0	.	.	.	.	Breast and ovarian cancer syndrome	JAAKS Dataset	Investigative	UWB1289	1.07	1.54	2.22	5.88	2
DC0T007	DMUM7HZ	Fluorouracil	Approved	34.0	DMNH3PG	Etoposide	Phase 2 Trial	21.0	.	.	.	.	Breast carcinoma	JAAKS Dataset	Investigative	KPL1	4.39	7.13	9.77	12.26	2
DCAYR7Q	DMUM7HZ	Fluorouracil	Approved	34.0	DMNH3PG	Etoposide	Phase 2 Trial	21.0	.	.	.	.	Breast carcinoma	JAAKS Dataset	Investigative	OCUBM	1.87	1.73	2.48	6.94	2
DCO3423	DMUM7HZ	Fluorouracil	Approved	34.0	DMFGYKS	MK-5108	Phase 1	17.0	.	.	.	.	Breast and ovarian cancer syndrome	JAAKS Dataset	Investigative	UWB1289+BRCA1	2.26	2.31	4.78	8.17	2
DCYS5SM	DMUM7HZ	Fluorouracil	Approved	34.0	DMFGYKS	MK-5108	Phase 1	17.0	.	.	.	.	Breast carcinoma	JAAKS Dataset	Investigative	KPL1	0.19	0.37	5.82	8.53	2
DC37RHA	DMUM7HZ	Fluorouracil	Approved	34.0	DMFGYKS	MK-5108	Phase 1	17.0	.	.	.	.	Breast carcinoma	JAAKS Dataset	Investigative	OCUBM	2.75	2.54	3.51	8.77	2
DCEPLSW	DMUM7HZ	Fluorouracil	Approved	34.0	DMH0ZJE	Mitomycin	Approved	34.0	.	.	.	.	Breast and ovarian cancer syndrome	JAAKS Dataset	Investigative	UWB1289+BRCA1	4.84	9.59	10.03	12.69	2
DCFECAP	DMUM7HZ	Fluorouracil	Approved	34.0	DMH0ZJE	Mitomycin	Approved	34.0	.	.	.	.	Breast carcinoma	JAAKS Dataset	Investigative	KPL1	1.99	1.56	7.05	9.27	2
DCDVDSK	DMUM7HZ	Fluorouracil	Approved	34.0	DMH0ZJE	Mitomycin	Approved	34.0	.	.	.	.	Breast carcinoma	JAAKS Dataset	Investigative	OCUBM	1.56	0.59	1.22	6.27	2
DCOW8Q8	DMUM7HZ	Fluorouracil	Approved	34.0	DMLHEU7	Ridaforolimus	Phase 3	25.0	.	.	.	.	Breast and ovarian cancer syndrome	JAAKS Dataset	Investigative	UWB1289+BRCA1	3.23	3.98	1.1	6.17	2
DCBAU8D	DMUM7HZ	Fluorouracil	Approved	34.0	DMLHEU7	Ridaforolimus	Phase 3	25.0	.	.	.	.	Breast carcinoma	JAAKS Dataset	Investigative	KPL1	4.77	3.11	1.62	5.02	2
DCG10K0	DMUM7HZ	Fluorouracil	Approved	34.0	DMLYGH4	MK-4827	Phase 3	25.0	.	.	.	.	Breast and ovarian cancer syndrome	JAAKS Dataset	Investigative	UWB1289	0.97	0.4	2.26	4.54	2
DCOSN5K	DMUM7HZ	Fluorouracil	Approved	34.0	DMLYGH4	MK-4827	Phase 3	25.0	.	.	.	.	Breast carcinoma	JAAKS Dataset	Investigative	KPL1	8.55	8.68	11.3	13.79	2
DC05P9A	DMUM7HZ	Fluorouracil	Approved	34.0	DMLYGH4	MK-4827	Phase 3	25.0	.	.	.	.	Breast carcinoma	JAAKS Dataset	Investigative	OCUBM	3.32	3.83	9.27	11.96	2
DCLI7MH	DMUM7HZ	Fluorouracil	Approved	34.0	DMNO38U	Bortezomib	Approved	34.0	.	.	.	.	Breast and ovarian cancer syndrome	JAAKS Dataset	Investigative	UWB1289+BRCA1	3.76	4.29	0.32	5.01	2
DCD2GP2	DMUM7HZ	Fluorouracil	Approved	34.0	DMNO38U	Bortezomib	Approved	34.0	.	.	.	.	Breast carcinoma	JAAKS Dataset	Investigative	KPL1	1.23	2.06	3.16	5.71	2
DCQFPBN	DMUM7HZ	Fluorouracil	Approved	34.0	DMP6G8T	Topotecan	Approved	34.0	.	.	.	.	Breast and ovarian cancer syndrome	JAAKS Dataset	Investigative	UWB1289+BRCA1	0.08	1.02	3.32	7.86	2
DCZUO0V	DMUM7HZ	Fluorouracil	Approved	34.0	DMPAWBN	GSK525762	Phase 1	17.0	.	.	.	.	Breast and ovarian cancer syndrome	JAAKS Dataset	Investigative	UWB1289+BRCA1	5.33	9.81	7.07	9.63	2
DCM6Z4C	DMUM7HZ	Fluorouracil	Approved	34.0	DMPAWBN	GSK525762	Phase 1	17.0	.	.	.	.	Breast carcinoma	JAAKS Dataset	Investigative	KPL1	2.0	7.54	3.64	10.9	2
DCFTSG6	DMUM7HZ	Fluorouracil	Approved	34.0	DMS8IFC	Sorafenib	Approved	34.0	.	.	.	.	Breast and ovarian cancer syndrome	JAAKS Dataset	Investigative	UWB1289	2.73	4.03	2.34	8.13	2
DCTQ3GZ	DMUM7HZ	Fluorouracil	Approved	34.0	DMS8IFC	Sorafenib	Approved	34.0	.	.	.	.	Breast and ovarian cancer syndrome	JAAKS Dataset	Investigative	UWB1289+BRCA1	3.43	2.84	1.17	8.01	2
DCIQXOM	DMUM7HZ	Fluorouracil	Approved	34.0	DMS8IFC	Sorafenib	Approved	34.0	.	.	.	.	Breast carcinoma	JAAKS Dataset	Investigative	ZR751	13.1	12.11	19.99	22.29	2
DC7WUBU	DMUM7HZ	Fluorouracil	Approved	34.0	DMS8IFC	Sorafenib	Approved	34.0	.	.	.	.	Breast carcinoma	JAAKS Dataset	Investigative	KPL1	1.97	1.45	1.25	8.08	2
DCDC8RI	DMUM7HZ	Fluorouracil	Approved	34.0	DMS8IFC	Sorafenib	Approved	34.0	.	.	.	.	Breast carcinoma	JAAKS Dataset	Investigative	OCUBM	9.46	8.64	7.72	15.26	2
DC20KMI	DMUM7HZ	Fluorouracil	Approved	34.0	DMT1OZ6	MK-2206	Phase 2	21.0	.	.	.	.	Breast and ovarian cancer syndrome	JAAKS Dataset	Investigative	UWB1289	2.63	3.57	4.24	6.78	2
DCBN8GW	DMUM7HZ	Fluorouracil	Approved	34.0	DMT1OZ6	MK-2206	Phase 2	21.0	.	.	.	.	Breast and ovarian cancer syndrome	JAAKS Dataset	Investigative	UWB1289+BRCA1	4.02	5.36	6.78	9.68	2
DC5RLZZ	DMUM7HZ	Fluorouracil	Approved	34.0	DMT1OZ6	MK-2206	Phase 2	21.0	.	.	.	.	Breast carcinoma	JAAKS Dataset	Investigative	OCUBM	1.29	1.3	2.45	6.85	2
DCTE1J7	DMUM7HZ	Fluorouracil	Approved	34.0	DMUOT9V	Taxol	Approved	34.0	.	.	.	.	Breast and ovarian cancer syndrome	JAAKS Dataset	Investigative	UWB1289+BRCA1	5.71	3.64	4.13	7.9	2
DC67GFZ	DMUM7HZ	Fluorouracil	Approved	34.0	DMUOT9V	Taxol	Approved	34.0	.	.	.	.	Breast carcinoma	JAAKS Dataset	Investigative	OCUBM	1.26	0.01	2.25	5.73	2
DC58VZO	DMUM7HZ	Fluorouracil	Approved	34.0	DMVP5YE	Doxorubicin	Approved	34.0	.	.	.	.	Breast and ovarian cancer syndrome	JAAKS Dataset	Investigative	UWB1289+BRCA1	1.41	1.49	0.41	6.48	2
DCLIFSW	DMUM7HZ	Fluorouracil	Approved	34.0	DMVXFYE	Vinorelbine	Approved	34.0	.	.	.	.	Breast and ovarian cancer syndrome	JAAKS Dataset	Investigative	UWB1289	3.79	4.79	3.11	7.06	2
DCRCLI4	DMUM7HZ	Fluorouracil	Approved	34.0	DMVXFYE	Vinorelbine	Approved	34.0	.	.	.	.	Breast and ovarian cancer syndrome	JAAKS Dataset	Investigative	UWB1289+BRCA1	1.64	1.59	2.48	6.29	2
DCUD209	DMUM7HZ	Fluorouracil	Approved	34.0	DMVXFYE	Vinorelbine	Approved	34.0	.	.	.	.	Breast carcinoma	JAAKS Dataset	Investigative	KPL1	0.17	1.28	5.89	8.37	2
DCK7RQX	DMUM7HZ	Fluorouracil	Approved	34.0	DMVXFYE	Vinorelbine	Approved	34.0	.	.	.	.	Breast carcinoma	JAAKS Dataset	Investigative	OCUBM	4.03	2.02	2.28	7.53	2
DCF67C7	DMUM7HZ	Fluorouracil	Approved	34.0	DMWMPD4	Vorinostat	Approved	34.0	.	.	.	.	Breast and ovarian cancer syndrome	JAAKS Dataset	Investigative	UWB1289	6.56	6.23	1.06	9.84	2
DCKAO70	DMUM7HZ	Fluorouracil	Approved	34.0	DMWMPD4	Vorinostat	Approved	34.0	.	.	.	.	Breast and ovarian cancer syndrome	JAAKS Dataset	Investigative	UWB1289+BRCA1	6.37	6.12	7.62	12.06	2
DCRBV5T	DMUM7HZ	Fluorouracil	Approved	34.0	DMWMPD4	Vorinostat	Approved	34.0	.	.	.	.	Breast carcinoma	JAAKS Dataset	Investigative	KPL1	2.58	3.46	9.91	12.04	2
DC3391I	DMUM7HZ	Fluorouracil	Approved	34.0	DMWTAOI	Estramustine	Approved	34.0	.	.	.	.	Breast and ovarian cancer syndrome	JAAKS Dataset	Investigative	UWB1289	2.61	2.92	2.35	6.72	2
DCQEYCI	DMUM7HZ	Fluorouracil	Approved	34.0	DMWTAOI	Estramustine	Approved	34.0	.	.	.	.	Breast carcinoma	JAAKS Dataset	Investigative	OCUBM	3.36	7.08	1.93	9.16	2
DCPGDU7	DMUM7HZ	Fluorouracil	Approved	34.0	DMJV2EK	Dasatinib	Investigative	0.0	.	.	.	.	Breast and ovarian cancer syndrome	JAAKS Dataset	Investigative	UWB1289	8.26	0.58	1.92	5.1	2
DCSRGQ8	DMUM7HZ	Fluorouracil	Approved	34.0	DMJV2EK	Dasatinib	Investigative	0.0	.	.	.	.	Breast and ovarian cancer syndrome	JAAKS Dataset	Investigative	UWB1289+BRCA1	1.2	1.09	3.57	6.46	2
DCTGQMW	DMUM7HZ	Fluorouracil	Approved	34.0	DMJV2EK	Dasatinib	Investigative	0.0	.	.	.	.	Breast carcinoma	JAAKS Dataset	Investigative	KPL1	5.33	11.25	13.22	15.02	2
DCFAKLL	DMUM7HZ	Fluorouracil	Approved	34.0	DMJV2EK	Dasatinib	Investigative	0.0	.	.	.	.	Breast carcinoma	JAAKS Dataset	Investigative	OCUBM	1.68	2.9	3.75	7.0	2
DCB7YDY	DM27D4J	PD-0325901	Phase 2	21.0	DM27D4J	PD-0325901	Phase 2	21.0	.	.	.	.	Breast carcinoma	JAAKS Dataset	Investigative	OCUBM	2.3	3.07	1.83	5.59	2
DCKKNGJ	DM27D4J	PD-0325901	Phase 2	21.0	DM3BH1Y	Lapatinib	Approved	34.0	.	.	.	.	Breast carcinoma	JAAKS Dataset	Investigative	KPL1	5.09	9.79	9.5	12.29	2
DC2J4BT	DM27D4J	PD-0325901	Phase 2	21.0	DM3BH1Y	Lapatinib	Approved	34.0	.	.	.	.	Breast carcinoma	JAAKS Dataset	Investigative	OCUBM	7.92	6.68	10.68	14.85	2
DC7O6JW	DM27D4J	PD-0325901	Phase 2	21.0	DM3WDZ5	MK-1775	Phase 2	21.0	.	.	.	.	Breast carcinoma	JAAKS Dataset	Investigative	KPL1	5.06	7.03	9.69	12.55	2
DC7OQUQ	DM27D4J	PD-0325901	Phase 2	21.0	DM3WDZ5	MK-1775	Phase 2	21.0	.	.	.	.	Breast carcinoma	JAAKS Dataset	Investigative	OCUBM	45.13	41.1	34.82	46.71	2
DCTM3VE	DM27D4J	PD-0325901	Phase 2	21.0	DM62QTW	RTB101	Phase 3	25.0	.	.	.	.	Breast and ovarian cancer syndrome	JAAKS Dataset	Investigative	UWB1289	1.98	1.44	7.65	10.63	2
DCKZH62	DM27D4J	PD-0325901	Phase 2	21.0	DM62QTW	RTB101	Phase 3	25.0	.	.	.	.	Breast and ovarian cancer syndrome	JAAKS Dataset	Investigative	UWB1289+BRCA1	2.86	2.42	8.07	11.81	2
DCEDYFA	DM27D4J	PD-0325901	Phase 2	21.0	DM62QTW	RTB101	Phase 3	25.0	.	.	.	.	Breast carcinoma	JAAKS Dataset	Investigative	ZR751	2.57	2.3	8.82	13.38	2
DC2ILKL	DM27D4J	PD-0325901	Phase 2	21.0	DM62QTW	RTB101	Phase 3	25.0	.	.	.	.	Breast carcinoma	JAAKS Dataset	Investigative	KPL1	6.81	6.18	7.68	11.81	2
DCPM3II	DM27D4J	PD-0325901	Phase 2	21.0	DM62QTW	RTB101	Phase 3	25.0	.	.	.	.	Breast carcinoma	JAAKS Dataset	Investigative	OCUBM	7.86	7.45	7.85	13.4	2
DCJD918	DM27D4J	PD-0325901	Phase 2	21.0	DM67EMK	SCH-900776	Phase 2	21.0	.	.	.	.	Breast and ovarian cancer syndrome	JAAKS Dataset	Investigative	UWB1289	4.47	2.01	3.22	7.91	2
DCDJ47S	DM27D4J	PD-0325901	Phase 2	21.0	DM67EMK	SCH-900776	Phase 2	21.0	.	.	.	.	Breast and ovarian cancer syndrome	JAAKS Dataset	Investigative	UWB1289+BRCA1	0.18	1.02	8.55	5.63	2
DC2KRHM	DM27D4J	PD-0325901	Phase 2	21.0	DM67EMK	SCH-900776	Phase 2	21.0	.	.	.	.	Breast carcinoma	JAAKS Dataset	Investigative	ZR751	3.8	5.7	16.68	16.88	2
DCIJO1L	DM27D4J	PD-0325901	Phase 2	21.0	DM67EMK	SCH-900776	Phase 2	21.0	.	.	.	.	Breast carcinoma	JAAKS Dataset	Investigative	KPL1	5.92	5.79	9.87	12.45	2
DCRV0EF	DM27D4J	PD-0325901	Phase 2	21.0	DM67EMK	SCH-900776	Phase 2	21.0	.	.	.	.	Breast carcinoma	JAAKS Dataset	Investigative	OCUBM	23.48	23.22	21.86	30.91	2
DCULI4N	DM27D4J	PD-0325901	Phase 2	21.0	DM9WLN4	10-hydroxycamptothecin	Investigative	0.0	.	.	.	.	Breast and ovarian cancer syndrome	JAAKS Dataset	Investigative	UWB1289+BRCA1	6.99	6.63	11.83	12.3	2
DCLZJYD	DM27D4J	PD-0325901	Phase 2	21.0	DM9WLN4	10-hydroxycamptothecin	Investigative	0.0	.	.	.	.	Breast carcinoma	JAAKS Dataset	Investigative	OCUBM	7.99	9.23	7.01	14.37	2
DCMYQS5	DM27D4J	PD-0325901	Phase 2	21.0	DMB5A80	SNX-2112	Investigative	0.0	.	.	.	.	Breast carcinoma	JAAKS Dataset	Investigative	KPL1	1.47	2.06	4.87	7.96	2
DC0GK1Z	DM27D4J	PD-0325901	Phase 2	21.0	DMB5A80	SNX-2112	Investigative	0.0	.	.	.	.	Breast carcinoma	JAAKS Dataset	Investigative	OCUBM	3.46	7.47	5.85	6.82	2
DCKR6RN	DM27D4J	PD-0325901	Phase 2	21.0	DMCMBHA	Erlotinib	Approved	34.0	.	.	.	.	Breast carcinoma	JAAKS Dataset	Investigative	KPL1	6.54	7.97	6.74	10.37	2
DCZDWP3	DM27D4J	PD-0325901	Phase 2	21.0	DMCMBHA	Erlotinib	Approved	34.0	.	.	.	.	Breast carcinoma	JAAKS Dataset	Investigative	OCUBM	2.63	2.88	0.22	7.86	2
DCL0UVU	DM27D4J	PD-0325901	Phase 2	21.0	DMFGYKS	MK-5108	Phase 1	17.0	.	.	.	.	Breast carcinoma	JAAKS Dataset	Investigative	KPL1	2.39	2.82	5.98	8.92	2
DCZ63ZD	DM27D4J	PD-0325901	Phase 2	21.0	DMFGYKS	MK-5108	Phase 1	17.0	.	.	.	.	Breast carcinoma	JAAKS Dataset	Investigative	OCUBM	5.15	6.13	3.94	12.0	2
DC43W7M	DM27D4J	PD-0325901	Phase 2	21.0	DMLHEU7	Ridaforolimus	Phase 3	25.0	.	.	.	.	Breast and ovarian cancer syndrome	JAAKS Dataset	Investigative	UWB1289+BRCA1	3.09	3.59	1.46	4.86	2
DCDDROZ	DM27D4J	PD-0325901	Phase 2	21.0	DMLHEU7	Ridaforolimus	Phase 3	25.0	.	.	.	.	Breast carcinoma	JAAKS Dataset	Investigative	KPL1	7.13	4.84	3.51	3.59	2
DC0360N	DM27D4J	PD-0325901	Phase 2	21.0	DMLHEU7	Ridaforolimus	Phase 3	25.0	.	.	.	.	Breast carcinoma	JAAKS Dataset	Investigative	OCUBM	3.54	5.14	0.26	7.88	2
DC7RHBL	DM27D4J	PD-0325901	Phase 2	21.0	DMLYGH4	MK-4827	Phase 3	25.0	.	.	.	.	Breast and ovarian cancer syndrome	JAAKS Dataset	Investigative	UWB1289	2.3	4.59	9.23	12.04	2
DCT1DD8	DM27D4J	PD-0325901	Phase 2	21.0	DMLYGH4	MK-4827	Phase 3	25.0	.	.	.	.	Breast and ovarian cancer syndrome	JAAKS Dataset	Investigative	UWB1289+BRCA1	1.09	0.05	5.35	5.84	2
DCHE11I	DM27D4J	PD-0325901	Phase 2	21.0	DMLYGH4	MK-4827	Phase 3	25.0	.	.	.	.	Breast carcinoma	JAAKS Dataset	Investigative	KPL1	11.38	11.56	11.97	15.21	2
DCZB8XI	DM27D4J	PD-0325901	Phase 2	21.0	DMLYGH4	MK-4827	Phase 3	25.0	.	.	.	.	Breast carcinoma	JAAKS Dataset	Investigative	OCUBM	13.15	13.09	17.78	21.0	2
DCR43TM	DM27D4J	PD-0325901	Phase 2	21.0	DMMWSUL	Lomustine	Approved	34.0	.	.	.	.	Breast carcinoma	JAAKS Dataset	Investigative	KPL1	0.09	3.65	3.72	3.81	2
DCQZSFA	DM27D4J	PD-0325901	Phase 2	21.0	DMMWSUL	Lomustine	Approved	34.0	.	.	.	.	Breast carcinoma	JAAKS Dataset	Investigative	OCUBM	8.6	9.13	8.96	14.5	2
DC88KZ8	DM27D4J	PD-0325901	Phase 2	21.0	DMNO38U	Bortezomib	Approved	34.0	.	.	.	.	Breast and ovarian cancer syndrome	JAAKS Dataset	Investigative	UWB1289+BRCA1	2.18	2.88	2.81	3.62	2
DCUI1S7	DM27D4J	PD-0325901	Phase 2	21.0	DMNO38U	Bortezomib	Approved	34.0	.	.	.	.	Breast carcinoma	JAAKS Dataset	Investigative	ZR751	2.3	1.05	1.0	7.11	2
DC5SK21	DM27D4J	PD-0325901	Phase 2	21.0	DMNO38U	Bortezomib	Approved	34.0	.	.	.	.	Breast carcinoma	JAAKS Dataset	Investigative	KPL1	2.34	2.02	0.39	4.29	2
DCVYBRZ	DM27D4J	PD-0325901	Phase 2	21.0	DMPAWBN	GSK525762	Phase 1	17.0	.	.	.	.	Breast and ovarian cancer syndrome	JAAKS Dataset	Investigative	UWB1289+BRCA1	0.6	0.81	0.05	0.83	2
DC560M7	DM27D4J	PD-0325901	Phase 2	21.0	DMS8IFC	Sorafenib	Approved	34.0	.	.	.	.	Breast and ovarian cancer syndrome	JAAKS Dataset	Investigative	UWB1289	7.34	7.0	11.12	11.34	2
DCTKU3C	DM27D4J	PD-0325901	Phase 2	21.0	DMS8IFC	Sorafenib	Approved	34.0	.	.	.	.	Breast and ovarian cancer syndrome	JAAKS Dataset	Investigative	UWB1289+BRCA1	8.02	7.38	10.64	10.97	2
DC50RW8	DM27D4J	PD-0325901	Phase 2	21.0	DMS8IFC	Sorafenib	Approved	34.0	.	.	.	.	Breast carcinoma	JAAKS Dataset	Investigative	ZR751	4.96	3.41	15.67	16.8	2
DC76ANC	DM27D4J	PD-0325901	Phase 2	21.0	DMS8IFC	Sorafenib	Approved	34.0	.	.	.	.	Breast carcinoma	JAAKS Dataset	Investigative	KPL1	1.56	2.4	3.35	7.07	2
DC3IV0K	DM27D4J	PD-0325901	Phase 2	21.0	DMS8IFC	Sorafenib	Approved	34.0	.	.	.	.	Breast carcinoma	JAAKS Dataset	Investigative	OCUBM	5.01	5.21	1.95	11.47	2
DC6ED9P	DM27D4J	PD-0325901	Phase 2	21.0	DMT1OZ6	MK-2206	Phase 2	21.0	.	.	.	.	Breast and ovarian cancer syndrome	JAAKS Dataset	Investigative	UWB1289	4.13	3.73	4.24	9.73	2
DCNQ1T8	DM27D4J	PD-0325901	Phase 2	21.0	DMT1OZ6	MK-2206	Phase 2	21.0	.	.	.	.	Breast carcinoma	JAAKS Dataset	Investigative	KPL1	5.64	5.56	10.41	12.83	2
DCGL1QF	DM27D4J	PD-0325901	Phase 2	21.0	DMT1OZ6	MK-2206	Phase 2	21.0	.	.	.	.	Breast carcinoma	JAAKS Dataset	Investigative	OCUBM	2.11	1.89	1.62	7.19	2
DCPR3JG	DM27D4J	PD-0325901	Phase 2	21.0	DMWMPD4	Vorinostat	Approved	34.0	.	.	.	.	Breast and ovarian cancer syndrome	JAAKS Dataset	Investigative	UWB1289	2.34	1.58	7.36	10.69	2
DCMHLSU	DM27D4J	PD-0325901	Phase 2	21.0	DMWMPD4	Vorinostat	Approved	34.0	.	.	.	.	Breast and ovarian cancer syndrome	JAAKS Dataset	Investigative	UWB1289+BRCA1	2.13	4.6	6.55	9.04	2
DCRGZPJ	DM27D4J	PD-0325901	Phase 2	21.0	DMWMPD4	Vorinostat	Approved	34.0	.	.	.	.	Breast carcinoma	JAAKS Dataset	Investigative	KPL1	1.97	2.66	6.78	9.3	2
DC87UQ0	DM27D4J	PD-0325901	Phase 2	21.0	DMWMPD4	Vorinostat	Approved	34.0	.	.	.	.	Breast carcinoma	JAAKS Dataset	Investigative	OCUBM	12.48	12.27	15.08	19.06	2
DCFZMUL	DM27D4J	PD-0325901	Phase 2	21.0	DMJV2EK	Dasatinib	Investigative	0.0	.	.	.	.	Breast carcinoma	JAAKS Dataset	Investigative	KPL1	3.32	3.89	4.1	5.95	2
DCO7WUY	DM27D4J	PD-0325901	Phase 2	21.0	DMJV2EK	Dasatinib	Investigative	0.0	.	.	.	.	Breast carcinoma	JAAKS Dataset	Investigative	OCUBM	4.31	6.33	1.99	10.22	2
DCU80JT	DM4DOUB	PMID28460551-Compound-2	Patented	15.5	DM27D4J	PD-0325901	Phase 2	21.0	.	.	.	.	Breast and ovarian cancer syndrome	JAAKS Dataset	Investigative	UWB1289	10.07	10.01	8.51	16.58	2
DC4MUM6	DM4DOUB	PMID28460551-Compound-2	Patented	15.5	DM27D4J	PD-0325901	Phase 2	21.0	.	.	.	.	Breast and ovarian cancer syndrome	JAAKS Dataset	Investigative	UWB1289+BRCA1	1.58	0.77	3.43	7.91	2
DC9O9JD	DM4DOUB	PMID28460551-Compound-2	Patented	15.5	DM27D4J	PD-0325901	Phase 2	21.0	.	.	.	.	Breast carcinoma	JAAKS Dataset	Investigative	ZR751	0.56	0.45	2.89	4.37	2
DC7PUHK	DM4DOUB	PMID28460551-Compound-2	Patented	15.5	DM27D4J	PD-0325901	Phase 2	21.0	.	.	.	.	Breast carcinoma	JAAKS Dataset	Investigative	KPL1	0.8	0.62	1.47	5.23	2
DC1HPL6	DM4DOUB	PMID28460551-Compound-2	Patented	15.5	DM27D4J	PD-0325901	Phase 2	21.0	.	.	.	.	Breast carcinoma	JAAKS Dataset	Investigative	OCUBM	8.08	7.1	2.51	9.52	2
DCOJV0Z	DM4DOUB	PMID28460551-Compound-2	Patented	15.5	DM3BH1Y	Lapatinib	Approved	34.0	.	.	.	.	Breast and ovarian cancer syndrome	JAAKS Dataset	Investigative	UWB1289	1.39	1.57	0.49	5.72	2
DC7A4MJ	DM4DOUB	PMID28460551-Compound-2	Patented	15.5	DM3BH1Y	Lapatinib	Approved	34.0	.	.	.	.	Breast and ovarian cancer syndrome	JAAKS Dataset	Investigative	UWB1289+BRCA1	2.7	3.32	5.34	9.93	2
DCHEZJU	DM4DOUB	PMID28460551-Compound-2	Patented	15.5	DM3BH1Y	Lapatinib	Approved	34.0	.	.	.	.	Breast carcinoma	JAAKS Dataset	Investigative	ZR751	0.53	0.13	0.74	4.02	2
DCYZJ1K	DM4DOUB	PMID28460551-Compound-2	Patented	15.5	DM3BH1Y	Lapatinib	Approved	34.0	.	.	.	.	Breast carcinoma	JAAKS Dataset	Investigative	KPL1	6.41	6.58	6.96	10.56	2
DCC10LP	DM4DOUB	PMID28460551-Compound-2	Patented	15.5	DM3BH1Y	Lapatinib	Approved	34.0	.	.	.	.	Breast carcinoma	JAAKS Dataset	Investigative	OCUBM	8.48	7.92	9.45	12.49	2
DCBF5N7	DM4DOUB	PMID28460551-Compound-2	Patented	15.5	DM3WDZ5	MK-1775	Phase 2	21.0	.	.	.	.	Breast and ovarian cancer syndrome	JAAKS Dataset	Investigative	UWB1289	1.6	1.33	4.9	8.44	2
DCO4O3W	DM4DOUB	PMID28460551-Compound-2	Patented	15.5	DM3WDZ5	MK-1775	Phase 2	21.0	.	.	.	.	Breast carcinoma	JAAKS Dataset	Investigative	ZR751	5.25	5.47	6.77	9.14	2
DC9NBS4	DM4DOUB	PMID28460551-Compound-2	Patented	15.5	DM62QTW	RTB101	Phase 3	25.0	.	.	.	.	Breast and ovarian cancer syndrome	JAAKS Dataset	Investigative	UWB1289	8.13	7.8	11.01	14.39	2
DCGBRNJ	DM4DOUB	PMID28460551-Compound-2	Patented	15.5	DM62QTW	RTB101	Phase 3	25.0	.	.	.	.	Breast and ovarian cancer syndrome	JAAKS Dataset	Investigative	UWB1289+BRCA1	7.72	7.39	10.28	14.17	2
DCF4WBW	DM4DOUB	PMID28460551-Compound-2	Patented	15.5	DM62QTW	RTB101	Phase 3	25.0	.	.	.	.	Breast carcinoma	JAAKS Dataset	Investigative	ZR751	6.35	6.36	6.79	9.89	2
DCO1LZ2	DM4DOUB	PMID28460551-Compound-2	Patented	15.5	DM62QTW	RTB101	Phase 3	25.0	.	.	.	.	Breast carcinoma	JAAKS Dataset	Investigative	KPL1	1.37	0.76	3.43	8.6	2
DC27CDY	DM4DOUB	PMID28460551-Compound-2	Patented	15.5	DM62QTW	RTB101	Phase 3	25.0	.	.	.	.	Breast carcinoma	JAAKS Dataset	Investigative	OCUBM	7.36	7.06	5.47	10.24	2
DC4UN7X	DM4DOUB	PMID28460551-Compound-2	Patented	15.5	DM67EMK	SCH-900776	Phase 2	21.0	.	.	.	.	Breast and ovarian cancer syndrome	JAAKS Dataset	Investigative	UWB1289	3.43	1.5	1.75	5.09	2
DCM4HHD	DM4DOUB	PMID28460551-Compound-2	Patented	15.5	DM67EMK	SCH-900776	Phase 2	21.0	.	.	.	.	Breast carcinoma	JAAKS Dataset	Investigative	OCUBM	3.89	4.24	0.83	6.6	2
DCITM4I	DM4DOUB	PMID28460551-Compound-2	Patented	15.5	DMSE3I7	Gemcitabine	Preclinical	2.1	.	.	.	.	Breast and ovarian cancer syndrome	JAAKS Dataset	Investigative	UWB1289	6.59	6.42	10.47	14.88	2
DC6EUC5	DM4DOUB	PMID28460551-Compound-2	Patented	15.5	DMSE3I7	Gemcitabine	Preclinical	2.1	.	.	.	.	Breast and ovarian cancer syndrome	JAAKS Dataset	Investigative	UWB1289+BRCA1	4.62	4.49	10.31	13.47	2
DC9NTB5	DM4DOUB	PMID28460551-Compound-2	Patented	15.5	DM9WLN4	10-hydroxycamptothecin	Investigative	0.0	.	.	.	.	Breast and ovarian cancer syndrome	JAAKS Dataset	Investigative	UWB1289	1.62	1.1	5.15	8.68	2
DC8I16C	DM4DOUB	PMID28460551-Compound-2	Patented	15.5	DM9WLN4	10-hydroxycamptothecin	Investigative	0.0	.	.	.	.	Breast and ovarian cancer syndrome	JAAKS Dataset	Investigative	UWB1289+BRCA1	1.69	3.5	7.46	8.92	2
DC460P9	DM4DOUB	PMID28460551-Compound-2	Patented	15.5	DM9WLN4	10-hydroxycamptothecin	Investigative	0.0	.	.	.	.	Breast carcinoma	JAAKS Dataset	Investigative	OCUBM	5.81	5.76	2.53	7.97	2
DCQ84DL	DM4DOUB	PMID28460551-Compound-2	Patented	15.5	DMB5A80	SNX-2112	Investigative	0.0	.	.	.	.	Breast and ovarian cancer syndrome	JAAKS Dataset	Investigative	UWB1289	16.62	13.96	10.46	15.36	2
DCY53EN	DM4DOUB	PMID28460551-Compound-2	Patented	15.5	DMB5A80	SNX-2112	Investigative	0.0	.	.	.	.	Breast and ovarian cancer syndrome	JAAKS Dataset	Investigative	UWB1289+BRCA1	7.17	8.3	4.99	9.85	2
DC3QFQU	DM4DOUB	PMID28460551-Compound-2	Patented	15.5	DMCJLD1	SCH 727965	Discontinued in Phase 3	9.0	.	.	.	.	Breast and ovarian cancer syndrome	JAAKS Dataset	Investigative	UWB1289	2.99	2.93	5.77	10.41	2
DC4B27N	DM4DOUB	PMID28460551-Compound-2	Patented	15.5	DMCJLD1	SCH 727965	Discontinued in Phase 3	9.0	.	.	.	.	Breast and ovarian cancer syndrome	JAAKS Dataset	Investigative	UWB1289+BRCA1	1.65	2.14	6.89	11.3	2
DCZRF6F	DM4DOUB	PMID28460551-Compound-2	Patented	15.5	DMCJLD1	SCH 727965	Discontinued in Phase 3	9.0	.	.	.	.	Breast carcinoma	JAAKS Dataset	Investigative	KPL1	1.84	1.84	6.68	11.47	2
DC8YQ64	DM4DOUB	PMID28460551-Compound-2	Patented	15.5	DMCJLD1	SCH 727965	Discontinued in Phase 3	9.0	.	.	.	.	Breast carcinoma	JAAKS Dataset	Investigative	OCUBM	1.78	2.03	1.49	5.12	2
DCSW69F	DM4DOUB	PMID28460551-Compound-2	Patented	15.5	DMCMBHA	Erlotinib	Approved	34.0	.	.	.	.	Breast and ovarian cancer syndrome	JAAKS Dataset	Investigative	UWB1289	5.01	5.37	10.17	13.24	2
DCBUGM8	DM4DOUB	PMID28460551-Compound-2	Patented	15.5	DMCMBHA	Erlotinib	Approved	34.0	.	.	.	.	Breast and ovarian cancer syndrome	JAAKS Dataset	Investigative	UWB1289+BRCA1	2.94	2.37	8.3	10.97	2
DCA3FKC	DM4DOUB	PMID28460551-Compound-2	Patented	15.5	DMCMBHA	Erlotinib	Approved	34.0	.	.	.	.	Breast carcinoma	JAAKS Dataset	Investigative	KPL1	6.94	9.83	10.04	13.6	2
DC6VFZ6	DM4DOUB	PMID28460551-Compound-2	Patented	15.5	DMCMBHA	Erlotinib	Approved	34.0	.	.	.	.	Breast carcinoma	JAAKS Dataset	Investigative	OCUBM	7.85	8.86	5.31	10.87	2
DCJ6PVD	DM4DOUB	PMID28460551-Compound-2	Patented	15.5	DMFGYKS	MK-5108	Phase 1	17.0	.	.	.	.	Breast and ovarian cancer syndrome	JAAKS Dataset	Investigative	UWB1289	2.47	2.64	6.34	9.79	2
DCLU1ME	DM4DOUB	PMID28460551-Compound-2	Patented	15.5	DMFGYKS	MK-5108	Phase 1	17.0	.	.	.	.	Breast and ovarian cancer syndrome	JAAKS Dataset	Investigative	UWB1289+BRCA1	2.39	2.77	4.56	9.1	2
DC66SN3	DM4DOUB	PMID28460551-Compound-2	Patented	15.5	DMFGYKS	MK-5108	Phase 1	17.0	.	.	.	.	Breast carcinoma	JAAKS Dataset	Investigative	OCUBM	4.79	4.0	0.55	7.2	2
DCH8ERN	DM4DOUB	PMID28460551-Compound-2	Patented	15.5	DMLHEU7	Ridaforolimus	Phase 3	25.0	.	.	.	.	Breast and ovarian cancer syndrome	JAAKS Dataset	Investigative	UWB1289	7.47	7.83	3.57	9.63	2
DC3V4DR	DM4DOUB	PMID28460551-Compound-2	Patented	15.5	DMLYGH4	MK-4827	Phase 3	25.0	.	.	.	.	Breast and ovarian cancer syndrome	JAAKS Dataset	Investigative	UWB1289+BRCA1	1.4	2.37	7.08	8.32	2
DCBUZ7L	DM4DOUB	PMID28460551-Compound-2	Patented	15.5	DMLYGH4	MK-4827	Phase 3	25.0	.	.	.	.	Breast carcinoma	JAAKS Dataset	Investigative	ZR751	3.2	2.97	4.47	6.74	2
DC2GLOV	DM4DOUB	PMID28460551-Compound-2	Patented	15.5	DMLYGH4	MK-4827	Phase 3	25.0	.	.	.	.	Breast carcinoma	JAAKS Dataset	Investigative	KPL1	5.0	5.84	8.38	10.8	2
DCMSKSS	DM4DOUB	PMID28460551-Compound-2	Patented	15.5	DMLYGH4	MK-4827	Phase 3	25.0	.	.	.	.	Breast carcinoma	JAAKS Dataset	Investigative	OCUBM	3.35	2.83	3.75	6.02	2
DCKK333	DM4DOUB	PMID28460551-Compound-2	Patented	15.5	DMM0XGL	Idarubicin	Approved	34.0	.	.	.	.	Breast and ovarian cancer syndrome	JAAKS Dataset	Investigative	UWB1289	10.62	11.35	4.89	16.17	2
DCZKRAH	DM4DOUB	PMID28460551-Compound-2	Patented	15.5	DMMWSUL	Lomustine	Approved	34.0	.	.	.	.	Breast and ovarian cancer syndrome	JAAKS Dataset	Investigative	UWB1289	4.83	5.02	7.49	12.07	2
DCODSK4	DM4DOUB	PMID28460551-Compound-2	Patented	15.5	DMMWSUL	Lomustine	Approved	34.0	.	.	.	.	Breast and ovarian cancer syndrome	JAAKS Dataset	Investigative	UWB1289+BRCA1	4.61	4.75	8.52	12.59	2
DCM7GCZ	DM4DOUB	PMID28460551-Compound-2	Patented	15.5	DMMWSUL	Lomustine	Approved	34.0	.	.	.	.	Breast carcinoma	JAAKS Dataset	Investigative	ZR751	1.88	2.68	0.46	6.26	2
DCX8LG8	DM4DOUB	PMID28460551-Compound-2	Patented	15.5	DMNO38U	Bortezomib	Approved	34.0	.	.	.	.	Breast carcinoma	JAAKS Dataset	Investigative	ZR751	11.99	11.87	9.34	14.82	2
DCNOIUG	DM4DOUB	PMID28460551-Compound-2	Patented	15.5	DMNO38U	Bortezomib	Approved	34.0	.	.	.	.	Breast carcinoma	JAAKS Dataset	Investigative	KPL1	7.28	7.17	8.88	11.12	2
DCBZTAI	DM4DOUB	PMID28460551-Compound-2	Patented	15.5	DMNO38U	Bortezomib	Approved	34.0	.	.	.	.	Breast carcinoma	JAAKS Dataset	Investigative	OCUBM	3.21	5.15	0.29	5.58	2
DCPK02H	DM4DOUB	PMID28460551-Compound-2	Patented	15.5	DMPAWBN	GSK525762	Phase 1	17.0	.	.	.	.	Breast and ovarian cancer syndrome	JAAKS Dataset	Investigative	UWB1289	10.92	10.59	7.91	11.93	2
DCA2VQF	DM4DOUB	PMID28460551-Compound-2	Patented	15.5	DMPAWBN	GSK525762	Phase 1	17.0	.	.	.	.	Breast and ovarian cancer syndrome	JAAKS Dataset	Investigative	UWB1289+BRCA1	2.52	5.68	3.49	5.65	2
DCSVFXU	DM4DOUB	PMID28460551-Compound-2	Patented	15.5	DMRHGI9	Cisplatin	Approved	34.0	.	.	.	.	Breast adenocarcinoma	JAAKS Dataset	Investigative	MDA-MB-468	5.24	5.83	1.31	6.34	2
DCJN4WR	DM4DOUB	PMID28460551-Compound-2	Patented	15.5	DMS8IFC	Sorafenib	Approved	34.0	.	.	.	.	Breast and ovarian cancer syndrome	JAAKS Dataset	Investigative	UWB1289	1.95	1.79	2.67	7.55	2
DCE5V11	DM4DOUB	PMID28460551-Compound-2	Patented	15.5	DMS8IFC	Sorafenib	Approved	34.0	.	.	.	.	Breast and ovarian cancer syndrome	JAAKS Dataset	Investigative	UWB1289+BRCA1	1.76	0.83	0.19	6.48	2
DC1UXEM	DM4DOUB	PMID28460551-Compound-2	Patented	15.5	DMS8IFC	Sorafenib	Approved	34.0	.	.	.	.	Breast carcinoma	JAAKS Dataset	Investigative	ZR751	4.28	1.39	2.03	5.41	2
DC1HG27	DM4DOUB	PMID28460551-Compound-2	Patented	15.5	DMS8IFC	Sorafenib	Approved	34.0	.	.	.	.	Breast carcinoma	JAAKS Dataset	Investigative	KPL1	1.44	0.93	2.99	7.6	2
DCZ0LFZ	DM4DOUB	PMID28460551-Compound-2	Patented	15.5	DMT1OZ6	MK-2206	Phase 2	21.0	.	.	.	.	Breast and ovarian cancer syndrome	JAAKS Dataset	Investigative	UWB1289	3.0	5.5	7.47	10.48	2
DCU5OG4	DM4DOUB	PMID28460551-Compound-2	Patented	15.5	DMT1OZ6	MK-2206	Phase 2	21.0	.	.	.	.	Breast and ovarian cancer syndrome	JAAKS Dataset	Investigative	UWB1289+BRCA1	8.63	8.59	10.02	13.42	2
DC8KHWW	DM4DOUB	PMID28460551-Compound-2	Patented	15.5	DMT1OZ6	MK-2206	Phase 2	21.0	.	.	.	.	Breast carcinoma	JAAKS Dataset	Investigative	KPL1	5.45	5.11	12.04	14.59	2
DCKQVB2	DM4DOUB	PMID28460551-Compound-2	Patented	15.5	DMT1OZ6	MK-2206	Phase 2	21.0	.	.	.	.	Breast carcinoma	JAAKS Dataset	Investigative	OCUBM	1.23	1.45	0.2	4.35	2
DC7TOV4	DM4DOUB	PMID28460551-Compound-2	Patented	15.5	DMWMPD4	Vorinostat	Approved	34.0	.	.	.	.	Breast and ovarian cancer syndrome	JAAKS Dataset	Investigative	UWB1289	6.1	4.32	6.56	9.57	2
DCT9K83	DM4DOUB	PMID28460551-Compound-2	Patented	15.5	DMWMPD4	Vorinostat	Approved	34.0	.	.	.	.	Breast and ovarian cancer syndrome	JAAKS Dataset	Investigative	UWB1289+BRCA1	2.42	2.23	4.66	9.03	2
DCOFY89	DM4DOUB	PMID28460551-Compound-2	Patented	15.5	DMWMPD4	Vorinostat	Approved	34.0	.	.	.	.	Breast carcinoma	JAAKS Dataset	Investigative	ZR751	2.61	2.18	2.4	5.88	2
DCQFOLQ	DM4DOUB	PMID28460551-Compound-2	Patented	15.5	DMWMPD4	Vorinostat	Approved	34.0	.	.	.	.	Breast carcinoma	JAAKS Dataset	Investigative	KPL1	0.92	0.92	6.71	9.4	2
DCWJ3OH	DM4DOUB	PMID28460551-Compound-2	Patented	15.5	DMWMPD4	Vorinostat	Approved	34.0	.	.	.	.	Breast carcinoma	JAAKS Dataset	Investigative	OCUBM	3.83	1.91	4.47	7.01	2
DC0Z1Y5	DM4DOUB	PMID28460551-Compound-2	Patented	15.5	DMWNHPC	Aminolevulinic Acid Hydrochloride	Approved	34.0	.	.	.	.	Breast adenocarcinoma	JAAKS Dataset	Investigative	MDA-MB-468	1.65	3.11	3.67	5.98	2
DCZRIPZ	DM4DOUB	PMID28460551-Compound-2	Patented	15.5	DMJV2EK	Dasatinib	Investigative	0.0	.	.	.	.	Breast carcinoma	JAAKS Dataset	Investigative	KPL1	3.04	6.55	6.06	9.75	2
DC3I1JT	DM4DOUB	PMID28460551-Compound-2	Patented	15.5	DMJV2EK	Dasatinib	Investigative	0.0	.	.	.	.	Breast carcinoma	JAAKS Dataset	Investigative	OCUBM	2.56	5.44	1.05	6.24	2
DCIYVNH	DMCJLD1	SCH 727965	Discontinued in Phase 3	9.0	DM27D4J	PD-0325901	Phase 2	21.0	.	.	.	.	Breast and ovarian cancer syndrome	JAAKS Dataset	Investigative	UWB1289	5.06	4.81	12.32	12.92	2
DC8NACR	DMCJLD1	SCH 727965	Discontinued in Phase 3	9.0	DM27D4J	PD-0325901	Phase 2	21.0	.	.	.	.	Breast and ovarian cancer syndrome	JAAKS Dataset	Investigative	UWB1289+BRCA1	3.16	4.15	9.38	9.94	2
DC12B2O	DMCJLD1	SCH 727965	Discontinued in Phase 3	9.0	DM27D4J	PD-0325901	Phase 2	21.0	.	.	.	.	Breast carcinoma	JAAKS Dataset	Investigative	KPL1	4.29	4.48	8.19	11.83	2
DCGQ8SN	DMCJLD1	SCH 727965	Discontinued in Phase 3	9.0	DM27D4J	PD-0325901	Phase 2	21.0	.	.	.	.	Breast carcinoma	JAAKS Dataset	Investigative	OCUBM	7.01	7.23	10.14	16.31	2
DCQLMYB	DMCJLD1	SCH 727965	Discontinued in Phase 3	9.0	DM3BH1Y	Lapatinib	Approved	34.0	.	.	.	.	Breast and ovarian cancer syndrome	JAAKS Dataset	Investigative	UWB1289	1.4	1.37	1.91	8.3	2
DC4T2R3	DMCJLD1	SCH 727965	Discontinued in Phase 3	9.0	DM3BH1Y	Lapatinib	Approved	34.0	.	.	.	.	Breast and ovarian cancer syndrome	JAAKS Dataset	Investigative	UWB1289+BRCA1	4.03	4.39	10.11	14.3	2
DCM6MY8	DMCJLD1	SCH 727965	Discontinued in Phase 3	9.0	DM3BH1Y	Lapatinib	Approved	34.0	.	.	.	.	Breast carcinoma	JAAKS Dataset	Investigative	KPL1	7.65	7.53	7.12	13.01	2
DCHMXVX	DMCJLD1	SCH 727965	Discontinued in Phase 3	9.0	DM3BH1Y	Lapatinib	Approved	34.0	.	.	.	.	Breast carcinoma	JAAKS Dataset	Investigative	OCUBM	8.77	8.41	17.65	20.38	2
DCG2B84	DMCJLD1	SCH 727965	Discontinued in Phase 3	9.0	DM3WDZ5	MK-1775	Phase 2	21.0	.	.	.	.	Breast carcinoma	JAAKS Dataset	Investigative	OCUBM	3.54	3.58	7.5	12.15	2
DC6OAUB	DMCJLD1	SCH 727965	Discontinued in Phase 3	9.0	DM62QTW	RTB101	Phase 3	25.0	.	.	.	.	Breast and ovarian cancer syndrome	JAAKS Dataset	Investigative	UWB1289	4.5	4.16	10.59	15.19	2
DC9YP2G	DMCJLD1	SCH 727965	Discontinued in Phase 3	9.0	DM62QTW	RTB101	Phase 3	25.0	.	.	.	.	Breast and ovarian cancer syndrome	JAAKS Dataset	Investigative	UWB1289+BRCA1	2.38	2.5	1.09	13.72	2
DC932MB	DMCJLD1	SCH 727965	Discontinued in Phase 3	9.0	DM62QTW	RTB101	Phase 3	25.0	.	.	.	.	Breast carcinoma	JAAKS Dataset	Investigative	KPL1	6.33	3.17	11.1	15.31	2
DCE2309	DMCJLD1	SCH 727965	Discontinued in Phase 3	9.0	DM62QTW	RTB101	Phase 3	25.0	.	.	.	.	Breast carcinoma	JAAKS Dataset	Investigative	OCUBM	1.76	2.04	6.19	10.81	2
DCMAAYH	DMCJLD1	SCH 727965	Discontinued in Phase 3	9.0	DM7C8YV	Plicamycin	Approved	34.0	.	.	.	.	Breast adenocarcinoma	JAAKS Dataset	Investigative	MDA-MB-468	0.56	1.66	1.11	0.86	2
DCMTEWP	DMCJLD1	SCH 727965	Discontinued in Phase 3	9.0	DM7XZY5	Triapine	Phase 2	21.0	.	.	.	.	Breast adenocarcinoma	JAAKS Dataset	Investigative	MDA-MB-468	2.66	4.79	0.44	0.44	2
DCS7S2U	DMCJLD1	SCH 727965	Discontinued in Phase 3	9.0	DM9WLN4	10-hydroxycamptothecin	Investigative	0.0	.	.	.	.	Breast carcinoma	JAAKS Dataset	Investigative	KPL1	0.62	3.12	9.28	10.12	2
DCL7Y0G	DMCJLD1	SCH 727965	Discontinued in Phase 3	9.0	DM9WLN4	10-hydroxycamptothecin	Investigative	0.0	.	.	.	.	Breast carcinoma	JAAKS Dataset	Investigative	OCUBM	5.23	4.71	7.52	12.07	2
DCVMJQ6	DMCJLD1	SCH 727965	Discontinued in Phase 3	9.0	DMB5A80	SNX-2112	Investigative	0.0	.	.	.	.	Breast and ovarian cancer syndrome	JAAKS Dataset	Investigative	UWB1289	1.06	2.75	8.04	4.95	2
DCBAY93	DMCJLD1	SCH 727965	Discontinued in Phase 3	9.0	DMB5A80	SNX-2112	Investigative	0.0	.	.	.	.	Breast carcinoma	JAAKS Dataset	Investigative	OCUBM	7.15	9.81	10.49	13.94	2
DC06VGB	DMCJLD1	SCH 727965	Discontinued in Phase 3	9.0	DMCMBHA	Erlotinib	Approved	34.0	.	.	.	.	Breast and ovarian cancer syndrome	JAAKS Dataset	Investigative	UWB1289	2.33	2.25	9.93	15.14	2
DC93LHY	DMCJLD1	SCH 727965	Discontinued in Phase 3	9.0	DMCMBHA	Erlotinib	Approved	34.0	.	.	.	.	Breast and ovarian cancer syndrome	JAAKS Dataset	Investigative	UWB1289+BRCA1	2.85	2.95	14.55	17.67	2
DCEDSJE	DMCJLD1	SCH 727965	Discontinued in Phase 3	9.0	DMCMBHA	Erlotinib	Approved	34.0	.	.	.	.	Breast carcinoma	JAAKS Dataset	Investigative	KPL1	7.82	7.79	8.15	12.7	2
DCUBHQ4	DMCJLD1	SCH 727965	Discontinued in Phase 3	9.0	DMCMBHA	Erlotinib	Approved	34.0	.	.	.	.	Breast carcinoma	JAAKS Dataset	Investigative	OCUBM	9.65	9.24	11.36	15.3	2
DCQ2OYW	DMCJLD1	SCH 727965	Discontinued in Phase 3	9.0	DMLHEU7	Ridaforolimus	Phase 3	25.0	.	.	.	.	Breast and ovarian cancer syndrome	JAAKS Dataset	Investigative	UWB1289	5.29	5.17	2.37	7.76	2
DC72FKC	DMCJLD1	SCH 727965	Discontinued in Phase 3	9.0	DMLHEU7	Ridaforolimus	Phase 3	25.0	.	.	.	.	Breast and ovarian cancer syndrome	JAAKS Dataset	Investigative	UWB1289+BRCA1	3.5	3.29	2.26	7.55	2
DCNDLIW	DMCJLD1	SCH 727965	Discontinued in Phase 3	9.0	DMLHEU7	Ridaforolimus	Phase 3	25.0	.	.	.	.	Breast carcinoma	JAAKS Dataset	Investigative	KPL1	1.72	0.74	1.74	5.32	2
DCGKR47	DMCJLD1	SCH 727965	Discontinued in Phase 3	9.0	DMLHEU7	Ridaforolimus	Phase 3	25.0	.	.	.	.	Breast carcinoma	JAAKS Dataset	Investigative	OCUBM	4.85	5.37	4.43	9.29	2
DC7N05K	DMCJLD1	SCH 727965	Discontinued in Phase 3	9.0	DMLYGH4	MK-4827	Phase 3	25.0	.	.	.	.	Breast and ovarian cancer syndrome	JAAKS Dataset	Investigative	UWB1289	0.43	3.32	12.88	15.04	2
DCLGDG3	DMCJLD1	SCH 727965	Discontinued in Phase 3	9.0	DMLYGH4	MK-4827	Phase 3	25.0	.	.	.	.	Breast and ovarian cancer syndrome	JAAKS Dataset	Investigative	UWB1289+BRCA1	4.82	6.95	15.82	16.25	2
DCNWV2J	DMCJLD1	SCH 727965	Discontinued in Phase 3	9.0	DMLYGH4	MK-4827	Phase 3	25.0	.	.	.	.	Breast carcinoma	JAAKS Dataset	Investigative	ZR751	10.65	11.13	8.71	21.8	2
DCA24FU	DMCJLD1	SCH 727965	Discontinued in Phase 3	9.0	DMLYGH4	MK-4827	Phase 3	25.0	.	.	.	.	Breast carcinoma	JAAKS Dataset	Investigative	KPL1	10.4	10.45	15.64	17.85	2
DC697WH	DMCJLD1	SCH 727965	Discontinued in Phase 3	9.0	DMLYGH4	MK-4827	Phase 3	25.0	.	.	.	.	Breast carcinoma	JAAKS Dataset	Investigative	OCUBM	4.09	4.03	12.36	15.81	2
DCJFFUH	DMCJLD1	SCH 727965	Discontinued in Phase 3	9.0	DMMWSUL	Lomustine	Approved	34.0	.	.	.	.	Breast carcinoma	JAAKS Dataset	Investigative	OCUBM	2.64	3.33	5.72	10.72	2
DCB0I7O	DMCJLD1	SCH 727965	Discontinued in Phase 3	9.0	DMNO38U	Bortezomib	Approved	34.0	.	.	.	.	Breast and ovarian cancer syndrome	JAAKS Dataset	Investigative	UWB1289+BRCA1	1.03	1.12	0.56	2.27	2
DCS27DN	DMCJLD1	SCH 727965	Discontinued in Phase 3	9.0	DMNO38U	Bortezomib	Approved	34.0	.	.	.	.	Breast carcinoma	JAAKS Dataset	Investigative	KPL1	0.05	0.41	4.82	7.73	2
DCW3TTW	DMCJLD1	SCH 727965	Discontinued in Phase 3	9.0	DMNO38U	Bortezomib	Approved	34.0	.	.	.	.	Breast carcinoma	JAAKS Dataset	Investigative	OCUBM	2.73	3.68	0.78	5.69	2
DCCPGB4	DMCJLD1	SCH 727965	Discontinued in Phase 3	9.0	DMPAWBN	GSK525762	Phase 1	17.0	.	.	.	.	Breast and ovarian cancer syndrome	JAAKS Dataset	Investigative	UWB1289	2.57	4.15	3.2	7.22	2
DC4ADUK	DMCJLD1	SCH 727965	Discontinued in Phase 3	9.0	DMPAWBN	GSK525762	Phase 1	17.0	.	.	.	.	Breast and ovarian cancer syndrome	JAAKS Dataset	Investigative	UWB1289+BRCA1	1.34	2.33	1.39	2.52	2
DC5JBBF	DMCJLD1	SCH 727965	Discontinued in Phase 3	9.0	DMPAWBN	GSK525762	Phase 1	17.0	.	.	.	.	Breast carcinoma	JAAKS Dataset	Investigative	OCUBM	14.22	16.06	3.28	18.02	2
DCAHTA9	DMCJLD1	SCH 727965	Discontinued in Phase 3	9.0	DMS8IFC	Sorafenib	Approved	34.0	.	.	.	.	Breast carcinoma	JAAKS Dataset	Investigative	ZR751	11.26	3.5	15.16	16.22	2
DCPBXNU	DMCJLD1	SCH 727965	Discontinued in Phase 3	9.0	DMS8IFC	Sorafenib	Approved	34.0	.	.	.	.	Breast carcinoma	JAAKS Dataset	Investigative	OCUBM	2.56	2.66	5.61	12.0	2
DCOH8VM	DMCJLD1	SCH 727965	Discontinued in Phase 3	9.0	DMT1OZ6	MK-2206	Phase 2	21.0	.	.	.	.	Breast and ovarian cancer syndrome	JAAKS Dataset	Investigative	UWB1289	3.11	2.89	9.73	12.45	2
DC7MCBZ	DMCJLD1	SCH 727965	Discontinued in Phase 3	9.0	DMT1OZ6	MK-2206	Phase 2	21.0	.	.	.	.	Breast and ovarian cancer syndrome	JAAKS Dataset	Investigative	UWB1289+BRCA1	3.17	3.18	9.9	10.87	2
DCWSSCS	DMCJLD1	SCH 727965	Discontinued in Phase 3	9.0	DMT1OZ6	MK-2206	Phase 2	21.0	.	.	.	.	Breast carcinoma	JAAKS Dataset	Investigative	ZR751	0.69	0.79	3.83	10.88	2
DCPJ3OG	DMCJLD1	SCH 727965	Discontinued in Phase 3	9.0	DMT1OZ6	MK-2206	Phase 2	21.0	.	.	.	.	Breast carcinoma	JAAKS Dataset	Investigative	KPL1	3.27	3.27	13.53	17.71	2
DCHOQ4Q	DMCJLD1	SCH 727965	Discontinued in Phase 3	9.0	DMWGV8N	PMID28870136-Compound-43	Patented	15.5	.	.	.	.	Breast adenocarcinoma	JAAKS Dataset	Investigative	MDA-MB-468	1.89	2.51	2.35	0.07	2
DCKPV1A	DMCJLD1	SCH 727965	Discontinued in Phase 3	9.0	DMWMPD4	Vorinostat	Approved	34.0	.	.	.	.	Breast carcinoma	JAAKS Dataset	Investigative	KPL1	1.95	1.84	10.95	14.06	2
DCTJGVG	DMCJLD1	SCH 727965	Discontinued in Phase 3	9.0	DMJV2EK	Dasatinib	Investigative	0.0	.	.	.	.	Breast carcinoma	JAAKS Dataset	Investigative	KPL1	7.11	8.44	8.31	13.14	2
DC8OJYT	DMCJLD1	SCH 727965	Discontinued in Phase 3	9.0	DMJV2EK	Dasatinib	Investigative	0.0	.	.	.	.	Breast carcinoma	JAAKS Dataset	Investigative	OCUBM	9.16	9.36	12.69	15.46	2
DCW2QXV	DMP6G8T	Topotecan	Approved	34.0	DM27D4J	PD-0325901	Phase 2	21.0	.	.	.	.	Breast and ovarian cancer syndrome	JAAKS Dataset	Investigative	UWB1289	1.87	3.03	10.85	11.34	2
DCK95OC	DMP6G8T	Topotecan	Approved	34.0	DM27D4J	PD-0325901	Phase 2	21.0	.	.	.	.	Breast carcinoma	JAAKS Dataset	Investigative	OCUBM	12.06	11.68	6.26	18.61	2
DC23Q9V	DMP6G8T	Topotecan	Approved	34.0	DM2AZPP	Hepzato	Phase 3	25.0	.	.	.	.	Breast adenocarcinoma	JAAKS Dataset	Investigative	MDA-MB-468	1.23	2.21	0.53	3.26	2
DCPW21K	DMP6G8T	Topotecan	Approved	34.0	DM2YGNW	Dactinomycin	Approved	34.0	.	.	.	.	Breast adenocarcinoma	JAAKS Dataset	Investigative	MDA-MB-468	8.78	15.34	15.05	15.06	2
DC2PFRZ	DMP6G8T	Topotecan	Approved	34.0	DM3BH1Y	Lapatinib	Approved	34.0	.	.	.	.	Breast and ovarian cancer syndrome	JAAKS Dataset	Investigative	UWB1289	1.53	1.14	1.88	7.53	2
DCRZL02	DMP6G8T	Topotecan	Approved	34.0	DM3BH1Y	Lapatinib	Approved	34.0	.	.	.	.	Breast and ovarian cancer syndrome	JAAKS Dataset	Investigative	UWB1289+BRCA1	1.22	3.39	6.04	11.65	2
DC5COY2	DMP6G8T	Topotecan	Approved	34.0	DM62QTW	RTB101	Phase 3	25.0	.	.	.	.	Breast and ovarian cancer syndrome	JAAKS Dataset	Investigative	UWB1289	1.74	2.54	8.14	12.19	2
DC4UEBS	DMP6G8T	Topotecan	Approved	34.0	DM62QTW	RTB101	Phase 3	25.0	.	.	.	.	Breast carcinoma	JAAKS Dataset	Investigative	OCUBM	3.66	3.62	1.27	9.92	2
DCWABDW	DMP6G8T	Topotecan	Approved	34.0	DM67EMK	SCH-900776	Phase 2	21.0	.	.	.	.	Breast carcinoma	JAAKS Dataset	Investigative	OCUBM	14.24	13.97	21.05	23.1	2
DCBV4UX	DMP6G8T	Topotecan	Approved	34.0	DM7C8YV	Plicamycin	Approved	34.0	.	.	.	.	Breast adenocarcinoma	JAAKS Dataset	Investigative	MDA-MB-468	10.35	10.6	10.04	10.1	2
DCFQ8Q4	DMP6G8T	Topotecan	Approved	34.0	DM7XZY5	Triapine	Phase 2	21.0	.	.	.	.	Breast adenocarcinoma	JAAKS Dataset	Investigative	MDA-MB-468	1.37	2.14	0.77	3.91	2
DCVP8UA	DMP6G8T	Topotecan	Approved	34.0	DMB5A80	SNX-2112	Investigative	0.0	.	.	.	.	Breast and ovarian cancer syndrome	JAAKS Dataset	Investigative	UWB1289	6.85	5.39	13.08	6.92	2
DCYQDCC	DMP6G8T	Topotecan	Approved	34.0	DMCJLD1	SCH 727965	Discontinued in Phase 3	9.0	.	.	.	.	Breast carcinoma	JAAKS Dataset	Investigative	OCUBM	0.39	0.1	6.0	10.46	2
DCSYELD	DMP6G8T	Topotecan	Approved	34.0	DMCMBHA	Erlotinib	Approved	34.0	.	.	.	.	Breast carcinoma	JAAKS Dataset	Investigative	KPL1	0.2	1.65	2.93	6.36	2
DCRBDG0	DMP6G8T	Topotecan	Approved	34.0	DMCMBHA	Erlotinib	Approved	34.0	.	.	.	.	Breast carcinoma	JAAKS Dataset	Investigative	OCUBM	5.38	7.76	4.65	12.76	2
DC0B4DZ	DMP6G8T	Topotecan	Approved	34.0	DMFGYKS	MK-5108	Phase 1	17.0	.	.	.	.	Breast carcinoma	JAAKS Dataset	Investigative	OCUBM	3.23	3.08	3.23	8.3	2
DC0ZEKI	DMP6G8T	Topotecan	Approved	34.0	DMLHEU7	Ridaforolimus	Phase 3	25.0	.	.	.	.	Breast and ovarian cancer syndrome	JAAKS Dataset	Investigative	UWB1289	3.4	3.64	0.96	5.69	2
DCZMDHY	DMP6G8T	Topotecan	Approved	34.0	DMLYGH4	MK-4827	Phase 3	25.0	.	.	.	.	Breast and ovarian cancer syndrome	JAAKS Dataset	Investigative	UWB1289	4.56	4.14	13.11	14.83	2
DCKOUS6	DMP6G8T	Topotecan	Approved	34.0	DMLYGH4	MK-4827	Phase 3	25.0	.	.	.	.	Breast and ovarian cancer syndrome	JAAKS Dataset	Investigative	UWB1289+BRCA1	2.72	5.2	12.79	13.98	2
DCII00O	DMP6G8T	Topotecan	Approved	34.0	DMLYGH4	MK-4827	Phase 3	25.0	.	.	.	.	Breast carcinoma	JAAKS Dataset	Investigative	KPL1	0.28	0.61	4.49	7.0	2
DCZWDU0	DMP6G8T	Topotecan	Approved	34.0	DMLYGH4	MK-4827	Phase 3	25.0	.	.	.	.	Breast carcinoma	JAAKS Dataset	Investigative	OCUBM	2.18	4.3	5.68	12.65	2
DC9EVWI	DMP6G8T	Topotecan	Approved	34.0	DMNO38U	Bortezomib	Approved	34.0	.	.	.	.	Breast adenocarcinoma	JAAKS Dataset	Investigative	MDA-MB-468	1.84	3.0	4.11	5.39	2
DCL9W04	DMP6G8T	Topotecan	Approved	34.0	DMPAWBN	GSK525762	Phase 1	17.0	.	.	.	.	Breast and ovarian cancer syndrome	JAAKS Dataset	Investigative	UWB1289	3.57	6.74	6.72	9.87	2
DCOTE7T	DMP6G8T	Topotecan	Approved	34.0	DMPAWBN	GSK525762	Phase 1	17.0	.	.	.	.	Breast and ovarian cancer syndrome	JAAKS Dataset	Investigative	UWB1289+BRCA1	4.5	7.94	6.66	8.17	2
DCM7LBD	DMP6G8T	Topotecan	Approved	34.0	DMRHGI9	Cisplatin	Approved	34.0	.	.	.	.	Breast adenocarcinoma	JAAKS Dataset	Investigative	MDA-MB-468	2.62	3.15	0.46	2.76	2
DC6UKR0	DMP6G8T	Topotecan	Approved	34.0	DMRKE63	Chlorambucil	Approved	34.0	.	.	.	.	Breast adenocarcinoma	JAAKS Dataset	Investigative	MDA-MB-468	6.06	7.52	6.11	6.93	2
DCFYBVP	DMP6G8T	Topotecan	Approved	34.0	DMS8IFC	Sorafenib	Approved	34.0	.	.	.	.	Breast carcinoma	JAAKS Dataset	Investigative	ZR751	5.8	2.27	10.21	13.62	2
DCEOX6C	DMP6G8T	Topotecan	Approved	34.0	DMSG91J	ER819762	Investigative	0.0	.	.	.	.	Breast adenocarcinoma	JAAKS Dataset	Investigative	MDA-MB-468	2.56	2.43	0.38	0.73	2
DC1CO3X	DMP6G8T	Topotecan	Approved	34.0	DMT1OZ6	MK-2206	Phase 2	21.0	.	.	.	.	Breast and ovarian cancer syndrome	JAAKS Dataset	Investigative	UWB1289	1.21	3.28	10.14	12.31	2
DCAL1IK	DMP6G8T	Topotecan	Approved	34.0	DMT1OZ6	MK-2206	Phase 2	21.0	.	.	.	.	Breast and ovarian cancer syndrome	JAAKS Dataset	Investigative	UWB1289+BRCA1	1.1	2.85	8.15	9.87	2
DC4KCIJ	DMP6G8T	Topotecan	Approved	34.0	DMTGBAX	Pomalidomide	Approved	34.0	.	.	.	.	Breast adenocarcinoma	JAAKS Dataset	Investigative	MDA-MB-468	0.55	0.89	1.14	2.24	2
DCHO9NG	DM3BH1Y	Lapatinib	Approved	34.0	DMPAZHC	Cabazitaxel	Approved	34.0	.	.	.	.	Metastatic Breast Cancer With Intracranial Metastases	ClinicalTrials.gov	Phase 2	.					2
DC1JKPH	DM3BH1Y	Lapatinib	Approved	34.0	DMQCTIH	Digoxin	Approved	34.0	.	.	.	.	Neoplasms, Breast	ClinicalTrials.gov	Phase 1	.					2
DC3OMTZ	DM3BH1Y	Lapatinib	Approved	34.0	DMDI269	Docetaxel	Approved	34.0	.	.	.	.	Neoplasms, Breast	ClinicalTrials.gov	Phase 1	.					2
DCAHJZ9	DM3BH1Y	Lapatinib	Approved	34.0	DMHJTR2	XL880	Phase 2	21.0	.	.	.	.	Breast Cancer	ClinicalTrials.gov	Phase 1	.					2
DCAUQG4	DM3BH1Y	Lapatinib	Approved	34.0	DMVXFYE	Vinorelbine	Approved	34.0	.	.	.	.	Breast Cancer	ClinicalTrials.gov	Phase 1	.					2
DCBGJ59	DM3BH1Y	Lapatinib	Approved	34.0	DMWMPD4	Vorinostat	Approved	34.0	.	.	.	.	Breast Cancer	ClinicalTrials.gov	Phase 1	.					2
DCEJ7BH	DM3BH1Y	Lapatinib	Approved	34.0	DMTS85L	Capecitabine	Approved	34.0	.	.	.	.	Breast Cancer	ClinicalTrials.gov	Phase 1	.					2
DCHGDDP	DM3BH1Y	Lapatinib	Approved	34.0	DMH07Y3	Letrozole	Approved	34.0	.	.	.	.	Neoplasms, Breast	ClinicalTrials.gov	Phase 1	.					2
DCIZGA3	DM3BH1Y	Lapatinib	Approved	34.0	DM58WKG	Panobinostat	Approved	34.0	.	.	.	.	Breast Cancer	ClinicalTrials.gov	Phase 1	.					2
DCKK4B7	DM3BH1Y	Lapatinib	Approved	34.0	DMH07Y3	Letrozole	Approved	34.0	.	.	.	.	Breast Neoplasms	ClinicalTrials.gov	Phase 1	.					2
DCMTEK5	DM3BH1Y	Lapatinib	Approved	34.0	DMXOELT	Midazolam	Approved	34.0	.	.	.	.	Neoplasms, Breast	ClinicalTrials.gov	Phase 1	.					2
DCZA7XF	DM3BH1Y	Lapatinib	Approved	34.0	DM9HPW3	Exemestane	Approved	34.0	.	.	.	.	Breast Cancer	ClinicalTrials.gov	Phase 1	.					2
DCN0E7E	DM3BH1Y	Lapatinib	Approved	34.0	DM27D4J	PD-0325901	Phase 2	21.0	.	.	.	.	Breast and ovarian cancer syndrome	JAAKS Dataset	Investigative	UWB1289	14.85	14.21	18.38	19.1	2
DCL98IZ	DM3BH1Y	Lapatinib	Approved	34.0	DM27D4J	PD-0325901	Phase 2	21.0	.	.	.	.	Breast and ovarian cancer syndrome	JAAKS Dataset	Investigative	UWB1289+BRCA1	1.61	0.83	5.16	5.81	2
DCZY7TD	DM3BH1Y	Lapatinib	Approved	34.0	DM27D4J	PD-0325901	Phase 2	21.0	.	.	.	.	Breast carcinoma	JAAKS Dataset	Investigative	ZR751	1.04	3.11	17.49	18.13	2
DC909I2	DM3BH1Y	Lapatinib	Approved	34.0	DM27D4J	PD-0325901	Phase 2	21.0	.	.	.	.	Breast carcinoma	JAAKS Dataset	Investigative	KPL1	19.12	18.92	19.88	20.11	2
DCBGYAK	DM3BH1Y	Lapatinib	Approved	34.0	DM27D4J	PD-0325901	Phase 2	21.0	.	.	.	.	Breast carcinoma	JAAKS Dataset	Investigative	OCUBM	39.72	30.48	30.69	32.13	2
DC1B2O2	DM3BH1Y	Lapatinib	Approved	34.0	DM3WDZ5	MK-1775	Phase 2	21.0	.	.	.	.	Breast and ovarian cancer syndrome	JAAKS Dataset	Investigative	UWB1289+BRCA1	2.52	4.49	0.0	9.72	2
DCG942Q	DM3BH1Y	Lapatinib	Approved	34.0	DM3WDZ5	MK-1775	Phase 2	21.0	.	.	.	.	Breast carcinoma	JAAKS Dataset	Investigative	KPL1	2.4	5.37	2.19	9.61	2
DCBE7MQ	DM3BH1Y	Lapatinib	Approved	34.0	DM3WDZ5	MK-1775	Phase 2	21.0	.	.	.	.	Breast carcinoma	JAAKS Dataset	Investigative	OCUBM	4.47	4.43	1.22	11.45	2
DCEO6IL	DM3BH1Y	Lapatinib	Approved	34.0	DM62QTW	RTB101	Phase 3	25.0	.	.	.	.	Breast and ovarian cancer syndrome	JAAKS Dataset	Investigative	UWB1289	7.57	7.0	10.42	13.21	2
DCTPC9J	DM3BH1Y	Lapatinib	Approved	34.0	DM62QTW	RTB101	Phase 3	25.0	.	.	.	.	Breast and ovarian cancer syndrome	JAAKS Dataset	Investigative	UWB1289+BRCA1	11.46	11.41	15.41	18.76	2
DCARH2D	DM3BH1Y	Lapatinib	Approved	34.0	DM62QTW	RTB101	Phase 3	25.0	.	.	.	.	Breast carcinoma	JAAKS Dataset	Investigative	ZR751	1.13	0.33	3.67	11.85	2
DCE9R98	DM3BH1Y	Lapatinib	Approved	34.0	DM62QTW	RTB101	Phase 3	25.0	.	.	.	.	Breast carcinoma	JAAKS Dataset	Investigative	KPL1	0.26	2.01	2.95	6.5	2
DC8PAWZ	DM3BH1Y	Lapatinib	Approved	34.0	DM62QTW	RTB101	Phase 3	25.0	.	.	.	.	Breast carcinoma	JAAKS Dataset	Investigative	OCUBM	5.41	5.35	11.65	14.24	2
DCCLPD0	DM3BH1Y	Lapatinib	Approved	34.0	DM67EMK	SCH-900776	Phase 2	21.0	.	.	.	.	Breast and ovarian cancer syndrome	JAAKS Dataset	Investigative	UWB1289+BRCA1	2.41	0.58	4.47	2.06	2
DCCZ72M	DM3BH1Y	Lapatinib	Approved	34.0	DM67EMK	SCH-900776	Phase 2	21.0	.	.	.	.	Breast carcinoma	JAAKS Dataset	Investigative	KPL1	3.34	3.7	2.92	8.43	2
DC3V4IY	DM3BH1Y	Lapatinib	Approved	34.0	DM67EMK	SCH-900776	Phase 2	21.0	.	.	.	.	Breast carcinoma	JAAKS Dataset	Investigative	OCUBM	0.49	0.42	3.13	9.96	2
DCMK5L0	DM3BH1Y	Lapatinib	Approved	34.0	DM9WLN4	10-hydroxycamptothecin	Investigative	0.0	.	.	.	.	Breast and ovarian cancer syndrome	JAAKS Dataset	Investigative	UWB1289	1.03	1.1	4.81	7.78	2
DCMVN2J	DM3BH1Y	Lapatinib	Approved	34.0	DM9WLN4	10-hydroxycamptothecin	Investigative	0.0	.	.	.	.	Breast and ovarian cancer syndrome	JAAKS Dataset	Investigative	UWB1289+BRCA1	4.6	5.04	9.9	11.0	2
DCYY5QV	DM3BH1Y	Lapatinib	Approved	34.0	DM9WLN4	10-hydroxycamptothecin	Investigative	0.0	.	.	.	.	Breast carcinoma	JAAKS Dataset	Investigative	KPL1	7.15	8.12	9.94	11.26	2
DCABNXY	DM3BH1Y	Lapatinib	Approved	34.0	DM9WLN4	10-hydroxycamptothecin	Investigative	0.0	.	.	.	.	Breast carcinoma	JAAKS Dataset	Investigative	OCUBM	1.31	1.12	5.07	8.39	2
DCNAMUN	DM3BH1Y	Lapatinib	Approved	34.0	DMB5A80	SNX-2112	Investigative	0.0	.	.	.	.	Breast and ovarian cancer syndrome	JAAKS Dataset	Investigative	UWB1289	6.18	1.44	0.04	2.35	2
DCZM7L6	DM3BH1Y	Lapatinib	Approved	34.0	DMB5A80	SNX-2112	Investigative	0.0	.	.	.	.	Breast and ovarian cancer syndrome	JAAKS Dataset	Investigative	UWB1289+BRCA1	4.65	5.58	2.6	7.24	2
DC6WQ5P	DM3BH1Y	Lapatinib	Approved	34.0	DMB5A80	SNX-2112	Investigative	0.0	.	.	.	.	Breast carcinoma	JAAKS Dataset	Investigative	KPL1	3.25	3.11	4.49	7.9	2
DCD6B4L	DM3BH1Y	Lapatinib	Approved	34.0	DMCMBHA	Erlotinib	Approved	34.0	.	.	.	.	Breast and ovarian cancer syndrome	JAAKS Dataset	Investigative	UWB1289	5.69	5.84	8.51	12.58	2
DCE34OB	DM3BH1Y	Lapatinib	Approved	34.0	DMCMBHA	Erlotinib	Approved	34.0	.	.	.	.	Breast and ovarian cancer syndrome	JAAKS Dataset	Investigative	UWB1289+BRCA1	2.58	3.48	10.52	12.75	2
DCRZWQR	DM3BH1Y	Lapatinib	Approved	34.0	DMCMBHA	Erlotinib	Approved	34.0	.	.	.	.	Breast carcinoma	JAAKS Dataset	Investigative	OCUBM	3.16	2.99	5.08	8.71	2
DCWIP4F	DM3BH1Y	Lapatinib	Approved	34.0	DMFGYKS	MK-5108	Phase 1	17.0	.	.	.	.	Breast and ovarian cancer syndrome	JAAKS Dataset	Investigative	UWB1289	1.43	2.43	5.16	9.06	2
DC857MR	DM3BH1Y	Lapatinib	Approved	34.0	DMFGYKS	MK-5108	Phase 1	17.0	.	.	.	.	Breast and ovarian cancer syndrome	JAAKS Dataset	Investigative	UWB1289+BRCA1	1.44	1.17	4.46	8.12	2
DCJ3GIX	DM3BH1Y	Lapatinib	Approved	34.0	DMFGYKS	MK-5108	Phase 1	17.0	.	.	.	.	Breast carcinoma	JAAKS Dataset	Investigative	OCUBM	1.19	0.8	7.18	9.66	2
DCWAAUK	DM3BH1Y	Lapatinib	Approved	34.0	DMLHEU7	Ridaforolimus	Phase 3	25.0	.	.	.	.	Breast and ovarian cancer syndrome	JAAKS Dataset	Investigative	UWB1289	4.55	4.03	1.77	6.19	2
DC8HVA8	DM3BH1Y	Lapatinib	Approved	34.0	DMLHEU7	Ridaforolimus	Phase 3	25.0	.	.	.	.	Breast and ovarian cancer syndrome	JAAKS Dataset	Investigative	UWB1289+BRCA1	2.33	1.08	0.08	4.22	2
DCY0OS1	DM3BH1Y	Lapatinib	Approved	34.0	DMLHEU7	Ridaforolimus	Phase 3	25.0	.	.	.	.	Breast carcinoma	JAAKS Dataset	Investigative	KPL1	6.24	5.12	2.51	5.59	2
DCMP7O2	DM3BH1Y	Lapatinib	Approved	34.0	DMLHEU7	Ridaforolimus	Phase 3	25.0	.	.	.	.	Breast carcinoma	JAAKS Dataset	Investigative	OCUBM	2.27	3.05	3.92	7.42	2
DCG9MUY	DM3BH1Y	Lapatinib	Approved	34.0	DMLYGH4	MK-4827	Phase 3	25.0	.	.	.	.	Breast and ovarian cancer syndrome	JAAKS Dataset	Investigative	UWB1289	0.72	3.25	7.36	9.17	2
DCROE3V	DM3BH1Y	Lapatinib	Approved	34.0	DMLYGH4	MK-4827	Phase 3	25.0	.	.	.	.	Breast and ovarian cancer syndrome	JAAKS Dataset	Investigative	UWB1289+BRCA1	2.19	5.59	11.21	12.29	2
DCS3PIE	DM3BH1Y	Lapatinib	Approved	34.0	DMLYGH4	MK-4827	Phase 3	25.0	.	.	.	.	Breast carcinoma	JAAKS Dataset	Investigative	KPL1	10.68	10.88	11.99	13.77	2
DCMC3RW	DM3BH1Y	Lapatinib	Approved	34.0	DMLYGH4	MK-4827	Phase 3	25.0	.	.	.	.	Breast carcinoma	JAAKS Dataset	Investigative	OCUBM	8.47	7.98	17.59	18.84	2
DCXQM7K	DM3BH1Y	Lapatinib	Approved	34.0	DMMWSUL	Lomustine	Approved	34.0	.	.	.	.	Breast and ovarian cancer syndrome	JAAKS Dataset	Investigative	UWB1289	6.07	6.45	6.09	13.01	2
DCYLA46	DM3BH1Y	Lapatinib	Approved	34.0	DMMWSUL	Lomustine	Approved	34.0	.	.	.	.	Breast carcinoma	JAAKS Dataset	Investigative	OCUBM	2.07	1.59	0.96	8.2	2
DCEKXFJ	DM3BH1Y	Lapatinib	Approved	34.0	DMNO38U	Bortezomib	Approved	34.0	.	.	.	.	Breast and ovarian cancer syndrome	JAAKS Dataset	Investigative	UWB1289+BRCA1	3.99	3.61	0.88	4.63	2
DC5BCWW	DM3BH1Y	Lapatinib	Approved	34.0	DMNO38U	Bortezomib	Approved	34.0	.	.	.	.	Breast carcinoma	JAAKS Dataset	Investigative	KPL1	2.11	2.07	1.17	3.66	2
DCZYH53	DM3BH1Y	Lapatinib	Approved	34.0	DMPAWBN	GSK525762	Phase 1	17.0	.	.	.	.	Breast and ovarian cancer syndrome	JAAKS Dataset	Investigative	UWB1289	3.1	2.87	1.3	4.96	2
DC711JG	DM3BH1Y	Lapatinib	Approved	34.0	DMPAWBN	GSK525762	Phase 1	17.0	.	.	.	.	Breast and ovarian cancer syndrome	JAAKS Dataset	Investigative	UWB1289+BRCA1	4.21	4.87	3.3	4.96	2
DCLK50I	DM3BH1Y	Lapatinib	Approved	34.0	DMPAWBN	GSK525762	Phase 1	17.0	.	.	.	.	Breast carcinoma	JAAKS Dataset	Investigative	KPL1	0.44	6.62	0.64	8.67	2
DC7ALR8	DM3BH1Y	Lapatinib	Approved	34.0	DMS8IFC	Sorafenib	Approved	34.0	.	.	.	.	Breast and ovarian cancer syndrome	JAAKS Dataset	Investigative	UWB1289	3.97	3.77	3.25	9.21	2
DCR4SGU	DM3BH1Y	Lapatinib	Approved	34.0	DMS8IFC	Sorafenib	Approved	34.0	.	.	.	.	Breast and ovarian cancer syndrome	JAAKS Dataset	Investigative	UWB1289+BRCA1	5.79	5.35	5.84	11.51	2
DC9KZXQ	DM3BH1Y	Lapatinib	Approved	34.0	DMS8IFC	Sorafenib	Approved	34.0	.	.	.	.	Breast carcinoma	JAAKS Dataset	Investigative	ZR751	13.01	4.13	14.37	17.89	2
DCA2IP7	DM3BH1Y	Lapatinib	Approved	34.0	DMS8IFC	Sorafenib	Approved	34.0	.	.	.	.	Breast carcinoma	JAAKS Dataset	Investigative	KPL1	5.15	5.22	2.75	9.15	2
DCUW80A	DM3BH1Y	Lapatinib	Approved	34.0	DMS8IFC	Sorafenib	Approved	34.0	.	.	.	.	Breast carcinoma	JAAKS Dataset	Investigative	OCUBM	4.27	4.04	9.08	13.83	2
DC3R796	DM3BH1Y	Lapatinib	Approved	34.0	DMT1OZ6	MK-2206	Phase 2	21.0	.	.	.	.	Breast and ovarian cancer syndrome	JAAKS Dataset	Investigative	UWB1289	3.82	3.53	4.85	8.82	2
DCT0I92	DM3BH1Y	Lapatinib	Approved	34.0	DMT1OZ6	MK-2206	Phase 2	21.0	.	.	.	.	Breast and ovarian cancer syndrome	JAAKS Dataset	Investigative	UWB1289+BRCA1	3.24	4.52	6.97	9.92	2
DCAYZK0	DM3BH1Y	Lapatinib	Approved	34.0	DMT1OZ6	MK-2206	Phase 2	21.0	.	.	.	.	Breast carcinoma	JAAKS Dataset	Investigative	ZR751	1.13	2.12	14.81	15.82	2
DC7IBU4	DM3BH1Y	Lapatinib	Approved	34.0	DMT1OZ6	MK-2206	Phase 2	21.0	.	.	.	.	Breast carcinoma	JAAKS Dataset	Investigative	KPL1	9.32	9.28	10.12	15.2	2
DCSKIAU	DM3BH1Y	Lapatinib	Approved	34.0	DMT1OZ6	MK-2206	Phase 2	21.0	.	.	.	.	Breast carcinoma	JAAKS Dataset	Investigative	OCUBM	12.68	10.84	16.3	19.04	2
DC1AOH0	DM3BH1Y	Lapatinib	Approved	34.0	DMWMPD4	Vorinostat	Approved	34.0	.	.	.	.	Breast carcinoma	JAAKS Dataset	Investigative	ZR751	1.04	0.88	12.85	15.31	2
DCOGIEF	DM3BH1Y	Lapatinib	Approved	34.0	DMWMPD4	Vorinostat	Approved	34.0	.	.	.	.	Breast carcinoma	JAAKS Dataset	Investigative	KPL1	0.31	3.34	5.85	8.07	2
DC7YAUN	DM3BH1Y	Lapatinib	Approved	34.0	DMWMPD4	Vorinostat	Approved	34.0	.	.	.	.	Breast carcinoma	JAAKS Dataset	Investigative	OCUBM	1.56	1.43	12.71	14.36	2
DCRL7YN	DM3BH1Y	Lapatinib	Approved	34.0	DMJV2EK	Dasatinib	Investigative	0.0	.	.	.	.	Breast and ovarian cancer syndrome	JAAKS Dataset	Investigative	UWB1289	3.33	2.57	6.6	8.96	2
DCZE45W	DM3BH1Y	Lapatinib	Approved	34.0	DMJV2EK	Dasatinib	Investigative	0.0	.	.	.	.	Breast and ovarian cancer syndrome	JAAKS Dataset	Investigative	UWB1289+BRCA1	2.41	1.81	6.13	8.72	2
DCDBPDI	DM3BH1Y	Lapatinib	Approved	34.0	DMJV2EK	Dasatinib	Investigative	0.0	.	.	.	.	Breast carcinoma	JAAKS Dataset	Investigative	KPL1	7.44	9.04	6.76	10.65	2
DC20MCK	DM3BH1Y	Lapatinib	Approved	34.0	DMJV2EK	Dasatinib	Investigative	0.0	.	.	.	.	Breast carcinoma	JAAKS Dataset	Investigative	OCUBM	18.31	15.16	17.54	20.0	2
DCRF46C	DMH0ZJE	Mitomycin	Approved	34.0	DM27D4J	PD-0325901	Phase 2	21.0	.	.	.	.	Breast and ovarian cancer syndrome	JAAKS Dataset	Investigative	UWB1289+BRCA1	9.36	10.69	13.1	13.93	2
DCV7GWW	DMH0ZJE	Mitomycin	Approved	34.0	DM27D4J	PD-0325901	Phase 2	21.0	.	.	.	.	Breast carcinoma	JAAKS Dataset	Investigative	KPL1	6.4	7.62	6.29	9.14	2
DCB0N4P	DMH0ZJE	Mitomycin	Approved	34.0	DM27D4J	PD-0325901	Phase 2	21.0	.	.	.	.	Breast carcinoma	JAAKS Dataset	Investigative	OCUBM	14.01	13.75	13.02	19.08	2
DCZY3EK	DMH0ZJE	Mitomycin	Approved	34.0	DM3BH1Y	Lapatinib	Approved	34.0	.	.	.	.	Breast and ovarian cancer syndrome	JAAKS Dataset	Investigative	UWB1289	3.4	4.73	6.86	10.61	2
DC2S0N8	DMH0ZJE	Mitomycin	Approved	34.0	DM3BH1Y	Lapatinib	Approved	34.0	.	.	.	.	Breast and ovarian cancer syndrome	JAAKS Dataset	Investigative	UWB1289+BRCA1	9.1	11.1	12.73	14.98	2
DC4MJ2N	DMH0ZJE	Mitomycin	Approved	34.0	DM3BH1Y	Lapatinib	Approved	34.0	.	.	.	.	Breast carcinoma	JAAKS Dataset	Investigative	KPL1	1.3	1.49	3.36	5.69	2
DCDSM28	DMH0ZJE	Mitomycin	Approved	34.0	DM3BH1Y	Lapatinib	Approved	34.0	.	.	.	.	Breast carcinoma	JAAKS Dataset	Investigative	OCUBM	1.75	1.56	7.78	10.24	2
DC7RKW8	DMH0ZJE	Mitomycin	Approved	34.0	DM3WDZ5	MK-1775	Phase 2	21.0	.	.	.	.	Breast and ovarian cancer syndrome	JAAKS Dataset	Investigative	UWB1289+BRCA1	3.94	5.46	6.05	8.84	2
DCATEAT	DMH0ZJE	Mitomycin	Approved	34.0	DM3WDZ5	MK-1775	Phase 2	21.0	.	.	.	.	Breast carcinoma	JAAKS Dataset	Investigative	OCUBM	6.77	6.2	4.58	10.32	2
DCQRF0C	DMH0ZJE	Mitomycin	Approved	34.0	DM4DOUB	PMID28460551-Compound-2	Patented	15.5	.	.	.	.	Breast and ovarian cancer syndrome	JAAKS Dataset	Investigative	UWB1289	3.65	3.51	5.64	9.75	2
DC6240I	DMH0ZJE	Mitomycin	Approved	34.0	DM4DOUB	PMID28460551-Compound-2	Patented	15.5	.	.	.	.	Breast and ovarian cancer syndrome	JAAKS Dataset	Investigative	UWB1289+BRCA1	1.67	3.61	4.43	7.2	2
DCNV46K	DMH0ZJE	Mitomycin	Approved	34.0	DM4DOUB	PMID28460551-Compound-2	Patented	15.5	.	.	.	.	Breast carcinoma	JAAKS Dataset	Investigative	OCUBM	6.8	7.15	5.77	10.12	2
DCK8MUW	DMH0ZJE	Mitomycin	Approved	34.0	DM62QTW	RTB101	Phase 3	25.0	.	.	.	.	Breast and ovarian cancer syndrome	JAAKS Dataset	Investigative	UWB1289+BRCA1	9.06	9.98	6.54	13.73	2
DCOHUWC	DMH0ZJE	Mitomycin	Approved	34.0	DM62QTW	RTB101	Phase 3	25.0	.	.	.	.	Breast carcinoma	JAAKS Dataset	Investigative	KPL1	2.32	1.97	0.17	10.06	2
DCVYJ9L	DMH0ZJE	Mitomycin	Approved	34.0	DM62QTW	RTB101	Phase 3	25.0	.	.	.	.	Breast carcinoma	JAAKS Dataset	Investigative	OCUBM	1.84	1.75	4.09	7.73	2
DCKNSXS	DMH0ZJE	Mitomycin	Approved	34.0	DM67EMK	SCH-900776	Phase 2	21.0	.	.	.	.	Breast and ovarian cancer syndrome	JAAKS Dataset	Investigative	UWB1289	6.84	4.64	5.6	9.53	2
DCQ8SDD	DMH0ZJE	Mitomycin	Approved	34.0	DM67EMK	SCH-900776	Phase 2	21.0	.	.	.	.	Breast and ovarian cancer syndrome	JAAKS Dataset	Investigative	UWB1289+BRCA1	9.85	9.47	5.6	9.3	2
DC3DMYF	DMH0ZJE	Mitomycin	Approved	34.0	DM67EMK	SCH-900776	Phase 2	21.0	.	.	.	.	Breast carcinoma	JAAKS Dataset	Investigative	OCUBM	16.31	16.57	17.72	22.38	2
DCOFTQF	DMH0ZJE	Mitomycin	Approved	34.0	DMB5A80	SNX-2112	Investigative	0.0	.	.	.	.	Breast and ovarian cancer syndrome	JAAKS Dataset	Investigative	UWB1289	18.33	15.14	2.92	17.21	2
DCXWZ7S	DMH0ZJE	Mitomycin	Approved	34.0	DMB5A80	SNX-2112	Investigative	0.0	.	.	.	.	Breast and ovarian cancer syndrome	JAAKS Dataset	Investigative	UWB1289+BRCA1	4.87	5.94	1.2	6.36	2
DCZISN6	DMH0ZJE	Mitomycin	Approved	34.0	DMB5A80	SNX-2112	Investigative	0.0	.	.	.	.	Breast carcinoma	JAAKS Dataset	Investigative	OCUBM	8.53	9.07	3.26	10.68	2
DC4HDUC	DMH0ZJE	Mitomycin	Approved	34.0	DMCJLD1	SCH 727965	Discontinued in Phase 3	9.0	.	.	.	.	Breast and ovarian cancer syndrome	JAAKS Dataset	Investigative	UWB1289+BRCA1	3.72	4.24	8.6	9.7	2
DCUWVQD	DMH0ZJE	Mitomycin	Approved	34.0	DMCJLD1	SCH 727965	Discontinued in Phase 3	9.0	.	.	.	.	Breast carcinoma	JAAKS Dataset	Investigative	KPL1	0.39	0.36	7.95	11.08	2
DCNZ0YD	DMH0ZJE	Mitomycin	Approved	34.0	DMCJLD1	SCH 727965	Discontinued in Phase 3	9.0	.	.	.	.	Breast carcinoma	JAAKS Dataset	Investigative	OCUBM	2.26	3.37	6.39	10.72	2
DCFNYLH	DMH0ZJE	Mitomycin	Approved	34.0	DMCMBHA	Erlotinib	Approved	34.0	.	.	.	.	Breast and ovarian cancer syndrome	JAAKS Dataset	Investigative	UWB1289+BRCA1	4.01	7.53	8.39	11.86	2
DCW5EAA	DMH0ZJE	Mitomycin	Approved	34.0	DMFGYKS	MK-5108	Phase 1	17.0	.	.	.	.	Breast and ovarian cancer syndrome	JAAKS Dataset	Investigative	UWB1289+BRCA1	8.38	8.02	9.47	11.93	2
DCK57KE	DMH0ZJE	Mitomycin	Approved	34.0	DMLHEU7	Ridaforolimus	Phase 3	25.0	.	.	.	.	Breast and ovarian cancer syndrome	JAAKS Dataset	Investigative	UWB1289	4.57	4.21	3.02	7.04	2
DCLB655	DMH0ZJE	Mitomycin	Approved	34.0	DMLHEU7	Ridaforolimus	Phase 3	25.0	.	.	.	.	Breast and ovarian cancer syndrome	JAAKS Dataset	Investigative	UWB1289+BRCA1	5.15	6.63	1.29	7.37	2
DCALZ0F	DMH0ZJE	Mitomycin	Approved	34.0	DMLHEU7	Ridaforolimus	Phase 3	25.0	.	.	.	.	Breast carcinoma	JAAKS Dataset	Investigative	OCUBM	4.71	4.25	1.66	6.72	2
DCC21YY	DMH0ZJE	Mitomycin	Approved	34.0	DMLYGH4	MK-4827	Phase 3	25.0	.	.	.	.	Breast and ovarian cancer syndrome	JAAKS Dataset	Investigative	UWB1289	2.13	1.28	8.23	9.83	2
DCGI4KS	DMH0ZJE	Mitomycin	Approved	34.0	DMLYGH4	MK-4827	Phase 3	25.0	.	.	.	.	Breast and ovarian cancer syndrome	JAAKS Dataset	Investigative	UWB1289+BRCA1	1.72	4.16	7.15	8.46	2
DC6ZSD4	DMH0ZJE	Mitomycin	Approved	34.0	DMLYGH4	MK-4827	Phase 3	25.0	.	.	.	.	Breast carcinoma	JAAKS Dataset	Investigative	KPL1	9.36	12.83	15.13	19.22	2
DC5EIKS	DMH0ZJE	Mitomycin	Approved	34.0	DMLYGH4	MK-4827	Phase 3	25.0	.	.	.	.	Breast carcinoma	JAAKS Dataset	Investigative	OCUBM	1.27	0.07	4.23	6.84	2
DC7FHVJ	DMH0ZJE	Mitomycin	Approved	34.0	DMM0XGL	Idarubicin	Approved	34.0	.	.	.	.	Breast and ovarian cancer syndrome	JAAKS Dataset	Investigative	UWB1289+BRCA1	4.85	5.42	6.25	9.17	2
DCEA8TE	DMH0ZJE	Mitomycin	Approved	34.0	DMNO38U	Bortezomib	Approved	34.0	.	.	.	.	Breast and ovarian cancer syndrome	JAAKS Dataset	Investigative	UWB1289+BRCA1	0.06	5.57	3.86	6.16	2
DCSPHOB	DMH0ZJE	Mitomycin	Approved	34.0	DMPAWBN	GSK525762	Phase 1	17.0	.	.	.	.	Breast and ovarian cancer syndrome	JAAKS Dataset	Investigative	UWB1289	7.23	8.73	7.3	11.21	2
DCET7BG	DMH0ZJE	Mitomycin	Approved	34.0	DMPAWBN	GSK525762	Phase 1	17.0	.	.	.	.	Breast and ovarian cancer syndrome	JAAKS Dataset	Investigative	UWB1289+BRCA1	5.53	12.26	10.1	11.87	2
DC7VVBH	DMH0ZJE	Mitomycin	Approved	34.0	DMPAWBN	GSK525762	Phase 1	17.0	.	.	.	.	Breast carcinoma	JAAKS Dataset	Investigative	KPL1	1.78	4.74	2.97	8.6	2
DCG8LIY	DMH0ZJE	Mitomycin	Approved	34.0	DMRHGI9	Cisplatin	Approved	34.0	.	.	.	.	Breast adenocarcinoma	JAAKS Dataset	Investigative	MDA-MB-468	2.43	3.22	1.22	4.62	2
DCX0W2S	DMH0ZJE	Mitomycin	Approved	34.0	DMS8IFC	Sorafenib	Approved	34.0	.	.	.	.	Breast and ovarian cancer syndrome	JAAKS Dataset	Investigative	UWB1289+BRCA1	1.16	2.83	2.53	5.56	2
DC59EHQ	DMH0ZJE	Mitomycin	Approved	34.0	DMSG91J	ER819762	Investigative	0.0	.	.	.	.	Breast adenocarcinoma	JAAKS Dataset	Investigative	MDA-MB-468	1.21	2.8	0.55	0.48	2
DC2FZ1C	DMH0ZJE	Mitomycin	Approved	34.0	DMT1OZ6	MK-2206	Phase 2	21.0	.	.	.	.	Breast and ovarian cancer syndrome	JAAKS Dataset	Investigative	UWB1289+BRCA1	0.22	8.0	9.67	11.43	2
DCXG3UA	DMH0ZJE	Mitomycin	Approved	34.0	DMT1OZ6	MK-2206	Phase 2	21.0	.	.	.	.	Breast carcinoma	JAAKS Dataset	Investigative	KPL1	5.75	5.58	13.08	15.6	2
DCWZZDQ	DMH0ZJE	Mitomycin	Approved	34.0	DMT1OZ6	MK-2206	Phase 2	21.0	.	.	.	.	Breast carcinoma	JAAKS Dataset	Investigative	OCUBM	0.58	0.69	1.89	5.92	2
DCCIMFE	DMH0ZJE	Mitomycin	Approved	34.0	DMJV2EK	Dasatinib	Investigative	0.0	.	.	.	.	Breast and ovarian cancer syndrome	JAAKS Dataset	Investigative	UWB1289+BRCA1	2.1	1.4	2.0	4.43	2
DCUS90H	DMH0ZJE	Mitomycin	Approved	34.0	DMJV2EK	Dasatinib	Investigative	0.0	.	.	.	.	Breast carcinoma	JAAKS Dataset	Investigative	KPL1	6.14	6.18	9.15	10.83	2
DCML89V	DMH0ZJE	Mitomycin	Approved	34.0	DMJV2EK	Dasatinib	Investigative	0.0	.	.	.	.	Breast carcinoma	JAAKS Dataset	Investigative	OCUBM	5.11	5.62	3.79	8.32	2
DC0JL94	DMNH3PG	Etoposide	Phase 2 Trial	21.0	DM27D4J	PD-0325901	Phase 2	21.0	.	.	.	.	Breast and ovarian cancer syndrome	JAAKS Dataset	Investigative	UWB1289	3.99	3.62	9.75	10.54	2
DCP2BVK	DMNH3PG	Etoposide	Phase 2 Trial	21.0	DM27D4J	PD-0325901	Phase 2	21.0	.	.	.	.	Breast carcinoma	JAAKS Dataset	Investigative	ZR751	1.0	0.77	11.77	12.65	2
DCYBN4X	DMNH3PG	Etoposide	Phase 2 Trial	21.0	DM27D4J	PD-0325901	Phase 2	21.0	.	.	.	.	Breast carcinoma	JAAKS Dataset	Investigative	KPL1	8.61	9.98	10.89	13.36	2
DCIBB8E	DMNH3PG	Etoposide	Phase 2 Trial	21.0	DM27D4J	PD-0325901	Phase 2	21.0	.	.	.	.	Breast carcinoma	JAAKS Dataset	Investigative	OCUBM	5.95	6.3	5.7	11.24	2
DCJUJ4V	DMNH3PG	Etoposide	Phase 2 Trial	21.0	DM3BH1Y	Lapatinib	Approved	34.0	.	.	.	.	Breast and ovarian cancer syndrome	JAAKS Dataset	Investigative	UWB1289	1.72	0.82	3.31	6.68	2
DCWLF6D	DMNH3PG	Etoposide	Phase 2 Trial	21.0	DM3BH1Y	Lapatinib	Approved	34.0	.	.	.	.	Breast and ovarian cancer syndrome	JAAKS Dataset	Investigative	UWB1289+BRCA1	5.81	7.32	3.02	10.83	2
DCNL6VW	DMNH3PG	Etoposide	Phase 2 Trial	21.0	DM3BH1Y	Lapatinib	Approved	34.0	.	.	.	.	Breast carcinoma	JAAKS Dataset	Investigative	ZR751	0.93	0.84	11.7	12.87	2
DC2JMJ4	DMNH3PG	Etoposide	Phase 2 Trial	21.0	DM3BH1Y	Lapatinib	Approved	34.0	.	.	.	.	Breast carcinoma	JAAKS Dataset	Investigative	OCUBM	0.86	0.36	5.66	8.37	2
DCTEUUY	DMNH3PG	Etoposide	Phase 2 Trial	21.0	DM3WDZ5	MK-1775	Phase 2	21.0	.	.	.	.	Breast and ovarian cancer syndrome	JAAKS Dataset	Investigative	UWB1289+BRCA1	0.55	9.64	11.13	12.58	2
DCK7Y1K	DMNH3PG	Etoposide	Phase 2 Trial	21.0	DM3WDZ5	MK-1775	Phase 2	21.0	.	.	.	.	Breast carcinoma	JAAKS Dataset	Investigative	OCUBM	3.72	2.67	0.66	7.05	2
DC3QO8T	DMNH3PG	Etoposide	Phase 2 Trial	21.0	DM4DOUB	PMID28460551-Compound-2	Patented	15.5	.	.	.	.	Breast and ovarian cancer syndrome	JAAKS Dataset	Investigative	UWB1289	5.67	5.38	8.05	11.72	2
DCK6UYC	DMNH3PG	Etoposide	Phase 2 Trial	21.0	DM4DOUB	PMID28460551-Compound-2	Patented	15.5	.	.	.	.	Breast and ovarian cancer syndrome	JAAKS Dataset	Investigative	UWB1289+BRCA1	7.38	10.45	6.96	13.6	2
DCVZIYM	DMNH3PG	Etoposide	Phase 2 Trial	21.0	DM4DOUB	PMID28460551-Compound-2	Patented	15.5	.	.	.	.	Breast carcinoma	JAAKS Dataset	Investigative	ZR751	2.77	5.43	6.21	9.43	2
DC7VKRD	DMNH3PG	Etoposide	Phase 2 Trial	21.0	DM4DOUB	PMID28460551-Compound-2	Patented	15.5	.	.	.	.	Breast carcinoma	JAAKS Dataset	Investigative	KPL1	4.51	6.19	6.5	10.85	2
DC2LV0Z	DMNH3PG	Etoposide	Phase 2 Trial	21.0	DM4DOUB	PMID28460551-Compound-2	Patented	15.5	.	.	.	.	Breast carcinoma	JAAKS Dataset	Investigative	OCUBM	5.02	5.1	3.83	8.08	2
DCN1XD8	DMNH3PG	Etoposide	Phase 2 Trial	21.0	DM62QTW	RTB101	Phase 3	25.0	.	.	.	.	Breast carcinoma	JAAKS Dataset	Investigative	ZR751	2.76	1.61	7.05	10.66	2
DCE2347	DMNH3PG	Etoposide	Phase 2 Trial	21.0	DM62QTW	RTB101	Phase 3	25.0	.	.	.	.	Breast carcinoma	JAAKS Dataset	Investigative	OCUBM	0.47	0.25	1.95	6.08	2
DC2ACXA	DMNH3PG	Etoposide	Phase 2 Trial	21.0	DM67EMK	SCH-900776	Phase 2	21.0	.	.	.	.	Breast and ovarian cancer syndrome	JAAKS Dataset	Investigative	UWB1289	2.11	0.81	2.03	5.57	2
DCV1S66	DMNH3PG	Etoposide	Phase 2 Trial	21.0	DM67EMK	SCH-900776	Phase 2	21.0	.	.	.	.	Breast carcinoma	JAAKS Dataset	Investigative	KPL1	0.01	5.8	12.05	13.2	2
DCH03P7	DMNH3PG	Etoposide	Phase 2 Trial	21.0	DMB5A80	SNX-2112	Investigative	0.0	.	.	.	.	Breast and ovarian cancer syndrome	JAAKS Dataset	Investigative	UWB1289	11.17	4.78	3.22	6.79	2
DCW7QH7	DMNH3PG	Etoposide	Phase 2 Trial	21.0	DMB5A80	SNX-2112	Investigative	0.0	.	.	.	.	Breast carcinoma	JAAKS Dataset	Investigative	ZR751	2.91	1.35	8.13	10.25	2
DCXJFJL	DMNH3PG	Etoposide	Phase 2 Trial	21.0	DMCJLD1	SCH 727965	Discontinued in Phase 3	9.0	.	.	.	.	Breast and ovarian cancer syndrome	JAAKS Dataset	Investigative	UWB1289+BRCA1	1.84	2.63	4.62	7.81	2
DCT7JX6	DMNH3PG	Etoposide	Phase 2 Trial	21.0	DMCJLD1	SCH 727965	Discontinued in Phase 3	9.0	.	.	.	.	Breast carcinoma	JAAKS Dataset	Investigative	KPL1	2.14	2.83	3.43	9.59	2
DC6JUJF	DMNH3PG	Etoposide	Phase 2 Trial	21.0	DMCMBHA	Erlotinib	Approved	34.0	.	.	.	.	Breast and ovarian cancer syndrome	JAAKS Dataset	Investigative	UWB1289+BRCA1	3.24	4.63	1.05	8.72	2
DCDGFJ8	DMNH3PG	Etoposide	Phase 2 Trial	21.0	DMCMBHA	Erlotinib	Approved	34.0	.	.	.	.	Breast carcinoma	JAAKS Dataset	Investigative	ZR751	3.75	2.99	8.75	14.82	2
DC7UWCB	DMNH3PG	Etoposide	Phase 2 Trial	21.0	DMCMBHA	Erlotinib	Approved	34.0	.	.	.	.	Breast carcinoma	JAAKS Dataset	Investigative	OCUBM	4.47	2.3	1.75	6.22	2
DC49G70	DMNH3PG	Etoposide	Phase 2 Trial	21.0	DMFGYKS	MK-5108	Phase 1	17.0	.	.	.	.	Breast carcinoma	JAAKS Dataset	Investigative	OCUBM	2.08	1.7	2.2	6.81	2
DCHQFPY	DMNH3PG	Etoposide	Phase 2 Trial	21.0	DMLHEU7	Ridaforolimus	Phase 3	25.0	.	.	.	.	Breast and ovarian cancer syndrome	JAAKS Dataset	Investigative	UWB1289	4.61	4.21	3.3	6.83	2
DCM531A	DMNH3PG	Etoposide	Phase 2 Trial	21.0	DMLHEU7	Ridaforolimus	Phase 3	25.0	.	.	.	.	Breast carcinoma	JAAKS Dataset	Investigative	KPL1	4.86	2.98	1.91	3.27	2
DC58AVR	DMNH3PG	Etoposide	Phase 2 Trial	21.0	DMLHEU7	Ridaforolimus	Phase 3	25.0	.	.	.	.	Breast carcinoma	JAAKS Dataset	Investigative	OCUBM	3.18	3.05	0.77	5.57	2
DC81M3J	DMNH3PG	Etoposide	Phase 2 Trial	21.0	DMLYGH4	MK-4827	Phase 3	25.0	.	.	.	.	Breast carcinoma	JAAKS Dataset	Investigative	KPL1	2.36	8.05	8.05	12.2	2
DCUIRW8	DMNH3PG	Etoposide	Phase 2 Trial	21.0	DMLYGH4	MK-4827	Phase 3	25.0	.	.	.	.	Breast carcinoma	JAAKS Dataset	Investigative	OCUBM	0.75	0.36	4.45	6.88	2
DC2SMMZ	DMNH3PG	Etoposide	Phase 2 Trial	21.0	DMNO38U	Bortezomib	Approved	34.0	.	.	.	.	Breast carcinoma	JAAKS Dataset	Investigative	ZR751	9.47	7.75	12.26	13.58	2
DCDPMRZ	DMNH3PG	Etoposide	Phase 2 Trial	21.0	DMPAWBN	GSK525762	Phase 1	17.0	.	.	.	.	Breast and ovarian cancer syndrome	JAAKS Dataset	Investigative	UWB1289	0.44	2.43	1.75	5.12	2
DC3KZNM	DMNH3PG	Etoposide	Phase 2 Trial	21.0	DMS8IFC	Sorafenib	Approved	34.0	.	.	.	.	Breast carcinoma	JAAKS Dataset	Investigative	ZR751	4.56	1.58	8.46	13.34	2
DC878Q7	DMNH3PG	Etoposide	Phase 2 Trial	21.0	DMS8IFC	Sorafenib	Approved	34.0	.	.	.	.	Breast carcinoma	JAAKS Dataset	Investigative	KPL1	0.67	0.68	0.88	4.91	2
DCNIYJU	DMNH3PG	Etoposide	Phase 2 Trial	21.0	DMT1OZ6	MK-2206	Phase 2	21.0	.	.	.	.	Breast carcinoma	JAAKS Dataset	Investigative	KPL1	1.24	6.65	10.08	12.92	2
DCLALNT	DMNH3PG	Etoposide	Phase 2 Trial	21.0	DMT1OZ6	MK-2206	Phase 2	21.0	.	.	.	.	Breast carcinoma	JAAKS Dataset	Investigative	OCUBM	1.29	1.37	3.21	6.97	2
DCMO17I	DMNH3PG	Etoposide	Phase 2 Trial	21.0	DMJV2EK	Dasatinib	Investigative	0.0	.	.	.	.	Breast carcinoma	JAAKS Dataset	Investigative	KPL1	2.73	8.52	10.37	11.54	2
DC7G497	DMNH3PG	Etoposide	Phase 2 Trial	21.0	DMJV2EK	Dasatinib	Investigative	0.0	.	.	.	.	Breast carcinoma	JAAKS Dataset	Investigative	OCUBM	2.85	2.87	2.96	5.97	2
DC7H8SQ	DMUOT9V	Taxol	Approved	34.0	DM27D4J	PD-0325901	Phase 2	21.0	.	.	.	.	Breast and ovarian cancer syndrome	JAAKS Dataset	Investigative	UWB1289	5.71	9.59	10.48	13.0	2
DC8TCXZ	DMUOT9V	Taxol	Approved	34.0	DM27D4J	PD-0325901	Phase 2	21.0	.	.	.	.	Breast and ovarian cancer syndrome	JAAKS Dataset	Investigative	UWB1289+BRCA1	2.53	0.49	5.27	7.85	2
DCSZTH2	DMUOT9V	Taxol	Approved	34.0	DM27D4J	PD-0325901	Phase 2	21.0	.	.	.	.	Breast carcinoma	JAAKS Dataset	Investigative	ZR751	1.21	2.2	15.57	16.3	2
DCVU9VW	DMUOT9V	Taxol	Approved	34.0	DM27D4J	PD-0325901	Phase 2	21.0	.	.	.	.	Breast carcinoma	JAAKS Dataset	Investigative	OCUBM	4.56	1.04	2.18	6.46	2
DC2SZTT	DMUOT9V	Taxol	Approved	34.0	DM3BH1Y	Lapatinib	Approved	34.0	.	.	.	.	Breast adenocarcinoma	JAAKS Dataset	Investigative	MDA-MB-468	3.48	6.22	6.46	8.09	2
DC4BBTZ	DMUOT9V	Taxol	Approved	34.0	DM3BH1Y	Lapatinib	Approved	34.0	.	.	.	.	Breast and ovarian cancer syndrome	JAAKS Dataset	Investigative	UWB1289	0.96	0.19	1.16	4.21	2
DCXHDLC	DMUOT9V	Taxol	Approved	34.0	DM3BH1Y	Lapatinib	Approved	34.0	.	.	.	.	Breast and ovarian cancer syndrome	JAAKS Dataset	Investigative	UWB1289+BRCA1	1.57	0.18	2.61	5.75	2
DCDKRWE	DMUOT9V	Taxol	Approved	34.0	DM3BH1Y	Lapatinib	Approved	34.0	.	.	.	.	Breast carcinoma	JAAKS Dataset	Investigative	OCUBM	1.76	0.03	8.03	9.86	2
DCSMPA8	DMUOT9V	Taxol	Approved	34.0	DM4DOUB	PMID28460551-Compound-2	Patented	15.5	.	.	.	.	Breast and ovarian cancer syndrome	JAAKS Dataset	Investigative	UWB1289+BRCA1	2.56	1.95	3.49	7.12	2
DCDJ3X0	DMUOT9V	Taxol	Approved	34.0	DM4DOUB	PMID28460551-Compound-2	Patented	15.5	.	.	.	.	Breast carcinoma	JAAKS Dataset	Investigative	OCUBM	6.54	4.97	5.94	8.79	2
DC0T5VG	DMUOT9V	Taxol	Approved	34.0	DM62QTW	RTB101	Phase 3	25.0	.	.	.	.	Breast carcinoma	JAAKS Dataset	Investigative	OCUBM	2.8	1.29	5.47	7.82	2
DCNZ06C	DMUOT9V	Taxol	Approved	34.0	DMB5A80	SNX-2112	Investigative	0.0	.	.	.	.	Breast and ovarian cancer syndrome	JAAKS Dataset	Investigative	UWB1289+BRCA1	4.53	4.23	4.54	6.54	2
DCG6GFK	DMUOT9V	Taxol	Approved	34.0	DMB5A80	SNX-2112	Investigative	0.0	.	.	.	.	Breast carcinoma	JAAKS Dataset	Investigative	OCUBM	29.51	23.11	17.21	25.02	2
DCX0DJT	DMUOT9V	Taxol	Approved	34.0	DMCMBHA	Erlotinib	Approved	34.0	.	.	.	.	Breast carcinoma	JAAKS Dataset	Investigative	OCUBM	4.99	2.45	3.63	6.56	2
DCY402E	DMUOT9V	Taxol	Approved	34.0	DMFGYKS	MK-5108	Phase 1	17.0	.	.	.	.	Breast and ovarian cancer syndrome	JAAKS Dataset	Investigative	UWB1289	5.42	4.57	5.26	9.99	2
DC7Z562	DMUOT9V	Taxol	Approved	34.0	DMFGYKS	MK-5108	Phase 1	17.0	.	.	.	.	Breast and ovarian cancer syndrome	JAAKS Dataset	Investigative	UWB1289+BRCA1	6.76	6.1	6.07	10.97	2
DCU9KRX	DMUOT9V	Taxol	Approved	34.0	DMFGYKS	MK-5108	Phase 1	17.0	.	.	.	.	Breast carcinoma	JAAKS Dataset	Investigative	OCUBM	1.72	0.81	4.5	7.93	2
DCXI2FY	DMUOT9V	Taxol	Approved	34.0	DMLHEU7	Ridaforolimus	Phase 3	25.0	.	.	.	.	Breast and ovarian cancer syndrome	JAAKS Dataset	Investigative	UWB1289+BRCA1	1.06	0.24	0.13	4.1	2
DCWCOXW	DMUOT9V	Taxol	Approved	34.0	DMLYGH4	MK-4827	Phase 3	25.0	.	.	.	.	Breast and ovarian cancer syndrome	JAAKS Dataset	Investigative	UWB1289	2.85	1.54	3.26	5.83	2
DC87280	DMUOT9V	Taxol	Approved	34.0	DMLYGH4	MK-4827	Phase 3	25.0	.	.	.	.	Breast and ovarian cancer syndrome	JAAKS Dataset	Investigative	UWB1289+BRCA1	1.87	2.16	4.04	6.3	2
DCLGQ69	DMUOT9V	Taxol	Approved	34.0	DMLYGH4	MK-4827	Phase 3	25.0	.	.	.	.	Breast carcinoma	JAAKS Dataset	Investigative	KPL1	1.44	1.7	7.19	8.84	2
DCDQW9D	DMUOT9V	Taxol	Approved	34.0	DMLYGH4	MK-4827	Phase 3	25.0	.	.	.	.	Breast carcinoma	JAAKS Dataset	Investigative	OCUBM	2.84	0.58	6.45	7.54	2
DCLTNYH	DMUOT9V	Taxol	Approved	34.0	DMM0XGL	Idarubicin	Approved	34.0	.	.	.	.	Breast and ovarian cancer syndrome	JAAKS Dataset	Investigative	UWB1289+BRCA1	1.53	0.17	0.68	3.82	2
DCCEEJG	DMUOT9V	Taxol	Approved	34.0	DMNO38U	Bortezomib	Approved	34.0	.	.	.	.	Breast and ovarian cancer syndrome	JAAKS Dataset	Investigative	UWB1289	3.21	2.33	0.29	4.19	2
DCCEC9C	DMUOT9V	Taxol	Approved	34.0	DMPAWBN	GSK525762	Phase 1	17.0	.	.	.	.	Breast and ovarian cancer syndrome	JAAKS Dataset	Investigative	UWB1289	8.64	5.87	3.79	7.22	2
DC9T5VT	DMUOT9V	Taxol	Approved	34.0	DMPAWBN	GSK525762	Phase 1	17.0	.	.	.	.	Breast and ovarian cancer syndrome	JAAKS Dataset	Investigative	UWB1289+BRCA1	3.76	2.79	1.0	2.68	2
DC7I2LZ	DMUOT9V	Taxol	Approved	34.0	DMPAWBN	GSK525762	Phase 1	17.0	.	.	.	.	Breast carcinoma	JAAKS Dataset	Investigative	OCUBM	13.36	10.12	6.57	10.84	2
DC45XD8	DMUOT9V	Taxol	Approved	34.0	DMRHGI9	Cisplatin	Approved	34.0	.	.	.	.	Breast adenocarcinoma	JAAKS Dataset	Investigative	MDA-MB-468	0.42	0.56	0.92	2.99	2
DCPZ4TH	DMUOT9V	Taxol	Approved	34.0	DMS8IFC	Sorafenib	Approved	34.0	.	.	.	.	Breast adenocarcinoma	JAAKS Dataset	Investigative	MDA-MB-468	4.0	9.82	9.4	9.4	2
DC37TC3	DMUOT9V	Taxol	Approved	34.0	DMS8IFC	Sorafenib	Approved	34.0	.	.	.	.	Breast carcinoma	JAAKS Dataset	Investigative	ZR751	4.06	0.76	10.61	12.63	2
DCFWXTH	DMUOT9V	Taxol	Approved	34.0	DMT1OZ6	MK-2206	Phase 2	21.0	.	.	.	.	Breast and ovarian cancer syndrome	JAAKS Dataset	Investigative	UWB1289	0.3	0.83	0.2	4.49	2
DCPCV4D	DMUOT9V	Taxol	Approved	34.0	DMT1OZ6	MK-2206	Phase 2	21.0	.	.	.	.	Breast and ovarian cancer syndrome	JAAKS Dataset	Investigative	UWB1289+BRCA1	0.09	1.9	0.98	5.28	2
DCB62J1	DMUOT9V	Taxol	Approved	34.0	DMT1OZ6	MK-2206	Phase 2	21.0	.	.	.	.	Breast carcinoma	JAAKS Dataset	Investigative	OCUBM	4.38	1.76	5.44	7.65	2
DCLDGY4	DMUOT9V	Taxol	Approved	34.0	DMJV2EK	Dasatinib	Investigative	0.0	.	.	.	.	Breast carcinoma	JAAKS Dataset	Investigative	ZR751	2.88	0.97	5.57	6.29	2
DCA3ZY0	DMUOT9V	Taxol	Approved	34.0	DMJV2EK	Dasatinib	Investigative	0.0	.	.	.	.	Breast carcinoma	JAAKS Dataset	Investigative	OCUBM	3.21	3.42	0.78	5.99	2
DC4ME60	DMWTAOI	Estramustine	Approved	34.0	DM27D4J	PD-0325901	Phase 2	21.0	.	.	.	.	Breast and ovarian cancer syndrome	JAAKS Dataset	Investigative	UWB1289	0.38	0.22	4.04	8.26	2
DC1M5U6	DMWTAOI	Estramustine	Approved	34.0	DM27D4J	PD-0325901	Phase 2	21.0	.	.	.	.	Breast and ovarian cancer syndrome	JAAKS Dataset	Investigative	UWB1289+BRCA1	0.64	0.32	1.18	5.86	2
DC9Y4P6	DMWTAOI	Estramustine	Approved	34.0	DM27D4J	PD-0325901	Phase 2	21.0	.	.	.	.	Breast carcinoma	JAAKS Dataset	Investigative	KPL1	4.78	9.89	2.44	7.15	2
DCP63WV	DMWTAOI	Estramustine	Approved	34.0	DM27D4J	PD-0325901	Phase 2	21.0	.	.	.	.	Breast carcinoma	JAAKS Dataset	Investigative	OCUBM	16.23	15.28	8.16	17.24	2
DC53W8K	DMWTAOI	Estramustine	Approved	34.0	DM3BH1Y	Lapatinib	Approved	34.0	.	.	.	.	Breast and ovarian cancer syndrome	JAAKS Dataset	Investigative	UWB1289	2.14	2.61	3.72	8.26	2
DCSKY5K	DMWTAOI	Estramustine	Approved	34.0	DM3BH1Y	Lapatinib	Approved	34.0	.	.	.	.	Breast and ovarian cancer syndrome	JAAKS Dataset	Investigative	UWB1289+BRCA1	1.13	2.25	2.29	6.71	2
DC6X31P	DMWTAOI	Estramustine	Approved	34.0	DM3BH1Y	Lapatinib	Approved	34.0	.	.	.	.	Breast carcinoma	JAAKS Dataset	Investigative	OCUBM	6.73	4.55	3.81	8.38	2
DC8RIYX	DMWTAOI	Estramustine	Approved	34.0	DM3WDZ5	MK-1775	Phase 2	21.0	.	.	.	.	Breast and ovarian cancer syndrome	JAAKS Dataset	Investigative	UWB1289	0.56	0.33	6.76	9.51	2
DC05PAU	DMWTAOI	Estramustine	Approved	34.0	DM3WDZ5	MK-1775	Phase 2	21.0	.	.	.	.	Breast carcinoma	JAAKS Dataset	Investigative	OCUBM	2.19	1.79	0.2	3.54	2
DC7M3ZD	DMWTAOI	Estramustine	Approved	34.0	DM4DOUB	PMID28460551-Compound-2	Patented	15.5	.	.	.	.	Breast adenocarcinoma	JAAKS Dataset	Investigative	MDA-MB-468	3.0	2.31	2.48	4.29	2
DC09MZ4	DMWTAOI	Estramustine	Approved	34.0	DM4DOUB	PMID28460551-Compound-2	Patented	15.5	.	.	.	.	Breast and ovarian cancer syndrome	JAAKS Dataset	Investigative	UWB1289	2.12	1.58	3.34	7.14	2
DCUCCCO	DMWTAOI	Estramustine	Approved	34.0	DM4DOUB	PMID28460551-Compound-2	Patented	15.5	.	.	.	.	Breast and ovarian cancer syndrome	JAAKS Dataset	Investigative	UWB1289+BRCA1	1.74	2.91	2.11	6.92	2
DCIOK9T	DMWTAOI	Estramustine	Approved	34.0	DM4DOUB	PMID28460551-Compound-2	Patented	15.5	.	.	.	.	Breast carcinoma	JAAKS Dataset	Investigative	ZR751	5.83	5.49	6.6	9.49	2
DCS9Q84	DMWTAOI	Estramustine	Approved	34.0	DM4DOUB	PMID28460551-Compound-2	Patented	15.5	.	.	.	.	Breast carcinoma	JAAKS Dataset	Investigative	OCUBM	6.24	7.83	1.39	8.12	2
DCKXMZI	DMWTAOI	Estramustine	Approved	34.0	DM5JVS3	Isoniazid	Approved	34.0	.	.	.	.	Breast adenocarcinoma	JAAKS Dataset	Investigative	MDA-MB-468	11.33	12.21	1.36	10.4	2
DC4XUI4	DMWTAOI	Estramustine	Approved	34.0	DM62QTW	RTB101	Phase 3	25.0	.	.	.	.	Breast and ovarian cancer syndrome	JAAKS Dataset	Investigative	UWB1289	0.39	0.06	5.22	8.34	2
DC3GT33	DMWTAOI	Estramustine	Approved	34.0	DM62QTW	RTB101	Phase 3	25.0	.	.	.	.	Breast and ovarian cancer syndrome	JAAKS Dataset	Investigative	UWB1289+BRCA1	6.62	6.92	8.06	12.08	2
DCNYEZ5	DMWTAOI	Estramustine	Approved	34.0	DM62QTW	RTB101	Phase 3	25.0	.	.	.	.	Breast carcinoma	JAAKS Dataset	Investigative	OCUBM	3.4	4.25	1.03	6.53	2
DCZQZ8O	DMWTAOI	Estramustine	Approved	34.0	DM67EMK	SCH-900776	Phase 2	21.0	.	.	.	.	Breast and ovarian cancer syndrome	JAAKS Dataset	Investigative	UWB1289	1.69	0.8	1.22	5.25	2
DC6PA6A	DMWTAOI	Estramustine	Approved	34.0	DM67EMK	SCH-900776	Phase 2	21.0	.	.	.	.	Breast and ovarian cancer syndrome	JAAKS Dataset	Investigative	UWB1289+BRCA1	3.1	0.29	2.3	1.5	2
DCMVT6M	DMWTAOI	Estramustine	Approved	34.0	DM67EMK	SCH-900776	Phase 2	21.0	.	.	.	.	Breast carcinoma	JAAKS Dataset	Investigative	KPL1	13.02	14.45	2.89	13.16	2
DCTOA3M	DMWTAOI	Estramustine	Approved	34.0	DM67EMK	SCH-900776	Phase 2	21.0	.	.	.	.	Breast carcinoma	JAAKS Dataset	Investigative	OCUBM	16.72	17.2	17.66	19.55	2
DCZVNDY	DMWTAOI	Estramustine	Approved	34.0	DM9WLN4	10-hydroxycamptothecin	Investigative	0.0	.	.	.	.	Breast adenocarcinoma	JAAKS Dataset	Investigative	MDA-MB-468	7.64	8.0	9.89	11.26	2
DCDYNQG	DMWTAOI	Estramustine	Approved	34.0	DMAE6LK	Topetecan	Approved	34.0	.	.	.	.	Breast adenocarcinoma	JAAKS Dataset	Investigative	MDA-MB-468	4.06	5.51	2.09	6.18	2
DC2FA0Q	DMWTAOI	Estramustine	Approved	34.0	DMB5A80	SNX-2112	Investigative	0.0	.	.	.	.	Breast and ovarian cancer syndrome	JAAKS Dataset	Investigative	UWB1289	9.24	4.9	11.25	6.67	2
DCHGXC1	DMWTAOI	Estramustine	Approved	34.0	DMB5A80	SNX-2112	Investigative	0.0	.	.	.	.	Breast carcinoma	JAAKS Dataset	Investigative	OCUBM	9.78	11.04	7.93	10.58	2
DCYZL15	DMWTAOI	Estramustine	Approved	34.0	DMCJLD1	SCH 727965	Discontinued in Phase 3	9.0	.	.	.	.	Breast and ovarian cancer syndrome	JAAKS Dataset	Investigative	UWB1289	3.3	3.19	9.25	12.84	2
DCSZM88	DMWTAOI	Estramustine	Approved	34.0	DMCJLD1	SCH 727965	Discontinued in Phase 3	9.0	.	.	.	.	Breast and ovarian cancer syndrome	JAAKS Dataset	Investigative	UWB1289+BRCA1	4.61	6.2	10.38	12.67	2
DCQZ08X	DMWTAOI	Estramustine	Approved	34.0	DMCJLD1	SCH 727965	Discontinued in Phase 3	9.0	.	.	.	.	Breast carcinoma	JAAKS Dataset	Investigative	OCUBM	6.24	7.37	5.6	10.77	2
DCL87OK	DMWTAOI	Estramustine	Approved	34.0	DMCMBHA	Erlotinib	Approved	34.0	.	.	.	.	Breast and ovarian cancer syndrome	JAAKS Dataset	Investigative	UWB1289+BRCA1	0.27	1.15	5.12	7.44	2
DCSDGM8	DMWTAOI	Estramustine	Approved	34.0	DMCMBHA	Erlotinib	Approved	34.0	.	.	.	.	Breast carcinoma	JAAKS Dataset	Investigative	OCUBM	14.88	14.85	9.68	16.1	2
DCK59SF	DMWTAOI	Estramustine	Approved	34.0	DMFGYKS	MK-5108	Phase 1	17.0	.	.	.	.	Breast carcinoma	JAAKS Dataset	Investigative	OCUBM	4.78	5.74	2.75	7.77	2
DC97WX0	DMWTAOI	Estramustine	Approved	34.0	DMH0ZJE	Mitomycin	Approved	34.0	.	.	.	.	Breast adenocarcinoma	JAAKS Dataset	Investigative	MDA-MB-468	1.82	2.06	0.49	5.22	2
DC67BLF	DMWTAOI	Estramustine	Approved	34.0	DMKLAYG	Altretamine	Approved	34.0	.	.	.	.	Breast adenocarcinoma	JAAKS Dataset	Investigative	MDA-MB-468	10.22	8.04	4.43	8.44	2
DCCAMEO	DMWTAOI	Estramustine	Approved	34.0	DMLHEU7	Ridaforolimus	Phase 3	25.0	.	.	.	.	Breast carcinoma	JAAKS Dataset	Investigative	KPL1	2.57	3.02	1.11	0.31	2
DCVDU6R	DMWTAOI	Estramustine	Approved	34.0	DMLYGH4	MK-4827	Phase 3	25.0	.	.	.	.	Breast and ovarian cancer syndrome	JAAKS Dataset	Investigative	UWB1289	1.92	1.2	7.53	9.0	2
DC6QP93	DMWTAOI	Estramustine	Approved	34.0	DMLYGH4	MK-4827	Phase 3	25.0	.	.	.	.	Breast and ovarian cancer syndrome	JAAKS Dataset	Investigative	UWB1289+BRCA1	1.17	0.19	2.8	4.17	2
DCSBN29	DMWTAOI	Estramustine	Approved	34.0	DMLYGH4	MK-4827	Phase 3	25.0	.	.	.	.	Breast carcinoma	JAAKS Dataset	Investigative	OCUBM	5.71	5.86	6.2	8.98	2
DCGW8SB	DMWTAOI	Estramustine	Approved	34.0	DMM0XGL	Idarubicin	Approved	34.0	.	.	.	.	Breast carcinoma	JAAKS Dataset	Investigative	KPL1	15.64	18.62	10.21	10.55	2
DC6Z28G	DMWTAOI	Estramustine	Approved	34.0	DMNO38U	Bortezomib	Approved	34.0	.	.	.	.	Breast adenocarcinoma	JAAKS Dataset	Investigative	MDA-MB-468	0.58	3.51	1.74	3.22	2
DCIQNI2	DMWTAOI	Estramustine	Approved	34.0	DMNO38U	Bortezomib	Approved	34.0	.	.	.	.	Breast carcinoma	JAAKS Dataset	Investigative	KPL1	3.57	5.3	0.8	2.39	2
DCLRTPP	DMWTAOI	Estramustine	Approved	34.0	DMPAWBN	GSK525762	Phase 1	17.0	.	.	.	.	Breast carcinoma	JAAKS Dataset	Investigative	KPL1	2.15	13.51	10.15	10.67	2
DCPVF55	DMWTAOI	Estramustine	Approved	34.0	DMPAWBN	GSK525762	Phase 1	17.0	.	.	.	.	Breast carcinoma	JAAKS Dataset	Investigative	OCUBM	0.15	3.56	1.17	3.25	2
DCLWALV	DMWTAOI	Estramustine	Approved	34.0	DMRKE63	Chlorambucil	Approved	34.0	.	.	.	.	Breast adenocarcinoma	JAAKS Dataset	Investigative	MDA-MB-468	1.61	5.07	3.24	4.48	2
DCWW1Y3	DMWTAOI	Estramustine	Approved	34.0	DMS8IFC	Sorafenib	Approved	34.0	.	.	.	.	Breast carcinoma	JAAKS Dataset	Investigative	ZR751	11.0	4.92	12.73	14.34	2
DCCD4HU	DMWTAOI	Estramustine	Approved	34.0	DMT1OZ6	MK-2206	Phase 2	21.0	.	.	.	.	Breast and ovarian cancer syndrome	JAAKS Dataset	Investigative	UWB1289	2.09	3.96	8.3	10.54	2
DCG8OD9	DMWTAOI	Estramustine	Approved	34.0	DMT1OZ6	MK-2206	Phase 2	21.0	.	.	.	.	Breast and ovarian cancer syndrome	JAAKS Dataset	Investigative	UWB1289+BRCA1	0.49	2.79	3.69	5.82	2
DCIA5Y2	DMWTAOI	Estramustine	Approved	34.0	DMJV2EK	Dasatinib	Investigative	0.0	.	.	.	.	Breast carcinoma	JAAKS Dataset	Investigative	KPL1	2.42	9.8	4.16	7.0	2
DCGOVD5	DMWTAOI	Estramustine	Approved	34.0	DMJV2EK	Dasatinib	Investigative	0.0	.	.	.	.	Breast carcinoma	JAAKS Dataset	Investigative	OCUBM	6.95	11.84	10.44	12.58	2
DC2AACB	DM62UG5	Vemurafenib	Approved	34.0	DM15F0X	Gefitinib	Approved	34.0	.	.	.	.	Breast adenocarcinoma	JAAKS Dataset	Investigative	MDA-MB-468	16.2	18.11	15.2	18.26	2
DC6WQSH	DM62UG5	Vemurafenib	Approved	34.0	DM2YGNW	Dactinomycin	Approved	34.0	.	.	.	.	Breast adenocarcinoma	JAAKS Dataset	Investigative	MDA-MB-468	33.94	33.52	33.08	32.96	2
DC41RW6	DM62UG5	Vemurafenib	Approved	34.0	DM3BF9B	DFN-15	Phase 3	25.0	.	.	.	.	Breast adenocarcinoma	JAAKS Dataset	Investigative	MDA-MB-468	0.46	6.6	1.44	5.22	2
DCBYKDR	DM62UG5	Vemurafenib	Approved	34.0	DM7HXWT	Nilotinib	Approved	34.0	.	.	.	.	Breast adenocarcinoma	JAAKS Dataset	Investigative	MDA-MB-468	1.08	3.87	3.05	3.07	2
DCQR9IC	DM62UG5	Vemurafenib	Approved	34.0	DM7NKEV	Thioguanine	Preclinical	2.1	.	.	.	.	Breast adenocarcinoma	JAAKS Dataset	Investigative	MDA-MB-468	12.64	12.98	12.0	12.98	2
DCSL93U	DM62UG5	Vemurafenib	Approved	34.0	DMCJLD1	SCH 727965	Discontinued in Phase 3	9.0	.	.	.	.	Breast adenocarcinoma	JAAKS Dataset	Investigative	MDA-MB-468	0.82	4.62	3.77	3.41	2
DCAY238	DM62UG5	Vemurafenib	Approved	34.0	DMD7X1O	Dexrazoxane	Approved	34.0	.	.	.	.	Breast adenocarcinoma	JAAKS Dataset	Investigative	MDA-MB-468	1.83	9.27	8.71	9.39	2
DCVGNLV	DM62UG5	Vemurafenib	Approved	34.0	DMDI269	Docetaxel	Approved	34.0	.	.	.	.	Breast adenocarcinoma	JAAKS Dataset	Investigative	MDA-MB-468	11.19	9.73	8.44	9.58	2
DCNY104	DM62UG5	Vemurafenib	Approved	34.0	DMDKF3M	Raloxifene	Approved	34.0	.	.	.	.	Breast adenocarcinoma	JAAKS Dataset	Investigative	MDA-MB-468	0.33	7.51	6.32	6.33	2
DCRFXZX	DM62UG5	Vemurafenib	Approved	34.0	DMFH15Z	Bendamustine hydrochloride	Approved	34.0	.	.	.	.	Breast adenocarcinoma	JAAKS Dataset	Investigative	MDA-MB-468	7.92	6.48	5.05	6.61	2
DC3GK5T	DM62UG5	Vemurafenib	Approved	34.0	DMGW1ID	Sirolimus	Approved	34.0	.	.	.	.	Breast adenocarcinoma	JAAKS Dataset	Investigative	MDA-MB-468	14.4	13.91	8.73	14.03	2
DC33Y34	DM62UG5	Vemurafenib	Approved	34.0	DMH07Y3	Letrozole	Approved	34.0	.	.	.	.	Breast adenocarcinoma	JAAKS Dataset	Investigative	MDA-MB-468	0.0	4.09	3.07	3.6	2
DCTCS7T	DM62UG5	Vemurafenib	Approved	34.0	DMHL7OB	Uracil mustard	Approved	34.0	.	.	.	.	Breast adenocarcinoma	JAAKS Dataset	Investigative	MDA-MB-468	18.11	21.38	1.04	21.02	2
DCKABA1	DM62UG5	Vemurafenib	Approved	34.0	DMINOX3	Vincristine	Approved	34.0	.	.	.	.	Breast adenocarcinoma	JAAKS Dataset	Investigative	MDA-MB-468	16.75	15.23	5.25	14.88	2
DCSRMP7	DM62UG5	Vemurafenib	Approved	34.0	DMIXMYK	Arfolitixorin	Phase 3	25.0	.	.	.	.	Breast adenocarcinoma	JAAKS Dataset	Investigative	MDA-MB-468	4.35	4.75	3.32	4.86	2
DCAL3G9	DM62UG5	Vemurafenib	Approved	34.0	DMJ7NVI	BIO-300	Phase 1/2	19.0	.	.	.	.	Breast adenocarcinoma	JAAKS Dataset	Investigative	MDA-MB-468	15.62	16.14	8.89	16.28	2
DCMU2P2	DM62UG5	Vemurafenib	Approved	34.0	DMLNFWU	TEM	Phase 2	21.0	.	.	.	.	Breast adenocarcinoma	JAAKS Dataset	Investigative	MDA-MB-468	0.27	3.98	2.48	3.74	2
DCFUZDP	DM62UG5	Vemurafenib	Approved	34.0	DMLWYJB	JNK-IN-8	Investigative	0.0	.	.	.	.	Breast adenocarcinoma	JAAKS Dataset	Investigative	MDA-MB-468	4.72	6.42	5.38	6.58	2
DCM93CZ	DM62UG5	Vemurafenib	Approved	34.0	DMNER5S	Bleomycin	Approved	34.0	.	.	.	.	Breast adenocarcinoma	JAAKS Dataset	Investigative	MDA-MB-468	7.27	10.27	9.74	10.44	2
DCJY4UD	DM62UG5	Vemurafenib	Approved	34.0	DMNO38U	Bortezomib	Approved	34.0	.	.	.	.	Breast adenocarcinoma	JAAKS Dataset	Investigative	MDA-MB-468	2.66	11.1	1.41	11.11	2
DCR89Q5	DM62UG5	Vemurafenib	Approved	34.0	DMNPZL4	Dacarbazine	Approved	34.0	.	.	.	.	Breast adenocarcinoma	JAAKS Dataset	Investigative	MDA-MB-468	9.24	13.48	11.83	13.07	2
DC357L4	DM62UG5	Vemurafenib	Approved	34.0	DMOYJFK	Valrubicin	Approved	34.0	.	.	.	.	Breast adenocarcinoma	JAAKS Dataset	Investigative	MDA-MB-468	0.42	2.51	2.48	2.7	2
DCXQC1R	DM62UG5	Vemurafenib	Approved	34.0	DMP6G8T	Topotecan	Approved	34.0	.	.	.	.	Breast adenocarcinoma	JAAKS Dataset	Investigative	MDA-MB-468	5.68	7.9	6.91	8.05	2
DCU854C	DM62UG5	Vemurafenib	Approved	34.0	DMPDW6T	Epirubicin	Approved	34.0	.	.	.	.	Breast adenocarcinoma	JAAKS Dataset	Investigative	MDA-MB-468	6.61	11.98	9.19	12.0	2
DCI5PVZ	DM62UG5	Vemurafenib	Approved	34.0	DMWTAOI	Estramustine	Approved	34.0	.	.	.	.	Breast adenocarcinoma	JAAKS Dataset	Investigative	MDA-MB-468	2.72	5.27	1.49	5.36	2
DC84T73	DM5IXKQ	Vismodegib	Approved	34.0	DM15F0X	Gefitinib	Approved	34.0	.	.	.	.	Breast adenocarcinoma	JAAKS Dataset	Investigative	MDA-MB-468	13.21	15.13	12.74	17.39	2
DCP6Z24	DM5IXKQ	Vismodegib	Approved	34.0	DM7Q98D	Ruxolitinib	Phase 3 Trial	25.0	.	.	.	.	Breast adenocarcinoma	JAAKS Dataset	Investigative	MDA-MB-468	3.01	7.89	5.23	7.05	2
DC15K6E	DM5IXKQ	Vismodegib	Approved	34.0	DM2YGNW	Dactinomycin	Approved	34.0	.	.	.	.	Breast adenocarcinoma	JAAKS Dataset	Investigative	MDA-MB-468	32.94	34.2	33.97	33.87	2
DC6W87Q	DM5IXKQ	Vismodegib	Approved	34.0	DM3BH1Y	Lapatinib	Approved	34.0	.	.	.	.	Breast adenocarcinoma	JAAKS Dataset	Investigative	MDA-MB-468	1.0	7.19	7.58	7.92	2
DCLEA4E	DM5IXKQ	Vismodegib	Approved	34.0	DM7C8YV	Plicamycin	Approved	34.0	.	.	.	.	Breast adenocarcinoma	JAAKS Dataset	Investigative	MDA-MB-468	28.84	27.33	28.25	28.26	2
DCNFSXF	DM5IXKQ	Vismodegib	Approved	34.0	DM7NKEV	Thioguanine	Preclinical	2.1	.	.	.	.	Breast adenocarcinoma	JAAKS Dataset	Investigative	MDA-MB-468	8.96	9.52	4.34	11.2	2
DC3DQ5U	DM5IXKQ	Vismodegib	Approved	34.0	DM8V75C	ABIRATERONE	Approved	34.0	.	.	.	.	Breast adenocarcinoma	JAAKS Dataset	Investigative	MDA-MB-468	6.23	9.57	1.68	10.08	2
DCBCZD3	DM5IXKQ	Vismodegib	Approved	34.0	DMDKF3M	Raloxifene	Approved	34.0	.	.	.	.	Breast adenocarcinoma	JAAKS Dataset	Investigative	MDA-MB-468	5.72	11.29	10.48	10.45	2
DCF5765	DM5IXKQ	Vismodegib	Approved	34.0	DMFH15Z	Bendamustine hydrochloride	Approved	34.0	.	.	.	.	Breast adenocarcinoma	JAAKS Dataset	Investigative	MDA-MB-468	8.37	9.8	9.52	11.23	2
DCZKBJW	DM5IXKQ	Vismodegib	Approved	34.0	DMG2YBD	Trifluridine	Approved	34.0	.	.	.	.	Breast adenocarcinoma	JAAKS Dataset	Investigative	MDA-MB-468	3.88	4.35	1.84	6.18	2
DCL0F7X	DM5IXKQ	Vismodegib	Approved	34.0	DMH0ZJE	Mitomycin	Approved	34.0	.	.	.	.	Breast adenocarcinoma	JAAKS Dataset	Investigative	MDA-MB-468	0.86	6.0	4.35	5.74	2
DCVMC7M	DM5IXKQ	Vismodegib	Approved	34.0	DMIXMYK	Arfolitixorin	Phase 3	25.0	.	.	.	.	Breast adenocarcinoma	JAAKS Dataset	Investigative	MDA-MB-468	1.58	2.7	0.56	4.52	2
DC3ML9O	DM5IXKQ	Vismodegib	Approved	34.0	DMLWYJB	JNK-IN-8	Investigative	0.0	.	.	.	.	Breast adenocarcinoma	JAAKS Dataset	Investigative	MDA-MB-468	3.65	7.08	1.54	9.43	2
DCX8AMS	DM5IXKQ	Vismodegib	Approved	34.0	DMM1I8R	Indazole derivative 5	Patented	15.5	.	.	.	.	Breast adenocarcinoma	JAAKS Dataset	Investigative	MDA-MB-468	0.13	3.63	4.2	4.26	2
DCQ775X	DM5IXKQ	Vismodegib	Approved	34.0	DMNER5S	Bleomycin	Approved	34.0	.	.	.	.	Breast adenocarcinoma	JAAKS Dataset	Investigative	MDA-MB-468	6.55	8.7	9.95	10.22	2
DCV2VIA	DM5IXKQ	Vismodegib	Approved	34.0	DMNPZL4	Dacarbazine	Approved	34.0	.	.	.	.	Breast adenocarcinoma	JAAKS Dataset	Investigative	MDA-MB-468	0.0	8.95	4.9	9.43	2
DCXS1RK	DM5IXKQ	Vismodegib	Approved	34.0	DMP6G8T	Topotecan	Approved	34.0	.	.	.	.	Breast adenocarcinoma	JAAKS Dataset	Investigative	MDA-MB-468	3.79	9.82	10.08	11.99	2
DC0TA9G	DM5IXKQ	Vismodegib	Approved	34.0	DMPAZHC	Cabazitaxel	Approved	34.0	.	.	.	.	Breast adenocarcinoma	JAAKS Dataset	Investigative	MDA-MB-468	8.15	7.99	3.32	9.06	2
DC9UWAB	DM5IXKQ	Vismodegib	Approved	34.0	DMPDW6T	Epirubicin	Approved	34.0	.	.	.	.	Breast adenocarcinoma	JAAKS Dataset	Investigative	MDA-MB-468	11.07	13.05	12.66	13.96	2
DCITY3O	DM5IXKQ	Vismodegib	Approved	34.0	DMRICNP	Vandetanib	Approved	34.0	.	.	.	.	Breast adenocarcinoma	JAAKS Dataset	Investigative	MDA-MB-468	1.76	5.56	6.62	6.86	2
DCTDBEH	DM5IXKQ	Vismodegib	Approved	34.0	DMTJAEP	Vinflunine	Approved	34.0	.	.	.	.	Breast adenocarcinoma	JAAKS Dataset	Investigative	MDA-MB-468	12.15	11.65	2.93	12.53	2
DCO2RD0	DM5IXKQ	Vismodegib	Approved	34.0	DMWVIGP	Digitoxin	Approved	34.0	.	.	.	.	Breast adenocarcinoma	JAAKS Dataset	Investigative	MDA-MB-468	0.82	3.73	3.73	3.94	2
DCUGL3V	DMT1OZ6	MK-2206	Phase 2	21.0	DM27D4J	PD-0325901	Phase 2	21.0	.	.	.	.	Breast and ovarian cancer syndrome	JAAKS Dataset	Investigative	UWB1289	8.86	10.64	17.01	17.58	2
DCEUWNY	DMT1OZ6	MK-2206	Phase 2	21.0	DM27D4J	PD-0325901	Phase 2	21.0	.	.	.	.	Breast and ovarian cancer syndrome	JAAKS Dataset	Investigative	UWB1289+BRCA1	6.78	9.91	14.06	14.54	2
DCBUNOQ	DMT1OZ6	MK-2206	Phase 2	21.0	DM27D4J	PD-0325901	Phase 2	21.0	.	.	.	.	Breast carcinoma	JAAKS Dataset	Investigative	KPL1	8.51	9.25	7.81	10.44	2
DC6F3XI	DMT1OZ6	MK-2206	Phase 2	21.0	DM62QTW	RTB101	Phase 3	25.0	.	.	.	.	Breast and ovarian cancer syndrome	JAAKS Dataset	Investigative	UWB1289	5.02	6.62	11.01	14.03	2
DCSZ10L	DMT1OZ6	MK-2206	Phase 2	21.0	DM62QTW	RTB101	Phase 3	25.0	.	.	.	.	Breast and ovarian cancer syndrome	JAAKS Dataset	Investigative	UWB1289+BRCA1	8.48	9.68	5.71	14.91	2
DCLS9YB	DMT1OZ6	MK-2206	Phase 2	21.0	DM62QTW	RTB101	Phase 3	25.0	.	.	.	.	Breast carcinoma	JAAKS Dataset	Investigative	KPL1	2.9	2.76	8.65	14.43	2
DCC9UXA	DMT1OZ6	MK-2206	Phase 2	21.0	DM62QTW	RTB101	Phase 3	25.0	.	.	.	.	Breast carcinoma	JAAKS Dataset	Investigative	OCUBM	5.46	5.54	7.97	11.59	2
DCP4CVK	DMT1OZ6	MK-2206	Phase 2	21.0	DM67EMK	SCH-900776	Phase 2	21.0	.	.	.	.	Breast carcinoma	JAAKS Dataset	Investigative	KPL1	1.89	1.87	10.29	13.4	2
DCLCL34	DMT1OZ6	MK-2206	Phase 2	21.0	DM9WLN4	10-hydroxycamptothecin	Investigative	0.0	.	.	.	.	Breast and ovarian cancer syndrome	JAAKS Dataset	Investigative	UWB1289	0.97	0.65	4.3	8.64	2
DC57IE4	DMT1OZ6	MK-2206	Phase 2	21.0	DM9WLN4	10-hydroxycamptothecin	Investigative	0.0	.	.	.	.	Breast and ovarian cancer syndrome	JAAKS Dataset	Investigative	UWB1289+BRCA1	0.81	7.8	11.8	13.05	2
DC3HCW9	DMT1OZ6	MK-2206	Phase 2	21.0	DM9WLN4	10-hydroxycamptothecin	Investigative	0.0	.	.	.	.	Breast carcinoma	JAAKS Dataset	Investigative	KPL1	12.78	12.72	18.17	19.31	2
DCN4DCA	DMT1OZ6	MK-2206	Phase 2	21.0	DM9WLN4	10-hydroxycamptothecin	Investigative	0.0	.	.	.	.	Breast carcinoma	JAAKS Dataset	Investigative	OCUBM	0.79	0.9	1.22	6.01	2
DCW1X9R	DMT1OZ6	MK-2206	Phase 2	21.0	DMB5A80	SNX-2112	Investigative	0.0	.	.	.	.	Breast and ovarian cancer syndrome	JAAKS Dataset	Investigative	UWB1289	0.51	0.1	5.09	0.85	2
DCWB37O	DMT1OZ6	MK-2206	Phase 2	21.0	DMB5A80	SNX-2112	Investigative	0.0	.	.	.	.	Breast and ovarian cancer syndrome	JAAKS Dataset	Investigative	UWB1289+BRCA1	0.06	6.98	1.82	7.69	2
DC6VW52	DMT1OZ6	MK-2206	Phase 2	21.0	DMCMBHA	Erlotinib	Approved	34.0	.	.	.	.	Breast and ovarian cancer syndrome	JAAKS Dataset	Investigative	UWB1289	6.39	6.11	12.63	14.35	2
DCIPQGO	DMT1OZ6	MK-2206	Phase 2	21.0	DMCMBHA	Erlotinib	Approved	34.0	.	.	.	.	Breast and ovarian cancer syndrome	JAAKS Dataset	Investigative	UWB1289+BRCA1	5.96	5.77	9.96	12.0	2
DCAO7P7	DMT1OZ6	MK-2206	Phase 2	21.0	DMCMBHA	Erlotinib	Approved	34.0	.	.	.	.	Breast carcinoma	JAAKS Dataset	Investigative	ZR751	1.95	1.84	3.17	13.11	2
DC59C9R	DMT1OZ6	MK-2206	Phase 2	21.0	DMCMBHA	Erlotinib	Approved	34.0	.	.	.	.	Breast carcinoma	JAAKS Dataset	Investigative	KPL1	6.88	6.6	9.33	11.35	2
DCHPRV2	DMT1OZ6	MK-2206	Phase 2	21.0	DMCMBHA	Erlotinib	Approved	34.0	.	.	.	.	Breast carcinoma	JAAKS Dataset	Investigative	OCUBM	5.76	5.7	5.04	9.64	2
DC6WQZ4	DMT1OZ6	MK-2206	Phase 2	21.0	DMLHEU7	Ridaforolimus	Phase 3	25.0	.	.	.	.	Breast and ovarian cancer syndrome	JAAKS Dataset	Investigative	UWB1289	4.77	4.52	1.37	5.91	2
DCQUG4C	DMT1OZ6	MK-2206	Phase 2	21.0	DMLHEU7	Ridaforolimus	Phase 3	25.0	.	.	.	.	Breast carcinoma	JAAKS Dataset	Investigative	KPL1	1.47	1.11	3.35	5.0	2
DCFG80X	DMT1OZ6	MK-2206	Phase 2	21.0	DMLYGH4	MK-4827	Phase 3	25.0	.	.	.	.	Breast and ovarian cancer syndrome	JAAKS Dataset	Investigative	UWB1289	2.37	4.24	10.96	12.58	2
DCPS202	DMT1OZ6	MK-2206	Phase 2	21.0	DMLYGH4	MK-4827	Phase 3	25.0	.	.	.	.	Breast carcinoma	JAAKS Dataset	Investigative	KPL1	13.54	13.51	19.11	20.89	2
DCADZ15	DMT1OZ6	MK-2206	Phase 2	21.0	DMLYGH4	MK-4827	Phase 3	25.0	.	.	.	.	Breast carcinoma	JAAKS Dataset	Investigative	OCUBM	6.83	6.89	11.54	13.78	2
DC50KU0	DMT1OZ6	MK-2206	Phase 2	21.0	DMNO38U	Bortezomib	Approved	34.0	.	.	.	.	Breast and ovarian cancer syndrome	JAAKS Dataset	Investigative	UWB1289+BRCA1	1.41	1.41	0.12	2.19	2
DCXFISR	DMT1OZ6	MK-2206	Phase 2	21.0	DMNO38U	Bortezomib	Approved	34.0	.	.	.	.	Breast carcinoma	JAAKS Dataset	Investigative	KPL1	0.66	0.75	4.97	8.02	2
DCOW5C5	DMT1OZ6	MK-2206	Phase 2	21.0	DMPAWBN	GSK525762	Phase 1	17.0	.	.	.	.	Breast and ovarian cancer syndrome	JAAKS Dataset	Investigative	UWB1289	4.12	5.83	6.02	8.62	2
DCUT2AW	DMT1OZ6	MK-2206	Phase 2	21.0	DMPAWBN	GSK525762	Phase 1	17.0	.	.	.	.	Breast and ovarian cancer syndrome	JAAKS Dataset	Investigative	UWB1289+BRCA1	2.3	8.57	6.96	8.45	2
DCUP9PM	DMT1OZ6	MK-2206	Phase 2	21.0	DMPAWBN	GSK525762	Phase 1	17.0	.	.	.	.	Breast carcinoma	JAAKS Dataset	Investigative	KPL1	4.01	7.67	8.04	11.2	2
DCQXNV2	DMT1OZ6	MK-2206	Phase 2	21.0	DMS8IFC	Sorafenib	Approved	34.0	.	.	.	.	Breast and ovarian cancer syndrome	JAAKS Dataset	Investigative	UWB1289	3.67	3.44	6.77	9.06	2
DC5A4SM	DMT1OZ6	MK-2206	Phase 2	21.0	DMS8IFC	Sorafenib	Approved	34.0	.	.	.	.	Breast and ovarian cancer syndrome	JAAKS Dataset	Investigative	UWB1289+BRCA1	4.62	3.35	2.64	7.3	2
DCDFPZ4	DMT1OZ6	MK-2206	Phase 2	21.0	DMS8IFC	Sorafenib	Approved	34.0	.	.	.	.	Breast carcinoma	JAAKS Dataset	Investigative	KPL1	0.87	0.35	6.16	10.53	2
DC1GFJR	DMT1OZ6	MK-2206	Phase 2	21.0	DMS8IFC	Sorafenib	Approved	34.0	.	.	.	.	Breast carcinoma	JAAKS Dataset	Investigative	OCUBM	2.29	2.48	2.9	9.09	2
DCL1JBR	DMT1OZ6	MK-2206	Phase 2	21.0	DMWMPD4	Vorinostat	Approved	34.0	.	.	.	.	Breast and ovarian cancer syndrome	JAAKS Dataset	Investigative	UWB1289+BRCA1	7.35	7.23	6.15	12.39	2
DCPFMBR	DMT1OZ6	MK-2206	Phase 2	21.0	DMWMPD4	Vorinostat	Approved	34.0	.	.	.	.	Breast carcinoma	JAAKS Dataset	Investigative	KPL1	5.57	5.33	14.36	16.83	2
DCSZQAV	DMT1OZ6	MK-2206	Phase 2	21.0	DMJV2EK	Dasatinib	Investigative	0.0	.	.	.	.	Breast and ovarian cancer syndrome	JAAKS Dataset	Investigative	UWB1289	1.42	1.09	4.8	6.64	2
DCIJONC	DMT1OZ6	MK-2206	Phase 2	21.0	DMJV2EK	Dasatinib	Investigative	0.0	.	.	.	.	Breast carcinoma	JAAKS Dataset	Investigative	KPL1	5.81	6.33	8.18	10.74	2
DC4A2UK	DMT1OZ6	MK-2206	Phase 2	21.0	DMJV2EK	Dasatinib	Investigative	0.0	.	.	.	.	Breast carcinoma	JAAKS Dataset	Investigative	OCUBM	5.16	5.76	5.76	9.12	2
DC7EWFK	DMPAZHC	Cabazitaxel	Approved	34.0	DM0HXDS	Pentostatin	Approved	34.0	.	.	.	.	Breast adenocarcinoma	JAAKS Dataset	Investigative	MDA-MB-468	8.81	8.85	4.65	10.09	2
DCCKGYI	DMPAZHC	Cabazitaxel	Approved	34.0	DM15F0X	Gefitinib	Approved	34.0	.	.	.	.	Breast adenocarcinoma	JAAKS Dataset	Investigative	MDA-MB-468	15.56	12.79	11.6	17.76	2
DC114U1	DMPAZHC	Cabazitaxel	Approved	34.0	DM3BH1Y	Lapatinib	Approved	34.0	.	.	.	.	Breast adenocarcinoma	JAAKS Dataset	Investigative	MDA-MB-468	9.55	8.53	3.75	9.57	2
DCF8CFD	DMPAZHC	Cabazitaxel	Approved	34.0	DM5IXKQ	Vismodegib	Approved	34.0	.	.	.	.	Breast adenocarcinoma	JAAKS Dataset	Investigative	MDA-MB-468	4.87	5.79	1.11	6.86	2
DCBLV1H	DMPAZHC	Cabazitaxel	Approved	34.0	DM7C8YV	Plicamycin	Approved	34.0	.	.	.	.	Breast adenocarcinoma	JAAKS Dataset	Investigative	MDA-MB-468	21.21	19.78	0.32	20.48	2
DCA3ZES	DMPAZHC	Cabazitaxel	Approved	34.0	DM8V75C	ABIRATERONE	Approved	34.0	.	.	.	.	Breast adenocarcinoma	JAAKS Dataset	Investigative	MDA-MB-468	3.26	2.42	3.83	6.53	2
DC6NGHG	DMPAZHC	Cabazitaxel	Approved	34.0	DMG2YBD	Trifluridine	Approved	34.0	.	.	.	.	Breast adenocarcinoma	JAAKS Dataset	Investigative	MDA-MB-468	2.32	1.23	2.5	8.55	2
DCVHIHW	DMPAZHC	Cabazitaxel	Approved	34.0	DMGW1ID	Sirolimus	Approved	34.0	.	.	.	.	Breast adenocarcinoma	JAAKS Dataset	Investigative	MDA-MB-468	20.48	10.3	14.28	18.41	2
DC0Z46Q	DMPAZHC	Cabazitaxel	Approved	34.0	DMH0ZJE	Mitomycin	Approved	34.0	.	.	.	.	Breast adenocarcinoma	JAAKS Dataset	Investigative	MDA-MB-468	15.32	13.96	7.59	13.91	2
DCBKMGH	DMPAZHC	Cabazitaxel	Approved	34.0	DMH8UF0	SY-1425	Phase 1	17.0	.	.	.	.	Breast adenocarcinoma	JAAKS Dataset	Investigative	MDA-MB-468	18.36	17.61	13.62	19.02	2
DCSQJ6O	DMPAZHC	Cabazitaxel	Approved	34.0	DMHL7OB	Uracil mustard	Approved	34.0	.	.	.	.	Breast adenocarcinoma	JAAKS Dataset	Investigative	MDA-MB-468	6.36	7.84	3.67	10.49	2
DC414L0	DMPAZHC	Cabazitaxel	Approved	34.0	DMINOX3	Vincristine	Approved	34.0	.	.	.	.	Breast adenocarcinoma	JAAKS Dataset	Investigative	MDA-MB-468	6.42	5.36	7.2	9.37	2
DCOOHUB	DMPAZHC	Cabazitaxel	Approved	34.0	DMJ7NVI	BIO-300	Phase 1/2	19.0	.	.	.	.	Breast adenocarcinoma	JAAKS Dataset	Investigative	MDA-MB-468	3.77	2.5	5.4	7.68	2
DCI2YV5	DMPAZHC	Cabazitaxel	Approved	34.0	DMNER5S	Bleomycin	Approved	34.0	.	.	.	.	Breast adenocarcinoma	JAAKS Dataset	Investigative	MDA-MB-468	7.7	4.56	1.36	5.63	2
DC268OW	DMPAZHC	Cabazitaxel	Approved	34.0	DMNO38U	Bortezomib	Approved	34.0	.	.	.	.	Breast adenocarcinoma	JAAKS Dataset	Investigative	MDA-MB-468	6.67	7.5	5.91	8.64	2
DCU4J9G	DMPAZHC	Cabazitaxel	Approved	34.0	DMNP60F	Anastrozole	Approved	34.0	.	.	.	.	Breast adenocarcinoma	JAAKS Dataset	Investigative	MDA-MB-468	2.69	1.38	2.32	3.61	2
DCJVPXC	DMPAZHC	Cabazitaxel	Approved	34.0	DMRICNP	Vandetanib	Approved	34.0	.	.	.	.	Breast adenocarcinoma	JAAKS Dataset	Investigative	MDA-MB-468	7.89	6.39	1.62	7.38	2
DC4F5N6	DMPAZHC	Cabazitaxel	Approved	34.0	DMTA5OE	Azacitidine	Approved	34.0	.	.	.	.	Breast adenocarcinoma	JAAKS Dataset	Investigative	MDA-MB-468	10.45	11.84	12.86	15.88	2
DCA6B1L	DMPAZHC	Cabazitaxel	Approved	34.0	DMTGBAX	Pomalidomide	Approved	34.0	.	.	.	.	Breast adenocarcinoma	JAAKS Dataset	Investigative	MDA-MB-468	9.82	7.48	2.73	8.25	2
DCFU6FC	DMPAZHC	Cabazitaxel	Approved	34.0	DMUOT9V	Taxol	Approved	34.0	.	.	.	.	Breast adenocarcinoma	JAAKS Dataset	Investigative	MDA-MB-468	7.57	8.12	11.65	13.87	2
DC0DAPH	DMPAZHC	Cabazitaxel	Approved	34.0	DMVRLT7	Fludarabine	Approved	34.0	.	.	.	.	Breast adenocarcinoma	JAAKS Dataset	Investigative	MDA-MB-468	2.95	2.69	0.31	5.87	2
DCX5ASX	DMPAZHC	Cabazitaxel	Approved	34.0	DMWTAOI	Estramustine	Approved	34.0	.	.	.	.	Breast adenocarcinoma	JAAKS Dataset	Investigative	MDA-MB-468	7.4	7.25	8.33	10.65	2
DCTNWMD	DMCMBHA	Erlotinib	Approved	34.0	DMDASC6	Metformin	Investigative	0.0	.	.	.	.	Breast Cancer	ClinicalTrials.gov	Phase 1	.					2
DC1GOLX	DMCMBHA	Erlotinib	Approved	34.0	DM27D4J	PD-0325901	Phase 2	21.0	.	.	.	.	Breast and ovarian cancer syndrome	JAAKS Dataset	Investigative	UWB1289	3.59	4.29	10.41	11.12	2
DC8IMPR	DMCMBHA	Erlotinib	Approved	34.0	DM27D4J	PD-0325901	Phase 2	21.0	.	.	.	.	Breast and ovarian cancer syndrome	JAAKS Dataset	Investigative	UWB1289+BRCA1	0.31	0.83	4.14	5.81	2
DC769ZM	DMCMBHA	Erlotinib	Approved	34.0	DM62QTW	RTB101	Phase 3	25.0	.	.	.	.	Breast and ovarian cancer syndrome	JAAKS Dataset	Investigative	UWB1289	1.98	1.67	10.46	12.9	2
DC099LD	DMCMBHA	Erlotinib	Approved	34.0	DM62QTW	RTB101	Phase 3	25.0	.	.	.	.	Breast and ovarian cancer syndrome	JAAKS Dataset	Investigative	UWB1289+BRCA1	2.27	2.15	8.77	12.72	2
DC4CYPD	DMCMBHA	Erlotinib	Approved	34.0	DM62QTW	RTB101	Phase 3	25.0	.	.	.	.	Breast carcinoma	JAAKS Dataset	Investigative	KPL1	5.05	4.1	5.11	7.93	2
DCE1L58	DMCMBHA	Erlotinib	Approved	34.0	DM62QTW	RTB101	Phase 3	25.0	.	.	.	.	Breast carcinoma	JAAKS Dataset	Investigative	OCUBM	8.35	7.46	7.15	11.73	2
DCF5V77	DMCMBHA	Erlotinib	Approved	34.0	DM9WLN4	10-hydroxycamptothecin	Investigative	0.0	.	.	.	.	Breast carcinoma	JAAKS Dataset	Investigative	ZR751	1.71	3.8	4.82	18.15	2
DCNI3YD	DMCMBHA	Erlotinib	Approved	34.0	DM9WLN4	10-hydroxycamptothecin	Investigative	0.0	.	.	.	.	Breast carcinoma	JAAKS Dataset	Investigative	KPL1	2.59	5.81	8.25	9.51	2
DCDSBTQ	DMCMBHA	Erlotinib	Approved	34.0	DM9WLN4	10-hydroxycamptothecin	Investigative	0.0	.	.	.	.	Breast carcinoma	JAAKS Dataset	Investigative	OCUBM	7.26	6.28	4.43	10.17	2
DCARUUS	DMCMBHA	Erlotinib	Approved	34.0	DMB5A80	SNX-2112	Investigative	0.0	.	.	.	.	Breast carcinoma	JAAKS Dataset	Investigative	KPL1	0.55	2.45	3.7	6.46	2
DCF47VW	DMCMBHA	Erlotinib	Approved	34.0	DMB5A80	SNX-2112	Investigative	0.0	.	.	.	.	Breast carcinoma	JAAKS Dataset	Investigative	OCUBM	0.06	3.81	0.52	4.97	2
DCHXF6G	DMCMBHA	Erlotinib	Approved	34.0	DMLHEU7	Ridaforolimus	Phase 3	25.0	.	.	.	.	Breast and ovarian cancer syndrome	JAAKS Dataset	Investigative	UWB1289	2.31	1.38	0.66	5.0	2
DCTO9BJ	DMCMBHA	Erlotinib	Approved	34.0	DMLHEU7	Ridaforolimus	Phase 3	25.0	.	.	.	.	Breast and ovarian cancer syndrome	JAAKS Dataset	Investigative	UWB1289+BRCA1	1.92	1.19	0.66	6.35	2
DCR9IU3	DMCMBHA	Erlotinib	Approved	34.0	DMLHEU7	Ridaforolimus	Phase 3	25.0	.	.	.	.	Breast carcinoma	JAAKS Dataset	Investigative	KPL1	5.61	3.07	0.49	2.93	2
DCG60RJ	DMCMBHA	Erlotinib	Approved	34.0	DMLYGH4	MK-4827	Phase 3	25.0	.	.	.	.	Breast and ovarian cancer syndrome	JAAKS Dataset	Investigative	UWB1289+BRCA1	2.71	2.39	9.29	9.94	2
DCKE86M	DMCMBHA	Erlotinib	Approved	34.0	DMLYGH4	MK-4827	Phase 3	25.0	.	.	.	.	Breast carcinoma	JAAKS Dataset	Investigative	KPL1	8.71	10.87	11.47	13.81	2
DCWNPQ6	DMCMBHA	Erlotinib	Approved	34.0	DMLYGH4	MK-4827	Phase 3	25.0	.	.	.	.	Breast carcinoma	JAAKS Dataset	Investigative	OCUBM	11.25	10.43	14.6	16.45	2
DCK71ZE	DMCMBHA	Erlotinib	Approved	34.0	DMMWSUL	Lomustine	Approved	34.0	.	.	.	.	Breast and ovarian cancer syndrome	JAAKS Dataset	Investigative	UWB1289	1.1	0.59	9.56	12.89	2
DCOMJPI	DMCMBHA	Erlotinib	Approved	34.0	DMMWSUL	Lomustine	Approved	34.0	.	.	.	.	Breast carcinoma	JAAKS Dataset	Investigative	OCUBM	2.49	1.38	0.49	5.58	2
DCHPRKQ	DMCMBHA	Erlotinib	Approved	34.0	DMNO38U	Bortezomib	Approved	34.0	.	.	.	.	Breast carcinoma	JAAKS Dataset	Investigative	KPL1	6.09	6.51	5.02	7.07	2
DCUMHWB	DMCMBHA	Erlotinib	Approved	34.0	DMPAWBN	GSK525762	Phase 1	17.0	.	.	.	.	Breast and ovarian cancer syndrome	JAAKS Dataset	Investigative	UWB1289	4.63	6.84	6.71	9.36	2
DC2HLXW	DMCMBHA	Erlotinib	Approved	34.0	DMPAWBN	GSK525762	Phase 1	17.0	.	.	.	.	Breast and ovarian cancer syndrome	JAAKS Dataset	Investigative	UWB1289+BRCA1	3.84	4.59	3.71	4.75	2
DCYH4HT	DMCMBHA	Erlotinib	Approved	34.0	DMS8IFC	Sorafenib	Approved	34.0	.	.	.	.	Breast and ovarian cancer syndrome	JAAKS Dataset	Investigative	UWB1289	1.49	1.44	7.22	11.38	2
DCCHKIG	DMCMBHA	Erlotinib	Approved	34.0	DMS8IFC	Sorafenib	Approved	34.0	.	.	.	.	Breast and ovarian cancer syndrome	JAAKS Dataset	Investigative	UWB1289+BRCA1	2.89	2.57	8.01	11.89	2
DCLS2SF	DMCMBHA	Erlotinib	Approved	34.0	DMS8IFC	Sorafenib	Approved	34.0	.	.	.	.	Breast carcinoma	JAAKS Dataset	Investigative	ZR751	7.43	2.45	18.13	17.53	2
DCV24P1	DMCMBHA	Erlotinib	Approved	34.0	DMS8IFC	Sorafenib	Approved	34.0	.	.	.	.	Breast carcinoma	JAAKS Dataset	Investigative	KPL1	0.53	2.03	0.18	5.16	2
DCEDSMG	DMCMBHA	Erlotinib	Approved	34.0	DMS8IFC	Sorafenib	Approved	34.0	.	.	.	.	Breast carcinoma	JAAKS Dataset	Investigative	OCUBM	5.27	5.99	2.62	10.48	2
DCVICYB	DMCMBHA	Erlotinib	Approved	34.0	DMWMPD4	Vorinostat	Approved	34.0	.	.	.	.	Breast carcinoma	JAAKS Dataset	Investigative	KPL1	8.52	8.26	12.26	13.7	2
DCAS83L	DMCMBHA	Erlotinib	Approved	34.0	DMWMPD4	Vorinostat	Approved	34.0	.	.	.	.	Breast carcinoma	JAAKS Dataset	Investigative	OCUBM	7.93	5.62	8.54	10.67	2
DC5XSKM	DMCMBHA	Erlotinib	Approved	34.0	DMJV2EK	Dasatinib	Investigative	0.0	.	.	.	.	Breast and ovarian cancer syndrome	JAAKS Dataset	Investigative	UWB1289	6.39	4.91	15.02	16.47	2
DCPBR00	DMCMBHA	Erlotinib	Approved	34.0	DMJV2EK	Dasatinib	Investigative	0.0	.	.	.	.	Breast and ovarian cancer syndrome	JAAKS Dataset	Investigative	UWB1289+BRCA1	3.08	2.82	9.94	13.4	2
DCUMG8Y	DMCMBHA	Erlotinib	Approved	34.0	DMJV2EK	Dasatinib	Investigative	0.0	.	.	.	.	Breast carcinoma	JAAKS Dataset	Investigative	OCUBM	0.62	2.4	0.88	5.14	2
DC4AK7R	DMNP60F	Anastrozole	Approved	34.0	DMTK4LS	Triptorelin	Approved	34.0	.	.	.	.	Breast Cancer	ClinicalTrials.gov	Phase 2	.					2
DC3E1BS	DMNP60F	Anastrozole	Approved	34.0	DMBLHGP	Saracatinib	Investigative	0.0	.	.	.	.	Breast Cancer	ClinicalTrials.gov	Phase 1	.					2
DC4R260	DMNP60F	Anastrozole	Approved	34.0	DMUNTE3	Estradiol	Approved	34.0	.	.	.	.	Breast Cancer	ClinicalTrials.gov	Phase 1	.					2
DCSZ9D8	DMNP60F	Anastrozole	Approved	34.0	DMRICNP	Vandetanib	Approved	34.0	.	.	.	.	Breast Cancer	ClinicalTrials.gov	Phase 1	.					2
DCJA5N1	DMNP60F	Anastrozole	Approved	34.0	DM2YGNW	Dactinomycin	Approved	34.0	.	.	.	.	Breast adenocarcinoma	JAAKS Dataset	Investigative	MDA-MB-468	5.48	10.85	11.09	10.61	2
DC0L9MR	DMNP60F	Anastrozole	Approved	34.0	DM7C8YV	Plicamycin	Approved	34.0	.	.	.	.	Breast adenocarcinoma	JAAKS Dataset	Investigative	MDA-MB-468	2.74	6.0	6.03	5.57	2
DC56UWD	DMNP60F	Anastrozole	Approved	34.0	DM7NKEV	Thioguanine	Preclinical	2.1	.	.	.	.	Breast adenocarcinoma	JAAKS Dataset	Investigative	MDA-MB-468	3.86	4.91	4.86	6.52	2
DCNAKNX	DMNP60F	Anastrozole	Approved	34.0	DMAH59S	Amonafide	Phase 3	25.0	.	.	.	.	Breast adenocarcinoma	JAAKS Dataset	Investigative	MDA-MB-468	1.01	1.31	1.63	3.33	2
DCV9UA7	DMNP60F	Anastrozole	Approved	34.0	DMFH15Z	Bendamustine hydrochloride	Approved	34.0	.	.	.	.	Breast adenocarcinoma	JAAKS Dataset	Investigative	MDA-MB-468	4.78	4.89	5.57	6.42	2
DCM74A9	DMNP60F	Anastrozole	Approved	34.0	DMG2YBD	Trifluridine	Approved	34.0	.	.	.	.	Breast adenocarcinoma	JAAKS Dataset	Investigative	MDA-MB-468	3.96	3.09	3.99	5.42	2
DCSAWVU	DMNP60F	Anastrozole	Approved	34.0	DMH07Y3	Letrozole	Approved	34.0	.	.	.	.	Breast adenocarcinoma	JAAKS Dataset	Investigative	MDA-MB-468	0.23	0.24	0.17	0.09	2
DC4J5QL	DMNP60F	Anastrozole	Approved	34.0	DMIXMYK	Arfolitixorin	Phase 3	25.0	.	.	.	.	Breast adenocarcinoma	JAAKS Dataset	Investigative	MDA-MB-468	1.79	2.62	3.02	4.5	2
DCRXEXJ	DMNP60F	Anastrozole	Approved	34.0	DMJ7NVI	BIO-300	Phase 1/2	19.0	.	.	.	.	Breast adenocarcinoma	JAAKS Dataset	Investigative	MDA-MB-468	4.04	3.64	0.49	5.77	2
DCKWBA8	DMNP60F	Anastrozole	Approved	34.0	DMNER5S	Bleomycin	Approved	34.0	.	.	.	.	Breast adenocarcinoma	JAAKS Dataset	Investigative	MDA-MB-468	5.51	7.17	7.96	9.12	2
DCLK1FS	DMNP60F	Anastrozole	Approved	34.0	DMP6G8T	Topotecan	Approved	34.0	.	.	.	.	Breast adenocarcinoma	JAAKS Dataset	Investigative	MDA-MB-468	3.41	2.96	3.78	4.91	2
DCK1RKY	DMNP60F	Anastrozole	Approved	34.0	DMSG91J	ER819762	Investigative	0.0	.	.	.	.	Breast adenocarcinoma	JAAKS Dataset	Investigative	MDA-MB-468	1.22	1.86	0.78	0.4	2
DCXCXRO	DMNP60F	Anastrozole	Approved	34.0	DMJV2EK	Dasatinib	Investigative	0.0	.	.	.	.	Breast adenocarcinoma	JAAKS Dataset	Investigative	MDA-MB-468	3.61	4.34	1.11	1.03	2
DC2DM1F	DMSE3I7	Gemcitabine	Preclinical	2.1	DMDI269	Docetaxel	Approved	34.0	.	.	.	.	Breast Cancer	ClinicalTrials.gov	Phase 1	.					2
DC6PGA4	DMSE3I7	Gemcitabine	Preclinical	2.1	DMVXFYE	Vinorelbine	Approved	34.0	.	.	.	.	Breast Cancer	ClinicalTrials.gov	Phase 1	.					2
DCFE26I	DMSE3I7	Gemcitabine	Preclinical	2.1	DMMX2E6	Pemetrexed	Approved	34.0	.	.	.	.	Breast Cancer	ClinicalTrials.gov	Phase 1	.					2
DCPK6PX	DMSE3I7	Gemcitabine	Preclinical	2.1	DMG281S	Carboplatin	Approved	34.0	.	.	.	.	Breast Cancer	ClinicalTrials.gov	Phase 1	.					2
DCK4MOL	DMSE3I7	Gemcitabine	Preclinical	2.1	DM27D4J	PD-0325901	Phase 2	21.0	.	.	.	.	Breast and ovarian cancer syndrome	JAAKS Dataset	Investigative	UWB1289	2.84	2.55	10.66	14.83	2
DCE2GMW	DMSE3I7	Gemcitabine	Preclinical	2.1	DM27D4J	PD-0325901	Phase 2	21.0	.	.	.	.	Breast and ovarian cancer syndrome	JAAKS Dataset	Investigative	UWB1289+BRCA1	14.21	10.75	19.96	23.18	2
DCN8J7R	DMSE3I7	Gemcitabine	Preclinical	2.1	DM27D4J	PD-0325901	Phase 2	21.0	.	.	.	.	Breast carcinoma	JAAKS Dataset	Investigative	KPL1	3.19	2.99	1.32	4.22	2
DCK39BP	DMSE3I7	Gemcitabine	Preclinical	2.1	DM27D4J	PD-0325901	Phase 2	21.0	.	.	.	.	Breast carcinoma	JAAKS Dataset	Investigative	OCUBM	27.14	22.2	19.73	28.34	2
DCX9C06	DMSE3I7	Gemcitabine	Preclinical	2.1	DM3BH1Y	Lapatinib	Approved	34.0	.	.	.	.	Breast carcinoma	JAAKS Dataset	Investigative	ZR751	0.04	1.9	17.2	17.51	2
DCLSOJT	DMSE3I7	Gemcitabine	Preclinical	2.1	DM3BH1Y	Lapatinib	Approved	34.0	.	.	.	.	Breast carcinoma	JAAKS Dataset	Investigative	OCUBM	0.34	0.18	5.69	10.05	2
DCW1PJB	DMSE3I7	Gemcitabine	Preclinical	2.1	DM62QTW	RTB101	Phase 3	25.0	.	.	.	.	Breast and ovarian cancer syndrome	JAAKS Dataset	Investigative	UWB1289+BRCA1	1.62	1.31	9.31	12.52	2
DCR8JM3	DMSE3I7	Gemcitabine	Preclinical	2.1	DM62QTW	RTB101	Phase 3	25.0	.	.	.	.	Breast carcinoma	JAAKS Dataset	Investigative	OCUBM	0.19	0.01	1.83	6.84	2
DC1R3A5	DMSE3I7	Gemcitabine	Preclinical	2.1	DM67EMK	SCH-900776	Phase 2	21.0	.	.	.	.	Breast and ovarian cancer syndrome	JAAKS Dataset	Investigative	UWB1289	9.47	3.62	6.47	9.93	2
DCJ19QK	DMSE3I7	Gemcitabine	Preclinical	2.1	DM67EMK	SCH-900776	Phase 2	21.0	.	.	.	.	Breast and ovarian cancer syndrome	JAAKS Dataset	Investigative	UWB1289+BRCA1	7.97	8.78	19.25	11.71	2
DC5U3WA	DMSE3I7	Gemcitabine	Preclinical	2.1	DM67EMK	SCH-900776	Phase 2	21.0	.	.	.	.	Breast carcinoma	JAAKS Dataset	Investigative	OCUBM	25.25	20.62	14.34	27.47	2
DC9XM8T	DMSE3I7	Gemcitabine	Preclinical	2.1	DMB5A80	SNX-2112	Investigative	0.0	.	.	.	.	Breast and ovarian cancer syndrome	JAAKS Dataset	Investigative	UWB1289+BRCA1	13.32	13.21	14.11	15.93	2
DC5J4Q9	DMSE3I7	Gemcitabine	Preclinical	2.1	DMCJLD1	SCH 727965	Discontinued in Phase 3	9.0	.	.	.	.	Breast carcinoma	JAAKS Dataset	Investigative	OCUBM	6.72	0.19	0.85	8.77	2
DCFGUY8	DMSE3I7	Gemcitabine	Preclinical	2.1	DMCMBHA	Erlotinib	Approved	34.0	.	.	.	.	Breast carcinoma	JAAKS Dataset	Investigative	ZR751	0.86	0.72	11.8	15.85	2
DC1OXSA	DMSE3I7	Gemcitabine	Preclinical	2.1	DMCMBHA	Erlotinib	Approved	34.0	.	.	.	.	Breast carcinoma	JAAKS Dataset	Investigative	KPL1	2.06	2.63	7.94	8.91	2
DCCCRVE	DMSE3I7	Gemcitabine	Preclinical	2.1	DMCMBHA	Erlotinib	Approved	34.0	.	.	.	.	Breast carcinoma	JAAKS Dataset	Investigative	OCUBM	12.84	6.58	4.28	11.07	2
DC4W6G2	DMSE3I7	Gemcitabine	Preclinical	2.1	DMLHEU7	Ridaforolimus	Phase 3	25.0	.	.	.	.	Breast carcinoma	JAAKS Dataset	Investigative	OCUBM	5.81	4.16	0.42	7.39	2
DCIO9VN	DMSE3I7	Gemcitabine	Preclinical	2.1	DMLYGH4	MK-4827	Phase 3	25.0	.	.	.	.	Breast and ovarian cancer syndrome	JAAKS Dataset	Investigative	UWB1289+BRCA1	4.6	4.52	8.65	12.7	2
DCPM4HL	DMSE3I7	Gemcitabine	Preclinical	2.1	DMLYGH4	MK-4827	Phase 3	25.0	.	.	.	.	Breast carcinoma	JAAKS Dataset	Investigative	KPL1	3.47	5.84	13.59	14.72	2
DCDYA05	DMSE3I7	Gemcitabine	Preclinical	2.1	DMLYGH4	MK-4827	Phase 3	25.0	.	.	.	.	Breast carcinoma	JAAKS Dataset	Investigative	OCUBM	4.74	1.0	5.1	8.99	2
DC1RSSH	DMSE3I7	Gemcitabine	Preclinical	2.1	DMNO38U	Bortezomib	Approved	34.0	.	.	.	.	Breast and ovarian cancer syndrome	JAAKS Dataset	Investigative	UWB1289+BRCA1	7.5	5.98	3.76	7.23	2
DC3UJFN	DMSE3I7	Gemcitabine	Preclinical	2.1	DMS8IFC	Sorafenib	Approved	34.0	.	.	.	.	Breast carcinoma	JAAKS Dataset	Investigative	ZR751	2.34	0.64	13.67	14.8	2
DC66O4S	DMSE3I7	Gemcitabine	Preclinical	2.1	DMT1OZ6	MK-2206	Phase 2	21.0	.	.	.	.	Breast and ovarian cancer syndrome	JAAKS Dataset	Investigative	UWB1289	3.71	3.31	7.65	11.61	2
DCH9HXV	DMSE3I7	Gemcitabine	Preclinical	2.1	DMT1OZ6	MK-2206	Phase 2	21.0	.	.	.	.	Breast and ovarian cancer syndrome	JAAKS Dataset	Investigative	UWB1289+BRCA1	1.59	4.97	7.87	11.68	2
DCTUPR4	DMSE3I7	Gemcitabine	Preclinical	2.1	DMT1OZ6	MK-2206	Phase 2	21.0	.	.	.	.	Breast carcinoma	JAAKS Dataset	Investigative	OCUBM	0.41	0.15	1.46	6.62	2
DC85HEO	DMSE3I7	Gemcitabine	Preclinical	2.1	DMJV2EK	Dasatinib	Investigative	0.0	.	.	.	.	Breast carcinoma	JAAKS Dataset	Investigative	KPL1	1.48	1.99	2.76	7.46	2
DC8CLAK	DMSE3I7	Gemcitabine	Preclinical	2.1	DMJV2EK	Dasatinib	Investigative	0.0	.	.	.	.	Breast carcinoma	JAAKS Dataset	Investigative	OCUBM	14.31	11.06	1.09	14.52	2
DCQRV6O	DMPDW6T	Epirubicin	Approved	34.0	DM15F0X	Gefitinib	Approved	34.0	.	.	.	.	Breast adenocarcinoma	JAAKS Dataset	Investigative	MDA-MB-468	13.51	15.19	6.77	16.87	2
DC0R8OZ	DMPDW6T	Epirubicin	Approved	34.0	DM2YGNW	Dactinomycin	Approved	34.0	.	.	.	.	Breast adenocarcinoma	JAAKS Dataset	Investigative	MDA-MB-468	19.26	22.17	21.83	21.82	2
DC4JW8M	DMPDW6T	Epirubicin	Approved	34.0	DM3BF9B	DFN-15	Phase 3	25.0	.	.	.	.	Breast adenocarcinoma	JAAKS Dataset	Investigative	MDA-MB-468	1.53	5.15	3.09	3.93	2
DC32774	DMPDW6T	Epirubicin	Approved	34.0	DM3BH1Y	Lapatinib	Approved	34.0	.	.	.	.	Breast adenocarcinoma	JAAKS Dataset	Investigative	MDA-MB-468	0.46	5.82	0.26	6.05	2
DC6M4RI	DMPDW6T	Epirubicin	Approved	34.0	DM5IXKQ	Vismodegib	Approved	34.0	.	.	.	.	Breast adenocarcinoma	JAAKS Dataset	Investigative	MDA-MB-468	4.31	9.18	8.79	10.08	2
DCE6CTN	DMPDW6T	Epirubicin	Approved	34.0	DM62UG5	Vemurafenib	Approved	34.0	.	.	.	.	Breast adenocarcinoma	JAAKS Dataset	Investigative	MDA-MB-468	2.56	11.36	11.4	11.14	2
DC9VP31	DMPDW6T	Epirubicin	Approved	34.0	DM7HXWT	Nilotinib	Approved	34.0	.	.	.	.	Breast adenocarcinoma	JAAKS Dataset	Investigative	MDA-MB-468	2.28	5.61	4.65	5.0	2
DC80TY3	DMPDW6T	Epirubicin	Approved	34.0	DM7NKEV	Thioguanine	Preclinical	2.1	.	.	.	.	Breast adenocarcinoma	JAAKS Dataset	Investigative	MDA-MB-468	5.49	9.18	2.45	10.13	2
DCZ3HIC	DMPDW6T	Epirubicin	Approved	34.0	DMDKF3M	Raloxifene	Approved	34.0	.	.	.	.	Breast adenocarcinoma	JAAKS Dataset	Investigative	MDA-MB-468	2.7	7.34	6.01	6.42	2
DCQERBC	DMPDW6T	Epirubicin	Approved	34.0	DMH0ZJE	Mitomycin	Approved	34.0	.	.	.	.	Breast adenocarcinoma	JAAKS Dataset	Investigative	MDA-MB-468	1.29	2.69	2.35	2.51	2
DCQR7YQ	DMPDW6T	Epirubicin	Approved	34.0	DMIXMYK	Arfolitixorin	Phase 3	25.0	.	.	.	.	Breast adenocarcinoma	JAAKS Dataset	Investigative	MDA-MB-468	3.04	3.96	0.86	5.1	2
DC3665Q	DMPDW6T	Epirubicin	Approved	34.0	DMM1I8R	Indazole derivative 5	Patented	15.5	.	.	.	.	Breast adenocarcinoma	JAAKS Dataset	Investigative	MDA-MB-468	0.54	4.95	5.97	5.95	2
DCX0AH2	DMPDW6T	Epirubicin	Approved	34.0	DMNER5S	Bleomycin	Approved	34.0	.	.	.	.	Breast adenocarcinoma	JAAKS Dataset	Investigative	MDA-MB-468	9.24	10.96	0.13	12.48	2
DC27WT2	DMPDW6T	Epirubicin	Approved	34.0	DMP6G8T	Topotecan	Approved	34.0	.	.	.	.	Breast adenocarcinoma	JAAKS Dataset	Investigative	MDA-MB-468	3.35	4.68	2.61	6.15	2
DCD3IYU	DMPDW6T	Epirubicin	Approved	34.0	DMRHGI9	Cisplatin	Approved	34.0	.	.	.	.	Breast adenocarcinoma	JAAKS Dataset	Investigative	MDA-MB-468	0.59	2.1	0.85	1.61	2
DCP8CC7	DM5TVS3	Vinblastine	Approved	34.0	DM27D4J	PD-0325901	Phase 2	21.0	.	.	.	.	Breast and ovarian cancer syndrome	JAAKS Dataset	Investigative	UWB1289	8.36	8.43	4.36	11.41	2
DC35LLF	DM5TVS3	Vinblastine	Approved	34.0	DM27D4J	PD-0325901	Phase 2	21.0	.	.	.	.	Breast and ovarian cancer syndrome	JAAKS Dataset	Investigative	UWB1289+BRCA1	2.62	2.14	2.71	4.5	2
DCNS3VG	DM5TVS3	Vinblastine	Approved	34.0	DM27D4J	PD-0325901	Phase 2	21.0	.	.	.	.	Breast carcinoma	JAAKS Dataset	Investigative	KPL1	16.85	17.58	3.28	18.33	2
DCB3I1Z	DM5TVS3	Vinblastine	Approved	34.0	DM27D4J	PD-0325901	Phase 2	21.0	.	.	.	.	Breast carcinoma	JAAKS Dataset	Investigative	OCUBM	13.3	14.48	9.77	16.26	2
DC1H99O	DM5TVS3	Vinblastine	Approved	34.0	DM3BH1Y	Lapatinib	Approved	34.0	.	.	.	.	Breast and ovarian cancer syndrome	JAAKS Dataset	Investigative	UWB1289	3.1	2.68	3.54	6.32	2
DCNYV13	DM5TVS3	Vinblastine	Approved	34.0	DM3BH1Y	Lapatinib	Approved	34.0	.	.	.	.	Breast and ovarian cancer syndrome	JAAKS Dataset	Investigative	UWB1289+BRCA1	1.08	0.05	3.26	5.31	2
DC93T4L	DM5TVS3	Vinblastine	Approved	34.0	DM3BH1Y	Lapatinib	Approved	34.0	.	.	.	.	Breast carcinoma	JAAKS Dataset	Investigative	KPL1	5.59	8.16	1.77	8.51	2
DC87NOS	DM5TVS3	Vinblastine	Approved	34.0	DM3BH1Y	Lapatinib	Approved	34.0	.	.	.	.	Breast carcinoma	JAAKS Dataset	Investigative	OCUBM	2.62	1.73	1.42	4.78	2
DCIAUA6	DM5TVS3	Vinblastine	Approved	34.0	DM3WDZ5	MK-1775	Phase 2	21.0	.	.	.	.	Breast carcinoma	JAAKS Dataset	Investigative	OCUBM	13.06	13.31	8.55	14.77	2
DCGOZX7	DM5TVS3	Vinblastine	Approved	34.0	DM4DOUB	PMID28460551-Compound-2	Patented	15.5	.	.	.	.	Breast and ovarian cancer syndrome	JAAKS Dataset	Investigative	UWB1289	2.18	1.77	1.73	5.85	2
DC60FMG	DM5TVS3	Vinblastine	Approved	34.0	DM4DOUB	PMID28460551-Compound-2	Patented	15.5	.	.	.	.	Breast and ovarian cancer syndrome	JAAKS Dataset	Investigative	UWB1289+BRCA1	3.3	2.37	4.78	7.42	2
DC6BNJY	DM5TVS3	Vinblastine	Approved	34.0	DM4DOUB	PMID28460551-Compound-2	Patented	15.5	.	.	.	.	Breast carcinoma	JAAKS Dataset	Investigative	KPL1	6.51	9.32	7.25	10.84	2
DCQ722F	DM5TVS3	Vinblastine	Approved	34.0	DM62QTW	RTB101	Phase 3	25.0	.	.	.	.	Breast and ovarian cancer syndrome	JAAKS Dataset	Investigative	UWB1289	2.44	0.84	3.51	6.56	2
DCOPZRY	DM5TVS3	Vinblastine	Approved	34.0	DM62QTW	RTB101	Phase 3	25.0	.	.	.	.	Breast and ovarian cancer syndrome	JAAKS Dataset	Investigative	UWB1289+BRCA1	2.36	1.07	5.05	7.11	2
DCLP3K7	DM5TVS3	Vinblastine	Approved	34.0	DM62QTW	RTB101	Phase 3	25.0	.	.	.	.	Breast carcinoma	JAAKS Dataset	Investigative	KPL1	3.48	3.74	2.36	6.34	2
DCPLECM	DM5TVS3	Vinblastine	Approved	34.0	DM62QTW	RTB101	Phase 3	25.0	.	.	.	.	Breast carcinoma	JAAKS Dataset	Investigative	OCUBM	6.86	7.2	5.1	9.36	2
DCNGRML	DM5TVS3	Vinblastine	Approved	34.0	DM67EMK	SCH-900776	Phase 2	21.0	.	.	.	.	Breast and ovarian cancer syndrome	JAAKS Dataset	Investigative	UWB1289	1.1	0.05	0.62	3.31	2
DCT9U5R	DM5TVS3	Vinblastine	Approved	34.0	DM67EMK	SCH-900776	Phase 2	21.0	.	.	.	.	Breast carcinoma	JAAKS Dataset	Investigative	OCUBM	5.8	6.14	1.68	7.81	2
DCLM1VT	DM5TVS3	Vinblastine	Approved	34.0	DMB5A80	SNX-2112	Investigative	0.0	.	.	.	.	Breast and ovarian cancer syndrome	JAAKS Dataset	Investigative	UWB1289+BRCA1	3.96	1.35	2.08	3.44	2
DCVGN0K	DM5TVS3	Vinblastine	Approved	34.0	DMB5A80	SNX-2112	Investigative	0.0	.	.	.	.	Breast carcinoma	JAAKS Dataset	Investigative	OCUBM	8.46	9.74	1.27	8.96	2
DCRN7PM	DM5TVS3	Vinblastine	Approved	34.0	DMCJLD1	SCH 727965	Discontinued in Phase 3	9.0	.	.	.	.	Breast carcinoma	JAAKS Dataset	Investigative	KPL1	4.59	7.1	3.66	10.45	2
DC14IKY	DM5TVS3	Vinblastine	Approved	34.0	DMCJLD1	SCH 727965	Discontinued in Phase 3	9.0	.	.	.	.	Breast carcinoma	JAAKS Dataset	Investigative	OCUBM	4.47	1.79	2.34	3.84	2
DC8CMK9	DM5TVS3	Vinblastine	Approved	34.0	DMCMBHA	Erlotinib	Approved	34.0	.	.	.	.	Breast and ovarian cancer syndrome	JAAKS Dataset	Investigative	UWB1289	2.73	0.89	4.83	7.78	2
DCI13R3	DM5TVS3	Vinblastine	Approved	34.0	DMCMBHA	Erlotinib	Approved	34.0	.	.	.	.	Breast and ovarian cancer syndrome	JAAKS Dataset	Investigative	UWB1289+BRCA1	1.29	0.42	7.1	8.64	2
DCDF3KR	DM5TVS3	Vinblastine	Approved	34.0	DMCMBHA	Erlotinib	Approved	34.0	.	.	.	.	Breast carcinoma	JAAKS Dataset	Investigative	KPL1	10.38	12.46	6.71	12.3	2
DCJU62R	DM5TVS3	Vinblastine	Approved	34.0	DMCMBHA	Erlotinib	Approved	34.0	.	.	.	.	Breast carcinoma	JAAKS Dataset	Investigative	OCUBM	17.84	15.61	12.4	17.09	2
DCZKNMT	DM5TVS3	Vinblastine	Approved	34.0	DMFGYKS	MK-5108	Phase 1	17.0	.	.	.	.	Breast and ovarian cancer syndrome	JAAKS Dataset	Investigative	UWB1289	1.71	0.9	4.12	7.06	2
DCG7CLQ	DM5TVS3	Vinblastine	Approved	34.0	DMFGYKS	MK-5108	Phase 1	17.0	.	.	.	.	Breast carcinoma	JAAKS Dataset	Investigative	OCUBM	8.58	8.38	3.57	10.54	2
DC96QWW	DM5TVS3	Vinblastine	Approved	34.0	DMLHEU7	Ridaforolimus	Phase 3	25.0	.	.	.	.	Breast carcinoma	JAAKS Dataset	Investigative	KPL1	6.09	7.66	1.62	7.54	2
DCM6OIV	DM5TVS3	Vinblastine	Approved	34.0	DMLHEU7	Ridaforolimus	Phase 3	25.0	.	.	.	.	Breast carcinoma	JAAKS Dataset	Investigative	OCUBM	5.04	5.16	0.62	5.81	2
DC08GXQ	DM5TVS3	Vinblastine	Approved	34.0	DMLYGH4	MK-4827	Phase 3	25.0	.	.	.	.	Breast and ovarian cancer syndrome	JAAKS Dataset	Investigative	UWB1289	3.73	2.5	6.24	7.68	2
DCXTXTJ	DM5TVS3	Vinblastine	Approved	34.0	DMLYGH4	MK-4827	Phase 3	25.0	.	.	.	.	Breast carcinoma	JAAKS Dataset	Investigative	KPL1	17.91	18.36	17.2	19.15	2
DC2Q86I	DM5TVS3	Vinblastine	Approved	34.0	DMLYGH4	MK-4827	Phase 3	25.0	.	.	.	.	Breast carcinoma	JAAKS Dataset	Investigative	OCUBM	8.04	8.19	6.87	10.3	2
DCWUG6L	DM5TVS3	Vinblastine	Approved	34.0	DMNO38U	Bortezomib	Approved	34.0	.	.	.	.	Breast and ovarian cancer syndrome	JAAKS Dataset	Investigative	UWB1289	2.98	4.15	1.67	5.49	2
DCZSDDS	DM5TVS3	Vinblastine	Approved	34.0	DMPAWBN	GSK525762	Phase 1	17.0	.	.	.	.	Breast and ovarian cancer syndrome	JAAKS Dataset	Investigative	UWB1289	4.09	7.63	5.34	8.86	2
DC21CRB	DM5TVS3	Vinblastine	Approved	34.0	DMS8IFC	Sorafenib	Approved	34.0	.	.	.	.	Breast and ovarian cancer syndrome	JAAKS Dataset	Investigative	UWB1289	2.89	2.68	4.13	7.94	2
DCA3BEA	DM5TVS3	Vinblastine	Approved	34.0	DMS8IFC	Sorafenib	Approved	34.0	.	.	.	.	Breast and ovarian cancer syndrome	JAAKS Dataset	Investigative	UWB1289+BRCA1	1.56	0.65	3.14	6.37	2
DCCGGN5	DM5TVS3	Vinblastine	Approved	34.0	DMS8IFC	Sorafenib	Approved	34.0	.	.	.	.	Breast carcinoma	JAAKS Dataset	Investigative	ZR751	5.52	5.37	0.61	18.73	2
DC4DGIL	DM5TVS3	Vinblastine	Approved	34.0	DMS8IFC	Sorafenib	Approved	34.0	.	.	.	.	Breast carcinoma	JAAKS Dataset	Investigative	KPL1	7.94	7.92	2.63	10.14	2
DCKBARM	DM5TVS3	Vinblastine	Approved	34.0	DMS8IFC	Sorafenib	Approved	34.0	.	.	.	.	Breast carcinoma	JAAKS Dataset	Investigative	OCUBM	10.64	9.84	5.66	12.27	2
DC19UB9	DM5TVS3	Vinblastine	Approved	34.0	DMT1OZ6	MK-2206	Phase 2	21.0	.	.	.	.	Breast and ovarian cancer syndrome	JAAKS Dataset	Investigative	UWB1289	1.96	3.45	5.34	7.59	2
DCPFRY7	DM5TVS3	Vinblastine	Approved	34.0	DMT1OZ6	MK-2206	Phase 2	21.0	.	.	.	.	Breast and ovarian cancer syndrome	JAAKS Dataset	Investigative	UWB1289+BRCA1	0.73	2.56	2.79	5.48	2
DC1ZDK2	DM5TVS3	Vinblastine	Approved	34.0	DMT1OZ6	MK-2206	Phase 2	21.0	.	.	.	.	Breast carcinoma	JAAKS Dataset	Investigative	KPL1	6.98	7.87	3.99	11.45	2
DCWRJ2G	DM5TVS3	Vinblastine	Approved	34.0	DMT1OZ6	MK-2206	Phase 2	21.0	.	.	.	.	Breast carcinoma	JAAKS Dataset	Investigative	OCUBM	1.17	2.12	0.11	4.16	2
DCTZ56Y	DM5TVS3	Vinblastine	Approved	34.0	DMJV2EK	Dasatinib	Investigative	0.0	.	.	.	.	Breast carcinoma	JAAKS Dataset	Investigative	OCUBM	5.81	8.08	1.51	8.73	2
DCO9V7V	DM8V75C	ABIRATERONE	Approved	34.0	DM0HXDS	Pentostatin	Approved	34.0	.	.	.	.	Breast adenocarcinoma	JAAKS Dataset	Investigative	MDA-MB-468	5.73	9.83	2.69	10.38	2
DCXXM9C	DM8V75C	ABIRATERONE	Approved	34.0	DM2OZ3G	Ixabepilone	Approved	34.0	.	.	.	.	Breast adenocarcinoma	JAAKS Dataset	Investigative	MDA-MB-468	6.32	11.98	12.04	12.3	2
DCBYB1Y	DM8V75C	ABIRATERONE	Approved	34.0	DM2YGNW	Dactinomycin	Approved	34.0	.	.	.	.	Breast adenocarcinoma	JAAKS Dataset	Investigative	MDA-MB-468	27.42	25.57	25.19	25.19	2
DCM74TX	DM8V75C	ABIRATERONE	Approved	34.0	DM4F29C	Crizotinib	Approved	34.0	.	.	.	.	Breast adenocarcinoma	JAAKS Dataset	Investigative	MDA-MB-468	3.85	5.81	3.03	5.9	2
DC3A52F	DM8V75C	ABIRATERONE	Approved	34.0	DM7C8YV	Plicamycin	Approved	34.0	.	.	.	.	Breast adenocarcinoma	JAAKS Dataset	Investigative	MDA-MB-468	26.63	23.76	23.83	24.06	2
DC43POE	DM8V75C	ABIRATERONE	Approved	34.0	DM7HXWT	Nilotinib	Approved	34.0	.	.	.	.	Breast adenocarcinoma	JAAKS Dataset	Investigative	MDA-MB-468	5.94	6.85	3.34	6.31	2
DCUQZDL	DM8V75C	ABIRATERONE	Approved	34.0	DM7NKEV	Thioguanine	Preclinical	2.1	.	.	.	.	Breast adenocarcinoma	JAAKS Dataset	Investigative	MDA-MB-468	7.65	8.51	1.77	11.34	2
DC8PN0O	DM8V75C	ABIRATERONE	Approved	34.0	DMCJLD1	SCH 727965	Discontinued in Phase 3	9.0	.	.	.	.	Breast adenocarcinoma	JAAKS Dataset	Investigative	MDA-MB-468	7.48	7.55	4.47	6.72	2
DCKQI2A	DM8V75C	ABIRATERONE	Approved	34.0	DMDI269	Docetaxel	Approved	34.0	.	.	.	.	Breast adenocarcinoma	JAAKS Dataset	Investigative	MDA-MB-468	12.57	10.96	12.2	13.65	2
DCO0EXY	DM8V75C	ABIRATERONE	Approved	34.0	DMFH15Z	Bendamustine hydrochloride	Approved	34.0	.	.	.	.	Breast adenocarcinoma	JAAKS Dataset	Investigative	MDA-MB-468	5.75	3.76	0.36	5.42	2
DC15MK8	DM8V75C	ABIRATERONE	Approved	34.0	DMG2YBD	Trifluridine	Approved	34.0	.	.	.	.	Breast adenocarcinoma	JAAKS Dataset	Investigative	MDA-MB-468	5.12	5.19	5.85	9.12	2
DC2C5DK	DM8V75C	ABIRATERONE	Approved	34.0	DMGW1ID	Sirolimus	Approved	34.0	.	.	.	.	Breast adenocarcinoma	JAAKS Dataset	Investigative	MDA-MB-468	17.3	15.92	19.61	20.29	2
DCWAY8F	DM8V75C	ABIRATERONE	Approved	34.0	DMH8UF0	SY-1425	Phase 1	17.0	.	.	.	.	Breast adenocarcinoma	JAAKS Dataset	Investigative	MDA-MB-468	5.35	3.79	0.11	4.44	2
DC3EVNE	DM8V75C	ABIRATERONE	Approved	34.0	DMHL7OB	Uracil mustard	Approved	34.0	.	.	.	.	Breast adenocarcinoma	JAAKS Dataset	Investigative	MDA-MB-468	11.5	13.07	6.48	14.32	2
DCL1IZW	DM8V75C	ABIRATERONE	Approved	34.0	DMINOX3	Vincristine	Approved	34.0	.	.	.	.	Breast adenocarcinoma	JAAKS Dataset	Investigative	MDA-MB-468	5.33	6.04	5.91	7.96	2
DCGMH4G	DM8V75C	ABIRATERONE	Approved	34.0	DMJ7NVI	BIO-300	Phase 1/2	19.0	.	.	.	.	Breast adenocarcinoma	JAAKS Dataset	Investigative	MDA-MB-468	10.15	8.3	5.66	11.23	2
DC98QNJ	DM8V75C	ABIRATERONE	Approved	34.0	DMM1I8R	Indazole derivative 5	Patented	15.5	.	.	.	.	Breast adenocarcinoma	JAAKS Dataset	Investigative	MDA-MB-468	3.54	7.69	4.54	7.82	2
DC0UBUH	DM8V75C	ABIRATERONE	Approved	34.0	DM7RJXL	Imatinib	Phase 3 Trial	25.0	.	.	.	.	Breast adenocarcinoma	JAAKS Dataset	Investigative	MDA-MB-468	4.23	8.15	3.82	8.16	2
DCFM2ML	DM8V75C	ABIRATERONE	Approved	34.0	DMNER5S	Bleomycin	Approved	34.0	.	.	.	.	Breast adenocarcinoma	JAAKS Dataset	Investigative	MDA-MB-468	7.85	6.57	3.07	8.41	2
DCUDYJ7	DM8V75C	ABIRATERONE	Approved	34.0	DMOYJFK	Valrubicin	Approved	34.0	.	.	.	.	Breast adenocarcinoma	JAAKS Dataset	Investigative	MDA-MB-468	5.44	5.53	5.64	6.09	2
DCHLSLV	DM8V75C	ABIRATERONE	Approved	34.0	DMTA5OE	Azacitidine	Approved	34.0	.	.	.	.	Breast adenocarcinoma	JAAKS Dataset	Investigative	MDA-MB-468	4.95	6.04	5.13	7.91	2
DCI97DE	DM8V75C	ABIRATERONE	Approved	34.0	DMUOT9V	Taxol	Approved	34.0	.	.	.	.	Breast adenocarcinoma	JAAKS Dataset	Investigative	MDA-MB-468	15.85	13.3	13.23	16.14	2
DCVL7Z6	DM8V75C	ABIRATERONE	Approved	34.0	DMWTAOI	Estramustine	Approved	34.0	.	.	.	.	Breast adenocarcinoma	JAAKS Dataset	Investigative	MDA-MB-468	4.48	5.05	2.38	6.78	2
DC9Z7UN	DM8V75C	ABIRATERONE	Approved	34.0	DMWVIGP	Digitoxin	Approved	34.0	.	.	.	.	Breast adenocarcinoma	JAAKS Dataset	Investigative	MDA-MB-468	4.99	1.83	0.91	1.72	2
DCLOC90	DM8V75C	ABIRATERONE	Approved	34.0	DMJV2EK	Dasatinib	Investigative	0.0	.	.	.	.	Breast adenocarcinoma	JAAKS Dataset	Investigative	MDA-MB-468	1.18	3.76	3.71	4.2	2
DCDSSKB	DM15F0X	Gefitinib	Approved	34.0	DMDI269	Docetaxel	Approved	34.0	.	.	.	.	Breast Cancer	ClinicalTrials.gov	Phase 1	.					2
DCL2W27	DM15F0X	Gefitinib	Approved	34.0	DMLB0EZ	Tamoxifen	Approved	34.0	.	.	.	.	Breast Neoplasms	ClinicalTrials.gov	Phase 1	.					2
DCQPDOM	DM15F0X	Gefitinib	Approved	34.0	DMNP60F	Anastrozole	Approved	34.0	.	.	.	.	Estrogen Receptor-positive Breast Cancer	ClinicalTrials.gov	Phase 1	.					2
DC0TEA4	DM15F0X	Gefitinib	Approved	34.0	DM0HXDS	Pentostatin	Approved	34.0	.	.	.	.	Breast adenocarcinoma	JAAKS Dataset	Investigative	MDA-MB-468	3.33	5.55	0.36	8.49	2
DCOCZA2	DM15F0X	Gefitinib	Approved	34.0	DM2YGNW	Dactinomycin	Approved	34.0	.	.	.	.	Breast adenocarcinoma	JAAKS Dataset	Investigative	MDA-MB-468	6.51	13.26	12.93	12.99	2
DCCVA90	DM15F0X	Gefitinib	Approved	34.0	DM7C8YV	Plicamycin	Approved	34.0	.	.	.	.	Breast adenocarcinoma	JAAKS Dataset	Investigative	MDA-MB-468	2.45	11.28	10.08	10.79	2
DCWTR6F	DM15F0X	Gefitinib	Approved	34.0	DM7NKEV	Thioguanine	Preclinical	2.1	.	.	.	.	Breast adenocarcinoma	JAAKS Dataset	Investigative	MDA-MB-468	4.28	4.62	7.59	9.4	2
DCFZC9V	DM15F0X	Gefitinib	Approved	34.0	DM9WLN4	10-hydroxycamptothecin	Investigative	0.0	.	.	.	.	Breast adenocarcinoma	JAAKS Dataset	Investigative	MDA-MB-468	0.65	1.03	1.47	4.41	2
DCWA5N2	DM15F0X	Gefitinib	Approved	34.0	DMAH59S	Amonafide	Phase 3	25.0	.	.	.	.	Breast adenocarcinoma	JAAKS Dataset	Investigative	MDA-MB-468	2.7	2.0	5.52	7.32	2
DCN8F6Y	DM15F0X	Gefitinib	Approved	34.0	DMD7X1O	Dexrazoxane	Approved	34.0	.	.	.	.	Breast adenocarcinoma	JAAKS Dataset	Investigative	MDA-MB-468	8.53	11.71	15.46	16.51	2
DCAB6VU	DM15F0X	Gefitinib	Approved	34.0	DMDI269	Docetaxel	Approved	34.0	.	.	.	.	Breast adenocarcinoma	JAAKS Dataset	Investigative	MDA-MB-468	9.6	7.63	9.57	11.85	2
DCSHCJQ	DM15F0X	Gefitinib	Approved	34.0	DMFH15Z	Bendamustine hydrochloride	Approved	34.0	.	.	.	.	Breast adenocarcinoma	JAAKS Dataset	Investigative	MDA-MB-468	5.29	4.38	8.37	9.57	2
DCO30JH	DM15F0X	Gefitinib	Approved	34.0	DMG2YBD	Trifluridine	Approved	34.0	.	.	.	.	Breast adenocarcinoma	JAAKS Dataset	Investigative	MDA-MB-468	1.09	1.17	8.53	9.69	2
DCH3PRA	DM15F0X	Gefitinib	Approved	34.0	DMHL7OB	Uracil mustard	Approved	34.0	.	.	.	.	Breast adenocarcinoma	JAAKS Dataset	Investigative	MDA-MB-468	5.14	7.94	10.69	12.03	2
DCRF195	DM15F0X	Gefitinib	Approved	34.0	DMIXMYK	Arfolitixorin	Phase 3	25.0	.	.	.	.	Breast adenocarcinoma	JAAKS Dataset	Investigative	MDA-MB-468	3.11	3.02	7.84	9.69	2
DC8BHAK	DM15F0X	Gefitinib	Approved	34.0	DMJ7NVI	BIO-300	Phase 1/2	19.0	.	.	.	.	Breast adenocarcinoma	JAAKS Dataset	Investigative	MDA-MB-468	14.37	12.81	8.92	17.9	2
DCWUWTC	DM15F0X	Gefitinib	Approved	34.0	DMNER5S	Bleomycin	Approved	34.0	.	.	.	.	Breast adenocarcinoma	JAAKS Dataset	Investigative	MDA-MB-468	9.65	9.76	14.14	15.45	2
DCYBCDH	DM15F0X	Gefitinib	Approved	34.0	DMNP60F	Anastrozole	Approved	34.0	.	.	.	.	Breast adenocarcinoma	JAAKS Dataset	Investigative	MDA-MB-468	1.84	1.39	2.22	3.53	2
DCFKQ5B	DM15F0X	Gefitinib	Approved	34.0	DMNPZL4	Dacarbazine	Approved	34.0	.	.	.	.	Breast adenocarcinoma	JAAKS Dataset	Investigative	MDA-MB-468	0.32	2.19	4.74	6.16	2
DCRRP41	DM15F0X	Gefitinib	Approved	34.0	DMP6G8T	Topotecan	Approved	34.0	.	.	.	.	Breast adenocarcinoma	JAAKS Dataset	Investigative	MDA-MB-468	4.2	3.76	10.16	12.16	2
DCK5ED9	DM15F0X	Gefitinib	Approved	34.0	DMRKE63	Chlorambucil	Approved	34.0	.	.	.	.	Breast adenocarcinoma	JAAKS Dataset	Investigative	MDA-MB-468	1.58	2.38	1.04	1.97	2
DCTU0AP	DM15F0X	Gefitinib	Approved	34.0	DMT5GNL	Romidepsin	Approved	34.0	.	.	.	.	Breast adenocarcinoma	JAAKS Dataset	Investigative	MDA-MB-468	2.73	0.71	3.45	3.78	2
DCM7NBN	DM15F0X	Gefitinib	Approved	34.0	DMJV2EK	Dasatinib	Investigative	0.0	.	.	.	.	Breast adenocarcinoma	JAAKS Dataset	Investigative	MDA-MB-468	2.94	8.29	4.08	4.5	2
DCZWVLT	DM4F29C	Crizotinib	Approved	34.0	DM0PIY6	Picoplatin	Phase 3	25.0	.	.	.	.	Breast adenocarcinoma	JAAKS Dataset	Investigative	MDA-MB-468	1.76	7.32	1.21	3.41	2
DCVJKJH	DM4F29C	Crizotinib	Approved	34.0	DM15F0X	Gefitinib	Approved	34.0	.	.	.	.	Breast adenocarcinoma	JAAKS Dataset	Investigative	MDA-MB-468	14.38	16.21	13.43	17.14	2
DCGEGDT	DM4F29C	Crizotinib	Approved	34.0	DM2OZ3G	Ixabepilone	Approved	34.0	.	.	.	.	Breast adenocarcinoma	JAAKS Dataset	Investigative	MDA-MB-468	7.61	3.43	3.93	4.1	2
DCAWYGN	DM4F29C	Crizotinib	Approved	34.0	DM2YGNW	Dactinomycin	Approved	34.0	.	.	.	.	Breast adenocarcinoma	JAAKS Dataset	Investigative	MDA-MB-468	23.68	23.1	22.68	22.67	2
DCNAOT2	DM4F29C	Crizotinib	Approved	34.0	DM7C8YV	Plicamycin	Approved	34.0	.	.	.	.	Breast adenocarcinoma	JAAKS Dataset	Investigative	MDA-MB-468	18.52	18.32	18.95	18.92	2
DCXGVBM	DM4F29C	Crizotinib	Approved	34.0	DM7NKEV	Thioguanine	Preclinical	2.1	.	.	.	.	Breast adenocarcinoma	JAAKS Dataset	Investigative	MDA-MB-468	5.61	7.95	7.82	8.43	2
DCJLE5H	DM4F29C	Crizotinib	Approved	34.0	DM8V75C	ABIRATERONE	Approved	34.0	.	.	.	.	Breast adenocarcinoma	JAAKS Dataset	Investigative	MDA-MB-468	3.36	5.39	2.63	5.49	2
DCN5UNA	DM4F29C	Crizotinib	Approved	34.0	DMC3P45	Terameprocol	Phase 2	21.0	.	.	.	.	Breast adenocarcinoma	JAAKS Dataset	Investigative	MDA-MB-468	1.46	4.36	4.75	4.84	2
DCUBI3M	DM4F29C	Crizotinib	Approved	34.0	DMCJLD1	SCH 727965	Discontinued in Phase 3	9.0	.	.	.	.	Breast adenocarcinoma	JAAKS Dataset	Investigative	MDA-MB-468	0.41	2.6	1.17	1.69	2
DC1HAKJ	DM4F29C	Crizotinib	Approved	34.0	DMD7X1O	Dexrazoxane	Approved	34.0	.	.	.	.	Breast adenocarcinoma	JAAKS Dataset	Investigative	MDA-MB-468	1.04	6.81	7.28	7.41	2
DCX7FWZ	DM4F29C	Crizotinib	Approved	34.0	DMDKF3M	Raloxifene	Approved	34.0	.	.	.	.	Breast adenocarcinoma	JAAKS Dataset	Investigative	MDA-MB-468	0.04	7.38	5.39	6.39	2
DCXI7U0	DM4F29C	Crizotinib	Approved	34.0	DMH07Y3	Letrozole	Approved	34.0	.	.	.	.	Breast adenocarcinoma	JAAKS Dataset	Investigative	MDA-MB-468	0.96	5.8	4.06	5.49	2
DCHXK0H	DM4F29C	Crizotinib	Approved	34.0	DMHL7OB	Uracil mustard	Approved	34.0	.	.	.	.	Breast adenocarcinoma	JAAKS Dataset	Investigative	MDA-MB-468	15.72	18.31	3.71	18.23	2
DCX3G02	DM4F29C	Crizotinib	Approved	34.0	DMIXMYK	Arfolitixorin	Phase 3	25.0	.	.	.	.	Breast adenocarcinoma	JAAKS Dataset	Investigative	MDA-MB-468	3.56	4.25	4.46	4.87	2
DCGKMDU	DM4F29C	Crizotinib	Approved	34.0	DMJ7NVI	BIO-300	Phase 1/2	19.0	.	.	.	.	Breast adenocarcinoma	JAAKS Dataset	Investigative	MDA-MB-468	22.1	22.56	7.37	23.3	2
DCH7QAO	DM4F29C	Crizotinib	Approved	34.0	DMLWYJB	JNK-IN-8	Investigative	0.0	.	.	.	.	Breast adenocarcinoma	JAAKS Dataset	Investigative	MDA-MB-468	0.93	6.21	6.08	7.13	2
DCNE0AS	DM4F29C	Crizotinib	Approved	34.0	DMNER5S	Bleomycin	Approved	34.0	.	.	.	.	Breast adenocarcinoma	JAAKS Dataset	Investigative	MDA-MB-468	9.71	9.0	7.39	9.82	2
DCBTJIR	DM4F29C	Crizotinib	Approved	34.0	DMNP60F	Anastrozole	Approved	34.0	.	.	.	.	Breast adenocarcinoma	JAAKS Dataset	Investigative	MDA-MB-468	0.16	2.54	2.16	3.19	2
DCYVJ32	DM4F29C	Crizotinib	Approved	34.0	DMNPZL4	Dacarbazine	Approved	34.0	.	.	.	.	Breast adenocarcinoma	JAAKS Dataset	Investigative	MDA-MB-468	4.42	10.51	10.01	10.37	2
DCBFSJ0	DM4F29C	Crizotinib	Approved	34.0	DMPDW6T	Epirubicin	Approved	34.0	.	.	.	.	Breast adenocarcinoma	JAAKS Dataset	Investigative	MDA-MB-468	2.44	6.77	7.33	7.42	2
DC6KJ1I	DM4F29C	Crizotinib	Approved	34.0	DMWTAOI	Estramustine	Approved	34.0	.	.	.	.	Breast adenocarcinoma	JAAKS Dataset	Investigative	MDA-MB-468	2.85	5.2	4.67	5.66	2
DCA11XE	DMJV2EK	Dasatinib	Investigative	0.0	DM62QTW	RTB101	Phase 3	25.0	.	.	.	.	Breast and ovarian cancer syndrome	JAAKS Dataset	Investigative	UWB1289+BRCA1	0.97	0.72	7.06	9.41	2
DC3DWU3	DMJV2EK	Dasatinib	Investigative	0.0	DM62QTW	RTB101	Phase 3	25.0	.	.	.	.	Breast carcinoma	JAAKS Dataset	Investigative	KPL1	8.63	9.43	2.71	13.12	2
DCAJCZW	DMJV2EK	Dasatinib	Investigative	0.0	DM62QTW	RTB101	Phase 3	25.0	.	.	.	.	Breast carcinoma	JAAKS Dataset	Investigative	OCUBM	4.74	5.69	2.79	9.56	2
DCIFJUZ	DMJV2EK	Dasatinib	Investigative	0.0	DM67EMK	SCH-900776	Phase 2	21.0	.	.	.	.	Breast carcinoma	JAAKS Dataset	Investigative	KPL1	1.39	1.71	5.78	7.05	2
DCJKEC5	DMJV2EK	Dasatinib	Investigative	0.0	DM67EMK	SCH-900776	Phase 2	21.0	.	.	.	.	Breast carcinoma	JAAKS Dataset	Investigative	OCUBM	2.86	3.33	6.29	8.57	2
DC8AJ6K	DMJV2EK	Dasatinib	Investigative	0.0	DM9WLN4	10-hydroxycamptothecin	Investigative	0.0	.	.	.	.	Breast and ovarian cancer syndrome	JAAKS Dataset	Investigative	UWB1289+BRCA1	1.13	0.42	4.75	5.35	2
DCTLIE8	DMJV2EK	Dasatinib	Investigative	0.0	DM9WLN4	10-hydroxycamptothecin	Investigative	0.0	.	.	.	.	Breast carcinoma	JAAKS Dataset	Investigative	OCUBM	0.18	6.44	3.01	9.77	2
DCWPFTL	DMJV2EK	Dasatinib	Investigative	0.0	DMB5A80	SNX-2112	Investigative	0.0	.	.	.	.	Breast carcinoma	JAAKS Dataset	Investigative	KPL1	1.0	2.26	0.44	5.55	2
DC9VB4W	DMJV2EK	Dasatinib	Investigative	0.0	DMB5A80	SNX-2112	Investigative	0.0	.	.	.	.	Breast carcinoma	JAAKS Dataset	Investigative	OCUBM	0.07	10.29	8.04	10.9	2
DCX75RP	DMJV2EK	Dasatinib	Investigative	0.0	DMC3P45	Terameprocol	Phase 2	21.0	.	.	.	.	Breast adenocarcinoma	JAAKS Dataset	Investigative	MDA-MB-468	0.84	3.51	0.59	0.21	2
DCYHA38	DMJV2EK	Dasatinib	Investigative	0.0	DMLHEU7	Ridaforolimus	Phase 3	25.0	.	.	.	.	Breast carcinoma	JAAKS Dataset	Investigative	KPL1	1.11	2.05	0.5	1.67	2
DCZJH7D	DMJV2EK	Dasatinib	Investigative	0.0	DMLHEU7	Ridaforolimus	Phase 3	25.0	.	.	.	.	Breast carcinoma	JAAKS Dataset	Investigative	OCUBM	0.48	4.15	3.19	5.46	2
DC41GQP	DMJV2EK	Dasatinib	Investigative	0.0	DMLYGH4	MK-4827	Phase 3	25.0	.	.	.	.	Breast carcinoma	JAAKS Dataset	Investigative	KPL1	9.88	12.96	12.04	15.67	2
DCHTIDL	DMJV2EK	Dasatinib	Investigative	0.0	DMLYGH4	MK-4827	Phase 3	25.0	.	.	.	.	Breast carcinoma	JAAKS Dataset	Investigative	OCUBM	8.28	8.46	10.53	13.33	2
DCUS8SY	DMJV2EK	Dasatinib	Investigative	0.0	DMMWSUL	Lomustine	Approved	34.0	.	.	.	.	Breast carcinoma	JAAKS Dataset	Investigative	OCUBM	0.46	1.49	1.8	4.53	2
DCZM9PY	DMJV2EK	Dasatinib	Investigative	0.0	DMNO38U	Bortezomib	Approved	34.0	.	.	.	.	Breast adenocarcinoma	JAAKS Dataset	Investigative	MDA-MB-468	0.49	1.52	1.84	0.32	2
DCNV16U	DMJV2EK	Dasatinib	Investigative	0.0	DMPAWBN	GSK525762	Phase 1	17.0	.	.	.	.	Breast and ovarian cancer syndrome	JAAKS Dataset	Investigative	UWB1289	6.48	2.65	2.6	4.06	2
DCOUQTD	DMJV2EK	Dasatinib	Investigative	0.0	DMPAWBN	GSK525762	Phase 1	17.0	.	.	.	.	Breast and ovarian cancer syndrome	JAAKS Dataset	Investigative	UWB1289+BRCA1	2.59	1.4	0.53	1.51	2
DCLKBFY	DMJV2EK	Dasatinib	Investigative	0.0	DMS8IFC	Sorafenib	Approved	34.0	.	.	.	.	Breast carcinoma	JAAKS Dataset	Investigative	ZR751	16.83	16.91	23.84	23.61	2
DC49JME	DMJV2EK	Dasatinib	Investigative	0.0	DMS8IFC	Sorafenib	Approved	34.0	.	.	.	.	Breast carcinoma	JAAKS Dataset	Investigative	KPL1	1.62	0.56	0.37	3.64	2
DCRJ623	DMJV2EK	Dasatinib	Investigative	0.0	DMS8IFC	Sorafenib	Approved	34.0	.	.	.	.	Breast carcinoma	JAAKS Dataset	Investigative	OCUBM	3.84	3.99	4.51	7.88	2
DCRJVWA	DMJV2EK	Dasatinib	Investigative	0.0	DMWMPD4	Vorinostat	Approved	34.0	.	.	.	.	Breast carcinoma	JAAKS Dataset	Investigative	KPL1	1.8	1.44	5.33	6.65	2
DC9U3P4	DMJV2EK	Dasatinib	Investigative	0.0	DMWMPD4	Vorinostat	Approved	34.0	.	.	.	.	Breast carcinoma	JAAKS Dataset	Investigative	OCUBM	3.39	2.68	4.97	6.31	2
DCBDMIE	DMJV2EK	Dasatinib	Investigative	0.0	DMWNHPC	Aminolevulinic Acid Hydrochloride	Approved	34.0	.	.	.	.	Breast adenocarcinoma	JAAKS Dataset	Investigative	MDA-MB-468	0.35	5.22	4.93	5.02	2
DCJNFVQ	DM3WDZ5	MK-1775	Phase 2	21.0	DM27D4J	PD-0325901	Phase 2	21.0	.	.	.	.	Breast carcinoma	JAAKS Dataset	Investigative	OCUBM	2.52	0.87	3.1	3.19	2
DCXGPKA	DM3WDZ5	MK-1775	Phase 2	21.0	DM62QTW	RTB101	Phase 3	25.0	.	.	.	.	Breast carcinoma	JAAKS Dataset	Investigative	ZR751	0.37	0.58	5.71	7.27	2
DC0HHQV	DM3WDZ5	MK-1775	Phase 2	21.0	DM62QTW	RTB101	Phase 3	25.0	.	.	.	.	Breast carcinoma	JAAKS Dataset	Investigative	OCUBM	8.9	9.02	5.68	14.18	2
DCWS3AK	DM3WDZ5	MK-1775	Phase 2	21.0	DM67EMK	SCH-900776	Phase 2	21.0	.	.	.	.	Breast carcinoma	JAAKS Dataset	Investigative	ZR751	6.61	5.74	12.73	14.29	2
DC4F2BU	DM3WDZ5	MK-1775	Phase 2	21.0	DM67EMK	SCH-900776	Phase 2	21.0	.	.	.	.	Breast carcinoma	JAAKS Dataset	Investigative	OCUBM	17.62	17.89	23.08	25.11	2
DCAIH7B	DM3WDZ5	MK-1775	Phase 2	21.0	DM9WLN4	10-hydroxycamptothecin	Investigative	0.0	.	.	.	.	Breast and ovarian cancer syndrome	JAAKS Dataset	Investigative	UWB1289+BRCA1	5.15	10.81	14.64	16.07	2
DCQITCE	DM3WDZ5	MK-1775	Phase 2	21.0	DM9WLN4	10-hydroxycamptothecin	Investigative	0.0	.	.	.	.	Breast carcinoma	JAAKS Dataset	Investigative	ZR751	0.85	5.04	13.4	14.42	2
DCR4NH7	DM3WDZ5	MK-1775	Phase 2	21.0	DM9WLN4	10-hydroxycamptothecin	Investigative	0.0	.	.	.	.	Breast carcinoma	JAAKS Dataset	Investigative	KPL1	0.17	2.46	8.06	9.55	2
DCEVLLZ	DM3WDZ5	MK-1775	Phase 2	21.0	DM9WLN4	10-hydroxycamptothecin	Investigative	0.0	.	.	.	.	Breast carcinoma	JAAKS Dataset	Investigative	OCUBM	8.55	6.4	1.02	10.96	2
DC1YOJN	DM3WDZ5	MK-1775	Phase 2	21.0	DMB5A80	SNX-2112	Investigative	0.0	.	.	.	.	Breast and ovarian cancer syndrome	JAAKS Dataset	Investigative	UWB1289	7.6	3.73	8.41	5.98	2
DCK7EQI	DM3WDZ5	MK-1775	Phase 2	21.0	DMB5A80	SNX-2112	Investigative	0.0	.	.	.	.	Breast and ovarian cancer syndrome	JAAKS Dataset	Investigative	UWB1289+BRCA1	12.98	17.82	11.19	18.43	2
DCZJPC2	DM3WDZ5	MK-1775	Phase 2	21.0	DMB5A80	SNX-2112	Investigative	0.0	.	.	.	.	Breast carcinoma	JAAKS Dataset	Investigative	OCUBM	11.88	12.73	11.43	14.49	2
DCVTOT1	DM3WDZ5	MK-1775	Phase 2	21.0	DMCMBHA	Erlotinib	Approved	34.0	.	.	.	.	Breast and ovarian cancer syndrome	JAAKS Dataset	Investigative	UWB1289+BRCA1	1.96	2.5	0.9	8.34	2
DCBHNVH	DM3WDZ5	MK-1775	Phase 2	21.0	DMCMBHA	Erlotinib	Approved	34.0	.	.	.	.	Breast carcinoma	JAAKS Dataset	Investigative	KPL1	0.06	2.93	6.17	7.87	2
DCKLEMV	DM3WDZ5	MK-1775	Phase 2	21.0	DMCMBHA	Erlotinib	Approved	34.0	.	.	.	.	Breast carcinoma	JAAKS Dataset	Investigative	OCUBM	4.16	3.69	0.38	7.72	2
DC0IBEJ	DM3WDZ5	MK-1775	Phase 2	21.0	DMLHEU7	Ridaforolimus	Phase 3	25.0	.	.	.	.	Breast carcinoma	JAAKS Dataset	Investigative	KPL1	0.46	2.4	2.37	3.75	2
DCMMN8B	DM3WDZ5	MK-1775	Phase 2	21.0	DMLYGH4	MK-4827	Phase 3	25.0	.	.	.	.	Breast carcinoma	JAAKS Dataset	Investigative	ZR751	0.11	2.06	8.29	10.16	2
DCPCLUJ	DM3WDZ5	MK-1775	Phase 2	21.0	DMLYGH4	MK-4827	Phase 3	25.0	.	.	.	.	Breast carcinoma	JAAKS Dataset	Investigative	KPL1	0.77	2.07	4.06	8.27	2
DCBUPX3	DM3WDZ5	MK-1775	Phase 2	21.0	DMLYGH4	MK-4827	Phase 3	25.0	.	.	.	.	Breast carcinoma	JAAKS Dataset	Investigative	OCUBM	4.54	5.04	7.2	12.28	2
DCUP87O	DM3WDZ5	MK-1775	Phase 2	21.0	DMMWSUL	Lomustine	Approved	34.0	.	.	.	.	Breast carcinoma	JAAKS Dataset	Investigative	KPL1	4.4	7.87	10.13	12.19	2
DC496QF	DM3WDZ5	MK-1775	Phase 2	21.0	DMMWSUL	Lomustine	Approved	34.0	.	.	.	.	Breast carcinoma	JAAKS Dataset	Investigative	OCUBM	5.43	4.15	5.17	8.92	2
DCM5GJK	DM3WDZ5	MK-1775	Phase 2	21.0	DMNO38U	Bortezomib	Approved	34.0	.	.	.	.	Breast and ovarian cancer syndrome	JAAKS Dataset	Investigative	UWB1289	7.83	8.98	7.84	11.55	2
DC4SF4C	DM3WDZ5	MK-1775	Phase 2	21.0	DMNO38U	Bortezomib	Approved	34.0	.	.	.	.	Breast and ovarian cancer syndrome	JAAKS Dataset	Investigative	UWB1289+BRCA1	0.32	1.57	0.74	2.35	2
DCMTJ7X	DM3WDZ5	MK-1775	Phase 2	21.0	DMNO38U	Bortezomib	Approved	34.0	.	.	.	.	Breast carcinoma	JAAKS Dataset	Investigative	ZR751	0.66	0.45	3.78	5.72	2
DCHJWN9	DM3WDZ5	MK-1775	Phase 2	21.0	DMNO38U	Bortezomib	Approved	34.0	.	.	.	.	Breast carcinoma	JAAKS Dataset	Investigative	OCUBM	4.44	5.61	3.2	6.79	2
DCK7PJ9	DM3WDZ5	MK-1775	Phase 2	21.0	DMPAWBN	GSK525762	Phase 1	17.0	.	.	.	.	Breast and ovarian cancer syndrome	JAAKS Dataset	Investigative	UWB1289+BRCA1	0.38	12.28	10.89	12.18	2
DCXTVMS	DM3WDZ5	MK-1775	Phase 2	21.0	DMS8IFC	Sorafenib	Approved	34.0	.	.	.	.	Breast and ovarian cancer syndrome	JAAKS Dataset	Investigative	UWB1289+BRCA1	1.86	2.67	0.37	6.4	2
DCOB8GX	DM3WDZ5	MK-1775	Phase 2	21.0	DMS8IFC	Sorafenib	Approved	34.0	.	.	.	.	Breast carcinoma	JAAKS Dataset	Investigative	ZR751	6.62	0.82	7.51	10.14	2
DCUBPCR	DM3WDZ5	MK-1775	Phase 2	21.0	DMS8IFC	Sorafenib	Approved	34.0	.	.	.	.	Breast carcinoma	JAAKS Dataset	Investigative	OCUBM	2.91	3.1	0.5	8.66	2
DCHT9J8	DM3WDZ5	MK-1775	Phase 2	21.0	DMT1OZ6	MK-2206	Phase 2	21.0	.	.	.	.	Breast and ovarian cancer syndrome	JAAKS Dataset	Investigative	UWB1289	4.25	4.07	10.92	12.9	2
DC2MXPD	DM3WDZ5	MK-1775	Phase 2	21.0	DMT1OZ6	MK-2206	Phase 2	21.0	.	.	.	.	Breast carcinoma	JAAKS Dataset	Investigative	KPL1	2.06	1.61	7.85	11.44	2
DCCFBFL	DM3WDZ5	MK-1775	Phase 2	21.0	DMT1OZ6	MK-2206	Phase 2	21.0	.	.	.	.	Breast carcinoma	JAAKS Dataset	Investigative	OCUBM	13.31	13.52	7.7	18.19	2
DCV6ZA0	DM3WDZ5	MK-1775	Phase 2	21.0	DMJV2EK	Dasatinib	Investigative	0.0	.	.	.	.	Breast carcinoma	JAAKS Dataset	Investigative	ZR751	0.41	1.22	7.41	5.27	2
DCBAEKF	DM3WDZ5	MK-1775	Phase 2	21.0	DMJV2EK	Dasatinib	Investigative	0.0	.	.	.	.	Breast carcinoma	JAAKS Dataset	Investigative	KPL1	2.27	3.81	7.12	8.51	2
DC4HIXA	DM3WDZ5	MK-1775	Phase 2	21.0	DMJV2EK	Dasatinib	Investigative	0.0	.	.	.	.	Breast carcinoma	JAAKS Dataset	Investigative	OCUBM	0.1	3.44	4.92	6.96	2
DC5CROC	DMRICNP	Vandetanib	Approved	34.0	DM0HXDS	Pentostatin	Approved	34.0	.	.	.	.	Breast adenocarcinoma	JAAKS Dataset	Investigative	MDA-MB-468	0.62	7.0	8.28	8.56	2
DC3W8NO	DMRICNP	Vandetanib	Approved	34.0	DM15F0X	Gefitinib	Approved	34.0	.	.	.	.	Breast adenocarcinoma	JAAKS Dataset	Investigative	MDA-MB-468	11.92	16.29	16.46	18.37	2
DC42VOV	DMRICNP	Vandetanib	Approved	34.0	DM2YGNW	Dactinomycin	Approved	34.0	.	.	.	.	Breast adenocarcinoma	JAAKS Dataset	Investigative	MDA-MB-468	14.76	21.67	21.33	21.33	2
DCMXU67	DMRICNP	Vandetanib	Approved	34.0	DM7C8YV	Plicamycin	Approved	34.0	.	.	.	.	Breast adenocarcinoma	JAAKS Dataset	Investigative	MDA-MB-468	28.77	28.36	29.25	29.22	2
DCH2LA1	DMRICNP	Vandetanib	Approved	34.0	DM7NKEV	Thioguanine	Preclinical	2.1	.	.	.	.	Breast adenocarcinoma	JAAKS Dataset	Investigative	MDA-MB-468	8.24	10.4	10.74	11.9	2
DCZBK7S	DMRICNP	Vandetanib	Approved	34.0	DM8V75C	ABIRATERONE	Approved	34.0	.	.	.	.	Breast adenocarcinoma	JAAKS Dataset	Investigative	MDA-MB-468	3.51	4.8	0.59	5.23	2
DCTMZSR	DMRICNP	Vandetanib	Approved	34.0	DMAH59S	Amonafide	Phase 3	25.0	.	.	.	.	Breast adenocarcinoma	JAAKS Dataset	Investigative	MDA-MB-468	1.65	2.1	3.22	3.56	2
DC0J7WF	DMRICNP	Vandetanib	Approved	34.0	DMDI269	Docetaxel	Approved	34.0	.	.	.	.	Breast adenocarcinoma	JAAKS Dataset	Investigative	MDA-MB-468	4.34	6.62	1.34	7.87	2
DCVYXDD	DMRICNP	Vandetanib	Approved	34.0	DMDKF3M	Raloxifene	Approved	34.0	.	.	.	.	Breast adenocarcinoma	JAAKS Dataset	Investigative	MDA-MB-468	0.82	9.59	6.89	8.69	2
DCGSGJY	DMRICNP	Vandetanib	Approved	34.0	DMFH15Z	Bendamustine hydrochloride	Approved	34.0	.	.	.	.	Breast adenocarcinoma	JAAKS Dataset	Investigative	MDA-MB-468	5.66	6.27	6.67	7.61	2
DCK8R5H	DMRICNP	Vandetanib	Approved	34.0	DMG2YBD	Trifluridine	Approved	34.0	.	.	.	.	Breast adenocarcinoma	JAAKS Dataset	Investigative	MDA-MB-468	4.67	5.75	4.24	7.43	2
DC8G0E4	DMRICNP	Vandetanib	Approved	34.0	DMH0ZJE	Mitomycin	Approved	34.0	.	.	.	.	Breast adenocarcinoma	JAAKS Dataset	Investigative	MDA-MB-468	1.28	5.82	4.91	5.55	2
DCCO64G	DMRICNP	Vandetanib	Approved	34.0	DMHL7OB	Uracil mustard	Approved	34.0	.	.	.	.	Breast adenocarcinoma	JAAKS Dataset	Investigative	MDA-MB-468	14.38	18.08	2.82	18.5	2
DCQ6T3N	DMRICNP	Vandetanib	Approved	34.0	DMINOX3	Vincristine	Approved	34.0	.	.	.	.	Breast adenocarcinoma	JAAKS Dataset	Investigative	MDA-MB-468	1.19	4.37	4.13	4.88	2
DCWMXHC	DMRICNP	Vandetanib	Approved	34.0	DMIXMYK	Arfolitixorin	Phase 3	25.0	.	.	.	.	Breast adenocarcinoma	JAAKS Dataset	Investigative	MDA-MB-468	3.59	3.93	4.84	5.58	2
DCGNJEC	DMRICNP	Vandetanib	Approved	34.0	DMJ7NVI	BIO-300	Phase 1/2	19.0	.	.	.	.	Breast adenocarcinoma	JAAKS Dataset	Investigative	MDA-MB-468	21.36	20.4	3.16	22.16	2
DCI3H85	DMRICNP	Vandetanib	Approved	34.0	DMLNFWU	TEM	Phase 2	21.0	.	.	.	.	Breast adenocarcinoma	JAAKS Dataset	Investigative	MDA-MB-468	3.69	3.86	0.64	3.98	2
DC542BR	DMRICNP	Vandetanib	Approved	34.0	DMNER5S	Bleomycin	Approved	34.0	.	.	.	.	Breast adenocarcinoma	JAAKS Dataset	Investigative	MDA-MB-468	7.69	10.07	11.24	11.51	2
DC9SKDB	DMRICNP	Vandetanib	Approved	34.0	DMNP60F	Anastrozole	Approved	34.0	.	.	.	.	Breast adenocarcinoma	JAAKS Dataset	Investigative	MDA-MB-468	1.77	2.05	2.76	2.95	2
DCABH4F	DMRICNP	Vandetanib	Approved	34.0	DMNPZL4	Dacarbazine	Approved	34.0	.	.	.	.	Breast adenocarcinoma	JAAKS Dataset	Investigative	MDA-MB-468	7.21	12.09	11.92	12.47	2
DCPZ987	DMRICNP	Vandetanib	Approved	34.0	DMP6G8T	Topotecan	Approved	34.0	.	.	.	.	Breast adenocarcinoma	JAAKS Dataset	Investigative	MDA-MB-468	7.06	7.82	9.21	9.8	2
DC8W77D	DMRICNP	Vandetanib	Approved	34.0	DMPAZHC	Cabazitaxel	Approved	34.0	.	.	.	.	Breast adenocarcinoma	JAAKS Dataset	Investigative	MDA-MB-468	9.42	9.34	4.57	10.32	2
DCDU302	DMRICNP	Vandetanib	Approved	34.0	DMPDW6T	Epirubicin	Approved	34.0	.	.	.	.	Breast adenocarcinoma	JAAKS Dataset	Investigative	MDA-MB-468	0.1	4.62	2.58	5.53	2
DC94MPY	DMRICNP	Vandetanib	Approved	34.0	DMWTAOI	Estramustine	Approved	34.0	.	.	.	.	Breast adenocarcinoma	JAAKS Dataset	Investigative	MDA-MB-468	0.61	3.92	3.2	5.05	2
DCG0HI7	DMVXFYE	Vinorelbine	Approved	34.0	DMW7K39	Pyrotinib	Phase 1	17.0	.	.	.	.	Metastatic Breast Cancer	ClinicalTrials.gov	Phase 2	.					2
DCFPPX1	DMVXFYE	Vinorelbine	Approved	34.0	DM27D4J	PD-0325901	Phase 2	21.0	.	.	.	.	Breast and ovarian cancer syndrome	JAAKS Dataset	Investigative	UWB1289	1.08	3.34	2.1	5.87	2
DC9MINX	DMVXFYE	Vinorelbine	Approved	34.0	DM27D4J	PD-0325901	Phase 2	21.0	.	.	.	.	Breast and ovarian cancer syndrome	JAAKS Dataset	Investigative	UWB1289+BRCA1	3.18	3.15	8.55	11.08	2
DC4AAI1	DMVXFYE	Vinorelbine	Approved	34.0	DM27D4J	PD-0325901	Phase 2	21.0	.	.	.	.	Breast carcinoma	JAAKS Dataset	Investigative	KPL1	0.25	0.65	3.46	6.47	2
DCS5WSN	DMVXFYE	Vinorelbine	Approved	34.0	DM27D4J	PD-0325901	Phase 2	21.0	.	.	.	.	Breast carcinoma	JAAKS Dataset	Investigative	OCUBM	4.8	4.06	2.92	9.11	2
DCVFV0B	DMVXFYE	Vinorelbine	Approved	34.0	DM3BH1Y	Lapatinib	Approved	34.0	.	.	.	.	Breast and ovarian cancer syndrome	JAAKS Dataset	Investigative	UWB1289	5.59	4.91	6.11	8.51	2
DC3WWW9	DMVXFYE	Vinorelbine	Approved	34.0	DM3BH1Y	Lapatinib	Approved	34.0	.	.	.	.	Breast and ovarian cancer syndrome	JAAKS Dataset	Investigative	UWB1289+BRCA1	4.81	4.74	7.87	10.75	2
DCBRMXP	DMVXFYE	Vinorelbine	Approved	34.0	DM3BH1Y	Lapatinib	Approved	34.0	.	.	.	.	Breast carcinoma	JAAKS Dataset	Investigative	KPL1	0.65	0.31	3.3	4.63	2
DCZT9Y7	DMVXFYE	Vinorelbine	Approved	34.0	DM3BH1Y	Lapatinib	Approved	34.0	.	.	.	.	Breast carcinoma	JAAKS Dataset	Investigative	OCUBM	5.19	4.08	10.38	13.18	2
DC32991	DMVXFYE	Vinorelbine	Approved	34.0	DM3WDZ5	MK-1775	Phase 2	21.0	.	.	.	.	Breast carcinoma	JAAKS Dataset	Investigative	OCUBM	0.98	1.54	1.05	5.54	2
DCFCKGW	DMVXFYE	Vinorelbine	Approved	34.0	DM4DOUB	PMID28460551-Compound-2	Patented	15.5	.	.	.	.	Breast and ovarian cancer syndrome	JAAKS Dataset	Investigative	UWB1289	4.38	2.47	2.84	6.39	2
DCLIF4J	DMVXFYE	Vinorelbine	Approved	34.0	DM4DOUB	PMID28460551-Compound-2	Patented	15.5	.	.	.	.	Breast and ovarian cancer syndrome	JAAKS Dataset	Investigative	UWB1289+BRCA1	6.4	7.07	9.19	12.6	2
DCTUFZP	DMVXFYE	Vinorelbine	Approved	34.0	DM4DOUB	PMID28460551-Compound-2	Patented	15.5	.	.	.	.	Breast carcinoma	JAAKS Dataset	Investigative	OCUBM	5.78	4.72	3.76	7.76	2
DCF0T30	DMVXFYE	Vinorelbine	Approved	34.0	DM62QTW	RTB101	Phase 3	25.0	.	.	.	.	Breast and ovarian cancer syndrome	JAAKS Dataset	Investigative	UWB1289	4.35	2.87	6.21	8.83	2
DC7UU2U	DMVXFYE	Vinorelbine	Approved	34.0	DM62QTW	RTB101	Phase 3	25.0	.	.	.	.	Breast and ovarian cancer syndrome	JAAKS Dataset	Investigative	UWB1289+BRCA1	1.81	0.91	5.23	7.78	2
DC65TFK	DMVXFYE	Vinorelbine	Approved	34.0	DM62QTW	RTB101	Phase 3	25.0	.	.	.	.	Breast carcinoma	JAAKS Dataset	Investigative	ZR751	2.53	1.12	9.42	11.07	2
DCFHG4M	DMVXFYE	Vinorelbine	Approved	34.0	DM62QTW	RTB101	Phase 3	25.0	.	.	.	.	Breast carcinoma	JAAKS Dataset	Investigative	KPL1	0.65	0.69	6.71	10.04	2
DCYLZLX	DMVXFYE	Vinorelbine	Approved	34.0	DM62QTW	RTB101	Phase 3	25.0	.	.	.	.	Breast carcinoma	JAAKS Dataset	Investigative	OCUBM	6.18	5.15	7.77	11.47	2
DCVVVT6	DMVXFYE	Vinorelbine	Approved	34.0	DM67EMK	SCH-900776	Phase 2	21.0	.	.	.	.	Breast and ovarian cancer syndrome	JAAKS Dataset	Investigative	UWB1289	5.06	3.46	4.6	7.24	2
DCKAK5O	DMVXFYE	Vinorelbine	Approved	34.0	DM67EMK	SCH-900776	Phase 2	21.0	.	.	.	.	Breast carcinoma	JAAKS Dataset	Investigative	OCUBM	1.78	0.96	3.01	6.82	2
DCM1923	DMVXFYE	Vinorelbine	Approved	34.0	DMB5A80	SNX-2112	Investigative	0.0	.	.	.	.	Breast and ovarian cancer syndrome	JAAKS Dataset	Investigative	UWB1289+BRCA1	2.88	1.7	1.94	3.85	2
DCRMX0G	DMVXFYE	Vinorelbine	Approved	34.0	DMB5A80	SNX-2112	Investigative	0.0	.	.	.	.	Breast carcinoma	JAAKS Dataset	Investigative	OCUBM	6.23	5.93	0.78	7.57	2
DCPRDRI	DMVXFYE	Vinorelbine	Approved	34.0	DMCMBHA	Erlotinib	Approved	34.0	.	.	.	.	Breast carcinoma	JAAKS Dataset	Investigative	OCUBM	7.92	7.61	7.13	10.86	2
DCL3MZK	DMVXFYE	Vinorelbine	Approved	34.0	DMFGYKS	MK-5108	Phase 1	17.0	.	.	.	.	Breast and ovarian cancer syndrome	JAAKS Dataset	Investigative	UWB1289+BRCA1	3.81	3.61	4.37	9.22	2
DC3U39P	DMVXFYE	Vinorelbine	Approved	34.0	DMFGYKS	MK-5108	Phase 1	17.0	.	.	.	.	Breast carcinoma	JAAKS Dataset	Investigative	OCUBM	3.03	2.65	4.07	8.66	2
DCW6M2E	DMVXFYE	Vinorelbine	Approved	34.0	DMLHEU7	Ridaforolimus	Phase 3	25.0	.	.	.	.	Breast and ovarian cancer syndrome	JAAKS Dataset	Investigative	UWB1289	4.19	4.55	2.4	6.82	2
DCCKIZK	DMVXFYE	Vinorelbine	Approved	34.0	DMLHEU7	Ridaforolimus	Phase 3	25.0	.	.	.	.	Breast and ovarian cancer syndrome	JAAKS Dataset	Investigative	UWB1289+BRCA1	6.1	6.39	5.38	10.16	2
DC6T56A	DMVXFYE	Vinorelbine	Approved	34.0	DMLHEU7	Ridaforolimus	Phase 3	25.0	.	.	.	.	Breast carcinoma	JAAKS Dataset	Investigative	ZR751	0.63	0.58	4.32	8.15	2
DCSVNM0	DMVXFYE	Vinorelbine	Approved	34.0	DMLYGH4	MK-4827	Phase 3	25.0	.	.	.	.	Breast and ovarian cancer syndrome	JAAKS Dataset	Investigative	UWB1289	3.53	2.0	3.5	6.29	2
DC1C3VF	DMVXFYE	Vinorelbine	Approved	34.0	DMLYGH4	MK-4827	Phase 3	25.0	.	.	.	.	Breast and ovarian cancer syndrome	JAAKS Dataset	Investigative	UWB1289+BRCA1	0.96	0.74	3.13	5.14	2
DCQ6LSR	DMVXFYE	Vinorelbine	Approved	34.0	DMLYGH4	MK-4827	Phase 3	25.0	.	.	.	.	Breast carcinoma	JAAKS Dataset	Investigative	KPL1	1.79	1.67	4.8	7.24	2
DCERZHW	DMVXFYE	Vinorelbine	Approved	34.0	DMLYGH4	MK-4827	Phase 3	25.0	.	.	.	.	Breast carcinoma	JAAKS Dataset	Investigative	OCUBM	3.07	2.23	5.69	8.8	2
DC1U6MY	DMVXFYE	Vinorelbine	Approved	34.0	DMNO38U	Bortezomib	Approved	34.0	.	.	.	.	Breast and ovarian cancer syndrome	JAAKS Dataset	Investigative	UWB1289	4.01	3.93	1.63	5.2	2
DCQDQNN	DMVXFYE	Vinorelbine	Approved	34.0	DMPAWBN	GSK525762	Phase 1	17.0	.	.	.	.	Breast and ovarian cancer syndrome	JAAKS Dataset	Investigative	UWB1289	2.73	8.32	5.85	8.96	2
DCL6FMR	DMVXFYE	Vinorelbine	Approved	34.0	DMPAWBN	GSK525762	Phase 1	17.0	.	.	.	.	Breast carcinoma	JAAKS Dataset	Investigative	KPL1	2.7	4.71	2.19	6.52	2
DCX7HTN	DMVXFYE	Vinorelbine	Approved	34.0	DMS8IFC	Sorafenib	Approved	34.0	.	.	.	.	Breast and ovarian cancer syndrome	JAAKS Dataset	Investigative	UWB1289	4.39	4.63	7.05	10.48	2
DCWTFXV	DMVXFYE	Vinorelbine	Approved	34.0	DMS8IFC	Sorafenib	Approved	34.0	.	.	.	.	Breast and ovarian cancer syndrome	JAAKS Dataset	Investigative	UWB1289+BRCA1	0.97	1.1	3.58	7.65	2
DCTEA6G	DMVXFYE	Vinorelbine	Approved	34.0	DMS8IFC	Sorafenib	Approved	34.0	.	.	.	.	Breast carcinoma	JAAKS Dataset	Investigative	ZR751	3.4	1.3	9.39	11.98	2
DCE4GMO	DMVXFYE	Vinorelbine	Approved	34.0	DMS8IFC	Sorafenib	Approved	34.0	.	.	.	.	Breast carcinoma	JAAKS Dataset	Investigative	OCUBM	1.44	0.53	2.49	7.42	2
DCXFCPB	DMVXFYE	Vinorelbine	Approved	34.0	DMT1OZ6	MK-2206	Phase 2	21.0	.	.	.	.	Breast and ovarian cancer syndrome	JAAKS Dataset	Investigative	UWB1289	7.89	6.56	8.26	9.95	2
DCHHSCV	DMVXFYE	Vinorelbine	Approved	34.0	DMT1OZ6	MK-2206	Phase 2	21.0	.	.	.	.	Breast and ovarian cancer syndrome	JAAKS Dataset	Investigative	UWB1289+BRCA1	1.54	1.84	1.29	5.44	2
DCQUH50	DMVXFYE	Vinorelbine	Approved	34.0	DMT1OZ6	MK-2206	Phase 2	21.0	.	.	.	.	Breast carcinoma	JAAKS Dataset	Investigative	KPL1	2.01	1.9	12.78	14.36	2
DC9N7XZ	DMVXFYE	Vinorelbine	Approved	34.0	DMT1OZ6	MK-2206	Phase 2	21.0	.	.	.	.	Breast carcinoma	JAAKS Dataset	Investigative	OCUBM	1.67	1.22	3.19	6.6	2
DCT9EID	DMVXFYE	Vinorelbine	Approved	34.0	DMJV2EK	Dasatinib	Investigative	0.0	.	.	.	.	Breast and ovarian cancer syndrome	JAAKS Dataset	Investigative	UWB1289	4.16	0.76	7.09	8.42	2
DCI8VHA	DMVXFYE	Vinorelbine	Approved	34.0	DMJV2EK	Dasatinib	Investigative	0.0	.	.	.	.	Breast carcinoma	JAAKS Dataset	Investigative	KPL1	2.15	2.52	0.92	5.38	2
DC15FNF	DMVXFYE	Vinorelbine	Approved	34.0	DMJV2EK	Dasatinib	Investigative	0.0	.	.	.	.	Breast carcinoma	JAAKS Dataset	Investigative	OCUBM	2.39	2.59	2.46	5.14	2
DC846KO	DMM0XGL	Idarubicin	Approved	34.0	DM27D4J	PD-0325901	Phase 2	21.0	.	.	.	.	Breast carcinoma	JAAKS Dataset	Investigative	KPL1	7.47	10.44	1.41	2.65	2
DCYIHJS	DMM0XGL	Idarubicin	Approved	34.0	DM27D4J	PD-0325901	Phase 2	21.0	.	.	.	.	Breast carcinoma	JAAKS Dataset	Investigative	OCUBM	12.14	16.46	6.94	6.94	2
DCNBZAE	DMM0XGL	Idarubicin	Approved	34.0	DM3WDZ5	MK-1775	Phase 2	21.0	.	.	.	.	Breast and ovarian cancer syndrome	JAAKS Dataset	Investigative	UWB1289	9.36	9.37	2.5	18.63	2
DCESJGB	DMM0XGL	Idarubicin	Approved	34.0	DM3WDZ5	MK-1775	Phase 2	21.0	.	.	.	.	Breast and ovarian cancer syndrome	JAAKS Dataset	Investigative	UWB1289+BRCA1	2.51	6.5	11.84	12.41	2
DCQXID2	DMM0XGL	Idarubicin	Approved	34.0	DM3WDZ5	MK-1775	Phase 2	21.0	.	.	.	.	Breast carcinoma	JAAKS Dataset	Investigative	OCUBM	33.36	34.03	1.25	25.94	2
DCAWVDV	DMM0XGL	Idarubicin	Approved	34.0	DM4O2Z7	Cyclophosphamide	Approved	34.0	.	.	.	.	Breast adenocarcinoma	JAAKS Dataset	Investigative	MDA-MB-468	1.53	3.02	2.69	1.79	2
DCCW4HM	DMM0XGL	Idarubicin	Approved	34.0	DMB5A80	SNX-2112	Investigative	0.0	.	.	.	.	Breast and ovarian cancer syndrome	JAAKS Dataset	Investigative	UWB1289	4.96	2.0	11.43	2.68	2
DCT5CKV	DMM0XGL	Idarubicin	Approved	34.0	DMCT3I8	Ifosfamide	Approved	34.0	.	.	.	.	Breast adenocarcinoma	JAAKS Dataset	Investigative	MDA-MB-468	2.05	5.21	2.86	1.76	2
DC8H1YH	DMM0XGL	Idarubicin	Approved	34.0	DMLHEU7	Ridaforolimus	Phase 3	25.0	.	.	.	.	Breast and ovarian cancer syndrome	JAAKS Dataset	Investigative	UWB1289+BRCA1	4.67	4.96	2.01	6.59	2
DC7VQ3D	DMM0XGL	Idarubicin	Approved	34.0	DMPAWBN	GSK525762	Phase 1	17.0	.	.	.	.	Breast and ovarian cancer syndrome	JAAKS Dataset	Investigative	UWB1289+BRCA1	2.49	5.56	4.1	5.32	2
DCCPGMW	DMM0XGL	Idarubicin	Approved	34.0	DMPAWBN	GSK525762	Phase 1	17.0	.	.	.	.	Breast carcinoma	JAAKS Dataset	Investigative	ZR751	3.21	4.85	0.29	0.29	2
DCIIOPZ	DMM0XGL	Idarubicin	Approved	34.0	DMPAWBN	GSK525762	Phase 1	17.0	.	.	.	.	Breast carcinoma	JAAKS Dataset	Investigative	OCUBM	24.81	28.45	18.76	18.83	2
DCBKOJT	DMM0XGL	Idarubicin	Approved	34.0	DMS8IFC	Sorafenib	Approved	34.0	.	.	.	.	Breast carcinoma	JAAKS Dataset	Investigative	ZR751	21.62	12.79	6.26	8.84	2
DCGV3ON	DMM0XGL	Idarubicin	Approved	34.0	DMWIDJK	FORMESTANE	Withdrawn from market	12.0	.	.	.	.	Breast adenocarcinoma	JAAKS Dataset	Investigative	MDA-MB-468	3.11	6.11	0.65	0.64	2
DCV7V4A	DMVP5YE	Doxorubicin	Approved	34.0	DM27D4J	PD-0325901	Phase 2	21.0	.	.	.	.	Breast and ovarian cancer syndrome	JAAKS Dataset	Investigative	UWB1289+BRCA1	1.58	0.81	1.79	7.23	2
DCX196W	DMVP5YE	Doxorubicin	Approved	34.0	DM27D4J	PD-0325901	Phase 2	21.0	.	.	.	.	Breast carcinoma	JAAKS Dataset	Investigative	OCUBM	4.7	4.42	4.66	8.57	2
DCK9UCK	DMVP5YE	Doxorubicin	Approved	34.0	DM3BH1Y	Lapatinib	Approved	34.0	.	.	.	.	Breast and ovarian cancer syndrome	JAAKS Dataset	Investigative	UWB1289+BRCA1	2.86	4.31	5.14	10.49	2
DC6ALBR	DMVP5YE	Doxorubicin	Approved	34.0	DM3BH1Y	Lapatinib	Approved	34.0	.	.	.	.	Breast carcinoma	JAAKS Dataset	Investigative	OCUBM	2.83	1.24	6.7	9.15	2
DCWMFDR	DMVP5YE	Doxorubicin	Approved	34.0	DM4DOUB	PMID28460551-Compound-2	Patented	15.5	.	.	.	.	Breast and ovarian cancer syndrome	JAAKS Dataset	Investigative	UWB1289	8.25	8.56	9.77	15.97	2
DCV358Y	DMVP5YE	Doxorubicin	Approved	34.0	DM4DOUB	PMID28460551-Compound-2	Patented	15.5	.	.	.	.	Breast and ovarian cancer syndrome	JAAKS Dataset	Investigative	UWB1289+BRCA1	6.83	6.85	6.64	12.5	2
DCAK5V5	DMVP5YE	Doxorubicin	Approved	34.0	DM4DOUB	PMID28460551-Compound-2	Patented	15.5	.	.	.	.	Breast carcinoma	JAAKS Dataset	Investigative	ZR751	7.14	7.74	7.74	11.36	2
DC1C277	DMVP5YE	Doxorubicin	Approved	34.0	DM4DOUB	PMID28460551-Compound-2	Patented	15.5	.	.	.	.	Breast carcinoma	JAAKS Dataset	Investigative	OCUBM	4.43	4.61	4.85	7.88	2
DCGY4D1	DMVP5YE	Doxorubicin	Approved	34.0	DM62QTW	RTB101	Phase 3	25.0	.	.	.	.	Breast and ovarian cancer syndrome	JAAKS Dataset	Investigative	UWB1289	0.68	0.33	7.89	10.95	2
DC3Z1A5	DMVP5YE	Doxorubicin	Approved	34.0	DM62QTW	RTB101	Phase 3	25.0	.	.	.	.	Breast and ovarian cancer syndrome	JAAKS Dataset	Investigative	UWB1289+BRCA1	5.42	4.83	6.57	11.32	2
DCX2CZC	DMVP5YE	Doxorubicin	Approved	34.0	DM62QTW	RTB101	Phase 3	25.0	.	.	.	.	Breast carcinoma	JAAKS Dataset	Investigative	ZR751	0.81	0.2	8.35	11.96	2
DC54VCW	DMVP5YE	Doxorubicin	Approved	34.0	DM62QTW	RTB101	Phase 3	25.0	.	.	.	.	Breast carcinoma	JAAKS Dataset	Investigative	OCUBM	0.6	0.89	3.77	6.27	2
DCY6SEL	DMVP5YE	Doxorubicin	Approved	34.0	DM67EMK	SCH-900776	Phase 2	21.0	.	.	.	.	Breast and ovarian cancer syndrome	JAAKS Dataset	Investigative	UWB1289	6.65	4.48	6.29	10.24	2
DCCVD13	DMVP5YE	Doxorubicin	Approved	34.0	DM67EMK	SCH-900776	Phase 2	21.0	.	.	.	.	Breast and ovarian cancer syndrome	JAAKS Dataset	Investigative	UWB1289+BRCA1	2.6	2.09	4.32	3.26	2
DCARSCT	DMVP5YE	Doxorubicin	Approved	34.0	DMB5A80	SNX-2112	Investigative	0.0	.	.	.	.	Breast and ovarian cancer syndrome	JAAKS Dataset	Investigative	UWB1289+BRCA1	5.55	6.53	1.82	7.97	2
DCSAXHR	DMVP5YE	Doxorubicin	Approved	34.0	DMCJLD1	SCH 727965	Discontinued in Phase 3	9.0	.	.	.	.	Breast and ovarian cancer syndrome	JAAKS Dataset	Investigative	UWB1289+BRCA1	2.89	3.34	0.46	11.6	2
DC77W5I	DMVP5YE	Doxorubicin	Approved	34.0	DMCMBHA	Erlotinib	Approved	34.0	.	.	.	.	Breast carcinoma	JAAKS Dataset	Investigative	OCUBM	4.15	4.12	3.59	7.21	2
DCDGCGX	DMVP5YE	Doxorubicin	Approved	34.0	DMLHEU7	Ridaforolimus	Phase 3	25.0	.	.	.	.	Breast and ovarian cancer syndrome	JAAKS Dataset	Investigative	UWB1289+BRCA1	7.29	5.02	2.08	7.64	2
DC075OH	DMVP5YE	Doxorubicin	Approved	34.0	DMLHEU7	Ridaforolimus	Phase 3	25.0	.	.	.	.	Breast carcinoma	JAAKS Dataset	Investigative	ZR751	0.59	0.41	3.6	8.08	2
DCUKI2Z	DMVP5YE	Doxorubicin	Approved	34.0	DMLHEU7	Ridaforolimus	Phase 3	25.0	.	.	.	.	Breast carcinoma	JAAKS Dataset	Investigative	OCUBM	1.69	1.45	0.44	4.15	2
DCTYHPR	DMVP5YE	Doxorubicin	Approved	34.0	DMLYGH4	MK-4827	Phase 3	25.0	.	.	.	.	Breast and ovarian cancer syndrome	JAAKS Dataset	Investigative	UWB1289+BRCA1	3.19	4.22	8.25	9.96	2
DCVEGLJ	DMVP5YE	Doxorubicin	Approved	34.0	DMLYGH4	MK-4827	Phase 3	25.0	.	.	.	.	Breast carcinoma	JAAKS Dataset	Investigative	ZR751	1.06	0.77	10.14	12.86	2
DC8H7CJ	DMVP5YE	Doxorubicin	Approved	34.0	DMLYGH4	MK-4827	Phase 3	25.0	.	.	.	.	Breast carcinoma	JAAKS Dataset	Investigative	KPL1	2.92	2.66	7.0	8.98	2
DCS0V2H	DMVP5YE	Doxorubicin	Approved	34.0	DMLYGH4	MK-4827	Phase 3	25.0	.	.	.	.	Breast carcinoma	JAAKS Dataset	Investigative	OCUBM	1.95	0.15	4.63	5.86	2
DCI1EJ5	DMVP5YE	Doxorubicin	Approved	34.0	DMNO38U	Bortezomib	Approved	34.0	.	.	.	.	Breast carcinoma	JAAKS Dataset	Investigative	ZR751	0.11	0.73	2.31	6.96	2
DCY35CU	DMVP5YE	Doxorubicin	Approved	34.0	DMPAWBN	GSK525762	Phase 1	17.0	.	.	.	.	Breast and ovarian cancer syndrome	JAAKS Dataset	Investigative	UWB1289+BRCA1	0.05	6.82	4.56	6.83	2
DCOVF0J	DMVP5YE	Doxorubicin	Approved	34.0	DMT1OZ6	MK-2206	Phase 2	21.0	.	.	.	.	Breast and ovarian cancer syndrome	JAAKS Dataset	Investigative	UWB1289+BRCA1	2.28	4.38	0.78	8.97	2
DCCNRTQ	DMVP5YE	Doxorubicin	Approved	34.0	DMT1OZ6	MK-2206	Phase 2	21.0	.	.	.	.	Breast carcinoma	JAAKS Dataset	Investigative	KPL1	1.36	1.45	0.24	13.39	2
DC2I0ZU	DMVP5YE	Doxorubicin	Approved	34.0	DMT1OZ6	MK-2206	Phase 2	21.0	.	.	.	.	Breast carcinoma	JAAKS Dataset	Investigative	OCUBM	1.31	1.47	4.08	6.82	2
DCM7I0W	DMVP5YE	Doxorubicin	Approved	34.0	DMJV2EK	Dasatinib	Investigative	0.0	.	.	.	.	Breast carcinoma	JAAKS Dataset	Investigative	OCUBM	4.96	5.2	3.68	7.51	2
DCVVSC9	DMM1I8R	Indazole derivative 5	Patented	15.5	DM15F0X	Gefitinib	Approved	34.0	.	.	.	.	Breast adenocarcinoma	JAAKS Dataset	Investigative	MDA-MB-468	9.37	10.38	8.07	11.78	2
DCO4U0N	DMM1I8R	Indazole derivative 5	Patented	15.5	DM7Q98D	Ruxolitinib	Phase 3 Trial	25.0	.	.	.	.	Breast adenocarcinoma	JAAKS Dataset	Investigative	MDA-MB-468	0.68	4.74	2.39	3.76	2
DCKIFQ5	DMM1I8R	Indazole derivative 5	Patented	15.5	DM2OZ3G	Ixabepilone	Approved	34.0	.	.	.	.	Breast adenocarcinoma	JAAKS Dataset	Investigative	MDA-MB-468	1.91	9.47	10.5	10.38	2
DC6D6X7	DMM1I8R	Indazole derivative 5	Patented	15.5	DM2YGNW	Dactinomycin	Approved	34.0	.	.	.	.	Breast adenocarcinoma	JAAKS Dataset	Investigative	MDA-MB-468	27.11	26.29	25.82	25.8	2
DC4KB76	DMM1I8R	Indazole derivative 5	Patented	15.5	DM7C8YV	Plicamycin	Approved	34.0	.	.	.	.	Breast adenocarcinoma	JAAKS Dataset	Investigative	MDA-MB-468	29.74	27.97	28.76	28.74	2
DCQ5YCI	DMM1I8R	Indazole derivative 5	Patented	15.5	DM7NKEV	Thioguanine	Preclinical	2.1	.	.	.	.	Breast adenocarcinoma	JAAKS Dataset	Investigative	MDA-MB-468	9.94	11.65	11.78	12.35	2
DCKEH6T	DMM1I8R	Indazole derivative 5	Patented	15.5	DM8V75C	ABIRATERONE	Approved	34.0	.	.	.	.	Breast adenocarcinoma	JAAKS Dataset	Investigative	MDA-MB-468	3.49	5.96	2.8	6.08	2
DCVZ3BN	DMM1I8R	Indazole derivative 5	Patented	15.5	DMCJLD1	SCH 727965	Discontinued in Phase 3	9.0	.	.	.	.	Breast adenocarcinoma	JAAKS Dataset	Investigative	MDA-MB-468	1.97	4.03	2.83	3.33	2
DCUO996	DMM1I8R	Indazole derivative 5	Patented	15.5	DMCT3I8	Ifosfamide	Approved	34.0	.	.	.	.	Breast adenocarcinoma	JAAKS Dataset	Investigative	MDA-MB-468	5.2	5.77	1.13	2.68	2
DCRFG0B	DMM1I8R	Indazole derivative 5	Patented	15.5	DMDKF3M	Raloxifene	Approved	34.0	.	.	.	.	Breast adenocarcinoma	JAAKS Dataset	Investigative	MDA-MB-468	0.12	7.51	5.55	6.45	2
DCEELBR	DMM1I8R	Indazole derivative 5	Patented	15.5	DMFH15Z	Bendamustine hydrochloride	Approved	34.0	.	.	.	.	Breast adenocarcinoma	JAAKS Dataset	Investigative	MDA-MB-468	1.28	3.19	0.17	4.2	2
DCUDBPP	DMM1I8R	Indazole derivative 5	Patented	15.5	DMIXMYK	Arfolitixorin	Phase 3	25.0	.	.	.	.	Breast adenocarcinoma	JAAKS Dataset	Investigative	MDA-MB-468	2.3	2.5	3.05	3.39	2
DCF3PJU	DMM1I8R	Indazole derivative 5	Patented	15.5	DMLWYJB	JNK-IN-8	Investigative	0.0	.	.	.	.	Breast adenocarcinoma	JAAKS Dataset	Investigative	MDA-MB-468	8.38	8.86	8.06	10.28	2
DCVZL2H	DMM1I8R	Indazole derivative 5	Patented	15.5	DMNER5S	Bleomycin	Approved	34.0	.	.	.	.	Breast adenocarcinoma	JAAKS Dataset	Investigative	MDA-MB-468	7.62	9.35	6.75	10.65	2
DCQIN1C	DMM1I8R	Indazole derivative 5	Patented	15.5	DMNP60F	Anastrozole	Approved	34.0	.	.	.	.	Breast adenocarcinoma	JAAKS Dataset	Investigative	MDA-MB-468	0.32	3.3	3.15	4.35	2
DCN3EKC	DMM1I8R	Indazole derivative 5	Patented	15.5	DMP6G8T	Topotecan	Approved	34.0	.	.	.	.	Breast adenocarcinoma	JAAKS Dataset	Investigative	MDA-MB-468	2.99	2.95	3.71	4.15	2
DCAJZV9	DMM1I8R	Indazole derivative 5	Patented	15.5	DMPAZHC	Cabazitaxel	Approved	34.0	.	.	.	.	Breast adenocarcinoma	JAAKS Dataset	Investigative	MDA-MB-468	13.92	12.99	0.04	13.58	2
DCLDZDY	DMDKF3M	Raloxifene	Approved	34.0	DM2AZPP	Hepzato	Phase 3	25.0	.	.	.	.	Breast adenocarcinoma	JAAKS Dataset	Investigative	MDA-MB-468	2.45	3.55	1.21	0.75	2
DCHP3UL	DMDKF3M	Raloxifene	Approved	34.0	DM3BF9B	DFN-15	Phase 3	25.0	.	.	.	.	Breast adenocarcinoma	JAAKS Dataset	Investigative	MDA-MB-468	10.82	4.09	1.79	1.65	2
DCZHEKG	DMDKF3M	Raloxifene	Approved	34.0	DM7C8YV	Plicamycin	Approved	34.0	.	.	.	.	Breast adenocarcinoma	JAAKS Dataset	Investigative	MDA-MB-468	4.93	7.76	4.99	5.06	2
DCC2G6W	DMDKF3M	Raloxifene	Approved	34.0	DM7NKEV	Thioguanine	Preclinical	2.1	.	.	.	.	Breast adenocarcinoma	JAAKS Dataset	Investigative	MDA-MB-468	0.72	1.26	0.71	1.89	2
DCY4SMU	DMDKF3M	Raloxifene	Approved	34.0	DM7XZY5	Triapine	Phase 2	21.0	.	.	.	.	Breast adenocarcinoma	JAAKS Dataset	Investigative	MDA-MB-468	0.82	2.86	2.69	2.72	2
DCHA4GC	DMDKF3M	Raloxifene	Approved	34.0	DMCJLD1	SCH 727965	Discontinued in Phase 3	9.0	.	.	.	.	Breast adenocarcinoma	JAAKS Dataset	Investigative	MDA-MB-468	2.23	2.84	1.21	0.67	2
DCXDFBZ	DMDKF3M	Raloxifene	Approved	34.0	DMCT3I8	Ifosfamide	Approved	34.0	.	.	.	.	Breast adenocarcinoma	JAAKS Dataset	Investigative	MDA-MB-468	4.47	6.07	3.54	3.03	2
DCD29OF	DMDKF3M	Raloxifene	Approved	34.0	DMGW1ID	Sirolimus	Approved	34.0	.	.	.	.	Breast adenocarcinoma	JAAKS Dataset	Investigative	MDA-MB-468	1.01	6.8	1.96	3.43	2
DCRVIM4	DMDKF3M	Raloxifene	Approved	34.0	DMH07Y3	Letrozole	Approved	34.0	.	.	.	.	Breast adenocarcinoma	JAAKS Dataset	Investigative	MDA-MB-468	1.66	5.75	3.45	3.24	2
DC0CSRM	DMDKF3M	Raloxifene	Approved	34.0	DMNPZL4	Dacarbazine	Approved	34.0	.	.	.	.	Breast adenocarcinoma	JAAKS Dataset	Investigative	MDA-MB-468	1.25	5.26	4.98	5.4	2
DCJIP3U	DMDKF3M	Raloxifene	Approved	34.0	DMOYJFK	Valrubicin	Approved	34.0	.	.	.	.	Breast adenocarcinoma	JAAKS Dataset	Investigative	MDA-MB-468	0.54	4.21	0.63	1.18	2
DCRZ2XR	DMDKF3M	Raloxifene	Approved	34.0	DMU8L7C	Mepacrine	Investigative	0.0	.	.	.	.	Breast adenocarcinoma	JAAKS Dataset	Investigative	MDA-MB-468	0.15	2.56	1.86	1.71	2
DCCHNZ3	DMDKF3M	Raloxifene	Approved	34.0	DMWGV8N	PMID28870136-Compound-43	Patented	15.5	.	.	.	.	Breast adenocarcinoma	JAAKS Dataset	Investigative	MDA-MB-468	0.87	2.33	2.08	1.08	2
DC6L404	DMDKF3M	Raloxifene	Approved	34.0	DMJV2EK	Dasatinib	Investigative	0.0	.	.	.	.	Breast adenocarcinoma	JAAKS Dataset	Investigative	MDA-MB-468	0.17	2.35	0.71	0.7	2
DC267XW	DM7Q98D	Ruxolitinib	Phase 3 Trial	25.0	DM9HPW3	Exemestane	Approved	34.0	.	.	.	.	Estrogen-receptor Positive Invasive Metastatic Breast Cancer	ClinicalTrials.gov	Phase 1	.					2
DC0HHXQ	DM7Q98D	Ruxolitinib	Phase 3 Trial	25.0	DMLB81S	Paclitaxel	Approved	34.0	.	.	.	.	Recurrent Breast Cancer	ClinicalTrials.gov	Phase 1	.					2
DCYRPO5	DM7Q98D	Ruxolitinib	Phase 3 Trial	25.0	DM6QOVN	HKI-272	Phase 3	25.0	.	.	.	.	Metastatic Triple-Negative Breast Carcinoma	ClinicalTrials.gov	Phase 1	.					2
DCV0SIQ	DM7Q98D	Ruxolitinib	Phase 3 Trial	25.0	DM15F0X	Gefitinib	Approved	34.0	.	.	.	.	Breast adenocarcinoma	JAAKS Dataset	Investigative	MDA-MB-468	11.55	13.09	2.26	12.41	2
DC76S0G	DM7Q98D	Ruxolitinib	Phase 3 Trial	25.0	DM2OZ3G	Ixabepilone	Approved	34.0	.	.	.	.	Breast adenocarcinoma	JAAKS Dataset	Investigative	MDA-MB-468	1.53	8.73	7.1	7.88	2
DC0YWUK	DM7Q98D	Ruxolitinib	Phase 3 Trial	25.0	DM2YGNW	Dactinomycin	Approved	34.0	.	.	.	.	Breast adenocarcinoma	JAAKS Dataset	Investigative	MDA-MB-468	12.62	21.03	20.16	19.88	2
DCC6H2Y	DM7Q98D	Ruxolitinib	Phase 3 Trial	25.0	DM5IXKQ	Vismodegib	Approved	34.0	.	.	.	.	Breast adenocarcinoma	JAAKS Dataset	Investigative	MDA-MB-468	4.25	8.69	6.03	7.85	2
DCJ0OOS	DM7Q98D	Ruxolitinib	Phase 3 Trial	25.0	DM62UG5	Vemurafenib	Approved	34.0	.	.	.	.	Breast adenocarcinoma	JAAKS Dataset	Investigative	MDA-MB-468	0.52	8.99	9.43	7.07	2
DC2B19V	DM7Q98D	Ruxolitinib	Phase 3 Trial	25.0	DM7HXWT	Nilotinib	Approved	34.0	.	.	.	.	Breast adenocarcinoma	JAAKS Dataset	Investigative	MDA-MB-468	3.45	7.26	6.52	5.96	2
DCIK0CV	DM7Q98D	Ruxolitinib	Phase 3 Trial	25.0	DM7NKEV	Thioguanine	Preclinical	2.1	.	.	.	.	Breast adenocarcinoma	JAAKS Dataset	Investigative	MDA-MB-468	12.4	12.18	3.42	11.48	2
DCUOLNB	DM7Q98D	Ruxolitinib	Phase 3 Trial	25.0	DMCJLD1	SCH 727965	Discontinued in Phase 3	9.0	.	.	.	.	Breast adenocarcinoma	JAAKS Dataset	Investigative	MDA-MB-468	0.72	3.27	2.96	1.53	2
DCXKYX3	DM7Q98D	Ruxolitinib	Phase 3 Trial	25.0	DMDKF3M	Raloxifene	Approved	34.0	.	.	.	.	Breast adenocarcinoma	JAAKS Dataset	Investigative	MDA-MB-468	2.13	6.61	5.73	4.94	2
DCJ0PIC	DM7Q98D	Ruxolitinib	Phase 3 Trial	25.0	DMH07Y3	Letrozole	Approved	34.0	.	.	.	.	Breast adenocarcinoma	JAAKS Dataset	Investigative	MDA-MB-468	0.97	2.94	2.38	1.85	2
DCQWGZH	DM7Q98D	Ruxolitinib	Phase 3 Trial	25.0	DMH0ZJE	Mitomycin	Approved	34.0	.	.	.	.	Breast adenocarcinoma	JAAKS Dataset	Investigative	MDA-MB-468	0.31	3.62	2.44	2.41	2
DCN7QXA	DM7Q98D	Ruxolitinib	Phase 3 Trial	25.0	DMIXMYK	Arfolitixorin	Phase 3	25.0	.	.	.	.	Breast adenocarcinoma	JAAKS Dataset	Investigative	MDA-MB-468	4.63	5.77	0.56	5.13	2
DCQIMER	DM7Q98D	Ruxolitinib	Phase 3 Trial	25.0	DMKLAYG	Altretamine	Approved	34.0	.	.	.	.	Breast adenocarcinoma	JAAKS Dataset	Investigative	MDA-MB-468	5.84	8.62	6.29	6.18	2
DCIIMHD	DM7Q98D	Ruxolitinib	Phase 3 Trial	25.0	DMLNFWU	TEM	Phase 2	21.0	.	.	.	.	Breast adenocarcinoma	JAAKS Dataset	Investigative	MDA-MB-468	6.06	3.58	2.7	2.59	2
DCQWWC4	DM7Q98D	Ruxolitinib	Phase 3 Trial	25.0	DMM1I8R	Indazole derivative 5	Patented	15.5	.	.	.	.	Breast adenocarcinoma	JAAKS Dataset	Investigative	MDA-MB-468	2.7	5.73	3.4	4.75	2
DC7TMPC	DM7Q98D	Ruxolitinib	Phase 3 Trial	25.0	DMNPZL4	Dacarbazine	Approved	34.0	.	.	.	.	Breast adenocarcinoma	JAAKS Dataset	Investigative	MDA-MB-468	6.94	6.88	3.59	5.89	2
DC0MDEV	DM7Q98D	Ruxolitinib	Phase 3 Trial	25.0	DMPDW6T	Epirubicin	Approved	34.0	.	.	.	.	Breast adenocarcinoma	JAAKS Dataset	Investigative	MDA-MB-468	2.02	9.19	7.49	8.28	2
DC2LP6X	DM7Q98D	Ruxolitinib	Phase 3 Trial	25.0	DMRHGI9	Cisplatin	Approved	34.0	.	.	.	.	Breast adenocarcinoma	JAAKS Dataset	Investigative	MDA-MB-468	9.07	9.28	8.4	8.05	2
DC80NPC	DMFGYKS	MK-5108	Phase 1	17.0	DM27D4J	PD-0325901	Phase 2	21.0	.	.	.	.	Breast and ovarian cancer syndrome	JAAKS Dataset	Investigative	UWB1289	0.68	1.61	7.87	9.03	2
DCGXIRR	DMFGYKS	MK-5108	Phase 1	17.0	DM27D4J	PD-0325901	Phase 2	21.0	.	.	.	.	Breast and ovarian cancer syndrome	JAAKS Dataset	Investigative	UWB1289+BRCA1	2.55	2.05	5.47	6.8	2
DC7P8L1	DMFGYKS	MK-5108	Phase 1	17.0	DM27D4J	PD-0325901	Phase 2	21.0	.	.	.	.	Breast carcinoma	JAAKS Dataset	Investigative	KPL1	1.07	0.75	1.07	2.24	2
DCME9QY	DMFGYKS	MK-5108	Phase 1	17.0	DM27D4J	PD-0325901	Phase 2	21.0	.	.	.	.	Breast carcinoma	JAAKS Dataset	Investigative	OCUBM	1.18	1.08	0.72	2.51	2
DCRX11K	DMFGYKS	MK-5108	Phase 1	17.0	DM3WDZ5	MK-1775	Phase 2	21.0	.	.	.	.	Breast carcinoma	JAAKS Dataset	Investigative	OCUBM	14.94	13.38	12.88	17.83	2
DCPWM10	DMFGYKS	MK-5108	Phase 1	17.0	DM62QTW	RTB101	Phase 3	25.0	.	.	.	.	Breast and ovarian cancer syndrome	JAAKS Dataset	Investigative	UWB1289	0.3	0.26	7.51	11.05	2
DCI8VGW	DMFGYKS	MK-5108	Phase 1	17.0	DM62QTW	RTB101	Phase 3	25.0	.	.	.	.	Breast and ovarian cancer syndrome	JAAKS Dataset	Investigative	UWB1289+BRCA1	3.88	3.38	1.23	10.91	2
DCJ0R7O	DMFGYKS	MK-5108	Phase 1	17.0	DM62QTW	RTB101	Phase 3	25.0	.	.	.	.	Breast carcinoma	JAAKS Dataset	Investigative	OCUBM	3.44	2.66	0.05	8.85	2
DC2MX6C	DMFGYKS	MK-5108	Phase 1	17.0	DM67EMK	SCH-900776	Phase 2	21.0	.	.	.	.	Breast and ovarian cancer syndrome	JAAKS Dataset	Investigative	UWB1289+BRCA1	4.83	3.26	2.39	4.42	2
DCGRFMF	DMFGYKS	MK-5108	Phase 1	17.0	DM9WLN4	10-hydroxycamptothecin	Investigative	0.0	.	.	.	.	Breast and ovarian cancer syndrome	JAAKS Dataset	Investigative	UWB1289	4.56	2.79	3.43	14.67	2
DC4KNFP	DMFGYKS	MK-5108	Phase 1	17.0	DMB5A80	SNX-2112	Investigative	0.0	.	.	.	.	Breast and ovarian cancer syndrome	JAAKS Dataset	Investigative	UWB1289	6.4	3.51	3.67	5.78	2
DCQI2O1	DMFGYKS	MK-5108	Phase 1	17.0	DMB5A80	SNX-2112	Investigative	0.0	.	.	.	.	Breast carcinoma	JAAKS Dataset	Investigative	OCUBM	7.52	7.85	1.54	9.7	2
DCOBHS3	DMFGYKS	MK-5108	Phase 1	17.0	DMCMBHA	Erlotinib	Approved	34.0	.	.	.	.	Breast and ovarian cancer syndrome	JAAKS Dataset	Investigative	UWB1289	6.06	6.11	15.36	18.43	2
DCS8BJ2	DMFGYKS	MK-5108	Phase 1	17.0	DMCMBHA	Erlotinib	Approved	34.0	.	.	.	.	Breast and ovarian cancer syndrome	JAAKS Dataset	Investigative	UWB1289+BRCA1	0.97	1.0	6.51	11.08	2
DCFUGT7	DMFGYKS	MK-5108	Phase 1	17.0	DMCMBHA	Erlotinib	Approved	34.0	.	.	.	.	Breast carcinoma	JAAKS Dataset	Investigative	KPL1	1.79	7.07	10.54	12.29	2
DCIC8RS	DMFGYKS	MK-5108	Phase 1	17.0	DMCMBHA	Erlotinib	Approved	34.0	.	.	.	.	Breast carcinoma	JAAKS Dataset	Investigative	OCUBM	1.25	0.67	0.01	5.03	2
DCBGGSO	DMFGYKS	MK-5108	Phase 1	17.0	DMLYGH4	MK-4827	Phase 3	25.0	.	.	.	.	Breast and ovarian cancer syndrome	JAAKS Dataset	Investigative	UWB1289+BRCA1	1.34	4.13	9.33	10.85	2
DC22EC6	DMFGYKS	MK-5108	Phase 1	17.0	DMLYGH4	MK-4827	Phase 3	25.0	.	.	.	.	Breast carcinoma	JAAKS Dataset	Investigative	KPL1	2.82	2.4	4.85	9.19	2
DCOJGWP	DMFGYKS	MK-5108	Phase 1	17.0	DMLYGH4	MK-4827	Phase 3	25.0	.	.	.	.	Breast carcinoma	JAAKS Dataset	Investigative	OCUBM	3.96	3.76	8.19	10.96	2
DCD6M7Z	DMFGYKS	MK-5108	Phase 1	17.0	DMMWSUL	Lomustine	Approved	34.0	.	.	.	.	Breast carcinoma	JAAKS Dataset	Investigative	OCUBM	4.72	4.64	4.74	9.35	2
DC2V9N0	DMFGYKS	MK-5108	Phase 1	17.0	DMS8IFC	Sorafenib	Approved	34.0	.	.	.	.	Breast and ovarian cancer syndrome	JAAKS Dataset	Investigative	UWB1289+BRCA1	1.22	0.53	1.66	6.59	2
DC14Q4A	DMFGYKS	MK-5108	Phase 1	17.0	DMS8IFC	Sorafenib	Approved	34.0	.	.	.	.	Breast carcinoma	JAAKS Dataset	Investigative	ZR751	7.86	3.26	11.38	12.17	2
DCQDCIA	DMFGYKS	MK-5108	Phase 1	17.0	DMS8IFC	Sorafenib	Approved	34.0	.	.	.	.	Breast carcinoma	JAAKS Dataset	Investigative	KPL1	1.56	3.02	6.24	10.0	2
DCLJRRL	DMFGYKS	MK-5108	Phase 1	17.0	DMS8IFC	Sorafenib	Approved	34.0	.	.	.	.	Breast carcinoma	JAAKS Dataset	Investigative	OCUBM	0.7	0.44	1.35	7.14	2
DCEMWQ4	DMFGYKS	MK-5108	Phase 1	17.0	DMT1OZ6	MK-2206	Phase 2	21.0	.	.	.	.	Breast and ovarian cancer syndrome	JAAKS Dataset	Investigative	UWB1289	0.37	0.95	7.6	9.79	2
DC25KX3	DMFGYKS	MK-5108	Phase 1	17.0	DMT1OZ6	MK-2206	Phase 2	21.0	.	.	.	.	Breast and ovarian cancer syndrome	JAAKS Dataset	Investigative	UWB1289+BRCA1	2.11	4.01	7.53	9.66	2
DCPAM01	DMFGYKS	MK-5108	Phase 1	17.0	DMT1OZ6	MK-2206	Phase 2	21.0	.	.	.	.	Breast carcinoma	JAAKS Dataset	Investigative	ZR751	1.18	0.68	5.32	9.49	2
DCF9TP5	DMFGYKS	MK-5108	Phase 1	17.0	DMT1OZ6	MK-2206	Phase 2	21.0	.	.	.	.	Breast carcinoma	JAAKS Dataset	Investigative	KPL1	2.3	1.99	9.46	12.58	2
DCH619Q	DMFGYKS	MK-5108	Phase 1	17.0	DMT1OZ6	MK-2206	Phase 2	21.0	.	.	.	.	Breast carcinoma	JAAKS Dataset	Investigative	OCUBM	1.46	1.15	1.56	6.53	2
DC1G6XU	DMFGYKS	MK-5108	Phase 1	17.0	DMWMPD4	Vorinostat	Approved	34.0	.	.	.	.	Breast and ovarian cancer syndrome	JAAKS Dataset	Investigative	UWB1289	2.34	2.11	3.65	9.73	2
DCLNW2S	DMFGYKS	MK-5108	Phase 1	17.0	DMJV2EK	Dasatinib	Investigative	0.0	.	.	.	.	Breast and ovarian cancer syndrome	JAAKS Dataset	Investigative	UWB1289	0.98	0.96	8.29	10.69	2
DC8VII9	DMFGYKS	MK-5108	Phase 1	17.0	DMJV2EK	Dasatinib	Investigative	0.0	.	.	.	.	Breast and ovarian cancer syndrome	JAAKS Dataset	Investigative	UWB1289+BRCA1	1.27	0.54	1.5	7.18	2
DCS08RY	DMFGYKS	MK-5108	Phase 1	17.0	DMJV2EK	Dasatinib	Investigative	0.0	.	.	.	.	Breast carcinoma	JAAKS Dataset	Investigative	OCUBM	0.95	3.01	2.05	6.06	2
DCG8ZY9	DMJ7NVI	BIO-300	Phase 1/2	19.0	DM2YGNW	Dactinomycin	Approved	34.0	.	.	.	.	Breast adenocarcinoma	JAAKS Dataset	Investigative	MDA-MB-468	4.14	9.28	8.53	9.03	2
DCC1MKW	DMJ7NVI	BIO-300	Phase 1/2	19.0	DM3BH1Y	Lapatinib	Approved	34.0	.	.	.	.	Breast adenocarcinoma	JAAKS Dataset	Investigative	MDA-MB-468	1.23	4.84	0.92	6.44	2
DCQXREG	DMJ7NVI	BIO-300	Phase 1/2	19.0	DM7C8YV	Plicamycin	Approved	34.0	.	.	.	.	Breast adenocarcinoma	JAAKS Dataset	Investigative	MDA-MB-468	13.21	16.14	8.44	15.69	2
DCXEIWM	DMJ7NVI	BIO-300	Phase 1/2	19.0	DM7XZY5	Triapine	Phase 2	21.0	.	.	.	.	Breast adenocarcinoma	JAAKS Dataset	Investigative	MDA-MB-468	4.76	6.7	1.02	8.29	2
DC6LYSZ	DMJ7NVI	BIO-300	Phase 1/2	19.0	DMFH15Z	Bendamustine hydrochloride	Approved	34.0	.	.	.	.	Breast adenocarcinoma	JAAKS Dataset	Investigative	MDA-MB-468	4.19	7.25	3.6	10.4	2
DCMNLLX	DMJ7NVI	BIO-300	Phase 1/2	19.0	DMHL7OB	Uracil mustard	Approved	34.0	.	.	.	.	Breast adenocarcinoma	JAAKS Dataset	Investigative	MDA-MB-468	3.29	5.67	0.56	7.78	2
DCXBE5R	DMJ7NVI	BIO-300	Phase 1/2	19.0	DM7RJXL	Imatinib	Phase 3 Trial	25.0	.	.	.	.	Breast adenocarcinoma	JAAKS Dataset	Investigative	MDA-MB-468	4.28	6.71	3.91	7.6	2
DCEC6CR	DMJ7NVI	BIO-300	Phase 1/2	19.0	DMNER5S	Bleomycin	Approved	34.0	.	.	.	.	Breast adenocarcinoma	JAAKS Dataset	Investigative	MDA-MB-468	11.81	11.59	7.18	15.13	2
DCP5DUS	DMJ7NVI	BIO-300	Phase 1/2	19.0	DMT5GNL	Romidepsin	Approved	34.0	.	.	.	.	Breast adenocarcinoma	JAAKS Dataset	Investigative	MDA-MB-468	2.38	3.05	5.48	6.16	2
DC2PFJ1	DMJ7NVI	BIO-300	Phase 1/2	19.0	DMJV2EK	Dasatinib	Investigative	0.0	.	.	.	.	Breast adenocarcinoma	JAAKS Dataset	Investigative	MDA-MB-468	4.71	7.64	0.24	4.01	2
DCU6HS1	DMLYGH4	MK-4827	Phase 3	25.0	DM62QTW	RTB101	Phase 3	25.0	.	.	.	.	Breast and ovarian cancer syndrome	JAAKS Dataset	Investigative	UWB1289	12.59	12.37	19.55	21.07	2
DC84CA9	DMLYGH4	MK-4827	Phase 3	25.0	DM62QTW	RTB101	Phase 3	25.0	.	.	.	.	Breast and ovarian cancer syndrome	JAAKS Dataset	Investigative	UWB1289+BRCA1	18.16	18.1	23.35	24.58	2
DCN7SGM	DMLYGH4	MK-4827	Phase 3	25.0	DM62QTW	RTB101	Phase 3	25.0	.	.	.	.	Breast carcinoma	JAAKS Dataset	Investigative	ZR751	6.93	6.67	15.89	17.99	2
DC87O78	DMLYGH4	MK-4827	Phase 3	25.0	DM62QTW	RTB101	Phase 3	25.0	.	.	.	.	Breast carcinoma	JAAKS Dataset	Investigative	KPL1	12.07	11.68	15.62	17.53	2
DCKIE1M	DMLYGH4	MK-4827	Phase 3	25.0	DM62QTW	RTB101	Phase 3	25.0	.	.	.	.	Breast carcinoma	JAAKS Dataset	Investigative	OCUBM	17.6	14.69	20.14	22.3	2
DCUNSD2	DMLYGH4	MK-4827	Phase 3	25.0	DM67EMK	SCH-900776	Phase 2	21.0	.	.	.	.	Breast and ovarian cancer syndrome	JAAKS Dataset	Investigative	UWB1289+BRCA1	5.51	2.77	4.66	3.15	2
DC8BAL5	DMLYGH4	MK-4827	Phase 3	25.0	DM67EMK	SCH-900776	Phase 2	21.0	.	.	.	.	Breast carcinoma	JAAKS Dataset	Investigative	KPL1	2.26	3.4	6.54	10.58	2
DC54IHN	DMLYGH4	MK-4827	Phase 3	25.0	DM67EMK	SCH-900776	Phase 2	21.0	.	.	.	.	Breast carcinoma	JAAKS Dataset	Investigative	OCUBM	0.28	1.01	4.1	10.66	2
DC3QOO0	DMLYGH4	MK-4827	Phase 3	25.0	DM9WLN4	10-hydroxycamptothecin	Investigative	0.0	.	.	.	.	Breast and ovarian cancer syndrome	JAAKS Dataset	Investigative	UWB1289+BRCA1	1.66	2.59	7.94	9.18	2
DCSAYP9	DMLYGH4	MK-4827	Phase 3	25.0	DM9WLN4	10-hydroxycamptothecin	Investigative	0.0	.	.	.	.	Breast carcinoma	JAAKS Dataset	Investigative	KPL1	9.44	11.14	13.72	15.64	2
DCL7X4H	DMLYGH4	MK-4827	Phase 3	25.0	DM9WLN4	10-hydroxycamptothecin	Investigative	0.0	.	.	.	.	Breast carcinoma	JAAKS Dataset	Investigative	OCUBM	4.34	4.28	6.05	10.69	2
DC863YI	DMLYGH4	MK-4827	Phase 3	25.0	DMB5A80	SNX-2112	Investigative	0.0	.	.	.	.	Breast carcinoma	JAAKS Dataset	Investigative	ZR751	0.46	0.05	7.73	12.34	2
DC7HYCK	DMLYGH4	MK-4827	Phase 3	25.0	DMB5A80	SNX-2112	Investigative	0.0	.	.	.	.	Breast carcinoma	JAAKS Dataset	Investigative	KPL1	2.91	2.66	6.48	8.47	2
DCA9DX4	DMLYGH4	MK-4827	Phase 3	25.0	DMB5A80	SNX-2112	Investigative	0.0	.	.	.	.	Breast carcinoma	JAAKS Dataset	Investigative	OCUBM	4.02	4.19	0.59	7.66	2
DCZDKU8	DMLYGH4	MK-4827	Phase 3	25.0	DMLHEU7	Ridaforolimus	Phase 3	25.0	.	.	.	.	Breast and ovarian cancer syndrome	JAAKS Dataset	Investigative	UWB1289	2.27	1.32	0.24	3.17	2
DCPRVAD	DMLYGH4	MK-4827	Phase 3	25.0	DMLHEU7	Ridaforolimus	Phase 3	25.0	.	.	.	.	Breast and ovarian cancer syndrome	JAAKS Dataset	Investigative	UWB1289+BRCA1	2.37	2.63	1.8	4.61	2
DCDUHPX	DMLYGH4	MK-4827	Phase 3	25.0	DMLHEU7	Ridaforolimus	Phase 3	25.0	.	.	.	.	Breast carcinoma	JAAKS Dataset	Investigative	ZR751	1.47	0.13	4.07	7.98	2
DCWNYY8	DMLYGH4	MK-4827	Phase 3	25.0	DMLHEU7	Ridaforolimus	Phase 3	25.0	.	.	.	.	Breast carcinoma	JAAKS Dataset	Investigative	KPL1	5.99	4.47	3.27	5.21	2
DCD43IB	DMLYGH4	MK-4827	Phase 3	25.0	DMLHEU7	Ridaforolimus	Phase 3	25.0	.	.	.	.	Breast carcinoma	JAAKS Dataset	Investigative	OCUBM	1.34	2.61	3.75	6.46	2
DCIAR1N	DMLYGH4	MK-4827	Phase 3	25.0	DMMWSUL	Lomustine	Approved	34.0	.	.	.	.	Breast carcinoma	JAAKS Dataset	Investigative	KPL1	0.27	3.64	3.43	6.12	2
DCJLCYS	DMLYGH4	MK-4827	Phase 3	25.0	DMMWSUL	Lomustine	Approved	34.0	.	.	.	.	Breast carcinoma	JAAKS Dataset	Investigative	OCUBM	7.77	7.63	11.01	14.31	2
DCYM93L	DMLYGH4	MK-4827	Phase 3	25.0	DMS8IFC	Sorafenib	Approved	34.0	.	.	.	.	Breast and ovarian cancer syndrome	JAAKS Dataset	Investigative	UWB1289	3.01	2.79	8.58	9.78	2
DCPTORE	DMLYGH4	MK-4827	Phase 3	25.0	DMS8IFC	Sorafenib	Approved	34.0	.	.	.	.	Breast and ovarian cancer syndrome	JAAKS Dataset	Investigative	UWB1289+BRCA1	2.74	4.16	7.62	8.94	2
DCV7SVS	DMLYGH4	MK-4827	Phase 3	25.0	DMS8IFC	Sorafenib	Approved	34.0	.	.	.	.	Breast carcinoma	JAAKS Dataset	Investigative	ZR751	6.35	5.45	4.43	16.67	2
DCQZ56N	DMLYGH4	MK-4827	Phase 3	25.0	DMS8IFC	Sorafenib	Approved	34.0	.	.	.	.	Breast carcinoma	JAAKS Dataset	Investigative	KPL1	4.19	4.14	6.77	8.91	2
DC9E34I	DMLYGH4	MK-4827	Phase 3	25.0	DMS8IFC	Sorafenib	Approved	34.0	.	.	.	.	Breast carcinoma	JAAKS Dataset	Investigative	OCUBM	3.01	3.49	8.44	11.76	2
DC4CE3X	DMLYGH4	MK-4827	Phase 3	25.0	DMWMPD4	Vorinostat	Approved	34.0	.	.	.	.	Breast and ovarian cancer syndrome	JAAKS Dataset	Investigative	UWB1289+BRCA1	5.69	5.45	10.63	11.64	2
DC46UW6	DMLYGH4	MK-4827	Phase 3	25.0	DMWMPD4	Vorinostat	Approved	34.0	.	.	.	.	Breast carcinoma	JAAKS Dataset	Investigative	KPL1	4.25	3.83	7.07	10.95	2
DC60SB8	DMNO38U	Bortezomib	Approved	34.0	DM62QTW	RTB101	Phase 3	25.0	.	.	.	.	Breast and ovarian cancer syndrome	JAAKS Dataset	Investigative	UWB1289	3.37	2.42	0.86	4.86	2
DCVG3CX	DMNO38U	Bortezomib	Approved	34.0	DM62QTW	RTB101	Phase 3	25.0	.	.	.	.	Breast and ovarian cancer syndrome	JAAKS Dataset	Investigative	UWB1289+BRCA1	3.11	2.91	0.78	4.11	2
DCUOTZ1	DMNO38U	Bortezomib	Approved	34.0	DM62QTW	RTB101	Phase 3	25.0	.	.	.	.	Breast carcinoma	JAAKS Dataset	Investigative	ZR751	3.72	2.49	3.51	8.38	2
DCAHAV2	DMNO38U	Bortezomib	Approved	34.0	DM62QTW	RTB101	Phase 3	25.0	.	.	.	.	Breast carcinoma	JAAKS Dataset	Investigative	KPL1	2.4	1.9	5.86	7.93	2
DCNBMYM	DMNO38U	Bortezomib	Approved	34.0	DM62QTW	RTB101	Phase 3	25.0	.	.	.	.	Breast carcinoma	JAAKS Dataset	Investigative	OCUBM	3.01	2.82	0.6	4.4	2
DC2CW60	DMNO38U	Bortezomib	Approved	34.0	DM9WLN4	10-hydroxycamptothecin	Investigative	0.0	.	.	.	.	Breast and ovarian cancer syndrome	JAAKS Dataset	Investigative	UWB1289+BRCA1	0.03	1.2	0.12	1.98	2
DC8H1UD	DMNO38U	Bortezomib	Approved	34.0	DM9WLN4	10-hydroxycamptothecin	Investigative	0.0	.	.	.	.	Breast carcinoma	JAAKS Dataset	Investigative	ZR751	0.18	1.13	4.09	6.91	2
DCVHMJ7	DMNO38U	Bortezomib	Approved	34.0	DM9WLN4	10-hydroxycamptothecin	Investigative	0.0	.	.	.	.	Breast carcinoma	JAAKS Dataset	Investigative	KPL1	2.07	1.7	1.23	3.02	2
DCFF5AO	DMNO38U	Bortezomib	Approved	34.0	DM9WLN4	10-hydroxycamptothecin	Investigative	0.0	.	.	.	.	Breast carcinoma	JAAKS Dataset	Investigative	OCUBM	18.6	15.01	11.0	16.35	2
DCU6ET4	DMNO38U	Bortezomib	Approved	34.0	DMLHEU7	Ridaforolimus	Phase 3	25.0	.	.	.	.	Breast carcinoma	JAAKS Dataset	Investigative	ZR751	5.1	3.25	1.29	8.01	2
DCP4R3D	DMNO38U	Bortezomib	Approved	34.0	DMLHEU7	Ridaforolimus	Phase 3	25.0	.	.	.	.	Breast carcinoma	JAAKS Dataset	Investigative	KPL1	3.97	2.4	1.36	4.49	2
DC2TGAA	DMNO38U	Bortezomib	Approved	34.0	DMLYGH4	MK-4827	Phase 3	25.0	.	.	.	.	Breast and ovarian cancer syndrome	JAAKS Dataset	Investigative	UWB1289	0.63	1.51	1.33	3.86	2
DCG57DL	DMNO38U	Bortezomib	Approved	34.0	DMLYGH4	MK-4827	Phase 3	25.0	.	.	.	.	Breast and ovarian cancer syndrome	JAAKS Dataset	Investigative	UWB1289+BRCA1	2.03	2.71	2.15	3.54	2
DC0AGCJ	DMNO38U	Bortezomib	Approved	34.0	DMLYGH4	MK-4827	Phase 3	25.0	.	.	.	.	Breast carcinoma	JAAKS Dataset	Investigative	ZR751	1.59	0.88	4.83	7.41	2
DC3R9L4	DMNO38U	Bortezomib	Approved	34.0	DMLYGH4	MK-4827	Phase 3	25.0	.	.	.	.	Breast carcinoma	JAAKS Dataset	Investigative	KPL1	4.64	4.29	5.22	6.32	2
DCFCVHI	DMNO38U	Bortezomib	Approved	34.0	DMLYGH4	MK-4827	Phase 3	25.0	.	.	.	.	Breast carcinoma	JAAKS Dataset	Investigative	OCUBM	2.42	2.53	1.0	4.16	2
DC4GDPH	DMNO38U	Bortezomib	Approved	34.0	DMPAWBN	GSK525762	Phase 1	17.0	.	.	.	.	Breast carcinoma	JAAKS Dataset	Investigative	KPL1	1.49	4.39	1.34	4.08	2
DCF66VG	DMNO38U	Bortezomib	Approved	34.0	DMS8IFC	Sorafenib	Approved	34.0	.	.	.	.	Breast carcinoma	JAAKS Dataset	Investigative	ZR751	13.5	7.16	2.77	12.92	2
DC09GZD	DMNO38U	Bortezomib	Approved	34.0	DMS8IFC	Sorafenib	Approved	34.0	.	.	.	.	Breast carcinoma	JAAKS Dataset	Investigative	OCUBM	10.38	8.71	4.01	10.28	2
DCE4KV4	DMNO38U	Bortezomib	Approved	34.0	DMWMPD4	Vorinostat	Approved	34.0	.	.	.	.	Breast and ovarian cancer syndrome	JAAKS Dataset	Investigative	UWB1289	2.18	2.35	2.75	4.67	2
DC5UFKH	DMNO38U	Bortezomib	Approved	34.0	DMJV2EK	Dasatinib	Investigative	0.0	.	.	.	.	Breast and ovarian cancer syndrome	JAAKS Dataset	Investigative	UWB1289	1.09	1.62	1.57	4.01	2
DCHN51N	DMNO38U	Bortezomib	Approved	34.0	DMJV2EK	Dasatinib	Investigative	0.0	.	.	.	.	Breast carcinoma	JAAKS Dataset	Investigative	ZR751	6.84	8.03	3.36	10.36	2
DCAK9FB	DMNO38U	Bortezomib	Approved	34.0	DMJV2EK	Dasatinib	Investigative	0.0	.	.	.	.	Breast carcinoma	JAAKS Dataset	Investigative	KPL1	5.13	5.48	2.73	5.74	2
DC7KDDE	DMNO38U	Bortezomib	Approved	34.0	DMJV2EK	Dasatinib	Investigative	0.0	.	.	.	.	Breast carcinoma	JAAKS Dataset	Investigative	OCUBM	1.0	5.22	2.68	6.09	2
DCNDT5T	DMMWZET	Dexamethasone	Phase 3 Trial	25.0	DM27D4J	PD-0325901	Phase 2	21.0	.	.	.	.	Breast and ovarian cancer syndrome	JAAKS Dataset	Investigative	UWB1289	4.74	9.05	1.96	8.75	2
DCK992U	DMMWZET	Dexamethasone	Phase 3 Trial	25.0	DM27D4J	PD-0325901	Phase 2	21.0	.	.	.	.	Breast and ovarian cancer syndrome	JAAKS Dataset	Investigative	UWB1289+BRCA1	3.21	8.54	1.01	6.17	2
DCD1NQR	DMMWZET	Dexamethasone	Phase 3 Trial	25.0	DM27D4J	PD-0325901	Phase 2	21.0	.	.	.	.	Breast carcinoma	JAAKS Dataset	Investigative	KPL1	5.66	7.52	7.84	13.46	2
DC7JN49	DMMWZET	Dexamethasone	Phase 3 Trial	25.0	DM4DOUB	PMID28460551-Compound-2	Patented	15.5	.	.	.	.	Breast carcinoma	JAAKS Dataset	Investigative	KPL1	5.23	5.01	6.89	12.25	2
DCQR7NG	DMMWZET	Dexamethasone	Phase 3 Trial	25.0	DM62QTW	RTB101	Phase 3	25.0	.	.	.	.	Breast carcinoma	JAAKS Dataset	Investigative	KPL1	3.02	4.84	0.73	12.94	2
DC0VBLG	DMMWZET	Dexamethasone	Phase 3 Trial	25.0	DM67EMK	SCH-900776	Phase 2	21.0	.	.	.	.	Breast carcinoma	JAAKS Dataset	Investigative	KPL1	10.45	10.47	19.05	22.41	2
DC4H5TR	DMMWZET	Dexamethasone	Phase 3 Trial	25.0	DM67EMK	SCH-900776	Phase 2	21.0	.	.	.	.	Breast carcinoma	JAAKS Dataset	Investigative	OCUBM	10.59	16.33	5.84	16.72	2
DCRGPGX	DMMWZET	Dexamethasone	Phase 3 Trial	25.0	DMB5A80	SNX-2112	Investigative	0.0	.	.	.	.	Breast and ovarian cancer syndrome	JAAKS Dataset	Investigative	UWB1289	12.31	2.28	4.94	1.17	2
DCNM3Z7	DMMWZET	Dexamethasone	Phase 3 Trial	25.0	DMCJLD1	SCH 727965	Discontinued in Phase 3	9.0	.	.	.	.	Breast and ovarian cancer syndrome	JAAKS Dataset	Investigative	UWB1289	9.56	13.08	0.77	12.85	2
DC85RYX	DMMWZET	Dexamethasone	Phase 3 Trial	25.0	DMCJLD1	SCH 727965	Discontinued in Phase 3	9.0	.	.	.	.	Breast and ovarian cancer syndrome	JAAKS Dataset	Investigative	UWB1289+BRCA1	10.01	11.59	4.44	9.91	2
DC0M25W	DMMWZET	Dexamethasone	Phase 3 Trial	25.0	DMFGYKS	MK-5108	Phase 1	17.0	.	.	.	.	Breast carcinoma	JAAKS Dataset	Investigative	KPL1	10.65	10.67	20.92	22.37	2
DCIIVTM	DMMWZET	Dexamethasone	Phase 3 Trial	25.0	DMLHEU7	Ridaforolimus	Phase 3	25.0	.	.	.	.	Breast carcinoma	JAAKS Dataset	Investigative	KPL1	2.96	1.12	2.3	2.32	2
DC1VFXJ	DMMWZET	Dexamethasone	Phase 3 Trial	25.0	DMLYGH4	MK-4827	Phase 3	25.0	.	.	.	.	Breast carcinoma	JAAKS Dataset	Investigative	KPL1	14.68	14.47	10.83	21.8	2
DCVI8ZX	DMMWZET	Dexamethasone	Phase 3 Trial	25.0	DMM0XGL	Idarubicin	Approved	34.0	.	.	.	.	Breast carcinoma	JAAKS Dataset	Investigative	KPL1	4.17	7.67	1.24	1.27	2
DC8O7KB	DMMWZET	Dexamethasone	Phase 3 Trial	25.0	DMM0XGL	Idarubicin	Approved	34.0	.	.	.	.	Breast carcinoma	JAAKS Dataset	Investigative	OCUBM	7.08	16.52	6.67	6.67	2
DC0GJLH	DMMWZET	Dexamethasone	Phase 3 Trial	25.0	DMNO38U	Bortezomib	Approved	34.0	.	.	.	.	Breast carcinoma	JAAKS Dataset	Investigative	KPL1	2.79	2.49	3.03	5.27	2
DCC7VSS	DMMWZET	Dexamethasone	Phase 3 Trial	25.0	DMPAWBN	GSK525762	Phase 1	17.0	.	.	.	.	Breast and ovarian cancer syndrome	JAAKS Dataset	Investigative	UWB1289	4.67	9.19	2.36	8.86	2
DC7KVUE	DMMWZET	Dexamethasone	Phase 3 Trial	25.0	DMPAWBN	GSK525762	Phase 1	17.0	.	.	.	.	Breast and ovarian cancer syndrome	JAAKS Dataset	Investigative	UWB1289+BRCA1	4.15	16.17	9.96	13.5	2
DC6MTFC	DMMWZET	Dexamethasone	Phase 3 Trial	25.0	DMPAWBN	GSK525762	Phase 1	17.0	.	.	.	.	Breast carcinoma	JAAKS Dataset	Investigative	KPL1	0.29	3.17	8.09	8.11	2
DCUB7T6	DMMWZET	Dexamethasone	Phase 3 Trial	25.0	DMPAWBN	GSK525762	Phase 1	17.0	.	.	.	.	Breast carcinoma	JAAKS Dataset	Investigative	OCUBM	6.58	10.59	11.05	11.09	2
DCTX4N9	DMMWZET	Dexamethasone	Phase 3 Trial	25.0	DMT1OZ6	MK-2206	Phase 2	21.0	.	.	.	.	Breast carcinoma	JAAKS Dataset	Investigative	KPL1	8.81	8.53	15.78	18.25	2
DCU4YAP	DMMWZET	Dexamethasone	Phase 3 Trial	25.0	DMJV2EK	Dasatinib	Investigative	0.0	.	.	.	.	Breast carcinoma	JAAKS Dataset	Investigative	KPL1	5.93	7.98	13.47	13.93	2
DC9YJI0	DM62QTW	RTB101	Phase 3	25.0	DMH07Y3	Letrozole	Approved	34.0	.	.	.	.	Metastatic Breast Cancer	ClinicalTrials.gov	Phase 1	.					2
DCJTRP0	DM62QTW	RTB101	Phase 3	25.0	DM67EMK	SCH-900776	Phase 2	21.0	.	.	.	.	Breast and ovarian cancer syndrome	JAAKS Dataset	Investigative	UWB1289	2.01	0.21	2.46	5.46	2
DCMMMHJ	DM62QTW	RTB101	Phase 3	25.0	DM67EMK	SCH-900776	Phase 2	21.0	.	.	.	.	Breast and ovarian cancer syndrome	JAAKS Dataset	Investigative	UWB1289+BRCA1	1.53	1.36	8.07	3.94	2
DC70T79	DM62QTW	RTB101	Phase 3	25.0	DM9WLN4	10-hydroxycamptothecin	Investigative	0.0	.	.	.	.	Breast and ovarian cancer syndrome	JAAKS Dataset	Investigative	UWB1289+BRCA1	4.35	5.47	9.95	11.48	2
DCO7IGG	DM62QTW	RTB101	Phase 3	25.0	DM9WLN4	10-hydroxycamptothecin	Investigative	0.0	.	.	.	.	Breast carcinoma	JAAKS Dataset	Investigative	KPL1	1.65	3.21	7.24	8.63	2
DCAQ2G2	DM62QTW	RTB101	Phase 3	25.0	DM9WLN4	10-hydroxycamptothecin	Investigative	0.0	.	.	.	.	Breast carcinoma	JAAKS Dataset	Investigative	OCUBM	3.07	2.95	3.72	8.44	2
DCDS03D	DM62QTW	RTB101	Phase 3	25.0	DMLHEU7	Ridaforolimus	Phase 3	25.0	.	.	.	.	Breast and ovarian cancer syndrome	JAAKS Dataset	Investigative	UWB1289	3.43	3.68	3.84	6.77	2
DCXFJ3A	DM62QTW	RTB101	Phase 3	25.0	DMLHEU7	Ridaforolimus	Phase 3	25.0	.	.	.	.	Breast and ovarian cancer syndrome	JAAKS Dataset	Investigative	UWB1289+BRCA1	2.71	2.16	2.51	6.35	2
DCLQE0M	DM62QTW	RTB101	Phase 3	25.0	DMLHEU7	Ridaforolimus	Phase 3	25.0	.	.	.	.	Breast carcinoma	JAAKS Dataset	Investigative	KPL1	2.08	1.04	4.06	6.23	2
DCL12U8	DM62QTW	RTB101	Phase 3	25.0	DMLHEU7	Ridaforolimus	Phase 3	25.0	.	.	.	.	Breast carcinoma	JAAKS Dataset	Investigative	OCUBM	3.13	4.06	2.47	6.91	2
DCJ9XJF	DM62QTW	RTB101	Phase 3	25.0	DMMWSUL	Lomustine	Approved	34.0	.	.	.	.	Breast and ovarian cancer syndrome	JAAKS Dataset	Investigative	UWB1289	0.86	0.36	5.96	10.99	2
DCGNUZG	DM62QTW	RTB101	Phase 3	25.0	DMMWSUL	Lomustine	Approved	34.0	.	.	.	.	Breast and ovarian cancer syndrome	JAAKS Dataset	Investigative	UWB1289+BRCA1	1.32	0.75	3.79	10.09	2
DCGS356	DM62QTW	RTB101	Phase 3	25.0	DMMWSUL	Lomustine	Approved	34.0	.	.	.	.	Breast carcinoma	JAAKS Dataset	Investigative	KPL1	2.8	4.59	3.17	8.38	2
DCO1OM9	DM62QTW	RTB101	Phase 3	25.0	DMMWSUL	Lomustine	Approved	34.0	.	.	.	.	Breast carcinoma	JAAKS Dataset	Investigative	OCUBM	6.37	6.23	0.82	11.02	2
DC5M4WP	DM62QTW	RTB101	Phase 3	25.0	DMS8IFC	Sorafenib	Approved	34.0	.	.	.	.	Breast and ovarian cancer syndrome	JAAKS Dataset	Investigative	UWB1289	1.85	1.7	6.34	10.11	2
DCVZWY1	DM62QTW	RTB101	Phase 3	25.0	DMS8IFC	Sorafenib	Approved	34.0	.	.	.	.	Breast and ovarian cancer syndrome	JAAKS Dataset	Investigative	UWB1289+BRCA1	1.9	1.19	3.51	8.63	2
DCF2M9K	DM62QTW	RTB101	Phase 3	25.0	DMS8IFC	Sorafenib	Approved	34.0	.	.	.	.	Breast carcinoma	JAAKS Dataset	Investigative	OCUBM	3.4	3.88	4.82	11.13	2
DCR841C	DMDI269	Docetaxel	Approved	34.0	DMPDW6T	Epirubicin	Approved	34.0	.	.	.	.	Breast Neoplasms	ClinicalTrials.gov	Phase 2	.					2
DC1DKCA	DMDI269	Docetaxel	Approved	34.0	DMY38SB	CATECHIN	Investigative	0.0	.	.	.	.	Breast Cancer	ClinicalTrials.gov	Phase 1	.					2
DC4YXHW	DMDI269	Docetaxel	Approved	34.0	DMMX2E6	Pemetrexed	Approved	34.0	.	.	.	.	Breast Cancer	ClinicalTrials.gov	Phase 1	.					2
DCCWXZ6	DMDI269	Docetaxel	Approved	34.0	DMTS85L	Capecitabine	Approved	34.0	.	.	.	.	Breast Cancer	ClinicalTrials.gov	Phase 1	.					2
DCE8F5T	DMDI269	Docetaxel	Approved	34.0	DMF57DM	Pazopanib	Approved	34.0	.	.	.	.	Neoplasms, Breast	ClinicalTrials.gov	Phase 1	.					2
DCHH8U7	DMDI269	Docetaxel	Approved	34.0	DM7RJXL	Imatinib	Phase 3 Trial	25.0	.	.	.	.	Breast Cancer	ClinicalTrials.gov	Phase 1	.					2
DCLJ9PR	DMDI269	Docetaxel	Approved	34.0	DMMQ2OW	Nintedanib	Phase 2 Trial	21.0	.	.	.	.	Breast Cancer	ClinicalTrials.gov	Phase 1	.					2
DCR7L6G	DMDI269	Docetaxel	Approved	34.0	DMPDW6T	Epirubicin	Approved	34.0	.	.	.	.	Breast Cancer	ClinicalTrials.gov	Phase 1	.					2
DCSTJFP	DMDI269	Docetaxel	Approved	34.0	DMRICNP	Vandetanib	Approved	34.0	.	.	.	.	Advanced Breast Cancer	ClinicalTrials.gov	Phase 1	.					2
DCTHBM7	DMDI269	Docetaxel	Approved	34.0	DMGVH6N	Axitinib	Approved	34.0	.	.	.	.	Breast Neoplasms	ClinicalTrials.gov	Phase 1	.					2
DCW95ZL	DMDI269	Docetaxel	Approved	34.0	DMVXFYE	Vinorelbine	Approved	34.0	.	.	.	.	Breast Cancer	ClinicalTrials.gov	Phase 1	.					2
DCJFMX0	DMDI269	Docetaxel	Approved	34.0	DMT4QHD	GDC-0032	Phase 3	25.0	.	.	.	.	Breast Cancer, Non-small Lung Cancer	ClinicalTrials.gov	Phase 1	.					2
DCRSET1	DMDI269	Docetaxel	Approved	34.0	DMM9F25	LDE225	Phase 2	21.0	.	.	.	.	Advanced Breast Cancer	ClinicalTrials.gov	Phase 1	.					2
DC4DNP0	DMDI269	Docetaxel	Approved	34.0	DM3BH1Y	Lapatinib	Approved	34.0	.	.	.	.	Breast adenocarcinoma	JAAKS Dataset	Investigative	MDA-MB-468	3.77	10.82	12.54	12.6	2
DC612QV	DMDI269	Docetaxel	Approved	34.0	DM4O2Z7	Cyclophosphamide	Approved	34.0	.	.	.	.	Breast adenocarcinoma	JAAKS Dataset	Investigative	MDA-MB-468	0.42	3.53	2.55	1.62	2
DCYUCCS	DMDI269	Docetaxel	Approved	34.0	DM7C8YV	Plicamycin	Approved	34.0	.	.	.	.	Breast adenocarcinoma	JAAKS Dataset	Investigative	MDA-MB-468	1.63	4.71	1.96	3.36	2
DC5MWRB	DMDI269	Docetaxel	Approved	34.0	DMC3P45	Terameprocol	Phase 2	21.0	.	.	.	.	Breast adenocarcinoma	JAAKS Dataset	Investigative	MDA-MB-468	1.4	5.58	6.73	5.89	2
DCSS0Y9	DMDI269	Docetaxel	Approved	34.0	DMCJLD1	SCH 727965	Discontinued in Phase 3	9.0	.	.	.	.	Breast adenocarcinoma	JAAKS Dataset	Investigative	MDA-MB-468	7.08	10.48	8.09	8.09	2
DCCXMUB	DMDI269	Docetaxel	Approved	34.0	DMFH15Z	Bendamustine hydrochloride	Approved	34.0	.	.	.	.	Breast adenocarcinoma	JAAKS Dataset	Investigative	MDA-MB-468	8.56	15.3	13.89	13.68	2
DCKVT07	DMDI269	Docetaxel	Approved	34.0	DMS8IFC	Sorafenib	Approved	34.0	.	.	.	.	Breast adenocarcinoma	JAAKS Dataset	Investigative	MDA-MB-468	2.73	6.03	5.61	5.61	2
DCYJINE	DMDI269	Docetaxel	Approved	34.0	DMTGBAX	Pomalidomide	Approved	34.0	.	.	.	.	Breast adenocarcinoma	JAAKS Dataset	Investigative	MDA-MB-468	5.48	7.73	6.54	5.64	2
DC9CC3Q	DMNER5S	Bleomycin	Approved	34.0	DM0HXDS	Pentostatin	Approved	34.0	.	.	.	.	Breast adenocarcinoma	JAAKS Dataset	Investigative	MDA-MB-468	0.11	3.96	6.38	7.49	2
DCSZH1K	DMNER5S	Bleomycin	Approved	34.0	DM2YGNW	Dactinomycin	Approved	34.0	.	.	.	.	Breast adenocarcinoma	JAAKS Dataset	Investigative	MDA-MB-468	3.39	10.86	10.95	10.56	2
DCJWQBN	DMNER5S	Bleomycin	Approved	34.0	DM2TEOL	Methotrexate	Phase 1/2 Trial	19.0	.	.	.	.	Breast adenocarcinoma	JAAKS Dataset	Investigative	MDA-MB-468	3.11	4.29	0.27	4.03	2
DCPEC90	DMNER5S	Bleomycin	Approved	34.0	DM7C8YV	Plicamycin	Approved	34.0	.	.	.	.	Breast adenocarcinoma	JAAKS Dataset	Investigative	MDA-MB-468	4.7	14.56	14.24	14.03	2
DCCADC7	DMNER5S	Bleomycin	Approved	34.0	DM7NKEV	Thioguanine	Preclinical	2.1	.	.	.	.	Breast adenocarcinoma	JAAKS Dataset	Investigative	MDA-MB-468	8.19	8.48	10.03	11.6	2
DC1OR1P	DMNER5S	Bleomycin	Approved	34.0	DMAH59S	Amonafide	Phase 3	25.0	.	.	.	.	Breast adenocarcinoma	JAAKS Dataset	Investigative	MDA-MB-468	5.6	8.39	10.74	12.44	2
DCR6BEH	DMNER5S	Bleomycin	Approved	34.0	DMH0ZJE	Mitomycin	Approved	34.0	.	.	.	.	Breast adenocarcinoma	JAAKS Dataset	Investigative	MDA-MB-468	0.58	2.64	4.57	6.2	2
DC77FPJ	DMNER5S	Bleomycin	Approved	34.0	DMHL7OB	Uracil mustard	Approved	34.0	.	.	.	.	Breast adenocarcinoma	JAAKS Dataset	Investigative	MDA-MB-468	8.46	11.16	0.49	13.83	2
DC28901	DMNER5S	Bleomycin	Approved	34.0	DMIXMYK	Arfolitixorin	Phase 3	25.0	.	.	.	.	Breast adenocarcinoma	JAAKS Dataset	Investigative	MDA-MB-468	2.7	5.12	7.97	9.29	2
DCVB9ZJ	DMNER5S	Bleomycin	Approved	34.0	DMNPZL4	Dacarbazine	Approved	34.0	.	.	.	.	Breast adenocarcinoma	JAAKS Dataset	Investigative	MDA-MB-468	3.58	8.96	10.47	11.46	2
DC228VE	DMNER5S	Bleomycin	Approved	34.0	DMP6G8T	Topotecan	Approved	34.0	.	.	.	.	Breast adenocarcinoma	JAAKS Dataset	Investigative	MDA-MB-468	7.59	6.57	10.56	11.78	2
DC60D5U	DMNER5S	Bleomycin	Approved	34.0	DMRHGI9	Cisplatin	Approved	34.0	.	.	.	.	Breast adenocarcinoma	JAAKS Dataset	Investigative	MDA-MB-468	0.73	0.97	3.94	4.8	2
DCMXZ8H	DMNER5S	Bleomycin	Approved	34.0	DMWNHPC	Aminolevulinic Acid Hydrochloride	Approved	34.0	.	.	.	.	Breast adenocarcinoma	JAAKS Dataset	Investigative	MDA-MB-468	0.85	3.04	2.64	7.01	2
DC1ZPSX	DMNER5S	Bleomycin	Approved	34.0	DMJV2EK	Dasatinib	Investigative	0.0	.	.	.	.	Breast adenocarcinoma	JAAKS Dataset	Investigative	MDA-MB-468	3.2	5.67	1.17	1.49	2
DCQ6L6G	DM7NKEV	Thioguanine	Preclinical	2.1	DM4DOUB	PMID28460551-Compound-2	Patented	15.5	.	.	.	.	Breast adenocarcinoma	JAAKS Dataset	Investigative	MDA-MB-468	6.12	9.64	6.34	11.07	2
DCNJXQF	DM7NKEV	Thioguanine	Preclinical	2.1	DMIXMYK	Arfolitixorin	Phase 3	25.0	.	.	.	.	Breast adenocarcinoma	JAAKS Dataset	Investigative	MDA-MB-468	5.83	6.26	8.86	11.17	2
DCUF4Q1	DM7NKEV	Thioguanine	Preclinical	2.1	DMNER5S	Bleomycin	Approved	34.0	.	.	.	.	Breast adenocarcinoma	JAAKS Dataset	Investigative	MDA-MB-468	3.39	6.7	6.55	6.72	2
DCMBPK1	DM7NKEV	Thioguanine	Preclinical	2.1	DMP6G8T	Topotecan	Approved	34.0	.	.	.	.	Breast adenocarcinoma	JAAKS Dataset	Investigative	MDA-MB-468	6.59	6.41	8.94	10.84	2
DCHUDB6	DM7NKEV	Thioguanine	Preclinical	2.1	DMRKE63	Chlorambucil	Approved	34.0	.	.	.	.	Breast adenocarcinoma	JAAKS Dataset	Investigative	MDA-MB-468	2.65	5.59	3.6	4.81	2
DCSARWU	DM7NKEV	Thioguanine	Preclinical	2.1	DMSG91J	ER819762	Investigative	0.0	.	.	.	.	Breast adenocarcinoma	JAAKS Dataset	Investigative	MDA-MB-468	5.61	7.23	5.21	5.63	2
DC7LYF1	DM7NKEV	Thioguanine	Preclinical	2.1	DMTGBAX	Pomalidomide	Approved	34.0	.	.	.	.	Breast adenocarcinoma	JAAKS Dataset	Investigative	MDA-MB-468	1.41	3.71	0.1	4.49	2
DCT7JA4	DM7NKEV	Thioguanine	Preclinical	2.1	DMJV2EK	Dasatinib	Investigative	0.0	.	.	.	.	Breast adenocarcinoma	JAAKS Dataset	Investigative	MDA-MB-468	13.79	17.16	12.6	13.16	2
DCFVXN1	DMAH59S	Amonafide	Phase 3	25.0	DM2YGNW	Dactinomycin	Approved	34.0	.	.	.	.	Breast adenocarcinoma	JAAKS Dataset	Investigative	MDA-MB-468	2.52	10.84	10.82	10.56	2
DCM04C8	DMAH59S	Amonafide	Phase 3	25.0	DM7C8YV	Plicamycin	Approved	34.0	.	.	.	.	Breast adenocarcinoma	JAAKS Dataset	Investigative	MDA-MB-468	8.88	15.43	11.95	14.92	2
DCY7DHJ	DMAH59S	Amonafide	Phase 3	25.0	DM7NKEV	Thioguanine	Preclinical	2.1	.	.	.	.	Breast adenocarcinoma	JAAKS Dataset	Investigative	MDA-MB-468	6.26	6.43	7.75	9.97	2
DCFVBUO	DMAH59S	Amonafide	Phase 3	25.0	DMC3P45	Terameprocol	Phase 2	21.0	.	.	.	.	Breast adenocarcinoma	JAAKS Dataset	Investigative	MDA-MB-468	1.12	1.74	0.17	2.81	2
DCIKQMJ	DMAH59S	Amonafide	Phase 3	25.0	DMJV2EK	Dasatinib	Investigative	0.0	.	.	.	.	Breast adenocarcinoma	JAAKS Dataset	Investigative	MDA-MB-468	6.03	9.15	5.1	5.17	2
DCEGI6A	DM2YGNW	Dactinomycin	Approved	34.0	DM3BH1Y	Lapatinib	Approved	34.0	.	.	.	.	Breast adenocarcinoma	JAAKS Dataset	Investigative	MDA-MB-468	0.89	5.19	4.36	7.1	2
DCR9AWM	DM2YGNW	Dactinomycin	Approved	34.0	DM7HXWT	Nilotinib	Approved	34.0	.	.	.	.	Breast adenocarcinoma	JAAKS Dataset	Investigative	MDA-MB-468	13.87	16.91	15.83	15.17	2
DCY27HQ	DM2YGNW	Dactinomycin	Approved	34.0	DMCT3I8	Ifosfamide	Approved	34.0	.	.	.	.	Breast adenocarcinoma	JAAKS Dataset	Investigative	MDA-MB-468	5.44	10.66	5.88	5.71	2
DCRP2M5	DM2YGNW	Dactinomycin	Approved	34.0	DMGW1ID	Sirolimus	Approved	34.0	.	.	.	.	Breast adenocarcinoma	JAAKS Dataset	Investigative	MDA-MB-468	10.73	15.9	14.05	13.84	2
DCD1VJT	DM2YGNW	Dactinomycin	Approved	34.0	DMH0ZJE	Mitomycin	Approved	34.0	.	.	.	.	Breast adenocarcinoma	JAAKS Dataset	Investigative	MDA-MB-468	0.64	6.25	3.44	5.43	2
DCIUD4E	DM2YGNW	Dactinomycin	Approved	34.0	DMH8UF0	SY-1425	Phase 1	17.0	.	.	.	.	Breast adenocarcinoma	JAAKS Dataset	Investigative	MDA-MB-468	2.53	8.31	4.83	11.21	2
DC23BK7	DM2YGNW	Dactinomycin	Approved	34.0	DMOYJFK	Valrubicin	Approved	34.0	.	.	.	.	Breast adenocarcinoma	JAAKS Dataset	Investigative	MDA-MB-468	3.74	6.53	7.72	8.61	2
DCX61BE	DM6Q7U4	Lenalidomide	Phase 3 Trial	25.0	DM0PIY6	Picoplatin	Phase 3	25.0	.	.	.	.	Breast adenocarcinoma	JAAKS Dataset	Investigative	MDA-MB-468	0.49	6.44	2.59	2.59	2
DCY9Q6V	DM6Q7U4	Lenalidomide	Phase 3 Trial	25.0	DM2YGNW	Dactinomycin	Approved	34.0	.	.	.	.	Breast adenocarcinoma	JAAKS Dataset	Investigative	MDA-MB-468	12.2	18.05	17.71	17.71	2
DCGJB2R	DM6Q7U4	Lenalidomide	Phase 3 Trial	25.0	DM7C8YV	Plicamycin	Approved	34.0	.	.	.	.	Breast adenocarcinoma	JAAKS Dataset	Investigative	MDA-MB-468	3.28	3.66	3.05	3.05	2
DCEFOB4	DM6Q7U4	Lenalidomide	Phase 3 Trial	25.0	DMD7X1O	Dexrazoxane	Approved	34.0	.	.	.	.	Breast adenocarcinoma	JAAKS Dataset	Investigative	MDA-MB-468	4.76	11.14	12.23	12.55	2
DC6HT0C	DM6Q7U4	Lenalidomide	Phase 3 Trial	25.0	DMFH15Z	Bendamustine hydrochloride	Approved	34.0	.	.	.	.	Breast adenocarcinoma	JAAKS Dataset	Investigative	MDA-MB-468	2.1	4.34	4.55	5.94	2
DCVPC0X	DM6Q7U4	Lenalidomide	Phase 3 Trial	25.0	DMNER5S	Bleomycin	Approved	34.0	.	.	.	.	Breast adenocarcinoma	JAAKS Dataset	Investigative	MDA-MB-468	6.89	9.6	7.4	11.48	2
DCN4KVC	DM6Q7U4	Lenalidomide	Phase 3 Trial	25.0	DMP6G8T	Topotecan	Approved	34.0	.	.	.	.	Breast adenocarcinoma	JAAKS Dataset	Investigative	MDA-MB-468	3.68	5.1	5.24	6.95	2
DCWLE1S	DM6Q7U4	Lenalidomide	Phase 3 Trial	25.0	DMWGV8N	PMID28870136-Compound-43	Patented	15.5	.	.	.	.	Breast adenocarcinoma	JAAKS Dataset	Investigative	MDA-MB-468	0.85	1.07	0.5	0.44	2
DC57Z1L	DM6Q7U4	Lenalidomide	Phase 3 Trial	25.0	DMJV2EK	Dasatinib	Investigative	0.0	.	.	.	.	Breast adenocarcinoma	JAAKS Dataset	Investigative	MDA-MB-468	2.39	5.31	0.61	0.61	2
DC2ZK87	DM2TEOL	Methotrexate	Phase 1/2 Trial	19.0	DM27D4J	PD-0325901	Phase 2	21.0	.	.	.	.	Breast carcinoma	JAAKS Dataset	Investigative	KPL1	8.87	8.22	0.46	7.83	2
DCBFJ7U	DM2TEOL	Methotrexate	Phase 1/2 Trial	19.0	DM4DOUB	PMID28460551-Compound-2	Patented	15.5	.	.	.	.	Breast carcinoma	JAAKS Dataset	Investigative	ZR751	4.14	1.72	1.07	5.25	2
DCWYJIF	DM2TEOL	Methotrexate	Phase 1/2 Trial	19.0	DMH0ZJE	Mitomycin	Approved	34.0	.	.	.	.	Breast adenocarcinoma	JAAKS Dataset	Investigative	MDA-MB-468	5.02	5.08	2.39	4.65	2
DCLBVE5	DM2TEOL	Methotrexate	Phase 1/2 Trial	19.0	DMLHEU7	Ridaforolimus	Phase 3	25.0	.	.	.	.	Breast and ovarian cancer syndrome	JAAKS Dataset	Investigative	UWB1289+BRCA1	4.68	3.07	0.93	6.72	2
DCRKZ1C	DM2TEOL	Methotrexate	Phase 1/2 Trial	19.0	DMT1OZ6	MK-2206	Phase 2	21.0	.	.	.	.	Breast and ovarian cancer syndrome	JAAKS Dataset	Investigative	UWB1289	2.19	0.95	2.68	6.61	2
DC3JG56	DMB5A80	SNX-2112	Investigative	0.0	DM62QTW	RTB101	Phase 3	25.0	.	.	.	.	Breast and ovarian cancer syndrome	JAAKS Dataset	Investigative	UWB1289+BRCA1	4.38	3.13	1.85	5.5	2
DC2RGU3	DMB5A80	SNX-2112	Investigative	0.0	DM62QTW	RTB101	Phase 3	25.0	.	.	.	.	Breast carcinoma	JAAKS Dataset	Investigative	OCUBM	7.15	8.21	0.86	10.9	2
DCSGE3K	DMB5A80	SNX-2112	Investigative	0.0	DM67EMK	SCH-900776	Phase 2	21.0	.	.	.	.	Breast and ovarian cancer syndrome	JAAKS Dataset	Investigative	UWB1289+BRCA1	5.54	1.77	1.11	2.47	2
DC70BBV	DMB5A80	SNX-2112	Investigative	0.0	DM67EMK	SCH-900776	Phase 2	21.0	.	.	.	.	Breast carcinoma	JAAKS Dataset	Investigative	ZR751	4.12	2.69	8.65	9.93	2
DCS8LTK	DMB5A80	SNX-2112	Investigative	0.0	DM67EMK	SCH-900776	Phase 2	21.0	.	.	.	.	Breast carcinoma	JAAKS Dataset	Investigative	OCUBM	20.7	21.86	22.48	24.8	2
DCYF5KP	DMB5A80	SNX-2112	Investigative	0.0	DM9WLN4	10-hydroxycamptothecin	Investigative	0.0	.	.	.	.	Breast and ovarian cancer syndrome	JAAKS Dataset	Investigative	UWB1289+BRCA1	3.21	8.74	8.37	9.58	2
DC891HL	DMB5A80	SNX-2112	Investigative	0.0	DMMWSUL	Lomustine	Approved	34.0	.	.	.	.	Breast and ovarian cancer syndrome	JAAKS Dataset	Investigative	UWB1289	7.51	3.5	10.24	5.91	2
DCZUIVN	DMB5A80	SNX-2112	Investigative	0.0	DMMWSUL	Lomustine	Approved	34.0	.	.	.	.	Breast carcinoma	JAAKS Dataset	Investigative	OCUBM	2.33	6.51	4.07	7.82	2
DCGTG2C	DMB5A80	SNX-2112	Investigative	0.0	DMS8IFC	Sorafenib	Approved	34.0	.	.	.	.	Breast and ovarian cancer syndrome	JAAKS Dataset	Investigative	UWB1289	3.51	2.55	4.05	5.11	2
DC6IMWR	DMB5A80	SNX-2112	Investigative	0.0	DMS8IFC	Sorafenib	Approved	34.0	.	.	.	.	Breast carcinoma	JAAKS Dataset	Investigative	ZR751	5.48	0.17	8.33	9.12	2
DC2RLZU	DMB5A80	SNX-2112	Investigative	0.0	DMS8IFC	Sorafenib	Approved	34.0	.	.	.	.	Breast carcinoma	JAAKS Dataset	Investigative	OCUBM	4.05	5.45	4.39	8.45	2
DCU7ND2	DMB5A80	SNX-2112	Investigative	0.0	DMWMPD4	Vorinostat	Approved	34.0	.	.	.	.	Breast and ovarian cancer syndrome	JAAKS Dataset	Investigative	UWB1289+BRCA1	4.58	4.65	2.33	7.14	2
DCWB0RC	DMB5A80	SNX-2112	Investigative	0.0	DMWMPD4	Vorinostat	Approved	34.0	.	.	.	.	Breast carcinoma	JAAKS Dataset	Investigative	OCUBM	4.78	4.46	0.69	7.78	2
DCTTHFW	DMD7X1O	Dexrazoxane	Approved	34.0	DM0PIY6	Picoplatin	Phase 3	25.0	.	.	.	.	Breast adenocarcinoma	JAAKS Dataset	Investigative	MDA-MB-468	10.02	12.71	1.78	9.23	2
DCL6KH3	DMD7X1O	Dexrazoxane	Approved	34.0	DM2YGNW	Dactinomycin	Approved	34.0	.	.	.	.	Breast adenocarcinoma	JAAKS Dataset	Investigative	MDA-MB-468	2.29	10.88	10.72	10.58	2
DC5AO6U	DMD7X1O	Dexrazoxane	Approved	34.0	DM7NKEV	Thioguanine	Preclinical	2.1	.	.	.	.	Breast adenocarcinoma	JAAKS Dataset	Investigative	MDA-MB-468	5.61	8.99	9.72	11.57	2
DCST2BW	DMD7X1O	Dexrazoxane	Approved	34.0	DMAH59S	Amonafide	Phase 3	25.0	.	.	.	.	Breast adenocarcinoma	JAAKS Dataset	Investigative	MDA-MB-468	5.9	9.15	10.76	12.21	2
DC9ATAS	DMD7X1O	Dexrazoxane	Approved	34.0	DMHL7OB	Uracil mustard	Approved	34.0	.	.	.	.	Breast adenocarcinoma	JAAKS Dataset	Investigative	MDA-MB-468	3.11	9.07	9.91	11.24	2
DCRTHFJ	DMD7X1O	Dexrazoxane	Approved	34.0	DMIXMYK	Arfolitixorin	Phase 3	25.0	.	.	.	.	Breast adenocarcinoma	JAAKS Dataset	Investigative	MDA-MB-468	0.59	5.7	7.44	9.36	2
DCKLQOT	DMD7X1O	Dexrazoxane	Approved	34.0	DMNER5S	Bleomycin	Approved	34.0	.	.	.	.	Breast adenocarcinoma	JAAKS Dataset	Investigative	MDA-MB-468	16.08	16.65	19.02	19.97	2
DC4YS83	DMD7X1O	Dexrazoxane	Approved	34.0	DMP6G8T	Topotecan	Approved	34.0	.	.	.	.	Breast adenocarcinoma	JAAKS Dataset	Investigative	MDA-MB-468	5.79	8.41	12.17	13.26	2
DC4X6FF	DM4O2Z7	Cyclophosphamide	Approved	34.0	DMLB81S	Paclitaxel	Approved	34.0	.	.	.	.	Stage IA Breast Cancer	ClinicalTrials.gov	Phase 1	.					2
DCD72UI	DM4O2Z7	Cyclophosphamide	Approved	34.0	DMDI269	Docetaxel	Approved	34.0	.	.	.	.	Breast Cancer	ClinicalTrials.gov	Phase 1	.					2
DCNF8YP	DM4O2Z7	Cyclophosphamide	Approved	34.0	DM2TEOL	Methotrexate	Phase 1/2 Trial	19.0	.	.	.	.	Breast Cancer	ClinicalTrials.gov	Phase 1	.					2
DCQZLUL	DM4O2Z7	Cyclophosphamide	Approved	34.0	DMTS85L	Capecitabine	Approved	34.0	.	.	.	.	Breast Cancer	ClinicalTrials.gov	Phase 1	.					2
DCESL59	DM4O2Z7	Cyclophosphamide	Approved	34.0	DMH07Y3	Letrozole	Approved	34.0	.	.	.	.	Breast Cancer	ClinicalTrials.gov	Phase 1	.					2
DCZK2XQ	DM4O2Z7	Cyclophosphamide	Approved	34.0	DM27D4J	PD-0325901	Phase 2	21.0	.	.	.	.	Breast carcinoma	JAAKS Dataset	Investigative	KPL1	17.51	17.15	5.88	6.9	2
DC9XN22	DM4O2Z7	Cyclophosphamide	Approved	34.0	DM3WDZ5	MK-1775	Phase 2	21.0	.	.	.	.	Breast and ovarian cancer syndrome	JAAKS Dataset	Investigative	UWB1289+BRCA1	6.02	14.75	1.55	8.22	2
DCQ53M6	DM4O2Z7	Cyclophosphamide	Approved	34.0	DMB5A80	SNX-2112	Investigative	0.0	.	.	.	.	Breast and ovarian cancer syndrome	JAAKS Dataset	Investigative	UWB1289	10.46	2.09	3.68	0.59	2
DCNZWET	DM4O2Z7	Cyclophosphamide	Approved	34.0	DMCJLD1	SCH 727965	Discontinued in Phase 3	9.0	.	.	.	.	Breast and ovarian cancer syndrome	JAAKS Dataset	Investigative	UWB1289+BRCA1	18.24	17.12	6.92	12.39	2
DC2XMT0	DM4O2Z7	Cyclophosphamide	Approved	34.0	DMCMBHA	Erlotinib	Approved	34.0	.	.	.	.	Breast carcinoma	JAAKS Dataset	Investigative	ZR751	0.78	1.88	2.7	2.7	2
DCMOIEM	DM4O2Z7	Cyclophosphamide	Approved	34.0	DMCT3I8	Ifosfamide	Approved	34.0	.	.	.	.	Breast adenocarcinoma	JAAKS Dataset	Investigative	MDA-MB-468	11.5	15.06	1.44	0.43	2
DCJ36KA	DM4O2Z7	Cyclophosphamide	Approved	34.0	DMM0XGL	Idarubicin	Approved	34.0	.	.	.	.	Breast and ovarian cancer syndrome	JAAKS Dataset	Investigative	UWB1289	2.61	4.35	1.48	3.03	2
DC1H24L	DM4O2Z7	Cyclophosphamide	Approved	34.0	DMM0XGL	Idarubicin	Approved	34.0	.	.	.	.	Breast carcinoma	JAAKS Dataset	Investigative	ZR751	3.91	7.95	3.13	2.73	2
DCM4YTV	DM4O2Z7	Cyclophosphamide	Approved	34.0	DMM0XGL	Idarubicin	Approved	34.0	.	.	.	.	Breast carcinoma	JAAKS Dataset	Investigative	KPL1	11.2	13.91	2.76	2.35	2
DCQWQHL	DM4O2Z7	Cyclophosphamide	Approved	34.0	DMM0XGL	Idarubicin	Approved	34.0	.	.	.	.	Breast carcinoma	JAAKS Dataset	Investigative	OCUBM	14.0	21.51	15.38	9.22	2
DCNW7PM	DM4O2Z7	Cyclophosphamide	Approved	34.0	DMPAWBN	GSK525762	Phase 1	17.0	.	.	.	.	Breast carcinoma	JAAKS Dataset	Investigative	OCUBM	1.62	7.63	1.35	1.39	2
DCWQE9R	DM4O2Z7	Cyclophosphamide	Approved	34.0	DMS8IFC	Sorafenib	Approved	34.0	.	.	.	.	Breast carcinoma	JAAKS Dataset	Investigative	ZR751	22.53	8.17	8.15	9.01	2
DCLP3XA	DM4O2Z7	Cyclophosphamide	Approved	34.0	DMT1OZ6	MK-2206	Phase 2	21.0	.	.	.	.	Breast carcinoma	JAAKS Dataset	Investigative	KPL1	19.83	19.86	1.0	13.45	2
DC5WTCJ	DM4O2Z7	Cyclophosphamide	Approved	34.0	DMJV2EK	Dasatinib	Investigative	0.0	.	.	.	.	Breast carcinoma	JAAKS Dataset	Investigative	ZR751	3.25	3.32	4.27	2.98	2
DCQTI61	DMNPZL4	Dacarbazine	Approved	34.0	DM2YGNW	Dactinomycin	Approved	34.0	.	.	.	.	Breast adenocarcinoma	JAAKS Dataset	Investigative	MDA-MB-468	1.76	7.24	6.7	6.67	2
DC767LE	DMNPZL4	Dacarbazine	Approved	34.0	DM7NKEV	Thioguanine	Preclinical	2.1	.	.	.	.	Breast adenocarcinoma	JAAKS Dataset	Investigative	MDA-MB-468	0.54	3.23	2.08	5.26	2
DCAU19Q	DMNPZL4	Dacarbazine	Approved	34.0	DMJV2EK	Dasatinib	Investigative	0.0	.	.	.	.	Breast adenocarcinoma	JAAKS Dataset	Investigative	MDA-MB-468	0.54	9.14	3.63	4.44	2
DC9OYR3	DM0CVXA	Mechlorethamine	Approved	34.0	DM0PIY6	Picoplatin	Phase 3	25.0	.	.	.	.	Breast adenocarcinoma	JAAKS Dataset	Investigative	MDA-MB-468	2.3	5.24	1.26	1.26	2
DCGOIX9	DM0CVXA	Mechlorethamine	Approved	34.0	DM2YGNW	Dactinomycin	Approved	34.0	.	.	.	.	Breast adenocarcinoma	JAAKS Dataset	Investigative	MDA-MB-468	6.8	11.26	10.67	10.36	2
DCZJOO4	DM0CVXA	Mechlorethamine	Approved	34.0	DMCT3I8	Ifosfamide	Approved	34.0	.	.	.	.	Breast adenocarcinoma	JAAKS Dataset	Investigative	MDA-MB-468	10.1	10.91	8.01	8.0	2
DCNRX3R	DM0CVXA	Mechlorethamine	Approved	34.0	DMRHGI9	Cisplatin	Approved	34.0	.	.	.	.	Breast adenocarcinoma	JAAKS Dataset	Investigative	MDA-MB-468	0.54	1.36	0.76	0.37	2
DCZYUPP	DM0CVXA	Mechlorethamine	Approved	34.0	DMSG91J	ER819762	Investigative	0.0	.	.	.	.	Breast adenocarcinoma	JAAKS Dataset	Investigative	MDA-MB-468	1.46	2.32	0.18	0.13	2
DC6JLZH	DM0CVXA	Mechlorethamine	Approved	34.0	DMJV2EK	Dasatinib	Investigative	0.0	.	.	.	.	Breast adenocarcinoma	JAAKS Dataset	Investigative	MDA-MB-468	5.15	7.03	1.76	1.41	2
DC0MVM5	DMWMPD4	Vorinostat	Approved	34.0	DM62QTW	RTB101	Phase 3	25.0	.	.	.	.	Breast and ovarian cancer syndrome	JAAKS Dataset	Investigative	UWB1289+BRCA1	2.76	2.59	7.62	10.97	2
DC00MOZ	DMWMPD4	Vorinostat	Approved	34.0	DM62QTW	RTB101	Phase 3	25.0	.	.	.	.	Breast carcinoma	JAAKS Dataset	Investigative	KPL1	1.36	0.96	0.35	10.18	2
DCT0KO1	DMWMPD4	Vorinostat	Approved	34.0	DM67EMK	SCH-900776	Phase 2	21.0	.	.	.	.	Breast and ovarian cancer syndrome	JAAKS Dataset	Investigative	UWB1289+BRCA1	3.83	1.19	7.54	4.91	2
DCRFVOR	DMWMPD4	Vorinostat	Approved	34.0	DM67EMK	SCH-900776	Phase 2	21.0	.	.	.	.	Breast carcinoma	JAAKS Dataset	Investigative	OCUBM	7.58	4.93	3.76	11.72	2
DC076PV	DMWMPD4	Vorinostat	Approved	34.0	DMLHEU7	Ridaforolimus	Phase 3	25.0	.	.	.	.	Breast and ovarian cancer syndrome	JAAKS Dataset	Investigative	UWB1289+BRCA1	2.66	2.88	3.7	7.67	2
DCHG02S	DMWMPD4	Vorinostat	Approved	34.0	DMLHEU7	Ridaforolimus	Phase 3	25.0	.	.	.	.	Breast carcinoma	JAAKS Dataset	Investigative	KPL1	2.09	0.44	1.05	2.4	2
DCQJUG9	DMG2YBD	Trifluridine	Approved	34.0	DM2YGNW	Dactinomycin	Approved	34.0	.	.	.	.	Breast adenocarcinoma	JAAKS Dataset	Investigative	MDA-MB-468	2.09	2.95	1.72	2.72	2
DCU9BM4	DMG2YBD	Trifluridine	Approved	34.0	DM61TA4	Arsenic trioxide	Approved	34.0	.	.	.	.	Breast adenocarcinoma	JAAKS Dataset	Investigative	MDA-MB-468	1.54	4.06	4.38	7.61	2
DCU0WIH	DMG2YBD	Trifluridine	Approved	34.0	DM7NKEV	Thioguanine	Preclinical	2.1	.	.	.	.	Breast adenocarcinoma	JAAKS Dataset	Investigative	MDA-MB-468	3.95	4.11	8.16	9.88	2
DC5VSL8	DMG2YBD	Trifluridine	Approved	34.0	DM7XZY5	Triapine	Phase 2	21.0	.	.	.	.	Breast adenocarcinoma	JAAKS Dataset	Investigative	MDA-MB-468	6.45	6.15	3.72	7.7	2
DCGTZSX	DMG2YBD	Trifluridine	Approved	34.0	DMAH59S	Amonafide	Phase 3	25.0	.	.	.	.	Breast adenocarcinoma	JAAKS Dataset	Investigative	MDA-MB-468	1.25	0.65	4.68	7.1	2
DCRYNG8	DMG2YBD	Trifluridine	Approved	34.0	DMC3P45	Terameprocol	Phase 2	21.0	.	.	.	.	Breast adenocarcinoma	JAAKS Dataset	Investigative	MDA-MB-468	4.02	3.29	0.21	4.15	2
DCKSNCW	DMG2YBD	Trifluridine	Approved	34.0	DMD7X1O	Dexrazoxane	Approved	34.0	.	.	.	.	Breast adenocarcinoma	JAAKS Dataset	Investigative	MDA-MB-468	1.73	4.82	4.53	9.47	2
DC65JCJ	DMG2YBD	Trifluridine	Approved	34.0	DMIXMYK	Arfolitixorin	Phase 3	25.0	.	.	.	.	Breast adenocarcinoma	JAAKS Dataset	Investigative	MDA-MB-468	0.76	0.67	6.62	8.1	2
DC0ZR6E	DMG2YBD	Trifluridine	Approved	34.0	DMJ7NVI	BIO-300	Phase 1/2	19.0	.	.	.	.	Breast adenocarcinoma	JAAKS Dataset	Investigative	MDA-MB-468	1.77	1.2	1.45	6.98	2
DCI1SOY	DMG2YBD	Trifluridine	Approved	34.0	DMNER5S	Bleomycin	Approved	34.0	.	.	.	.	Breast adenocarcinoma	JAAKS Dataset	Investigative	MDA-MB-468	5.31	6.83	8.6	12.84	2
DCISMCW	DMG2YBD	Trifluridine	Approved	34.0	DMTA5OE	Azacitidine	Approved	34.0	.	.	.	.	Breast adenocarcinoma	JAAKS Dataset	Investigative	MDA-MB-468	0.84	1.13	2.31	4.94	2
DCLS6IZ	DM0PIY6	Picoplatin	Phase 3	25.0	DM2YGNW	Dactinomycin	Approved	34.0	.	.	.	.	Breast adenocarcinoma	JAAKS Dataset	Investigative	MDA-MB-468	22.98	25.04	21.07	21.07	2
DCL9DJ7	DM0PIY6	Picoplatin	Phase 3	25.0	DM7C8YV	Plicamycin	Approved	34.0	.	.	.	.	Breast adenocarcinoma	JAAKS Dataset	Investigative	MDA-MB-468	12.65	13.95	10.81	9.88	2
DCOK0MR	DM89QE1	Metformin	Investigative	0.0	DM27D4J	PD-0325901	Phase 2	21.0	.	.	.	.	Breast and ovarian cancer syndrome	JAAKS Dataset	Investigative	UWB1289	4.64	9.09	12.1	12.82	2
DCEGQNG	DM89QE1	Metformin	Investigative	0.0	DM27D4J	PD-0325901	Phase 2	21.0	.	.	.	.	Breast carcinoma	JAAKS Dataset	Investigative	KPL1	3.27	6.62	4.21	5.5	2
DC2CL7X	DM89QE1	Metformin	Investigative	0.0	DM27D4J	PD-0325901	Phase 2	21.0	.	.	.	.	Breast carcinoma	JAAKS Dataset	Investigative	OCUBM	8.17	12.58	5.62	13.82	2
DCJ8FKK	DM89QE1	Metformin	Investigative	0.0	DM3BH1Y	Lapatinib	Approved	34.0	.	.	.	.	Breast and ovarian cancer syndrome	JAAKS Dataset	Investigative	UWB1289+BRCA1	2.4	3.49	2.3	4.19	2
DCICXT3	DM89QE1	Metformin	Investigative	0.0	DM3BH1Y	Lapatinib	Approved	34.0	.	.	.	.	Breast carcinoma	JAAKS Dataset	Investigative	OCUBM	3.83	4.07	2.49	5.75	2
DCL3ITK	DM89QE1	Metformin	Investigative	0.0	DM3WDZ5	MK-1775	Phase 2	21.0	.	.	.	.	Breast carcinoma	JAAKS Dataset	Investigative	OCUBM	4.8	7.95	5.33	8.94	2
DCKNIBB	DM89QE1	Metformin	Investigative	0.0	DM62QTW	RTB101	Phase 3	25.0	.	.	.	.	Breast and ovarian cancer syndrome	JAAKS Dataset	Investigative	UWB1289	8.96	8.7	1.38	11.87	2
DCEU735	DM89QE1	Metformin	Investigative	0.0	DM62QTW	RTB101	Phase 3	25.0	.	.	.	.	Breast and ovarian cancer syndrome	JAAKS Dataset	Investigative	UWB1289+BRCA1	7.79	7.18	5.99	7.83	2
DCNDSDS	DM89QE1	Metformin	Investigative	0.0	DM62QTW	RTB101	Phase 3	25.0	.	.	.	.	Breast carcinoma	JAAKS Dataset	Investigative	OCUBM	5.17	6.59	3.05	7.92	2
DCTDXPS	DM89QE1	Metformin	Investigative	0.0	DM67EMK	SCH-900776	Phase 2	21.0	.	.	.	.	Breast carcinoma	JAAKS Dataset	Investigative	OCUBM	3.11	5.06	4.44	7.11	2
DCWMKUK	DM89QE1	Metformin	Investigative	0.0	DMB5A80	SNX-2112	Investigative	0.0	.	.	.	.	Breast and ovarian cancer syndrome	JAAKS Dataset	Investigative	UWB1289	6.21	5.21	11.7	4.67	2
DC3C2G8	DM89QE1	Metformin	Investigative	0.0	DMB5A80	SNX-2112	Investigative	0.0	.	.	.	.	Breast and ovarian cancer syndrome	JAAKS Dataset	Investigative	UWB1289+BRCA1	3.72	5.38	2.04	4.69	2
DC97D1X	DM89QE1	Metformin	Investigative	0.0	DMCJLD1	SCH 727965	Discontinued in Phase 3	9.0	.	.	.	.	Breast and ovarian cancer syndrome	JAAKS Dataset	Investigative	UWB1289+BRCA1	2.19	2.44	2.08	3.26	2
DCZC4LL	DM89QE1	Metformin	Investigative	0.0	DMCJLD1	SCH 727965	Discontinued in Phase 3	9.0	.	.	.	.	Breast carcinoma	JAAKS Dataset	Investigative	OCUBM	8.48	10.17	6.97	12.66	2
DC1GB5N	DM89QE1	Metformin	Investigative	0.0	DMCMBHA	Erlotinib	Approved	34.0	.	.	.	.	Breast and ovarian cancer syndrome	JAAKS Dataset	Investigative	UWB1289+BRCA1	0.81	0.47	0.04	1.18	2
DCTBIHC	DM89QE1	Metformin	Investigative	0.0	DMCMBHA	Erlotinib	Approved	34.0	.	.	.	.	Breast carcinoma	JAAKS Dataset	Investigative	OCUBM	5.24	6.11	0.81	6.59	2
DC4U3XU	DM89QE1	Metformin	Investigative	0.0	DMFGYKS	MK-5108	Phase 1	17.0	.	.	.	.	Breast and ovarian cancer syndrome	JAAKS Dataset	Investigative	UWB1289+BRCA1	1.15	2.5	0.82	2.97	2
DC4NZTV	DM89QE1	Metformin	Investigative	0.0	DMFGYKS	MK-5108	Phase 1	17.0	.	.	.	.	Breast carcinoma	JAAKS Dataset	Investigative	OCUBM	4.59	7.93	2.84	8.79	2
DCTVLJB	DM89QE1	Metformin	Investigative	0.0	DMLHEU7	Ridaforolimus	Phase 3	25.0	.	.	.	.	Breast carcinoma	JAAKS Dataset	Investigative	KPL1	7.13	2.34	0.65	0.62	2
DCX0YG6	DM89QE1	Metformin	Investigative	0.0	DMLYGH4	MK-4827	Phase 3	25.0	.	.	.	.	Breast carcinoma	JAAKS Dataset	Investigative	OCUBM	7.4	8.65	6.64	10.37	2
DCLODDC	DM89QE1	Metformin	Investigative	0.0	DMM0XGL	Idarubicin	Approved	34.0	.	.	.	.	Breast carcinoma	JAAKS Dataset	Investigative	KPL1	12.59	11.71	3.68	3.68	2
DCJQN3R	DM89QE1	Metformin	Investigative	0.0	DMPAWBN	GSK525762	Phase 1	17.0	.	.	.	.	Breast and ovarian cancer syndrome	JAAKS Dataset	Investigative	UWB1289	4.59	7.11	6.42	8.4	2
DCIAPS8	DM89QE1	Metformin	Investigative	0.0	DMPAWBN	GSK525762	Phase 1	17.0	.	.	.	.	Breast and ovarian cancer syndrome	JAAKS Dataset	Investigative	UWB1289+BRCA1	1.15	5.02	2.0	3.8	2
DCYXW5Q	DM89QE1	Metformin	Investigative	0.0	DMS8IFC	Sorafenib	Approved	34.0	.	.	.	.	Breast and ovarian cancer syndrome	JAAKS Dataset	Investigative	UWB1289+BRCA1	3.2	4.2	1.77	4.72	2
DCTGDZU	DM89QE1	Metformin	Investigative	0.0	DMS8IFC	Sorafenib	Approved	34.0	.	.	.	.	Breast carcinoma	JAAKS Dataset	Investigative	ZR751	10.77	0.56	3.92	6.97	2
DC4KSKC	DM89QE1	Metformin	Investigative	0.0	DMS8IFC	Sorafenib	Approved	34.0	.	.	.	.	Breast carcinoma	JAAKS Dataset	Investigative	OCUBM	12.45	12.91	5.9	14.36	2
DCVV3DN	DM89QE1	Metformin	Investigative	0.0	DMT1OZ6	MK-2206	Phase 2	21.0	.	.	.	.	Breast carcinoma	JAAKS Dataset	Investigative	OCUBM	3.25	3.85	0.09	4.92	2
DCTKKFG	DM89QE1	Metformin	Investigative	0.0	DMJV2EK	Dasatinib	Investigative	0.0	.	.	.	.	Breast and ovarian cancer syndrome	JAAKS Dataset	Investigative	UWB1289+BRCA1	5.36	4.22	3.57	4.66	2
DCZ568W	DMS8IFC	Sorafenib	Approved	34.0	DM67EMK	SCH-900776	Phase 2	21.0	.	.	.	.	Breast carcinoma	JAAKS Dataset	Investigative	ZR751	6.43	0.7	11.33	11.78	2
DCI85JI	DMS8IFC	Sorafenib	Approved	34.0	DM67EMK	SCH-900776	Phase 2	21.0	.	.	.	.	Breast carcinoma	JAAKS Dataset	Investigative	OCUBM	2.8	2.45	4.7	9.85	2
DCP2I4Z	DMS8IFC	Sorafenib	Approved	34.0	DM7C8YV	Plicamycin	Approved	34.0	.	.	.	.	Breast adenocarcinoma	JAAKS Dataset	Investigative	MDA-MB-468	13.23	10.51	3.39	3.39	2
DCXZ74U	DMS8IFC	Sorafenib	Approved	34.0	DMC3P45	Terameprocol	Phase 2	21.0	.	.	.	.	Breast adenocarcinoma	JAAKS Dataset	Investigative	MDA-MB-468	11.49	8.6	3.98	3.54	2
DC1NRHB	DMS8IFC	Sorafenib	Approved	34.0	DMLHEU7	Ridaforolimus	Phase 3	25.0	.	.	.	.	Breast and ovarian cancer syndrome	JAAKS Dataset	Investigative	UWB1289	1.72	1.41	0.52	5.43	2
DCRP8UX	DMS8IFC	Sorafenib	Approved	34.0	DMLHEU7	Ridaforolimus	Phase 3	25.0	.	.	.	.	Breast carcinoma	JAAKS Dataset	Investigative	OCUBM	8.24	8.28	3.83	11.41	2
DCPCYTY	DMH8UF0	SY-1425	Phase 1	17.0	DM7HXWT	Nilotinib	Approved	34.0	.	.	.	.	Breast adenocarcinoma	JAAKS Dataset	Investigative	MDA-MB-468	3.29	6.79	3.1	1.6	2
DC6Y8EZ	DMH8UF0	SY-1425	Phase 1	17.0	DMDI269	Docetaxel	Approved	34.0	.	.	.	.	Breast adenocarcinoma	JAAKS Dataset	Investigative	MDA-MB-468	9.55	14.44	14.03	14.12	2
DCV2VN6	DMH8UF0	SY-1425	Phase 1	17.0	DMGW1ID	Sirolimus	Approved	34.0	.	.	.	.	Breast adenocarcinoma	JAAKS Dataset	Investigative	MDA-MB-468	8.28	10.8	10.67	10.57	2
DC1R6F0	DMH8UF0	SY-1425	Phase 1	17.0	DM7RJXL	Imatinib	Phase 3 Trial	25.0	.	.	.	.	Breast adenocarcinoma	JAAKS Dataset	Investigative	MDA-MB-468	3.61	2.14	2.59	2.59	2
DC4WN0A	DMH8UF0	SY-1425	Phase 1	17.0	DMUOT9V	Taxol	Approved	34.0	.	.	.	.	Breast adenocarcinoma	JAAKS Dataset	Investigative	MDA-MB-468	15.35	17.19	19.27	19.49	2
DCLVOLC	DMIXMYK	Arfolitixorin	Phase 3	25.0	DM7C8YV	Plicamycin	Approved	34.0	.	.	.	.	Breast adenocarcinoma	JAAKS Dataset	Investigative	MDA-MB-468	1.85	2.91	2.41	2.45	2
DCE1C68	DMIXMYK	Arfolitixorin	Phase 3	25.0	DMJV2EK	Dasatinib	Investigative	0.0	.	.	.	.	Breast adenocarcinoma	JAAKS Dataset	Investigative	MDA-MB-468	9.56	11.53	6.05	6.58	2
DCRU2DN	DMINOX3	Vincristine	Approved	34.0	DM0YZC6	Fulvestrant	Approved	34.0	.	.	.	.	Breast adenocarcinoma	JAAKS Dataset	Investigative	MDA-MB-468	11.8	10.6	8.69	12.77	2
DCSJ0U9	DMINOX3	Vincristine	Approved	34.0	DM3BH1Y	Lapatinib	Approved	34.0	.	.	.	.	Breast adenocarcinoma	JAAKS Dataset	Investigative	MDA-MB-468	1.82	4.77	1.68	6.19	2
DCPM983	DMINOX3	Vincristine	Approved	34.0	DM4O2Z7	Cyclophosphamide	Approved	34.0	.	.	.	.	Breast adenocarcinoma	JAAKS Dataset	Investigative	MDA-MB-468	2.19	3.97	1.21	0.44	2
DCR1861	DMINOX3	Vincristine	Approved	34.0	DMLNFWU	TEM	Phase 2	21.0	.	.	.	.	Breast adenocarcinoma	JAAKS Dataset	Investigative	MDA-MB-468	0.99	4.34	1.96	1.96	2
DC8E3SE	DMHL7OB	Uracil mustard	Approved	34.0	DM2YGNW	Dactinomycin	Approved	34.0	.	.	.	.	Breast adenocarcinoma	JAAKS Dataset	Investigative	MDA-MB-468	9.9	9.54	8.03	9.02	2
DCI9L3V	DMHL7OB	Uracil mustard	Approved	34.0	DM7C8YV	Plicamycin	Approved	34.0	.	.	.	.	Breast adenocarcinoma	JAAKS Dataset	Investigative	MDA-MB-468	2.06	15.13	2.66	14.03	2
DC6LV9E	DM7RJXL	Imatinib	Phase 3 Trial	25.0	DMTS85L	Capecitabine	Approved	34.0	.	.	.	.	Breast Cancer	ClinicalTrials.gov	Phase 1	.					2
DCBWQ7V	DM7RJXL	Imatinib	Phase 3 Trial	25.0	DM2OZ3G	Ixabepilone	Approved	34.0	.	.	.	.	Breast adenocarcinoma	JAAKS Dataset	Investigative	MDA-MB-468	4.44	5.59	1.48	5.7	2
DCU1J2Q	DM7RJXL	Imatinib	Phase 3 Trial	25.0	DM9WLN4	10-hydroxycamptothecin	Investigative	0.0	.	.	.	.	Breast adenocarcinoma	JAAKS Dataset	Investigative	MDA-MB-468	3.48	3.7	0.64	3.61	2
DCUT1KL	DM7RJXL	Imatinib	Phase 3 Trial	25.0	DMDI269	Docetaxel	Approved	34.0	.	.	.	.	Breast adenocarcinoma	JAAKS Dataset	Investigative	MDA-MB-468	11.1	15.1	11.89	11.6	2
DCP5S58	DM7RJXL	Imatinib	Phase 3 Trial	25.0	DMWIDJK	FORMESTANE	Withdrawn from market	12.0	.	.	.	.	Breast adenocarcinoma	JAAKS Dataset	Investigative	MDA-MB-468	0.18	1.08	0.39	0.2	2
DCR8Y4W	DMOYJFK	Valrubicin	Approved	34.0	DM4DOUB	PMID28460551-Compound-2	Patented	15.5	.	.	.	.	Breast adenocarcinoma	JAAKS Dataset	Investigative	MDA-MB-468	14.43	14.14	15.0	15.49	2
DC1T0V2	DMOYJFK	Valrubicin	Approved	34.0	DMDI269	Docetaxel	Approved	34.0	.	.	.	.	Breast adenocarcinoma	JAAKS Dataset	Investigative	MDA-MB-468	13.25	5.69	5.45	5.1	2
DCBG1ER	DMOYJFK	Valrubicin	Approved	34.0	DMGW1ID	Sirolimus	Approved	34.0	.	.	.	.	Breast adenocarcinoma	JAAKS Dataset	Investigative	MDA-MB-468	9.29	18.74	15.46	15.78	2
DCBRJRH	DMOYJFK	Valrubicin	Approved	34.0	DMNO38U	Bortezomib	Approved	34.0	.	.	.	.	Breast adenocarcinoma	JAAKS Dataset	Investigative	MDA-MB-468	13.44	14.82	5.38	13.15	2
DCEU9ID	DMOYJFK	Valrubicin	Approved	34.0	DMT5GNL	Romidepsin	Approved	34.0	.	.	.	.	Breast adenocarcinoma	JAAKS Dataset	Investigative	MDA-MB-468	5.11	3.74	1.46	6.01	2
DC257F1	DM7C8YV	Plicamycin	Approved	34.0	DM2OZ3G	Ixabepilone	Approved	34.0	.	.	.	.	Breast adenocarcinoma	JAAKS Dataset	Investigative	MDA-MB-468	5.71	6.9	4.07	5.51	2
DC733JO	DM7C8YV	Plicamycin	Approved	34.0	DMGW1ID	Sirolimus	Approved	34.0	.	.	.	.	Breast adenocarcinoma	JAAKS Dataset	Investigative	MDA-MB-468	1.05	3.87	4.92	3.3	2
DCV0MWR	DM7C8YV	Plicamycin	Approved	34.0	DMRKE63	Chlorambucil	Approved	34.0	.	.	.	.	Breast adenocarcinoma	JAAKS Dataset	Investigative	MDA-MB-468	0.78	4.13	0.95	5.08	2
DCIC01Q	DM7C8YV	Plicamycin	Approved	34.0	DMSG91J	ER819762	Investigative	0.0	.	.	.	.	Breast adenocarcinoma	JAAKS Dataset	Investigative	MDA-MB-468	0.6	3.03	2.12	1.48	2
DCJ4BTN	DM7C8YV	Plicamycin	Approved	34.0	DMTGBAX	Pomalidomide	Approved	34.0	.	.	.	.	Breast adenocarcinoma	JAAKS Dataset	Investigative	MDA-MB-468	0.46	1.46	0.37	0.78	2
DC3E3U8	DMH07Y3	Letrozole	Approved	34.0	DMTS85L	Capecitabine	Approved	34.0	.	.	.	.	Breast Cancer	ClinicalTrials.gov	Phase 3	.					2
DC6QCIJ	DMH07Y3	Letrozole	Approved	34.0	DMMX75K	LEE011	Phase 3	25.0	.	.	.	.	Early Breast Cancer	ClinicalTrials.gov	Phase 2	.					2
DC9ZSUV	DMH07Y3	Letrozole	Approved	34.0	DMLB0EZ	Tamoxifen	Approved	34.0	.	.	.	.	Breast Cancer	ClinicalTrials.gov	Phase 2	.					2
DCAZI7U	DMH07Y3	Letrozole	Approved	34.0	DMZMSPF	Bicalutamide	Approved	34.0	.	.	.	.	Breast Cancer	ClinicalTrials.gov	Phase 2	.					2
DCDFSM5	DMH07Y3	Letrozole	Approved	34.0	DMNP60F	Anastrozole	Approved	34.0	.	.	.	.	Anatomic Stage I Breast Cancer AJCC v8	ClinicalTrials.gov	Phase 2	.					2
DCM2F0J	DMH07Y3	Letrozole	Approved	34.0	DMTK4LS	Triptorelin	Approved	34.0	.	.	.	.	Breast Cancer Invasive Nos	ClinicalTrials.gov	Phase 2	.					2
DCRF0IM	DMH07Y3	Letrozole	Approved	34.0	DMTKD7Q	Afatinib	Approved	34.0	.	.	.	.	Breast Neoplasms	ClinicalTrials.gov	Phase 2	.					2
DC61NWM	DMH07Y3	Letrozole	Approved	34.0	DMIXC7G	Zoledronate	Approved	34.0	.	.	.	.	Breast Neoplasms	ClinicalTrials.gov	Phase 1	.					2
DC9ZJJD	DMH07Y3	Letrozole	Approved	34.0	DMNP60F	Anastrozole	Approved	34.0	.	.	.	.	Breast Cancer	ClinicalTrials.gov	Phase 1	.					2
DCBE6FO	DMH07Y3	Letrozole	Approved	34.0	DMX302C	BMS-690514	Phase 2	21.0	.	.	.	.	Breast Cancer	ClinicalTrials.gov	Phase 1	.					2
DCEWMG0	DMH07Y3	Letrozole	Approved	34.0	DMML7BE	Xl147	Phase 2	21.0	.	.	.	.	Breast Cancer	ClinicalTrials.gov	Phase 1	.					2
DCROX04	DMH07Y3	Letrozole	Approved	34.0	DMTI8YE	Bosutinib	Approved	34.0	.	.	.	.	Breast Cancer	ClinicalTrials.gov	Phase 1	.					2
DCU5C0O	DMH07Y3	Letrozole	Approved	34.0	DMTK4LS	Triptorelin	Approved	34.0	.	.	.	.	Breast Cancer	ClinicalTrials.gov	Phase 1	.					2
DCVIW9B	DMH07Y3	Letrozole	Approved	34.0	DMIXC7G	Zoledronate	Approved	34.0	.	.	.	.	Breast Cancer	ClinicalTrials.gov	Phase 1	.					2
DCYLKRD	DMH07Y3	Letrozole	Approved	34.0	DMJV2EK	Dasatinib	Investigative	0.0	.	.	.	.	Metastatic Breast Cancer	ClinicalTrials.gov	Phase 1	.					2
DC1JH47	DMH07Y3	Letrozole	Approved	34.0	DMVXFYE	Vinorelbine	Approved	34.0	.	.	.	.	Breast Cancer	ClinicalTrials.gov	Phase 1	.					2
DC896SH	DMH07Y3	Letrozole	Approved	34.0	DMMQ2OW	Nintedanib	Phase 2 Trial	21.0	.	.	.	.	Breast Cancer	ClinicalTrials.gov	Phase 1	.					2
DCCTZ36	DMH07Y3	Letrozole	Approved	34.0	DMWBZJD	GDC-0068	Phase 3	25.0	.	.	.	.	Breast Cancer	ClinicalTrials.gov	Phase 1	.					2
DCHC556	DMH07Y3	Letrozole	Approved	34.0	DMYZFNH	Sapanisertib	Investigative	0.0	.	.	.	.	Breast Cancer	ClinicalTrials.gov	Phase 1	.					2
DCS02AM	DMH07Y3	Letrozole	Approved	34.0	DMMX75K	LEE011	Phase 3	25.0	.	.	.	.	Breast Cancer	ClinicalTrials.gov	Phase 1	.					2
DC7YPZF	DMH07Y3	Letrozole	Approved	34.0	DM2TEOL	Methotrexate	Phase 1/2 Trial	19.0	.	.	.	.	Breast adenocarcinoma	JAAKS Dataset	Investigative	MDA-MB-468	18.12	16.45	17.47	17.87	2
DC42FR4	DMH07Y3	Letrozole	Approved	34.0	DMKLAYG	Altretamine	Approved	34.0	.	.	.	.	Breast adenocarcinoma	JAAKS Dataset	Investigative	MDA-MB-468	0.95	2.02	1.33	0.37	2
DCMLH89	DMH07Y3	Letrozole	Approved	34.0	DMOYJFK	Valrubicin	Approved	34.0	.	.	.	.	Breast adenocarcinoma	JAAKS Dataset	Investigative	MDA-MB-468	2.87	4.77	1.74	2.94	2
DC64H7E	DMH07Y3	Letrozole	Approved	34.0	DMWTAOI	Estramustine	Approved	34.0	.	.	.	.	Breast adenocarcinoma	JAAKS Dataset	Investigative	MDA-MB-468	0.56	2.29	2.65	3.07	2
DCHRE1S	DM9WLN4	10-hydroxycamptothecin	Investigative	0.0	DM67EMK	SCH-900776	Phase 2	21.0	.	.	.	.	Breast and ovarian cancer syndrome	JAAKS Dataset	Investigative	UWB1289	4.97	4.32	7.03	10.09	2
DC8NQQO	DM9WLN4	10-hydroxycamptothecin	Investigative	0.0	DM67EMK	SCH-900776	Phase 2	21.0	.	.	.	.	Breast and ovarian cancer syndrome	JAAKS Dataset	Investigative	UWB1289+BRCA1	4.74	0.2	2.03	0.56	2
DC6WNSL	DM9WLN4	10-hydroxycamptothecin	Investigative	0.0	DM7C8YV	Plicamycin	Approved	34.0	.	.	.	.	Breast adenocarcinoma	JAAKS Dataset	Investigative	MDA-MB-468	0.74	1.23	0.59	1.33	2
DCC8BXS	DM9WLN4	10-hydroxycamptothecin	Investigative	0.0	DMAE6LK	Topetecan	Approved	34.0	.	.	.	.	Breast adenocarcinoma	JAAKS Dataset	Investigative	MDA-MB-468	1.55	0.94	2.43	6.24	2
DCX5S03	DM9WLN4	10-hydroxycamptothecin	Investigative	0.0	DMH0ZJE	Mitomycin	Approved	34.0	.	.	.	.	Breast adenocarcinoma	JAAKS Dataset	Investigative	MDA-MB-468	4.22	4.71	3.8	7.16	2
DCC7TWY	DM9WLN4	10-hydroxycamptothecin	Investigative	0.0	DMLHEU7	Ridaforolimus	Phase 3	25.0	.	.	.	.	Breast and ovarian cancer syndrome	JAAKS Dataset	Investigative	UWB1289	4.18	3.85	4.52	7.54	2
DCX353Y	DM9WLN4	10-hydroxycamptothecin	Investigative	0.0	DMS8IFC	Sorafenib	Approved	34.0	.	.	.	.	Breast and ovarian cancer syndrome	JAAKS Dataset	Investigative	UWB1289+BRCA1	1.26	1.63	4.46	5.93	2
DC554K3	DM9WLN4	10-hydroxycamptothecin	Investigative	0.0	DMS8IFC	Sorafenib	Approved	34.0	.	.	.	.	Breast carcinoma	JAAKS Dataset	Investigative	ZR751	5.4	2.43	12.94	16.03	2
DCMUCGC	DM9WLN4	10-hydroxycamptothecin	Investigative	0.0	DMS8IFC	Sorafenib	Approved	34.0	.	.	.	.	Breast carcinoma	JAAKS Dataset	Investigative	KPL1	2.28	2.6	5.49	7.13	2
DCY4LJ6	DM9WLN4	10-hydroxycamptothecin	Investigative	0.0	DMS8IFC	Sorafenib	Approved	34.0	.	.	.	.	Breast carcinoma	JAAKS Dataset	Investigative	OCUBM	2.52	2.69	0.68	8.47	2
DCRWZ5B	DM3BF9B	DFN-15	Phase 3	25.0	DM9WLN4	10-hydroxycamptothecin	Investigative	0.0	.	.	.	.	Breast adenocarcinoma	JAAKS Dataset	Investigative	MDA-MB-468	5.31	5.06	3.73	4.62	2
DCBIHXB	DM3BF9B	DFN-15	Phase 3	25.0	DMDI269	Docetaxel	Approved	34.0	.	.	.	.	Breast adenocarcinoma	JAAKS Dataset	Investigative	MDA-MB-468	7.66	11.24	10.49	10.38	2
DCOZE9L	DM3BF9B	DFN-15	Phase 3	25.0	DMGW1ID	Sirolimus	Approved	34.0	.	.	.	.	Breast adenocarcinoma	JAAKS Dataset	Investigative	MDA-MB-468	7.72	13.04	12.85	13.1	2
DCRKTDX	DM3BF9B	DFN-15	Phase 3	25.0	DMUOT9V	Taxol	Approved	34.0	.	.	.	.	Breast adenocarcinoma	JAAKS Dataset	Investigative	MDA-MB-468	13.57	15.16	8.81	16.17	2
DCTRYUH	DMC3P45	Terameprocol	Phase 2	21.0	DM0YZC6	Fulvestrant	Approved	34.0	.	.	.	.	Breast adenocarcinoma	JAAKS Dataset	Investigative	MDA-MB-468	1.71	5.93	3.46	3.05	2
DCM9N2R	DMC3P45	Terameprocol	Phase 2	21.0	DMCT3I8	Ifosfamide	Approved	34.0	.	.	.	.	Breast adenocarcinoma	JAAKS Dataset	Investigative	MDA-MB-468	0.18	2.74	1.08	0.87	2
DC738Y5	DMC3P45	Terameprocol	Phase 2	21.0	DMGW1ID	Sirolimus	Approved	34.0	.	.	.	.	Breast adenocarcinoma	JAAKS Dataset	Investigative	MDA-MB-468	4.01	8.17	5.3	6.74	2
DC0GZB5	DMC3P45	Terameprocol	Phase 2	21.0	DMTGBAX	Pomalidomide	Approved	34.0	.	.	.	.	Breast adenocarcinoma	JAAKS Dataset	Investigative	MDA-MB-468	1.43	4.62	3.31	1.94	2
DCW9IWU	DMGW1ID	Sirolimus	Approved	34.0	DM2OZ3G	Ixabepilone	Approved	34.0	.	.	.	.	Breast adenocarcinoma	JAAKS Dataset	Investigative	MDA-MB-468	4.73	4.44	4.98	7.68	2
DCUR8MW	DMGW1ID	Sirolimus	Approved	34.0	DM3BH1Y	Lapatinib	Approved	34.0	.	.	.	.	Breast adenocarcinoma	JAAKS Dataset	Investigative	MDA-MB-468	1.78	6.06	7.74	7.98	2
DC4QS9O	DMGW1ID	Sirolimus	Approved	34.0	DMH0ZJE	Mitomycin	Approved	34.0	.	.	.	.	Breast adenocarcinoma	JAAKS Dataset	Investigative	MDA-MB-468	3.26	7.8	7.29	7.93	2
DCI3SR0	DMGW1ID	Sirolimus	Approved	34.0	DMWIDJK	FORMESTANE	Withdrawn from market	12.0	.	.	.	.	Breast adenocarcinoma	JAAKS Dataset	Investigative	MDA-MB-468	1.17	3.45	2.74	2.34	2
DC6BPFP	DM0YZC6	Fulvestrant	Approved	34.0	DM3BH1Y	Lapatinib	Approved	34.0	.	.	.	.	Metastatic Breast Cancer	ClinicalTrials.gov	Phase 3	.					2
DCCVL62	DM0YZC6	Fulvestrant	Approved	34.0	DMEXMYK	Alpelisib	Approved	34.0	.	.	.	.	Breast Cancer	ClinicalTrials.gov	Phase 3	.					2
DCG6UGG	DM0YZC6	Fulvestrant	Approved	34.0	DMBL3VD	PF-05212384	Phase 2	21.0	.	.	.	.	Breast Cancer	ClinicalTrials.gov	Phase 3	.					2
DCVYG39	DM0YZC6	Fulvestrant	Approved	34.0	DM93VBZ	LY2835219	Approved	34.0	.	.	.	.	Breast Cancer	ClinicalTrials.gov	Phase 3	.					2
DC339GI	DM0YZC6	Fulvestrant	Approved	34.0	DMTA5OE	Azacitidine	Approved	34.0	.	.	.	.	Breast Neoplasms	ClinicalTrials.gov	Phase 2	.					2
DC5O2AR	DM0YZC6	Fulvestrant	Approved	34.0	DMYZFNH	Sapanisertib	Investigative	0.0	.	.	.	.	Breast Cancer	ClinicalTrials.gov	Phase 2	.					2
DC6LL1C	DM0YZC6	Fulvestrant	Approved	34.0	DMD7L94	Palbociclib	Approved	34.0	.	.	.	.	Metastatic Breast Cancer	ClinicalTrials.gov	Phase 2	.					2
DC6U7W7	DM0YZC6	Fulvestrant	Approved	34.0	DM6QOVN	HKI-272	Phase 3	25.0	.	.	.	.	Stage IV (Metastatic) Breast Cancer	ClinicalTrials.gov	Phase 2	.					2
DCESOVP	DM0YZC6	Fulvestrant	Approved	34.0	DM8I94Y	Venetoclax	Approved	34.0	.	.	.	.	Estrogen Receptor-positive (ER+)/Human Epidermal Growth Factor Receptor (HER2)-Negative Locally Advanced or Metastatic Breast Cancer	ClinicalTrials.gov	Phase 2	.					2
DCG8FJE	DM0YZC6	Fulvestrant	Approved	34.0	DMEXMYK	Alpelisib	Approved	34.0	.	.	.	.	Breast Cancer	ClinicalTrials.gov	Phase 2	.					2
DCG8LKC	DM0YZC6	Fulvestrant	Approved	34.0	DMGL19D	Enzalutamide	Approved	34.0	.	.	.	.	Breast Cancer	ClinicalTrials.gov	Phase 2	.					2
DCGHK79	DM0YZC6	Fulvestrant	Approved	34.0	DMDI269	Docetaxel	Approved	34.0	.	.	.	.	Metastatic Breast Cancer	ClinicalTrials.gov	Phase 2	.					2
DCHL5X7	DM0YZC6	Fulvestrant	Approved	34.0	DM8QB1D	Olaparib	Approved	34.0	.	.	.	.	Advanced Breast Cancer	ClinicalTrials.gov	Phase 2	.					2
DCIOVZW	DM0YZC6	Fulvestrant	Approved	34.0	DM1P6FR	Arry-162	Approved	34.0	.	.	.	.	Anatomic Stage IV Breast Cancer AJCC v8	ClinicalTrials.gov	Phase 2	.					2
DCN2LA7	DM0YZC6	Fulvestrant	Approved	34.0	DMAT8CG	Goserelin	Approved	34.0	.	.	.	.	Metastatic Breast Cancer	ClinicalTrials.gov	Phase 2	.					2
DCVF159	DM0YZC6	Fulvestrant	Approved	34.0	DMH7W9X	SNDX-275	Phase 3	25.0	.	.	.	.	Breast Cancer	ClinicalTrials.gov	Phase 2	.					2
DCVL6DQ	DM0YZC6	Fulvestrant	Approved	34.0	DMLYGH4	MK-4827	Phase 3	25.0	.	.	.	.	Breast Cancer	ClinicalTrials.gov	Phase 2	.					2
DC1FI0Q	DM0YZC6	Fulvestrant	Approved	34.0	DM6QOVN	HKI-272	Phase 3	25.0	.	.	.	.	Breast Neoplasms	ClinicalTrials.gov	Phase 1	.					2
DC3EXII	DM0YZC6	Fulvestrant	Approved	34.0	DM1WEHC	Buparlisib	Phase 3	25.0	.	.	.	.	Estrogen Receptor-positive Breast Cancer	ClinicalTrials.gov	Phase 1	.					2
DC3JY46	DM0YZC6	Fulvestrant	Approved	34.0	DMF30HL	Zarnestra	Phase 3	25.0	.	.	.	.	Estrogen Receptor-positive Breast Cancer	ClinicalTrials.gov	Phase 1	.					2
DC3MS0U	DM0YZC6	Fulvestrant	Approved	34.0	DMNP60F	Anastrozole	Approved	34.0	.	.	.	.	Breast Cancer	ClinicalTrials.gov	Phase 1	.					2
DC4REU9	DM0YZC6	Fulvestrant	Approved	34.0	DMNO38U	Bortezomib	Approved	34.0	.	.	.	.	Metastatic Breast Carcinoma	ClinicalTrials.gov	Phase 1	.					2
DC5HU7A	DM0YZC6	Fulvestrant	Approved	34.0	DM9HPW3	Exemestane	Approved	34.0	.	.	.	.	Breast Cancer	ClinicalTrials.gov	Phase 1	.					2
DC5OHFG	DM0YZC6	Fulvestrant	Approved	34.0	DM8X2EH	Everolimus	Approved	34.0	.	.	.	.	Breast Cancer	ClinicalTrials.gov	Phase 1	.					2
DC6KKOZ	DM0YZC6	Fulvestrant	Approved	34.0	DM1YAK6	GDC0941	Phase 2	21.0	.	.	.	.	Breast Cancer	ClinicalTrials.gov	Phase 1	.					2
DCDIBHO	DM0YZC6	Fulvestrant	Approved	34.0	DM5H0R9	Enzastaurin	Phase 3	25.0	.	.	.	.	Breast Cancer	ClinicalTrials.gov	Phase 1	.					2
DCKNLWO	DM0YZC6	Fulvestrant	Approved	34.0	DMF3MV1	GDC-0980/RG7422	Phase 2	21.0	.	.	.	.	Breast Cancer	ClinicalTrials.gov	Phase 1	.					2
DCL8ASK	DM0YZC6	Fulvestrant	Approved	34.0	DMTS85L	Capecitabine	Approved	34.0	.	.	.	.	Metastatic Breast Cancer	ClinicalTrials.gov	Phase 1	.					2
DCLJLDI	DM0YZC6	Fulvestrant	Approved	34.0	DMH07Y3	Letrozole	Approved	34.0	.	.	.	.	Breast Cancer	ClinicalTrials.gov	Phase 1	.					2
DCMHKI2	DM0YZC6	Fulvestrant	Approved	34.0	DMIYDT4	Cabozantinib	Approved	34.0	.	.	.	.	Breast Cancer	ClinicalTrials.gov	Phase 1	.					2
DCQXZ21	DM0YZC6	Fulvestrant	Approved	34.0	DM15F0X	Gefitinib	Approved	34.0	.	.	.	.	Estrogen Receptor-positive Breast Cancer	ClinicalTrials.gov	Phase 1	.					2
DCR7VGL	DM0YZC6	Fulvestrant	Approved	34.0	DM8X2EH	Everolimus	Approved	34.0	.	.	.	.	Metastatic Breast Cancer	ClinicalTrials.gov	Phase 1	.					2
DCRJZ0O	DM0YZC6	Fulvestrant	Approved	34.0	DMJV2EK	Dasatinib	Investigative	0.0	.	.	.	.	Advanced Breast Cancer	ClinicalTrials.gov	Phase 1	.					2
DCV9ER8	DM0YZC6	Fulvestrant	Approved	34.0	DMC7W6R	Selumetinib	Investigative	0.0	.	.	.	.	Breast Cancer	ClinicalTrials.gov	Phase 1	.					2
DCW7X3C	DM0YZC6	Fulvestrant	Approved	34.0	DMGL19D	Enzalutamide	Approved	34.0	.	.	.	.	Breast Cancer	ClinicalTrials.gov	Phase 1	.					2
DC5BWJ0	DM0YZC6	Fulvestrant	Approved	34.0	DM9SKW8	AZD5363	Approved	34.0	.	.	.	.	Estrogen Receptor Positive Breast Cancer	ClinicalTrials.gov	Phase 1	.					2
DCSUCHX	DM0YZC6	Fulvestrant	Approved	34.0	DMWBZJD	GDC-0068	Phase 3	25.0	.	.	.	.	Breast Cancer	ClinicalTrials.gov	Phase 1	.					2
DCW30QW	DM0YZC6	Fulvestrant	Approved	34.0	DMMX75K	LEE011	Phase 3	25.0	.	.	.	.	Breast Cancer	ClinicalTrials.gov	Phase 1	.					2
DCJE447	DM0YZC6	Fulvestrant	Approved	34.0	DM2OZ3G	Ixabepilone	Approved	34.0	.	.	.	.	Breast adenocarcinoma	JAAKS Dataset	Investigative	MDA-MB-468	3.75	5.11	2.45	4.42	2
DCRAHQB	DM0YZC6	Fulvestrant	Approved	34.0	DMDI269	Docetaxel	Approved	34.0	.	.	.	.	Breast adenocarcinoma	JAAKS Dataset	Investigative	MDA-MB-468	1.24	8.14	6.23	5.63	2
DC441YS	DM0YZC6	Fulvestrant	Approved	34.0	DMWIDJK	FORMESTANE	Withdrawn from market	12.0	.	.	.	.	Breast adenocarcinoma	JAAKS Dataset	Investigative	MDA-MB-468	1.78	4.12	1.21	0.58	2
DCCWW4I	DMTJAEP	Vinflunine	Approved	34.0	DMTS85L	Capecitabine	Approved	34.0	.	.	.	.	Breast Cancer	ClinicalTrials.gov	Phase 1	.					2
DC2PV44	DMTJAEP	Vinflunine	Approved	34.0	DM0YZC6	Fulvestrant	Approved	34.0	.	.	.	.	Breast adenocarcinoma	JAAKS Dataset	Investigative	MDA-MB-468	2.58	7.37	3.05	3.01	2
DCAXKLY	DMTJAEP	Vinflunine	Approved	34.0	DMCT3I8	Ifosfamide	Approved	34.0	.	.	.	.	Breast adenocarcinoma	JAAKS Dataset	Investigative	MDA-MB-468	2.52	10.02	9.23	6.27	2
DC9MEPD	DMTJAEP	Vinflunine	Approved	34.0	DMRHGI9	Cisplatin	Approved	34.0	.	.	.	.	Breast adenocarcinoma	JAAKS Dataset	Investigative	MDA-MB-468	0.27	1.58	1.98	2.15	2
DC59YGW	DMTJAEP	Vinflunine	Approved	34.0	DMTGBAX	Pomalidomide	Approved	34.0	.	.	.	.	Breast adenocarcinoma	JAAKS Dataset	Investigative	MDA-MB-468	3.18	5.63	1.8	1.69	2
DCXI460	DMTJAEP	Vinflunine	Approved	34.0	DMWNHPC	Aminolevulinic Acid Hydrochloride	Approved	34.0	.	.	.	.	Breast adenocarcinoma	JAAKS Dataset	Investigative	MDA-MB-468	0.98	2.22	2.59	2.64	2
DC22PNW	DM8X2EH	Everolimus	Approved	34.0	DMSIVND	Hydroxychloroquine	Phase 3 Trial	25.0	.	.	.	.	Breast Cancer Stage IIB	ClinicalTrials.gov	Phase 2	.					2
DCXB8EB	DM8X2EH	Everolimus	Approved	34.0	DMG281S	Carboplatin	Approved	34.0	.	.	.	.	Breast Cancer	ClinicalTrials.gov	Phase 2	.					2
DC23FCZ	DM8X2EH	Everolimus	Approved	34.0	DMG281S	Carboplatin	Approved	34.0	.	.	.	.	Breast Cancer	ClinicalTrials.gov	Phase 1	.					2
DC4MTXP	DM8X2EH	Everolimus	Approved	34.0	DM9HPW3	Exemestane	Approved	34.0	.	.	.	.	Breast Cancer	ClinicalTrials.gov	Phase 1	.					2
DCL5AZI	DM8X2EH	Everolimus	Approved	34.0	DM9HPW3	Exemestane	Approved	34.0	.	.	.	.	Metastatic Breast Cancer	ClinicalTrials.gov	Phase 1	.					2
DC5LC1P	DM8X2EH	Everolimus	Approved	34.0	DMLYGH4	MK-4827	Phase 3	25.0	.	.	.	.	Breast Cancer	ClinicalTrials.gov	Phase 1	.					2
DCB10LM	DMLWYJB	JNK-IN-8	Investigative	0.0	DM2YGNW	Dactinomycin	Approved	34.0	.	.	.	.	Breast adenocarcinoma	JAAKS Dataset	Investigative	MDA-MB-468	3.84	8.58	8.35	8.3	2
DCJ5VQZ	DMLWYJB	JNK-IN-8	Investigative	0.0	DM7C8YV	Plicamycin	Approved	34.0	.	.	.	.	Breast adenocarcinoma	JAAKS Dataset	Investigative	MDA-MB-468	3.82	10.66	9.84	10.15	2
DCLES7L	DMLWYJB	JNK-IN-8	Investigative	0.0	DMWVIGP	Digitoxin	Approved	34.0	.	.	.	.	Breast adenocarcinoma	JAAKS Dataset	Investigative	MDA-MB-468	0.8	1.85	1.96	2.47	2
DC3DPOZ	DM4OYXE	LIAROZOLE	Phase 2/3	24.0	DM0HXDS	Pentostatin	Approved	34.0	.	.	.	.	Breast adenocarcinoma	JAAKS Dataset	Investigative	MDA-MB-468	3.27	3.16	5.49	6.63	2
DC0UB4M	DM4OYXE	LIAROZOLE	Phase 2/3	24.0	DM4DOUB	PMID28460551-Compound-2	Patented	15.5	.	.	.	.	Breast adenocarcinoma	JAAKS Dataset	Investigative	MDA-MB-468	0.47	3.6	1.16	4.38	2
DCEU140	DM4OYXE	LIAROZOLE	Phase 2/3	24.0	DMSG91J	ER819762	Investigative	0.0	.	.	.	.	Breast adenocarcinoma	JAAKS Dataset	Investigative	MDA-MB-468	5.09	4.83	4.3	4.55	2
DC4LPBJ	DM7XZY5	Triapine	Phase 2	21.0	DMCT3I8	Ifosfamide	Approved	34.0	.	.	.	.	Breast adenocarcinoma	JAAKS Dataset	Investigative	MDA-MB-468	5.13	6.0	2.92	1.56	2
DCGLBEH	DM7HXWT	Nilotinib	Approved	34.0	DMDI269	Docetaxel	Approved	34.0	.	.	.	.	Breast adenocarcinoma	JAAKS Dataset	Investigative	MDA-MB-468	12.72	10.29	4.87	4.41	2
DC59P66	DM7HXWT	Nilotinib	Approved	34.0	DMUOT9V	Taxol	Approved	34.0	.	.	.	.	Breast adenocarcinoma	JAAKS Dataset	Investigative	MDA-MB-468	12.35	17.08	12.49	15.83	2
DCEZNO8	DMT5GNL	Romidepsin	Approved	34.0	DMH0ZJE	Mitomycin	Approved	34.0	.	.	.	.	Breast adenocarcinoma	JAAKS Dataset	Investigative	MDA-MB-468	5.95	6.94	3.66	8.95	2
DCJ5X3Z	DMT5GNL	Romidepsin	Approved	34.0	DMRHGI9	Cisplatin	Approved	34.0	.	.	.	.	Breast adenocarcinoma	JAAKS Dataset	Investigative	MDA-MB-468	5.48	6.19	3.69	6.77	2
DC8L3IB	DMT5GNL	Romidepsin	Approved	34.0	DMRKE63	Chlorambucil	Approved	34.0	.	.	.	.	Breast adenocarcinoma	JAAKS Dataset	Investigative	MDA-MB-468	2.18	2.94	1.15	2.44	2
DCMQ0TQ	DMT5GNL	Romidepsin	Approved	34.0	DMWNHPC	Aminolevulinic Acid Hydrochloride	Approved	34.0	.	.	.	.	Breast adenocarcinoma	JAAKS Dataset	Investigative	MDA-MB-468	2.25	6.23	5.37	7.58	2
DCUDUBJ	DMPAWBN	GSK525762	Phase 1	17.0	DM62QTW	RTB101	Phase 3	25.0	.	.	.	.	Breast and ovarian cancer syndrome	JAAKS Dataset	Investigative	UWB1289	7.32	7.06	6.29	9.48	2
DC2MCV8	DMPAWBN	GSK525762	Phase 1	17.0	DM62QTW	RTB101	Phase 3	25.0	.	.	.	.	Breast and ovarian cancer syndrome	JAAKS Dataset	Investigative	UWB1289+BRCA1	8.36	8.34	6.57	8.49	2
DC5C6BK	DMPAWBN	GSK525762	Phase 1	17.0	DMB5A80	SNX-2112	Investigative	0.0	.	.	.	.	Breast and ovarian cancer syndrome	JAAKS Dataset	Investigative	UWB1289	9.65	0.96	6.81	0.35	2
DCHVSGR	DMPAWBN	GSK525762	Phase 1	17.0	DMB5A80	SNX-2112	Investigative	0.0	.	.	.	.	Breast and ovarian cancer syndrome	JAAKS Dataset	Investigative	UWB1289+BRCA1	7.78	8.77	4.86	7.76	2
DC0KO9R	DMPAWBN	GSK525762	Phase 1	17.0	DMB5A80	SNX-2112	Investigative	0.0	.	.	.	.	Breast carcinoma	JAAKS Dataset	Investigative	KPL1	0.98	4.34	0.49	6.97	2
DCCY7DH	DMPAWBN	GSK525762	Phase 1	17.0	DMB5A80	SNX-2112	Investigative	0.0	.	.	.	.	Breast carcinoma	JAAKS Dataset	Investigative	OCUBM	5.38	13.66	3.93	12.61	2
DC94LVZ	DMPAWBN	GSK525762	Phase 1	17.0	DMLHEU7	Ridaforolimus	Phase 3	25.0	.	.	.	.	Breast and ovarian cancer syndrome	JAAKS Dataset	Investigative	UWB1289	6.82	8.31	3.82	8.02	2
DCTE3SH	DMPAWBN	GSK525762	Phase 1	17.0	DMLHEU7	Ridaforolimus	Phase 3	25.0	.	.	.	.	Breast and ovarian cancer syndrome	JAAKS Dataset	Investigative	UWB1289+BRCA1	6.12	9.32	5.55	8.28	2
DC15WQT	DMPAWBN	GSK525762	Phase 1	17.0	DMLHEU7	Ridaforolimus	Phase 3	25.0	.	.	.	.	Breast carcinoma	JAAKS Dataset	Investigative	KPL1	6.55	6.22	4.67	5.56	2
DCW32E6	DMPAWBN	GSK525762	Phase 1	17.0	DMLYGH4	MK-4827	Phase 3	25.0	.	.	.	.	Breast and ovarian cancer syndrome	JAAKS Dataset	Investigative	UWB1289	5.1	4.34	4.88	7.26	2
DCLO6BN	DMPAWBN	GSK525762	Phase 1	17.0	DMLYGH4	MK-4827	Phase 3	25.0	.	.	.	.	Breast carcinoma	JAAKS Dataset	Investigative	KPL1	11.58	14.53	5.33	16.96	2
DC2TT9H	DMPAWBN	GSK525762	Phase 1	17.0	DMMWSUL	Lomustine	Approved	34.0	.	.	.	.	Breast carcinoma	JAAKS Dataset	Investigative	OCUBM	1.79	4.3	2.33	6.32	2
DCE70HU	DMPAWBN	GSK525762	Phase 1	17.0	DMS8IFC	Sorafenib	Approved	34.0	.	.	.	.	Breast carcinoma	JAAKS Dataset	Investigative	ZR751	23.52	22.56	28.02	28.88	2
DC0EYQ6	DMPAWBN	GSK525762	Phase 1	17.0	DMS8IFC	Sorafenib	Approved	34.0	.	.	.	.	Breast carcinoma	JAAKS Dataset	Investigative	KPL1	1.24	3.89	1.02	6.46	2
DCQ3VOM	DMPAWBN	GSK525762	Phase 1	17.0	DMS8IFC	Sorafenib	Approved	34.0	.	.	.	.	Breast carcinoma	JAAKS Dataset	Investigative	OCUBM	14.08	14.41	0.94	15.62	2
DCPEY3B	DMPAWBN	GSK525762	Phase 1	17.0	DMWMPD4	Vorinostat	Approved	34.0	.	.	.	.	Breast carcinoma	JAAKS Dataset	Investigative	KPL1	0.58	5.07	5.07	9.25	2
DCOPDK0	DMVRLT7	Fludarabine	Approved	34.0	DMSG91J	ER819762	Investigative	0.0	.	.	.	.	Breast adenocarcinoma	JAAKS Dataset	Investigative	MDA-MB-468	1.27	4.17	5.05	3.86	2
DCEL0MW	DMLNFWU	TEM	Phase 2	21.0	DM7C8YV	Plicamycin	Approved	34.0	.	.	.	.	Breast adenocarcinoma	JAAKS Dataset	Investigative	MDA-MB-468	1.85	4.84	2.73	1.97	2
DC2AO8O	DMTA5OE	Azacitidine	Approved	34.0	DM2OZ3G	Ixabepilone	Approved	34.0	.	.	.	.	Breast adenocarcinoma	JAAKS Dataset	Investigative	MDA-MB-468	3.1	3.0	4.14	7.49	2
DC2VG9L	DMTA5OE	Azacitidine	Approved	34.0	DMH0ZJE	Mitomycin	Approved	34.0	.	.	.	.	Breast adenocarcinoma	JAAKS Dataset	Investigative	MDA-MB-468	3.55	2.86	5.3	7.32	2
DCSB7OF	DMTA5OE	Azacitidine	Approved	34.0	DMRHGI9	Cisplatin	Approved	34.0	.	.	.	.	Breast adenocarcinoma	JAAKS Dataset	Investigative	MDA-MB-468	0.64	0.06	2.0	4.86	2
DCLLHIS	DMTA5OE	Azacitidine	Approved	34.0	DMU8L7C	Mepacrine	Investigative	0.0	.	.	.	.	Breast adenocarcinoma	JAAKS Dataset	Investigative	MDA-MB-468	0.05	1.55	1.29	4.66	2
DCBTNRT	DMTA5OE	Azacitidine	Approved	34.0	DMXYJ9C	Busulfan	Approved	34.0	.	.	.	.	Breast adenocarcinoma	JAAKS Dataset	Investigative	MDA-MB-468	0.43	2.43	0.45	4.41	2
DCAK4HZ	DMAO80I	Pralatrexate	Approved	34.0	DM2OZ3G	Ixabepilone	Approved	34.0	.	.	.	.	Breast adenocarcinoma	JAAKS Dataset	Investigative	MDA-MB-468	3.67	3.86	2.89	2.68	2
DCGDKOE	DMAO80I	Pralatrexate	Approved	34.0	DMTGBAX	Pomalidomide	Approved	34.0	.	.	.	.	Breast adenocarcinoma	JAAKS Dataset	Investigative	MDA-MB-468	1.42	4.7	1.01	0.42	2
DCWESJZ	DM2AZPP	Hepzato	Phase 3	25.0	DMDI269	Docetaxel	Approved	34.0	.	.	.	.	Breast adenocarcinoma	JAAKS Dataset	Investigative	MDA-MB-468	1.38	3.75	2.63	1.67	2
DCK5MTN	DM2AZPP	Hepzato	Phase 3	25.0	DMTGBAX	Pomalidomide	Approved	34.0	.	.	.	.	Breast adenocarcinoma	JAAKS Dataset	Investigative	MDA-MB-468	0.82	3.24	0.67	1.1	2
DCPNQ3X	DMWVIGP	Digitoxin	Approved	34.0	DM7C8YV	Plicamycin	Approved	34.0	.	.	.	.	Breast adenocarcinoma	JAAKS Dataset	Investigative	MDA-MB-468	1.54	8.25	4.54	4.56	2
DCWOHN2	DMWVIGP	Digitoxin	Approved	34.0	DM7HXWT	Nilotinib	Approved	34.0	.	.	.	.	Breast adenocarcinoma	JAAKS Dataset	Investigative	MDA-MB-468	2.8	4.18	2.14	0.43	2
DCKA68P	DMWVIGP	Digitoxin	Approved	34.0	DMH0ZJE	Mitomycin	Approved	34.0	.	.	.	.	Breast adenocarcinoma	JAAKS Dataset	Investigative	MDA-MB-468	3.15	4.76	2.92	2.25	2
DCK2JKL	DMWVIGP	Digitoxin	Approved	34.0	DMWIDJK	FORMESTANE	Withdrawn from market	12.0	.	.	.	.	Breast adenocarcinoma	JAAKS Dataset	Investigative	MDA-MB-468	0.97	5.21	3.58	2.76	2
DCW291W	DMWVIGP	Digitoxin	Approved	34.0	DMWNHPC	Aminolevulinic Acid Hydrochloride	Approved	34.0	.	.	.	.	Breast adenocarcinoma	JAAKS Dataset	Investigative	MDA-MB-468	3.01	5.82	4.56	6.37	2
DCVSXTY	DMWVIGP	Digitoxin	Approved	34.0	DMWTAOI	Estramustine	Approved	34.0	.	.	.	.	Breast adenocarcinoma	JAAKS Dataset	Investigative	MDA-MB-468	0.39	0.32	3.07	3.83	2
DCC7CE9	DMXYJ9C	Busulfan	Approved	34.0	DM5JVS3	Isoniazid	Approved	34.0	.	.	.	.	Breast adenocarcinoma	JAAKS Dataset	Investigative	MDA-MB-468	1.95	4.4	2.75	3.74	2
DC3YOTX	DMMWSUL	Lomustine	Approved	34.0	DM67EMK	SCH-900776	Phase 2	21.0	.	.	.	.	Breast and ovarian cancer syndrome	JAAKS Dataset	Investigative	UWB1289+BRCA1	2.08	0.3	5.46	2.38	2
DCGKLP4	DMMWSUL	Lomustine	Approved	34.0	DM67EMK	SCH-900776	Phase 2	21.0	.	.	.	.	Breast carcinoma	JAAKS Dataset	Investigative	KPL1	0.19	6.67	9.99	11.74	2
DCK0390	DMMWSUL	Lomustine	Approved	34.0	DM67EMK	SCH-900776	Phase 2	21.0	.	.	.	.	Breast carcinoma	JAAKS Dataset	Investigative	OCUBM	10.38	10.36	13.95	16.63	2
DCJ5MMV	DMMWSUL	Lomustine	Approved	34.0	DMLHEU7	Ridaforolimus	Phase 3	25.0	.	.	.	.	Breast carcinoma	JAAKS Dataset	Investigative	KPL1	4.22	4.6	2.04	4.51	2
DCO3F1D	DMMWSUL	Lomustine	Approved	34.0	DMLHEU7	Ridaforolimus	Phase 3	25.0	.	.	.	.	Breast carcinoma	JAAKS Dataset	Investigative	OCUBM	2.58	4.1	1.92	6.5	2
DC1UT3T	DM58WKG	Panobinostat	Approved	34.0	DMTS85L	Capecitabine	Approved	34.0	.	.	.	.	Breast Cancer	ClinicalTrials.gov	Phase 1	.					2
DCAWDFL	DM58WKG	Panobinostat	Approved	34.0	DMH07Y3	Letrozole	Approved	34.0	.	.	.	.	Breast Cancer	ClinicalTrials.gov	Phase 1	.					2
DC2PY55	DMTGBAX	Pomalidomide	Approved	34.0	DMSG91J	ER819762	Investigative	0.0	.	.	.	.	Breast adenocarcinoma	JAAKS Dataset	Investigative	MDA-MB-468	5.24	2.71	1.19	1.2	2
DCIPFI6	DMU8L7C	Mepacrine	Investigative	0.0	DM0HXDS	Pentostatin	Approved	34.0	.	.	.	.	Breast adenocarcinoma	JAAKS Dataset	Investigative	MDA-MB-468	14.29	22.37	15.97	14.51	2
DCFHKL4	DMF57DM	Pazopanib	Approved	34.0	DMPDW6T	Epirubicin	Approved	34.0	.	.	.	.	Neoplasms, Breast	ClinicalTrials.gov	Phase 1	.					2
DCL2I32	DMF57DM	Pazopanib	Approved	34.0	DMO8PT9	MLN8237	Phase 3	25.0	.	.	.	.	Malignant Neoplasm of Breast	ClinicalTrials.gov	Phase 1	.					2
DCD3CP3	DMTM2IK	Mercaptopurine	Preclinical	2.1	DMSG91J	ER819762	Investigative	0.0	.	.	.	.	Breast adenocarcinoma	JAAKS Dataset	Investigative	MDA-MB-468	0.62	4.85	5.07	4.56	2
DCH24X1	DM8I94Y	Venetoclax	Approved	34.0	DMTS85L	Capecitabine	Approved	34.0	.	.	.	.	Breast Cancer	ClinicalTrials.gov	Phase 1	.					2
DC4WU4F	DM5XPIJ	Leuprolide	Approved	34.0	DMH07Y3	Letrozole	Approved	34.0	.	.	.	.	Metastatic Breast Cancer	ClinicalTrials.gov	Phase 2	.					2
DCJE91Y	DM5XPIJ	Leuprolide	Approved	34.0	DMH07Y3	Letrozole	Approved	34.0	.	.	.	.	Breast Cancer	ClinicalTrials.gov	Phase 2	.					2
DCWW4CM	DMF28YC	Atorvastatin	Phase 3 Trial	25.0	DMDASC6	Metformin	Investigative	0.0	.	.	.	.	Breast Cancer	ClinicalTrials.gov	Phase 1	.					2
DCXA93V	DMSG91J	ER819762	Investigative	0.0	DM0HXDS	Pentostatin	Approved	34.0	.	.	.	.	Breast adenocarcinoma	JAAKS Dataset	Investigative	MDA-MB-468	0.09	2.47	2.99	1.51	2
DC2G07J	DM30SGU	Simvastatin	Approved	34.0	DMNP60F	Anastrozole	Approved	34.0	.	.	.	.	Breast Cancer	ClinicalTrials.gov	Phase 1	.					2
DC8LAUF	DM30SGU	Simvastatin	Approved	34.0	DMH07Y3	Letrozole	Approved	34.0	.	.	.	.	Anatomic Stage I Breast Cancer AJCC v8	ClinicalTrials.gov	Phase 1	.					2
DCMLN5A	DM8VCBE	Ibuprofen	Approved	34.0	DMHP21E	Hydromorphone	Approved	34.0	.	.	.	.	Breast Cancer	ClinicalTrials.gov	Phase 1	.					2
DC1HUX2	DM6LOQU	Celecoxib	Approved	34.0	DM9HPW3	Exemestane	Approved	34.0	.	.	.	.	Breast Cancer	ClinicalTrials.gov	Phase 1	.					2
DC2KT08	DM6LOQU	Celecoxib	Approved	34.0	DM9HPW3	Exemestane	Approved	34.0	.	.	.	.	Metastatic Breast Cancer	ClinicalTrials.gov	Phase 1	.					2
DCJQ5YV	DM6LOQU	Celecoxib	Approved	34.0	DMTS85L	Capecitabine	Approved	34.0	.	.	.	.	Breast Cancer	ClinicalTrials.gov	Phase 1	.					2
DC7L5M5	DM93VBZ	LY2835219	Approved	34.0	DMSIVND	Hydroxychloroquine	Phase 3 Trial	25.0	.	.	.	.	Breast Cancer	ClinicalTrials.gov	Phase 2	.					2
DCAF96A	DM93VBZ	LY2835219	Approved	34.0	DMLB0EZ	Tamoxifen	Approved	34.0	.	.	.	.	Male Breast Cancer	ClinicalTrials.gov	Phase 2	.					2
DC9WWHD	DM93VBZ	LY2835219	Approved	34.0	DMZMSPF	Bicalutamide	Approved	34.0	.	.	.	.	Breast Cancer	ClinicalTrials.gov	Phase 1	.					2
DCAP4QX	DM93VBZ	LY2835219	Approved	34.0	DMNP60F	Anastrozole	Approved	34.0	.	.	.	.	Breast Neoplasms	ClinicalTrials.gov	Phase 1	.					2
DCBRVQY	DM93VBZ	LY2835219	Approved	34.0	DMH07Y3	Letrozole	Approved	34.0	.	.	.	.	Breast Neoplasms	ClinicalTrials.gov	Phase 1	.					2
DCCFYMI	DM93VBZ	LY2835219	Approved	34.0	DMLYGH4	MK-4827	Phase 3	25.0	.	.	.	.	Anatomic Stage I Breast Cancer AJCC v8	ClinicalTrials.gov	Phase 1	.					2
DCUZLDF	DM93VBZ	LY2835219	Approved	34.0	DM9HPW3	Exemestane	Approved	34.0	.	.	.	.	Breast Neoplasms	ClinicalTrials.gov	Phase 1	.					2
DC28REP	DM8QB1D	Olaparib	Approved	34.0	DMLB81S	Paclitaxel	Approved	34.0	.	.	.	.	Breast Cancer	ClinicalTrials.gov	Phase 1	.					2
DCQOT3H	DM8QB1D	Olaparib	Approved	34.0	DMG281S	Carboplatin	Approved	34.0	.	.	.	.	Triple Negative Metastatic Breast Cancer	ClinicalTrials.gov	Phase 1	.					2
DC37MKG	DM8QB1D	Olaparib	Approved	34.0	DMWMPD4	Vorinostat	Approved	34.0	.	.	.	.	Breast Cancer Metastatic	ClinicalTrials.gov	Phase 1	.					2
DC86LGE	DM8QB1D	Olaparib	Approved	34.0	DMUNTE3	Estradiol	Approved	34.0	.	.	.	.	Metastatic Breast Cancer	ClinicalTrials.gov	Phase 1	.					2
DCNIQIM	DM8QB1D	Olaparib	Approved	34.0	DMC7W6R	Selumetinib	Investigative	0.0	.	.	.	.	Malignant Neoplasm of Breast	ClinicalTrials.gov	Phase 1	.					2
DC404H3	DM1DX4Q	Eribulin	Approved	34.0	DMTS85L	Capecitabine	Approved	34.0	.	.	.	.	Metastatic Breast Cancer	ClinicalTrials.gov	Phase 2	.					2
DCO7S95	DM1DX4Q	Eribulin	Approved	34.0	DMWBZJD	GDC-0068	Phase 3	25.0	.	.	.	.	Triple Negative Breast Cancer	ClinicalTrials.gov	Phase 2	.					2
DCQS7O6	DM1DX4Q	Eribulin	Approved	34.0	DM3WP0N	Al3818	Phase 3	25.0	.	.	.	.	HER2-negative Breast Cancer	ClinicalTrials.gov	Phase 2	.					2
DCUQQ1R	DM1DX4Q	Eribulin	Approved	34.0	DMSE3I7	Gemcitabine	Preclinical	2.1	.	.	.	.	Metastatic Breast Cancer	ClinicalTrials.gov	Phase 2	.					2
DC08UFK	DM1DX4Q	Eribulin	Approved	34.0	DM4O2Z7	Cyclophosphamide	Approved	34.0	.	.	.	.	HER2 Negative Breast Cancer	ClinicalTrials.gov	Phase 1	.					2
DC16WDP	DM1DX4Q	Eribulin	Approved	34.0	DMG281S	Carboplatin	Approved	34.0	.	.	.	.	Estrogen Receptor-negative Breast Cancer	ClinicalTrials.gov	Phase 1	.					2
DC98M4I	DM1DX4Q	Eribulin	Approved	34.0	DMTS85L	Capecitabine	Approved	34.0	.	.	.	.	Metastatic Breast Cancer	ClinicalTrials.gov	Phase 1	.					2
DCKY07F	DM1DX4Q	Eribulin	Approved	34.0	DMG281S	Carboplatin	Approved	34.0	.	.	.	.	Breast Cancer	ClinicalTrials.gov	Phase 1	.					2
DCMG5TF	DM1DX4Q	Eribulin	Approved	34.0	DM8X2EH	Everolimus	Approved	34.0	.	.	.	.	Triple Negative Breast Cancer	ClinicalTrials.gov	Phase 1	.					2
DCQCAR3	DM1DX4Q	Eribulin	Approved	34.0	DMK3TMD	PMID25656651-Compound-7	Patented	15.5	.	.	.	.	Breast Cancer	ClinicalTrials.gov	Phase 1	.					2
DCU6O2I	DM1DX4Q	Eribulin	Approved	34.0	DMMCYZ8	PQR309	Phase 2	21.0	.	.	.	.	Metastatic Breast Cancer	ClinicalTrials.gov	Phase 1	.					2
DC17RJ7	DM2OZ3G	Ixabepilone	Approved	34.0	DMF57DM	Pazopanib	Approved	34.0	.	.	.	.	Breast Cancer	ClinicalTrials.gov	Phase 1	.					2
DC5T6JM	DM2OZ3G	Ixabepilone	Approved	34.0	DMTS85L	Capecitabine	Approved	34.0	.	.	.	.	Breast Cancer	ClinicalTrials.gov	Phase 1	.					2
DCBITL6	DM2OZ3G	Ixabepilone	Approved	34.0	DMPDW6T	Epirubicin	Approved	34.0	.	.	.	.	Metastatic Breast Cancer	ClinicalTrials.gov	Phase 1	.					2
DCDJY6C	DM2OZ3G	Ixabepilone	Approved	34.0	DMJV2EK	Dasatinib	Investigative	0.0	.	.	.	.	Metastatic Breast Cancer	ClinicalTrials.gov	Phase 1	.					2
DCLBSIK	DM2OZ3G	Ixabepilone	Approved	34.0	DMG281S	Carboplatin	Approved	34.0	.	.	.	.	HER2-positive Breast Cancer	ClinicalTrials.gov	Phase 1	.					2
DCSR81T	DM2OZ3G	Ixabepilone	Approved	34.0	DM4O2Z7	Cyclophosphamide	Approved	34.0	.	.	.	.	Breast Cancer	ClinicalTrials.gov	Phase 1	.					2
DCZWQCY	DM2OZ3G	Ixabepilone	Approved	34.0	DMSIVND	Hydroxychloroquine	Phase 3 Trial	25.0	.	.	.	.	Breast Cancer	ClinicalTrials.gov	Phase 1	.					2
DC21UB4	DM2OZ3G	Ixabepilone	Approved	34.0	DMNO38U	Bortezomib	Approved	34.0	.	.	.	.	Breast adenocarcinoma	JAAKS Dataset	Investigative	MDA-MB-468	3.42	2.82	2.31	4.12	2
DCMXPBN	DM1WEHC	Buparlisib	Phase 3	25.0	DMLB81S	Paclitaxel	Approved	34.0	.	.	.	.	Breast Cancer	ClinicalTrials.gov	Phase 1	.					2
DCX0RQ4	DM1WEHC	Buparlisib	Phase 3	25.0	DMH07Y3	Letrozole	Approved	34.0	.	.	.	.	Metastatic Breast Cancer	ClinicalTrials.gov	Phase 1	.					2
DC8MSF1	DM6OC53	Belinostat	Phase 2	21.0	DMMX75K	LEE011	Phase 3	25.0	.	.	.	.	Metastatic Breast Cancer	ClinicalTrials.gov	Phase 1	.					2
DC097MH	DM9HPW3	Exemestane	Approved	34.0	DMYZFNH	Sapanisertib	Investigative	0.0	.	.	.	.	Breast Cancer	ClinicalTrials.gov	Phase 2	.					2
DC1KDX3	DM9HPW3	Exemestane	Approved	34.0	DMTI8YE	Bosutinib	Approved	34.0	.	.	.	.	Advanced Breast Cancer	ClinicalTrials.gov	Phase 1	.					2
DC6X13Z	DM9HPW3	Exemestane	Approved	34.0	DMGL19D	Enzalutamide	Approved	34.0	.	.	.	.	Breast Cancer	ClinicalTrials.gov	Phase 1	.					2
DCN5C10	DM9HPW3	Exemestane	Approved	34.0	DM672AH	Aspirin	Phase 3 Trial	25.0	.	.	.	.	Breast Neoplasms	ClinicalTrials.gov	Phase 1	.					2
DCPE3U2	DM9HPW3	Exemestane	Approved	34.0	DMPAJ41	BIIB-021	Phase 2	21.0	.	.	.	.	Breast Cancer	ClinicalTrials.gov	Phase 1	.					2
DCRJMFI	DM9HPW3	Exemestane	Approved	34.0	DMLHEU7	Ridaforolimus	Phase 3	25.0	.	.	.	.	Breast Neoplasms	ClinicalTrials.gov	Phase 1	.					2
DCW9KXF	DM9HPW3	Exemestane	Approved	34.0	DMH7W9X	SNDX-275	Phase 3	25.0	.	.	.	.	Breast Cancer	ClinicalTrials.gov	Phase 1	.					2
DCWJATP	DM9HPW3	Exemestane	Approved	34.0	DMAT8CG	Goserelin	Approved	34.0	.	.	.	.	Breast Cancer	ClinicalTrials.gov	Phase 1	.					2
DC33SHL	DM9HPW3	Exemestane	Approved	34.0	DMMX75K	LEE011	Phase 3	25.0	.	.	.	.	Breast Cancer	ClinicalTrials.gov	Phase 1	.					2
DCKL9HQ	DM9HPW3	Exemestane	Approved	34.0	DMEXMYK	Alpelisib	Approved	34.0	.	.	.	.	Metastatic or Locally-advanced Unresectable Breast Cancer	ClinicalTrials.gov	Phase 1	.					2
DCCTNYH	DM6QOVN	HKI-272	Phase 3	25.0	DMOJZQ9	Loperamide	Preclinical	2.1	.	.	.	.	Early Stage HER2+ Breast Cancer	ClinicalTrials.gov	Phase 2	.					2
DC7E9KT	DM6QOVN	HKI-272	Phase 3	25.0	DMVXFYE	Vinorelbine	Approved	34.0	.	.	.	.	Breast Cancer	ClinicalTrials.gov	Phase 1	.					2
DC8WXKO	DM6QOVN	HKI-272	Phase 3	25.0	DMLB81S	Paclitaxel	Approved	34.0	.	.	.	.	Breast Cancer	ClinicalTrials.gov	Phase 1	.					2
DCVRHD0	DM6QOVN	HKI-272	Phase 3	25.0	DMS104F	Temsirolimus	Approved	34.0	.	.	.	.	Breast Cancer	ClinicalTrials.gov	Phase 1	.					2
DCYKG3X	DM6QOVN	HKI-272	Phase 3	25.0	DMTS85L	Capecitabine	Approved	34.0	.	.	.	.	Breast Cancer	ClinicalTrials.gov	Phase 1	.					2
DCTKV0R	DM6QOVN	HKI-272	Phase 3	25.0	DMYCXKL	Capmatinib	Approved	34.0	.	.	.	.	Metastatic Breast Cancer	ClinicalTrials.gov	Phase 1	.					2
DC257BZ	DM13V0P	Rivoceranib	Phase 3	25.0	DMVXFYE	Vinorelbine	Approved	34.0	.	.	.	.	Advanced Triple-Negative Breast Cancer	ClinicalTrials.gov	Phase 2	.					2
DCHAQ86	DM13V0P	Rivoceranib	Phase 3	25.0	DMVXFYE	Vinorelbine	Approved	34.0	.	.	.	.	Breast Cancer	ClinicalTrials.gov	Phase 2	.					2
DCHHL3X	DM13V0P	Rivoceranib	Phase 3	25.0	DMLB81S	Paclitaxel	Approved	34.0	.	.	.	.	Triple Negative Breast Cancer	ClinicalTrials.gov	Phase 2	.					2
DC0JLGT	DMLB81S	Paclitaxel	Approved	34.0	DMU3DNC	Pentoxifylline	Approved	34.0	.	.	.	.	Breast Cancer Female	ClinicalTrials.gov	Phase 2	.					2
DCFHV22	DMLB81S	Paclitaxel	Approved	34.0	DMO8PT9	MLN8237	Phase 3	25.0	.	.	.	.	Breast Cancer	ClinicalTrials.gov	Phase 2	.					2
DCJ59FN	DMLB81S	Paclitaxel	Approved	34.0	DMTS85L	Capecitabine	Approved	34.0	.	.	.	.	Breast Cancer	ClinicalTrials.gov	Phase 2	.					2
DC2I73T	DMLB81S	Paclitaxel	Approved	34.0	DMPDW6T	Epirubicin	Approved	34.0	.	.	.	.	Metastatic Breast Cancer	ClinicalTrials.gov	Phase 1	.					2
DCDCQ4Y	DMLB81S	Paclitaxel	Approved	34.0	DMTOUY9	Suramin	Investigative	0.0	.	.	.	.	Recurrent Breast Cancer	ClinicalTrials.gov	Phase 1	.					2
DCL4C98	DMLB81S	Paclitaxel	Approved	34.0	DMWMPD4	Vorinostat	Approved	34.0	.	.	.	.	Male Breast Cancer	ClinicalTrials.gov	Phase 1	.					2
DCUKVMF	DMCBJSR	Sunitinib	Approved	34.0	DMTS85L	Capecitabine	Approved	34.0	.	.	.	.	Advanced/Metastatic Breast Cancer	ClinicalTrials.gov	Phase 1	.					2
DCVMILF	DMCBJSR	Sunitinib	Approved	34.0	DMTS85L	Capecitabine	Approved	34.0	.	.	.	.	Breast Cancer	ClinicalTrials.gov	Phase 1	.					2
DCN5B53	DMAT8CG	Goserelin	Approved	34.0	DMH07Y3	Letrozole	Approved	34.0	.	.	.	.	Metastatic Breast Cancer	ClinicalTrials.gov	Phase 2	.					2
DCGEM4X	DMAT8CG	Goserelin	Approved	34.0	DMLB0EZ	Tamoxifen	Approved	34.0	.	.	.	.	Breast Cancer	ClinicalTrials.gov	Phase 1	.					2
DCLJVYT	DMAT8CG	Goserelin	Approved	34.0	DMNP60F	Anastrozole	Approved	34.0	.	.	.	.	Breast Cancer	ClinicalTrials.gov	Phase 1	.					2
DCWUJU0	DMAT8CG	Goserelin	Approved	34.0	DMLB0EZ	Tamoxifen	Approved	34.0	.	.	.	.	Early-stage Breast Cancer	ClinicalTrials.gov	Phase 1	.					2
DCB04DR	DM6A0X7	Pravastatin	Approved	34.0	DMGYWIK	RG6046	Investigative	0.0	.	.	.	.	Breast Cancer	ClinicalTrials.gov	Phase 1	.					2
DCABPQ8	DMC7W6R	Selumetinib	Investigative	0.0	DMS104F	Temsirolimus	Approved	34.0	.	.	.	.	Breast Cancer	ClinicalTrials.gov	Phase 1	.					2
DCGZUC6	DMC7W6R	Selumetinib	Investigative	0.0	DMCMBHA	Erlotinib	Approved	34.0	.	.	.	.	Breast Cancer	ClinicalTrials.gov	Phase 1	.					2
DCHWLP8	DMC7W6R	Selumetinib	Investigative	0.0	DMDI269	Docetaxel	Approved	34.0	.	.	.	.	Breast Cancer	ClinicalTrials.gov	Phase 1	.					2
DCDPQPJ	DMEXMYK	Alpelisib	Approved	34.0	DMTS85L	Capecitabine	Approved	34.0	.	.	.	.	Metastatic Breast Cancer	ClinicalTrials.gov	Phase 1	.					2
DC3K9YO	DMEXMYK	Alpelisib	Approved	34.0	DMH07Y3	Letrozole	Approved	34.0	.	.	.	.	Metastatic or Locally-advanced Unresectable Breast Cancer	ClinicalTrials.gov	Phase 1	.					2
DCWQ4LW	DMGL19D	Enzalutamide	Approved	34.0	DMNP60F	Anastrozole	Approved	34.0	.	.	.	.	Breast Cancer	ClinicalTrials.gov	Phase 1	.					2
DCKM9VL	DMD7L94	Palbociclib	Approved	34.0	DMH07Y3	Letrozole	Approved	34.0	.	.	.	.	Breast Neoplasms	ClinicalTrials.gov	Phase 1	.					2
DC1DYWZ	DM1KS78	Talazoparib	Approved	34.0	DM6OC53	Belinostat	Phase 2	21.0	.	.	.	.	Metastatic Breast Cancer	ClinicalTrials.gov	Phase 1	.					2
DCXWFUO	DM1KS78	Talazoparib	Approved	34.0	DMBL3VD	PF-05212384	Phase 2	21.0	.	.	.	.	TNBC - Triple-Negative Breast Cancer	ClinicalTrials.gov	Phase 1	.					2
DCFSGGI	DMIXC7G	Zoledronate	Approved	34.0	DMNP60F	Anastrozole	Approved	34.0	.	.	.	.	Breast Cancer	ClinicalTrials.gov	Phase 1	.					2
DCR04IN	DMIXC7G	Zoledronate	Approved	34.0	DMLB0EZ	Tamoxifen	Approved	34.0	.	.	.	.	Breast Cancer	ClinicalTrials.gov	Phase 1	.					2
DCTIUK9	DMIXC7G	Zoledronate	Approved	34.0	DMJV2EK	Dasatinib	Investigative	0.0	.	.	.	.	Breast Cancer	ClinicalTrials.gov	Phase 1	.					2
DCZNDX4	DM3WP0N	Al3818	Phase 3	25.0	DMTS85L	Capecitabine	Approved	34.0	.	.	.	.	Metastatic Triple-Negative Breast Cancer	ClinicalTrials.gov	Phase 2	.					2
DCSZQXT	DM3WP0N	Al3818	Phase 3	25.0	DMLYGH4	MK-4827	Phase 3	25.0	.	.	.	.	HER2-negative Breast Cancer	ClinicalTrials.gov	Phase 1	.					2
DC3S2UI	DMTS85L	Capecitabine	Approved	34.0	DMW7K39	Pyrotinib	Phase 1	17.0	.	.	.	.	HER2 Positive Metastatic Breast Cancer	ClinicalTrials.gov	Phase 3	.					2
DCEW2GK	DMTS85L	Capecitabine	Approved	34.0	DMWBZJD	GDC-0068	Phase 3	25.0	.	.	.	.	Triple Negative Breast Cancer	ClinicalTrials.gov	Phase 2	.					2
DCCMX4E	DMTS85L	Capecitabine	Approved	34.0	DMVXFYE	Vinorelbine	Approved	34.0	.	.	.	.	Breast Cancer	ClinicalTrials.gov	Phase 1	.					2
DCGNOCH	DMTS85L	Capecitabine	Approved	34.0	DMUTSRW	Dexpanthenol	Approved	34.0	.	.	.	.	Breast Cancer	ClinicalTrials.gov	Phase 1	.					2
DCRE56F	DMTS85L	Capecitabine	Approved	34.0	DMJV2EK	Dasatinib	Investigative	0.0	.	.	.	.	Advanced Breast Cancer	ClinicalTrials.gov	Phase 1	.					2
DCGPYQN	DMTS85L	Capecitabine	Approved	34.0	DMW7K39	Pyrotinib	Phase 1	17.0	.	.	.	.	HER2 Positive Metastatic Breast Cancer	ClinicalTrials.gov	Phase 1	.					2
DC51BUZ	DM783CH	Levobupivacaine	Approved	34.0	DMRMS0L	Morphine	Approved	34.0	.	.	.	.	Reconstruction Breast Surgery	ClinicalTrials.gov	Phase 1	.					2
DC40N2I	DMF30HL	Zarnestra	Phase 3	25.0	DMTS85L	Capecitabine	Approved	34.0	.	.	.	.	Recurrent Breast Cancer	ClinicalTrials.gov	Phase 1	.					2
DCA6MP6	DMTKD7Q	Afatinib	Approved	34.0	DMVXFYE	Vinorelbine	Approved	34.0	.	.	.	.	Breast Neoplasms	ClinicalTrials.gov	Phase 1	.					2
DCNISK7	DMBL3VD	PF-05212384	Phase 2	21.0	DMSIVND	Hydroxychloroquine	Phase 3 Trial	25.0	.	.	.	.	Breast Cancer	ClinicalTrials.gov	Phase 1	.					2
DCBT079	DM3O8QY	Degarelix	Approved	34.0	DMH07Y3	Letrozole	Approved	34.0	.	.	.	.	Breast Cancer Invasive Nos	ClinicalTrials.gov	Phase 2	.					2
DCPYA1K	DM3O8QY	Degarelix	Approved	34.0	DMNP60F	Anastrozole	Approved	34.0	.	.	.	.	Male Breast Cancer	ClinicalTrials.gov	Phase 2	.					2
DCDIM5L	DMH7W9X	SNDX-275	Phase 3	25.0	DMNP60F	Anastrozole	Approved	34.0	.	.	.	.	Estrogen Receptor-negative Breast Cancer	ClinicalTrials.gov	Phase 1	.					2
DCXQ2KK	DMH7W9X	SNDX-275	Phase 3	25.0	DMTS85L	Capecitabine	Approved	34.0	.	.	.	.	Metastatic Breast Cancer	ClinicalTrials.gov	Phase 1	.					2
DCULCLN	DMUOK4C	Lisinopril	Investigative	0.0	DMHTEAO	Carvedilol	Approved	34.0	.	.	.	.	Breast Carcinoma	ClinicalTrials.gov	Phase 2	.					2
DCA8BX6	DMQCTIH	Digoxin	Approved	34.0	DMTS85L	Capecitabine	Approved	34.0	.	.	.	.	Metastatic Breast Cancer	ClinicalTrials.gov	Phase 2	.					2
DCQ50K6	DM1YAK6	GDC0941	Phase 2	21.0	DMH07Y3	Letrozole	Approved	34.0	.	.	.	.	Breast Cancer	ClinicalTrials.gov	Phase 1	.					2
DC67GEC	DM5H0R9	Enzastaurin	Phase 3	25.0	DMTS85L	Capecitabine	Approved	34.0	.	.	.	.	Breast Cancer	ClinicalTrials.gov	Phase 1	.					2
DC50TGP	DMBESUA	Tucatinib	Approved	34.0	DMTS85L	Capecitabine	Approved	34.0	.	.	.	.	Breast Cancer	ClinicalTrials.gov	Phase 2	.					2
DC3GOV2	DMBESUA	Tucatinib	Approved	34.0	DMMX75K	LEE011	Phase 3	25.0	.	.	.	.	Anatomic Stage II Breast Cancer AJCC v8	ClinicalTrials.gov	Phase 1	.					2
DC46KGK	DMBESUA	Tucatinib	Approved	34.0	DMTS85L	Capecitabine	Approved	34.0	.	.	.	.	HER2 Positive Metastatic Breast Cancers	ClinicalTrials.gov	Phase 1	.					2
DCBS5VQ	DMKQTBA	Diphenhydramine	Approved	34.0	DMO4GPK	Lactose	Investigative	0.0	.	.	.	.	Breast Cancer	ClinicalTrials.gov	Phase 3	.					2
DCMT3F2	DM8RLJ5	RAD-1901	Approved	34.0	DMTK4LS	Triptorelin	Approved	34.0	.	.	.	.	Breast Cancer	ClinicalTrials.gov	Phase 2	.					2
DC2AU8U	DM8RLJ5	RAD-1901	Approved	34.0	DM93VBZ	LY2835219	Approved	34.0	.	.	.	.	Breast Neoplasms	ClinicalTrials.gov	Phase 1	.					2
DCBLD99	DM8RLJ5	RAD-1901	Approved	34.0	DMEXMYK	Alpelisib	Approved	34.0	.	.	.	.	Breast Cancer	ClinicalTrials.gov	Phase 1	.					2
DCC8W8G	DM8RLJ5	RAD-1901	Approved	34.0	DMT6E5N	Onapristone	Phase 2	21.0	.	.	.	.	Breast Cancer	ClinicalTrials.gov	Phase 1	.					2
DCLRU53	DM8RLJ5	RAD-1901	Approved	34.0	DM93VBZ	LY2835219	Approved	34.0	.	.	.	.	Breast Cancer	ClinicalTrials.gov	Phase 1	.					2
DCW3UDM	DM8RLJ5	RAD-1901	Approved	34.0	DM8X2EH	Everolimus	Approved	34.0	.	.	.	.	Breast Cancer	ClinicalTrials.gov	Phase 1	.					2
DC1T71L	DM5FLTY	Risedronate	Approved	34.0	DMNP60F	Anastrozole	Approved	34.0	.	.	.	.	Breast Cancer	ClinicalTrials.gov	Phase 1	.					2
DCB99EA	DM1TMA3	Imiquimod	Approved	34.0	DM4O2Z7	Cyclophosphamide	Approved	34.0	.	.	.	.	Breast Cancer	ClinicalTrials.gov	Phase 1	.					2
DC1VIXA	DMM39BF	Mitoxantrone	Approved	34.0	DMTS85L	Capecitabine	Approved	34.0	.	.	.	.	Breast Cancer	ClinicalTrials.gov	Phase 1	.					2
DCTYZ09	DM9SKW8	AZD5363	Approved	34.0	DMLB81S	Paclitaxel	Approved	34.0	.	.	.	.	Metastatic Breast Cancer	ClinicalTrials.gov	Phase 2	.					2
DC9T1H5	DMOBIKY	Bexarotene	Approved	34.0	DMTS85L	Capecitabine	Approved	34.0	.	.	.	.	Metastatic Triple-Negative Breast Carcinoma	ClinicalTrials.gov	Phase 1	.					2
DCVMQMU	DMGM2Z6	Lonafarnib	Approved	34.0	DMNP60F	Anastrozole	Approved	34.0	.	.	.	.	Breast Cancer	ClinicalTrials.gov	Phase 1	.					2
DCX4FUD	DMEFRTZ	Lurbinectedin	Approved	34.0	DMTS85L	Capecitabine	Approved	34.0	.	.	.	.	Metastatic Breast Cancer	ClinicalTrials.gov	Phase 1	.					2
DCSN6WE	DM3UZ95	Bisoprolol	Approved	34.0	DM2R68E	Ramipril	Phase 2 Trial	21.0	.	.	.	.	Breast Cancer	ClinicalTrials.gov	Phase 3	.					2
DCNNTP4	DMCVBQD	MLN1117	Phase 1/2	19.0	DMFRM1I	Canagliflozin	Approved	34.0	.	.	.	.	Breast Cancer	ClinicalTrials.gov	Phase 1	.					2
DC4FEFD	DMK3TMD	PMID25656651-Compound-7	Patented	15.5	DMLB81S	Paclitaxel	Approved	34.0	.	.	.	.	Breast Cancer	ClinicalTrials.gov	Phase 1	.					2
DCEWC7E	DM9LFYN	Tesetaxel	Phase 3	25.0	DMTS85L	Capecitabine	Approved	34.0	.	.	.	.	Breast Cancer	ClinicalTrials.gov	Phase 2	.					2
DCEL30Y	DMSD1UN	Bevacizumab	Phase 2/3 Trial	24.0	DMZQOUX	Trastuzumab	Approved	34.0	.	.	.	.	Breast cancer	TTD Database	Phase 1	.					2
DCIN2ZE	DMTI8YE	Bosutinib	Approved	34.0	DMTS85L	Capecitabine	Approved	34.0	.	.	.	.	Advanced Breast Cancer (Parts 1 and 2)	ClinicalTrials.gov	Phase 1	.					2
DCAO9ZT	DMBY56U	EXISULIND	Phase 3	25.0	DMTS85L	Capecitabine	Approved	34.0	.	.	.	.	Breast Neoplasms	ClinicalTrials.gov	Phase 1	.					2
DCAI3TM	DMCM239	Larotaxel	Discontinued in Phase 3	9.0	DMTS85L	Capecitabine	Approved	34.0	.	.	.	.	Breast Cancer	ClinicalTrials.gov	Phase 1	.					2
DCTMFNE	DMJTU8D	OGX-427	Phase 2	21.0	DMLB81S	Paclitaxel	Approved	34.0	.	.	.	.	Lung cancer; Prostate cancer; Bladder cancer; Ovarian cancer; Breast cancer	TTD Database	Investigative	.					2
DC8DT7B	DMHJV0X	Pertuzumab	Approved	34.0	DMZQOUX	Trastuzumab	Approved	34.0	.	.	.	.	Breast cancer	TTD Database	Phase 1	.					2
DCRGLK4	DM704AN	Sapacitabine	Phase 3	25.0	DM8QB1D	Olaparib	Approved	34.0	.	.	.	.	Breast Cancer	ClinicalTrials.gov	Phase 1	.					2
