drug_1,drug_2,drug_3,synergy_score
fentanyl,midazolam,propofol,1.0
docetaxel,epirubicin,gemcitabine,0.8556239425022976
anastrozole,exemestane,letrozole,0.6672381353601126
capecitabine,eribulin,vinorelbine,0.6167023719667897
capecitabine,epirubicin,paclitaxel,0.6151701425413723
capecitabine,docetaxel,epirubicin,0.6025401617445741
capecitabine,lapatinib,panobinostat,0.56358961299572
anastrozole,degarelix,letrozole,0.5615406831229486
epirubicin,gemcitabine,paclitaxel,0.5540953425099475
capecitabine,epirubicin,gemcitabine,0.5432810154127492
anastrozole,goserelin,letrozole,0.5244837859719322
alpelisib,fulvestrant,tucatinib,0.5148470976523762
docetaxel,epirubicin,paclitaxel,0.5092050492978502
anastrozole,fulvestrant,letrozole,0.4947199946220287
everolimus,midazolam,propofol,0.48209718670077023
lY2835219,midazolam,propofol,0.4820971867007696
midazolam,panobinostat,propofol,0.4820971867007694
lapatinib,midazolam,propofol,0.48209718670076934
epirubicin,midazolam,propofol,0.4820971867007693
degarelix,midazolam,propofol,0.4820971867007693
entrectinib,midazolam,propofol,0.48209718670076895
midazolam,paclitaxel,propofol,0.4820971867007687
capecitabine,midazolam,propofol,0.4820971867007687
hydroxychloroquine,midazolam,propofol,0.4820971867007686
goserelin,midazolam,propofol,0.4820971867007685
exemestane,midazolam,propofol,0.48209718670076845
midazolam,propofol,tucatinib,0.4820971867007684
eribulin,midazolam,propofol,0.4820971867007684
alpelisib,midazolam,propofol,0.4820971867007684
fulvestrant,midazolam,propofol,0.4820971867007684
canagliflozin,midazolam,propofol,0.4820971867007683
letrozole,midazolam,propofol,0.48209718670076795
gemcitabine,midazolam,propofol,0.4820971867007678
anastrozole,midazolam,propofol,0.4820971867007675
midazolam,palbociclib,propofol,0.4820971867007672
docetaxel,midazolam,propofol,0.4820971867007671
midazolam,pF-03084014,propofol,0.4820971867007666
midazolam,propofol,vinorelbine,0.4820971867007663
anastrozole,degarelix,exemestane,0.46007590536665754
anastrozole,exemestane,fulvestrant,0.4394925171239588
anastrozole,degarelix,lY2835219,0.43253610119493646
anastrozole,letrozole,vinorelbine,0.4253338675483466
exemestane,fulvestrant,letrozole,0.42477641906344465
anastrozole,lY2835219,letrozole,0.4132971121529256
capecitabine,eribulin,paclitaxel,0.4112693920837516
capecitabine,paclitaxel,panobinostat,0.41105040670107174
capecitabine,eribulin,panobinostat,0.4088917969129861
capecitabine,epirubicin,eribulin,0.40486098590839753
capecitabine,epirubicin,panobinostat,0.4046398559418001
capecitabine,docetaxel,gemcitabine,0.3992232891356254
anastrozole,letrozole,palbociclib,0.39353799101066594
anastrozole,eribulin,vinorelbine,0.39068965473627465
eribulin,letrozole,vinorelbine,0.3890147242241408
anastrozole,entrectinib,letrozole,0.3814366071350641
anastrozole,degarelix,fulvestrant,0.3703027891620338
anastrozole,everolimus,letrozole,0.3609648039767908
anastrozole,degarelix,goserelin,0.3606012196926213
alpelisib,goserelin,tucatinib,0.35849797351077595
capecitabine,docetaxel,paclitaxel,0.3476023909363398
everolimus,lapatinib,panobinostat,0.3471213235006985
anastrozole,lapatinib,letrozole,0.336511359749395
epirubicin,eribulin,gemcitabine,0.33526807315129603
epirubicin,gemcitabine,panobinostat,0.3352595377045208
capecitabine,docetaxel,eribulin,0.33478393814462665
capecitabine,docetaxel,panobinostat,0.3345661814524182
capecitabine,lapatinib,paclitaxel,0.3330261982754567
exemestane,goserelin,letrozole,0.33281138162704593
epirubicin,gemcitabine,lapatinib,0.3324650260897367
epirubicin,gemcitabine,vinorelbine,0.33158177432008873
capecitabine,eribulin,lapatinib,0.33090066813336566
everolimus,fentanyl,propofol,0.32992327365729346
fentanyl,panobinostat,propofol,0.32992327365729246
fentanyl,lapatinib,propofol,0.3299232736572924
fentanyl,lY2835219,propofol,0.32992327365729224
fentanyl,pF-03084014,propofol,0.32992327365729224
epirubicin,fentanyl,propofol,0.3299232736572922
degarelix,fentanyl,propofol,0.3299232736572921
fentanyl,hydroxychloroquine,propofol,0.32992327365729146
exemestane,fentanyl,propofol,0.32992327365729135
fentanyl,fulvestrant,propofol,0.3299232736572913
fentanyl,propofol,tucatinib,0.32992327365729124
entrectinib,fentanyl,propofol,0.32992327365729124
alpelisib,fentanyl,propofol,0.32992327365729124
fentanyl,paclitaxel,propofol,0.32992327365729107
fentanyl,gemcitabine,propofol,0.32992327365729107
eribulin,fentanyl,propofol,0.329923273657291
capecitabine,fentanyl,propofol,0.329923273657291
fentanyl,goserelin,propofol,0.32992327365729085
canagliflozin,fentanyl,propofol,0.3299232736572907
fentanyl,letrozole,propofol,0.3299232736572907
anastrozole,fentanyl,propofol,0.32992327365729046
docetaxel,fentanyl,propofol,0.32992327365729
fentanyl,palbociclib,propofol,0.32992327365728996
fentanyl,propofol,vinorelbine,0.3299232736572897
anastrozole,degarelix,vinorelbine,0.32904249763591015
epirubicin,gemcitabine,letrozole,0.32729665739203156
epirubicin,everolimus,gemcitabine,0.3272934761808129
anastrozole,epirubicin,gemcitabine,0.3272560951272108
epirubicin,exemestane,gemcitabine,0.3271938684305955
epirubicin,fulvestrant,gemcitabine,0.32719177500858837
epirubicin,gemcitabine,goserelin,0.3271906793776456
epirubicin,gemcitabine,lY2835219,0.3271897549673715
degarelix,epirubicin,gemcitabine,0.3271887601913312
epirubicin,gemcitabine,palbociclib,0.32718811594641845
entrectinib,epirubicin,gemcitabine,0.3271877862025774
alpelisib,epirubicin,gemcitabine,0.32718698898058285
epirubicin,gemcitabine,tucatinib,0.32718693548254796
epirubicin,fentanyl,gemcitabine,0.327186877639069
epirubicin,gemcitabine,midazolam,0.32718687763906845
canagliflozin,epirubicin,gemcitabine,0.3271868776390683
epirubicin,gemcitabine,pF-03084014,0.32718687763906823
epirubicin,gemcitabine,propofol,0.32718687763906806
epirubicin,gemcitabine,hydroxychloroquine,0.3271868776390675
epirubicin,eribulin,vinorelbine,0.32623863168383743
capecitabine,epirubicin,lapatinib,0.32518736847567864
eribulin,paclitaxel,vinorelbine,0.3241026275366668
eribulin,panobinostat,vinorelbine,0.3240157342925252
eribulin,lapatinib,vinorelbine,0.32178381715751986
docetaxel,eribulin,vinorelbine,0.3216027933963151
entrectinib,goserelin,letrozole,0.31964846918199
eribulin,exemestane,vinorelbine,0.3191901591840276
alpelisib,letrozole,tucatinib,0.3183011033588403
alpelisib,anastrozole,tucatinib,0.3179306026943777
eribulin,fulvestrant,vinorelbine,0.3175209242659014
eribulin,goserelin,vinorelbine,0.31731014500563964
alpelisib,exemestane,tucatinib,0.31727298179716823
degarelix,eribulin,vinorelbine,0.31678194900541445
eribulin,lY2835219,vinorelbine,0.3161556273772568
eribulin,everolimus,vinorelbine,0.31572501370031847
eribulin,palbociclib,vinorelbine,0.31568634915390514
eribulin,gemcitabine,vinorelbine,0.3156593759378704
entrectinib,eribulin,vinorelbine,0.3153355940739299
alpelisib,everolimus,tucatinib,0.3149286148195702
alpelisib,eribulin,vinorelbine,0.3147785920145838
eribulin,tucatinib,vinorelbine,0.31474481199805926
eribulin,hydroxychloroquine,vinorelbine,0.3147109577142299
eribulin,pF-03084014,vinorelbine,0.31471095771422974
eribulin,fentanyl,vinorelbine,0.31471095771422913
canagliflozin,eribulin,vinorelbine,0.31471095771422897
eribulin,midazolam,vinorelbine,0.3147109577142287
eribulin,propofol,vinorelbine,0.31471095771422847
alpelisib,lY2835219,tucatinib,0.3139853583890248
alpelisib,palbociclib,tucatinib,0.31352536934062486
everolimus,exemestane,letrozole,0.313448119438388
alpelisib,entrectinib,tucatinib,0.3128608191911329
alpelisib,degarelix,tucatinib,0.3122455266437216
alpelisib,tucatinib,vinorelbine,0.3121806402608209
alpelisib,lapatinib,tucatinib,0.3121594872384979
alpelisib,eribulin,tucatinib,0.3120908103559451
alpelisib,capecitabine,tucatinib,0.31208896309181583
alpelisib,panobinostat,tucatinib,0.3120887740113543
alpelisib,epirubicin,tucatinib,0.3120851362615528
alpelisib,paclitaxel,tucatinib,0.31208511905389336
alpelisib,docetaxel,tucatinib,0.3120850768671236
alpelisib,gemcitabine,tucatinib,0.31208499495602393
alpelisib,pF-03084014,tucatinib,0.31208498101629134
alpelisib,propofol,tucatinib,0.3120849810162911
alpelisib,fentanyl,tucatinib,0.31208498101629106
alpelisib,midazolam,tucatinib,0.31208498101629106
alpelisib,hydroxychloroquine,tucatinib,0.31208498101629106
alpelisib,canagliflozin,tucatinib,0.3120849810162909
capecitabine,paclitaxel,vinorelbine,0.30799024747740805
anastrozole,exemestane,lY2835219,0.3056920894894523
capecitabine,panobinostat,vinorelbine,0.3056487494408805
anastrozole,everolimus,exemestane,0.30499366013391155
anastrozole,exemestane,goserelin,0.3037541006659914
capecitabine,epirubicin,vinorelbine,0.29965694450876695
anastrozole,eribulin,letrozole,0.2988206624740653
anastrozole,degarelix,palbociclib,0.29658326262475676
alpelisib,anastrozole,letrozole,0.29420927824647913
fulvestrant,goserelin,letrozole,0.29290114466150113
anastrozole,letrozole,tucatinib,0.2917245322646124
anastrozole,capecitabine,letrozole,0.290564958307739
docetaxel,epirubicin,eribulin,0.2902832784254548
docetaxel,epirubicin,panobinostat,0.2902707531775078
anastrozole,letrozole,panobinostat,0.29013550796875504
everolimus,exemestane,fulvestrant,0.28922487346415776
anastrozole,degarelix,everolimus,0.2877675477505337
anastrozole,letrozole,paclitaxel,0.2871372065868534
anastrozole,epirubicin,letrozole,0.2870947149868624
anastrozole,docetaxel,letrozole,0.28704979342954123
anastrozole,gemcitabine,letrozole,0.28695634874469955
anastrozole,canagliflozin,letrozole,0.2869360332452287
anastrozole,hydroxychloroquine,letrozole,0.2869360332452284
anastrozole,letrozole,pF-03084014,0.28693603324522776
anastrozole,letrozole,propofol,0.2869360332452274
anastrozole,fentanyl,letrozole,0.286936033245227
anastrozole,letrozole,midazolam,0.28693603324522693
lapatinib,letrozole,panobinostat,0.2863497506093559
docetaxel,epirubicin,lapatinib,0.2862511246166868
docetaxel,epirubicin,vinorelbine,0.284985464277113
docetaxel,epirubicin,letrozole,0.27859181339716255
docetaxel,epirubicin,everolimus,0.2785854886995989
anastrozole,docetaxel,epirubicin,0.2785298615796599
docetaxel,epirubicin,exemestane,0.27843516661189904
docetaxel,epirubicin,fulvestrant,0.27843204640125463
docetaxel,epirubicin,goserelin,0.2784303385555399
docetaxel,epirubicin,lY2835219,0.27842895140355484
degarelix,docetaxel,epirubicin,0.27842737905615095
docetaxel,epirubicin,palbociclib,0.278426465111785
docetaxel,entrectinib,epirubicin,0.2784259497870149
alpelisib,docetaxel,epirubicin,0.27842478273974974
docetaxel,epirubicin,tucatinib,0.27842470140721914
docetaxel,epirubicin,hydroxychloroquine,0.2784246165254374
docetaxel,epirubicin,pF-03084014,0.27842461652543726
canagliflozin,docetaxel,epirubicin,0.2784246165254372
docetaxel,epirubicin,fentanyl,0.27842461652543715
docetaxel,epirubicin,propofol,0.27842461652543715
docetaxel,epirubicin,midazolam,0.27842461652543704
docetaxel,gemcitabine,paclitaxel,0.27623645857949863
entrectinib,exemestane,letrozole,0.27558956021401765
exemestane,lY2835219,letrozole,0.27152418428367453
anastrozole,exemestane,vinorelbine,0.26873569186149804
anastrozole,degarelix,entrectinib,0.2642447495244052
anastrozole,degarelix,eribulin,0.26305005771355716
anastrozole,fulvestrant,goserelin,0.261039502657333
alpelisib,anastrozole,degarelix,0.26060491790887574
anastrozole,degarelix,lapatinib,0.26039947596419993
anastrozole,degarelix,tucatinib,0.25944411643287885
anastrozole,capecitabine,degarelix,0.2584809652794999
exemestane,letrozole,vinorelbine,0.2582781679066344
exemestane,letrozole,palbociclib,0.25790867192430256
anastrozole,degarelix,panobinostat,0.25729737763375526
anastrozole,degarelix,paclitaxel,0.25709963616049997
anastrozole,degarelix,epirubicin,0.25708463626096645
anastrozole,degarelix,docetaxel,0.25706623836020726
anastrozole,degarelix,gemcitabine,0.25702933081567686
anastrozole,degarelix,pF-03084014,0.2570214335181193
anastrozole,degarelix,fentanyl,0.2570214335181191
anastrozole,degarelix,midazolam,0.25702143351811896
anastrozole,degarelix,hydroxychloroquine,0.2570214335181189
anastrozole,degarelix,propofol,0.25702143351811857
anastrozole,canagliflozin,degarelix,0.25702143351811774
capecitabine,docetaxel,lapatinib,0.25643246025315847
docetaxel,eribulin,gemcitabine,0.25489989306210886
docetaxel,gemcitabine,panobinostat,0.2548947308897227
docetaxel,gemcitabine,lapatinib,0.25341898554180037
docetaxel,gemcitabine,vinorelbine,0.25296525751921345
docetaxel,gemcitabine,letrozole,0.25009496043502527
docetaxel,everolimus,gemcitabine,0.25008866082899006
anastrozole,docetaxel,gemcitabine,0.250064011924356
docetaxel,exemestane,gemcitabine,0.2500174463952667
docetaxel,fulvestrant,gemcitabine,0.2500160528775754
docetaxel,gemcitabine,goserelin,0.250015125897639
docetaxel,gemcitabine,lY2835219,0.2500144858942366
degarelix,docetaxel,gemcitabine,0.25001358689088676
docetaxel,gemcitabine,palbociclib,0.25001328032216313
docetaxel,entrectinib,gemcitabine,0.2500129978299993
alpelisib,docetaxel,gemcitabine,0.25001252314507355
docetaxel,gemcitabine,tucatinib,0.250012483321088
docetaxel,gemcitabine,hydroxychloroquine,0.2500124483377981
docetaxel,gemcitabine,pF-03084014,0.2500124483377981
docetaxel,fentanyl,gemcitabine,0.2500124483377974
docetaxel,gemcitabine,propofol,0.25001244833779734
canagliflozin,docetaxel,gemcitabine,0.25001244833779734
docetaxel,gemcitabine,midazolam,0.250012448337797
epirubicin,lapatinib,panobinostat,0.24949586427675233
goserelin,letrozole,palbociclib,0.2493856325668284
alpelisib,exemestane,fulvestrant,0.24870053851270538
lapatinib,paclitaxel,panobinostat,0.24686753154463634
eribulin,lapatinib,panobinostat,0.24678923016675222
docetaxel,lapatinib,panobinostat,0.24443387551655776
lapatinib,panobinostat,vinorelbine,0.24384550090482368
anastrozole,lapatinib,panobinostat,0.24068214566832863
exemestane,lapatinib,panobinostat,0.2403710401555734
fulvestrant,lapatinib,panobinostat,0.23975605725556698
lY2835219,lapatinib,panobinostat,0.23880880737720747
goserelin,lapatinib,panobinostat,0.23872628315578306
gemcitabine,lapatinib,panobinostat,0.23811203928935928
lapatinib,palbociclib,panobinostat,0.237521080939459
entrectinib,lapatinib,panobinostat,0.2374652389680604
degarelix,lapatinib,panobinostat,0.23722893594337915
alpelisib,lapatinib,panobinostat,0.23718086478561856
lapatinib,panobinostat,tucatinib,0.23715452948164173
fentanyl,lapatinib,panobinostat,0.2371285475249964
lapatinib,panobinostat,propofol,0.2371285475249963
lapatinib,midazolam,panobinostat,0.237128547524996
canagliflozin,lapatinib,panobinostat,0.2371285475249957
lapatinib,pF-03084014,panobinostat,0.23712854752499515
hydroxychloroquine,lapatinib,panobinostat,0.23712854752499413
anastrozole,exemestane,palbociclib,0.23700605161420976
capecitabine,gemcitabine,paclitaxel,0.2357090155893504
anastrozole,fulvestrant,lY2835219,0.23556822400043367
exemestane,fulvestrant,tucatinib,0.2354324515999748
exemestane,lapatinib,letrozole,0.23512472134557436
capecitabine,docetaxel,vinorelbine,0.23133156003330796
capecitabine,everolimus,lapatinib,0.23109037801129106
epirubicin,eribulin,paclitaxel,0.22875440591850468
epirubicin,paclitaxel,panobinostat,0.2287406519800863
capecitabine,lapatinib,vinorelbine,0.22784138098093534
exemestane,fulvestrant,lY2835219,0.22618191449997746
epirubicin,lapatinib,paclitaxel,0.22483053619290985
epirubicin,paclitaxel,vinorelbine,0.22362982527513803
capecitabine,eribulin,gemcitabine,0.22298506431138124
capecitabine,gemcitabine,panobinostat,0.22277129742034463
alpelisib,anastrozole,fulvestrant,0.21807497681675161
epirubicin,letrozole,paclitaxel,0.21595392692579293
epirubicin,everolimus,paclitaxel,0.21593669710608623
anastrozole,epirubicin,paclitaxel,0.2158708155590649
epirubicin,exemestane,paclitaxel,0.21574583875247233
epirubicin,fulvestrant,paclitaxel,0.2157421129358116
epirubicin,goserelin,paclitaxel,0.21573961621336052
epirubicin,lY2835219,paclitaxel,0.21573790277085209
degarelix,epirubicin,paclitaxel,0.2157354772277618
epirubicin,paclitaxel,palbociclib,0.2157346688692989
entrectinib,epirubicin,paclitaxel,0.2157339077514713
alpelisib,epirubicin,paclitaxel,0.21573264377522433
epirubicin,paclitaxel,tucatinib,0.21573253690923735
epirubicin,midazolam,paclitaxel,0.21573244370079964
canagliflozin,epirubicin,paclitaxel,0.2157324437007995
epirubicin,fentanyl,paclitaxel,0.21573244370079933
epirubicin,hydroxychloroquine,paclitaxel,0.2157324437007992
epirubicin,paclitaxel,propofol,0.2157324437007992
epirubicin,pF-03084014,paclitaxel,0.21573244370079883
everolimus,fulvestrant,letrozole,0.21561375998135576
everolimus,goserelin,letrozole,0.21393686794211028
alpelisib,fulvestrant,letrozole,0.21245201956054804
degarelix,exemestane,letrozole,0.2118774586563327
capecitabine,eribulin,letrozole,0.21000526681806395
capecitabine,everolimus,panobinostat,0.20992266430744308
anastrozole,capecitabine,eribulin,0.20917900440715437
goserelin,letrozole,vinorelbine,0.20845153337488842
capecitabine,letrozole,panobinostat,0.2067674645559728
capecitabine,everolimus,paclitaxel,0.2063265024721612
capecitabine,letrozole,paclitaxel,0.20627894049559686
fulvestrant,letrozole,palbociclib,0.20594679147993525
anastrozole,capecitabine,paclitaxel,0.20542771339470217
alpelisib,fulvestrant,goserelin,0.20458257907314994
anastrozole,everolimus,fulvestrant,0.20435493963376578
capecitabine,eribulin,everolimus,0.20428294594323115
anastrozole,fulvestrant,tucatinib,0.20427259138292722
fulvestrant,lY2835219,letrozole,0.2042046798377695
capecitabine,exemestane,paclitaxel,0.20409489884620122
anastrozole,entrectinib,exemestane,0.20405193831194862
capecitabine,fulvestrant,paclitaxel,0.20404495212258367
capecitabine,goserelin,paclitaxel,0.20402464688400332
capecitabine,lY2835219,paclitaxel,0.20400331938146388
capecitabine,degarelix,paclitaxel,0.20398657649522248
capecitabine,paclitaxel,palbociclib,0.2039675954559473
capecitabine,entrectinib,paclitaxel,0.20396158784430354
alpelisib,capecitabine,paclitaxel,0.2039409138241485
capecitabine,paclitaxel,tucatinib,0.2039397617751409
capecitabine,hydroxychloroquine,paclitaxel,0.2039382777430816
capecitabine,paclitaxel,propofol,0.2039382777430815
capecitabine,midazolam,paclitaxel,0.2039382777430815
canagliflozin,capecitabine,paclitaxel,0.20393827774308124
capecitabine,pF-03084014,paclitaxel,0.20393827774308093
capecitabine,fentanyl,paclitaxel,0.20393827774308054
anastrozole,capecitabine,panobinostat,0.20330529075307635
capecitabine,eribulin,exemestane,0.20230709572337813
capecitabine,eribulin,fulvestrant,0.20215269082394702
capecitabine,eribulin,goserelin,0.20209853368606046
capecitabine,eribulin,lY2835219,0.20199980569172207
capecitabine,degarelix,eribulin,0.20197986848353497
capecitabine,exemestane,panobinostat,0.2019527108709004
capecitabine,eribulin,palbociclib,0.20192412913182192
capecitabine,entrectinib,eribulin,0.20188766644557588
capecitabine,fulvestrant,panobinostat,0.20187501844619196
alpelisib,capecitabine,eribulin,0.20184211473226857
capecitabine,eribulin,tucatinib,0.20183841361678
capecitabine,eribulin,midazolam,0.2018353584669352
capecitabine,eribulin,propofol,0.2018353584669349
capecitabine,eribulin,hydroxychloroquine,0.20183535846693487
capecitabine,eribulin,pF-03084014,0.20183535846693476
capecitabine,eribulin,fentanyl,0.20183535846693443
canagliflozin,capecitabine,eribulin,0.2018353584669344
capecitabine,goserelin,panobinostat,0.20179255962883075
capecitabine,lY2835219,panobinostat,0.2017763085922228
exemestane,fulvestrant,goserelin,0.20175371668124156
capecitabine,degarelix,panobinostat,0.20167454064695214
capecitabine,palbociclib,panobinostat,0.20167080903999995
capecitabine,entrectinib,panobinostat,0.20165942818206226
alpelisib,capecitabine,panobinostat,0.20162739234430557
capecitabine,panobinostat,tucatinib,0.2016247382492933
capecitabine,panobinostat,propofol,0.20162217776150643
capecitabine,midazolam,panobinostat,0.20162217776150584
capecitabine,fentanyl,panobinostat,0.20162217776150554
canagliflozin,capecitabine,panobinostat,0.20162217776150532
capecitabine,pF-03084014,panobinostat,0.20162217776150515
capecitabine,hydroxychloroquine,panobinostat,0.20162217776150507
anastrozole,entrectinib,goserelin,0.20153310721523865
anastrozole,exemestane,lapatinib,0.20087562123926375
alpelisib,anastrozole,exemestane,0.20087553987295514
anastrozole,eribulin,exemestane,0.20078453829704954
anastrozole,exemestane,tucatinib,0.19922041425271309
fulvestrant,letrozole,tucatinib,0.19835431228619282
capecitabine,epirubicin,everolimus,0.19787465064600537
capecitabine,epirubicin,letrozole,0.19781306515248148
anastrozole,capecitabine,epirubicin,0.1969733838466607
anastrozole,capecitabine,exemestane,0.19609317656631778
everolimus,lapatinib,letrozole,0.19588594774099122
capecitabine,epirubicin,exemestane,0.19565518996946527
capecitabine,epirubicin,fulvestrant,0.19560514894754835
capecitabine,epirubicin,goserelin,0.19558546393469786
capecitabine,epirubicin,lY2835219,0.19556417831581024
capecitabine,degarelix,epirubicin,0.19554819285256467
capecitabine,epirubicin,palbociclib,0.19552876855119736
capecitabine,entrectinib,epirubicin,0.19552295948093393
alpelisib,capecitabine,epirubicin,0.19550205985269176
capecitabine,epirubicin,tucatinib,0.1955009196630912
capecitabine,epirubicin,midazolam,0.195499421097499
capecitabine,epirubicin,propofol,0.1954994210974987
capecitabine,epirubicin,fentanyl,0.19549942109749854
canagliflozin,capecitabine,epirubicin,0.19549942109749854
capecitabine,epirubicin,pF-03084014,0.1954994210974981
capecitabine,epirubicin,hydroxychloroquine,0.19549942109749782
anastrozole,exemestane,panobinostat,0.19498280120135258
anastrozole,exemestane,paclitaxel,0.1946152118551278
anastrozole,epirubicin,exemestane,0.1945988867215162
anastrozole,docetaxel,exemestane,0.19457924008587263
anastrozole,exemestane,gemcitabine,0.19453965322485842
anastrozole,exemestane,hydroxychloroquine,0.19453116583335284
anastrozole,exemestane,pF-03084014,0.1945311658333527
anastrozole,exemestane,propofol,0.19453116583335237
anastrozole,canagliflozin,exemestane,0.19453116583335173
anastrozole,exemestane,fentanyl,0.1945311658333516
anastrozole,exemestane,midazolam,0.19453116583335137
alpelisib,exemestane,letrozole,0.192448221573638
eribulin,exemestane,letrozole,0.1920466726361515
goserelin,lY2835219,letrozole,0.191393131972822
entrectinib,fulvestrant,letrozole,0.19106639490513758
exemestane,letrozole,tucatinib,0.19049777411286506
everolimus,exemestane,lapatinib,0.1890888002117318
exemestane,letrozole,panobinostat,0.1888808469324415
capecitabine,exemestane,letrozole,0.18813684553449755
everolimus,fentanyl,midazolam,0.1879795396419495
degarelix,fentanyl,midazolam,0.18797953964194772
fentanyl,lapatinib,midazolam,0.18797953964194766
epirubicin,fentanyl,midazolam,0.18797953964194758
fentanyl,midazolam,panobinostat,0.1879795396419471
fentanyl,lY2835219,midazolam,0.1879795396419471
fentanyl,midazolam,palbociclib,0.18797953964194677
fentanyl,goserelin,midazolam,0.18797953964194655
fentanyl,hydroxychloroquine,midazolam,0.18797953964194647
eribulin,fentanyl,midazolam,0.18797953964194647
alpelisib,fentanyl,midazolam,0.1879795396419463
fentanyl,fulvestrant,midazolam,0.1879795396419463
fentanyl,midazolam,paclitaxel,0.18797953964194622
fentanyl,gemcitabine,midazolam,0.1879795396419462
fentanyl,midazolam,tucatinib,0.1879795396419462
entrectinib,fentanyl,midazolam,0.187979539641946
capecitabine,fentanyl,midazolam,0.18797953964194597
canagliflozin,fentanyl,midazolam,0.1879795396419459
fentanyl,midazolam,pF-03084014,0.18797953964194575
exemestane,fentanyl,midazolam,0.18797953964194564
fentanyl,letrozole,midazolam,0.18797953964194541
anastrozole,fentanyl,midazolam,0.18797953964194541
fentanyl,midazolam,vinorelbine,0.18797953964194467
docetaxel,fentanyl,midazolam,0.18797953964194455
exemestane,letrozole,paclitaxel,0.1859023108842148
epirubicin,exemestane,letrozole,0.18587443995552938
docetaxel,exemestane,letrozole,0.18584517956573435
exemestane,gemcitabine,letrozole,0.1857842031520382
canagliflozin,exemestane,letrozole,0.18577093628153918
exemestane,hydroxychloroquine,letrozole,0.18577093628153893
exemestane,letrozole,propofol,0.1857709362815387
exemestane,letrozole,pF-03084014,0.18577093628153862
exemestane,fentanyl,letrozole,0.1857709362815376
exemestane,letrozole,midazolam,0.18577093628153757
goserelin,lapatinib,letrozole,0.18548493319717796
alpelisib,goserelin,letrozole,0.18402892721252814
anastrozole,fulvestrant,palbociclib,0.1822398101267289
anastrozole,goserelin,palbociclib,0.1819052721920533
everolimus,fulvestrant,lY2835219,0.18153026840207373
anastrozole,fulvestrant,vinorelbine,0.17951147998776731
exemestane,fulvestrant,palbociclib,0.1789971094091605
anastrozole,goserelin,lY2835219,0.17898329711391744
alpelisib,everolimus,fulvestrant,0.1784815542300552
everolimus,exemestane,lY2835219,0.17697035261004074
everolimus,fulvestrant,lapatinib,0.1755259091624499
capecitabine,lapatinib,letrozole,0.17334762758162364
anastrozole,goserelin,vinorelbine,0.17233131726506976
fulvestrant,letrozole,vinorelbine,0.1718583170760172
anastrozole,capecitabine,vinorelbine,0.17161613340997414
capecitabine,letrozole,vinorelbine,0.17072273752691808
degarelix,lY2835219,letrozole,0.16769020838246176
everolimus,fulvestrant,tucatinib,0.16528016371606677
everolimus,lY2835219,lapatinib,0.16519854165258005
anastrozole,everolimus,lY2835219,0.1639297710903157
alpelisib,fulvestrant,lY2835219,0.16161150360820203
degarelix,everolimus,lY2835219,0.16160771656261402
degarelix,goserelin,letrozole,0.15898051304697888
anastrozole,everolimus,goserelin,0.15890466857295155
degarelix,fulvestrant,lY2835219,0.1588556628740036
entrectinib,letrozole,palbociclib,0.15679400346179811
entrectinib,letrozole,vinorelbine,0.15634450321994914
everolimus,lY2835219,letrozole,0.15573678429264215
everolimus,fulvestrant,goserelin,0.15401495688943448
fulvestrant,goserelin,tucatinib,0.15320146327274892
degarelix,exemestane,fulvestrant,0.15302618306421287
entrectinib,fulvestrant,goserelin,0.1516242272972302
fulvestrant,lapatinib,letrozole,0.1496824100583544
fulvestrant,lY2835219,tucatinib,0.1486788539543214
anastrozole,lY2835219,vinorelbine,0.14727433396547884
alpelisib,anastrozole,goserelin,0.14587850544716296
capecitabine,gemcitabine,lapatinib,0.1458626931671218
alpelisib,fulvestrant,palbociclib,0.14561208591821978
exemestane,fulvestrant,vinorelbine,0.14484239871485002
goserelin,letrozole,tucatinib,0.1439654508640848
eribulin,goserelin,letrozole,0.14381668366601158
exemestane,fulvestrant,lapatinib,0.1436289288739045
degarelix,exemestane,lY2835219,0.14343014278644844
entrectinib,exemestane,fulvestrant,0.14326398340770344
goserelin,letrozole,panobinostat,0.1406992687575497
capecitabine,goserelin,letrozole,0.13998166314382188
entrectinib,goserelin,palbociclib,0.13939960899997383
eribulin,exemestane,fulvestrant,0.1386296420023377
entrectinib,lY2835219,letrozole,0.13850743988206116
exemestane,fulvestrant,panobinostat,0.13842394618296372
capecitabine,exemestane,fulvestrant,0.1383423003068357
exemestane,fulvestrant,paclitaxel,0.1381038678715048
epirubicin,exemestane,fulvestrant,0.1381020691108994
docetaxel,exemestane,fulvestrant,0.13809878354709765
exemestane,fulvestrant,gemcitabine,0.1380926917458662
exemestane,fulvestrant,propofol,0.13809143634785945
exemestane,fulvestrant,hydroxychloroquine,0.13809143634785923
exemestane,fulvestrant,pF-03084014,0.13809143634785906
canagliflozin,exemestane,fulvestrant,0.1380914363478589
exemestane,fentanyl,fulvestrant,0.13809143634785873
exemestane,fulvestrant,midazolam,0.1380914363478586
alpelisib,entrectinib,goserelin,0.1378325213241643
goserelin,letrozole,paclitaxel,0.13781063198919474
epirubicin,goserelin,letrozole,0.13778328698793982
docetaxel,goserelin,letrozole,0.13775489515346692
gemcitabine,goserelin,letrozole,0.13769555774318007
canagliflozin,goserelin,letrozole,0.13768263161979039
goserelin,hydroxychloroquine,letrozole,0.13768263161978972
goserelin,letrozole,midazolam,0.13768263161978941
goserelin,letrozole,propofol,0.13768263161978908
fentanyl,goserelin,letrozole,0.13768263161978878
goserelin,letrozole,pF-03084014,0.13768263161978767
letrozole,palbociclib,vinorelbine,0.1373975145375309
everolimus,goserelin,lapatinib,0.13611436989055556
anastrozole,everolimus,lapatinib,0.13566192922657636
fulvestrant,goserelin,palbociclib,0.13477540497324067
entrectinib,everolimus,letrozole,0.13420147641567182
entrectinib,lapatinib,letrozole,0.13401367399250966
fulvestrant,palbociclib,tucatinib,0.13239110150662434
capecitabine,docetaxel,everolimus,0.13096096761959888
capecitabine,docetaxel,letrozole,0.13090250052089145
anastrozole,capecitabine,docetaxel,0.13007243296922216
anastrozole,capecitabine,lapatinib,0.12953439940350542
capecitabine,docetaxel,exemestane,0.12876990025955282
capecitabine,docetaxel,fulvestrant,0.12872055914195163
capecitabine,docetaxel,goserelin,0.12870104278010755
capecitabine,docetaxel,lY2835219,0.12868004156809157
capecitabine,degarelix,docetaxel,0.12866415187753658
capecitabine,docetaxel,palbociclib,0.1286450652523583
capecitabine,docetaxel,entrectinib,0.12863930343377208
alpelisib,capecitabine,docetaxel,0.1286187263425988
capecitabine,docetaxel,tucatinib,0.1286175998270476
capecitabine,docetaxel,hydroxychloroquine,0.12861612412164475
capecitabine,docetaxel,pF-03084014,0.12861612412164433
capecitabine,docetaxel,propofol,0.12861612412164428
canagliflozin,capecitabine,docetaxel,0.1286161241216439
capecitabine,docetaxel,midazolam,0.12861612412164378
capecitabine,docetaxel,fentanyl,0.12861612412164328
capecitabine,exemestane,lapatinib,0.12804984215382237
capecitabine,fulvestrant,lapatinib,0.1274162897496506
capecitabine,lY2835219,lapatinib,0.12648935651736187
capecitabine,goserelin,lapatinib,0.1264314809382481
entrectinib,everolimus,goserelin,0.1263796653686208
capecitabine,lapatinib,palbociclib,0.12523922984325994
capecitabine,entrectinib,lapatinib,0.12518371316571944
capecitabine,degarelix,lapatinib,0.12498095022240757
degarelix,fulvestrant,letrozole,0.12490870349482262
alpelisib,capecitabine,lapatinib,0.12489106514888405
capecitabine,lapatinib,tucatinib,0.12486519856729832
capecitabine,lapatinib,midazolam,0.12483888770922608
capecitabine,lapatinib,propofol,0.124838887709226
canagliflozin,capecitabine,lapatinib,0.1248388877092259
capecitabine,fentanyl,lapatinib,0.12483888770922574
capecitabine,lapatinib,pF-03084014,0.12483888770922541
capecitabine,hydroxychloroquine,lapatinib,0.12483888770922448
everolimus,exemestane,goserelin,0.12204577361704123
capecitabine,gemcitabine,vinorelbine,0.12114420151719701
lY2835219,letrozole,vinorelbine,0.12016936390846518
lY2835219,letrozole,palbociclib,0.11988735049288013
lapatinib,letrozole,vinorelbine,0.1174890355172651
anastrozole,entrectinib,fulvestrant,0.11672441195995496
anastrozole,lY2835219,palbociclib,0.1156321762849373
everolimus,letrozole,palbociclib,0.11510664697272206
everolimus,letrozole,vinorelbine,0.11481806868990661
lapatinib,letrozole,palbociclib,0.11479685402982312
alpelisib,degarelix,fulvestrant,0.11425965321716795
anastrozole,eribulin,fulvestrant,0.11301701347145658
anastrozole,fulvestrant,lapatinib,0.11262894890893019
alpelisib,entrectinib,fulvestrant,0.11121070976680414
alpelisib,fulvestrant,vinorelbine,0.11039231110749144
fulvestrant,goserelin,lY2835219,0.11035219711067934
alpelisib,fulvestrant,lapatinib,0.1102605706015201
anastrozole,palbociclib,vinorelbine,0.10943195907867398
epirubicin,everolimus,lapatinib,0.1089165786472338
anastrozole,capecitabine,fulvestrant,0.10838379471128216
eribulin,everolimus,lapatinib,0.10836629886327344
everolimus,lapatinib,paclitaxel,0.10832954698200194
alpelisib,eribulin,fulvestrant,0.10795507974378205
alpelisib,fulvestrant,panobinostat,0.10788904638892284
alpelisib,capecitabine,fulvestrant,0.10783879887781135
alpelisib,fulvestrant,paclitaxel,0.10774030158200601
alpelisib,epirubicin,fulvestrant,0.10773935772667981
alpelisib,docetaxel,fulvestrant,0.10773802836269758
alpelisib,fulvestrant,gemcitabine,0.10773544098360271
alpelisib,canagliflozin,fulvestrant,0.10773489499962391
alpelisib,fentanyl,fulvestrant,0.10773489499962383
alpelisib,fulvestrant,propofol,0.10773489499962378
alpelisib,fulvestrant,midazolam,0.10773489499962377
alpelisib,fulvestrant,hydroxychloroquine,0.10773489499962377
alpelisib,fulvestrant,pF-03084014,0.10773489499962349
everolimus,lapatinib,vinorelbine,0.10766439629794297
everolimus,fulvestrant,palbociclib,0.10733083835070859
anastrozole,fulvestrant,panobinostat,0.10729198885048237
eribulin,fulvestrant,letrozole,0.10708350885367213
docetaxel,everolimus,lapatinib,0.10701458135001461
anastrozole,fulvestrant,paclitaxel,0.10695214520534845
anastrozole,epirubicin,fulvestrant,0.10693572577343745
anastrozole,docetaxel,fulvestrant,0.10691677904210964
anastrozole,fulvestrant,gemcitabine,0.10687821896973264
anastrozole,fulvestrant,hydroxychloroquine,0.10686991494275383
anastrozole,canagliflozin,fulvestrant,0.1068699149427535
anastrozole,fulvestrant,pF-03084014,0.10686991494275329
anastrozole,fulvestrant,propofol,0.1068699149427532
anastrozole,fentanyl,fulvestrant,0.10686991494275318
anastrozole,fulvestrant,midazolam,0.106869914942753
degarelix,goserelin,lY2835219,0.10657875418973996
degarelix,everolimus,lapatinib,0.10640600718375706
entrectinib,exemestane,goserelin,0.10634384987668477
anastrozole,goserelin,tucatinib,0.10611035093925048
anastrozole,eribulin,goserelin,0.10597680926222731
everolimus,lapatinib,palbociclib,0.10569652536604074
alpelisib,everolimus,lapatinib,0.10569020540171521
entrectinib,everolimus,lapatinib,0.10547455705530258
everolimus,lapatinib,tucatinib,0.1051717143556081
degarelix,entrectinib,letrozole,0.10510438381977731
anastrozole,goserelin,lapatinib,0.10465809302618499
capecitabine,exemestane,vinorelbine,0.10446251492239945
everolimus,gemcitabine,lapatinib,0.104411948077017
fulvestrant,letrozole,panobinostat,0.1039943956246848
everolimus,fentanyl,lapatinib,0.10397188986592126
everolimus,lapatinib,midazolam,0.10397188986592071
everolimus,lapatinib,propofol,0.10397188986591956
everolimus,lapatinib,pF-03084014,0.10397188986591928
canagliflozin,everolimus,lapatinib,0.10397188986591885
everolimus,hydroxychloroquine,lapatinib,0.10397188986591747
capecitabine,everolimus,vinorelbine,0.10328172516772358
capecitabine,fulvestrant,letrozole,0.10323182472257554
degarelix,lY2835219,vinorelbine,0.10294618249225769
capecitabine,fulvestrant,vinorelbine,0.10285142297483056
capecitabine,goserelin,vinorelbine,0.10265730732347567
capecitabine,degarelix,vinorelbine,0.10217657404046067
degarelix,lY2835219,palbociclib,0.10200081060319996
capecitabine,lY2835219,vinorelbine,0.10156061801051261
degarelix,fulvestrant,tucatinib,0.10148589044868256
anastrozole,capecitabine,goserelin,0.10136025411095974
degarelix,lY2835219,lapatinib,0.10131363333386538
capecitabine,palbociclib,vinorelbine,0.1010991165584848
fulvestrant,letrozole,paclitaxel,0.10104360527754908
epirubicin,fulvestrant,letrozole,0.10101564005056418
docetaxel,fulvestrant,letrozole,0.10098707956508493
fulvestrant,gemcitabine,letrozole,0.10092712994002599
canagliflozin,fulvestrant,letrozole,0.10091404643405452
fulvestrant,hydroxychloroquine,letrozole,0.10091404643405348
fulvestrant,letrozole,propofol,0.10091404643405313
fentanyl,fulvestrant,letrozole,0.10091404643405281
fulvestrant,letrozole,pF-03084014,0.10091404643405281
fulvestrant,letrozole,midazolam,0.10091404643405277
alpelisib,degarelix,lY2835219,0.10080628474409854
capecitabine,entrectinib,vinorelbine,0.10077376860067598
degarelix,lY2835219,tucatinib,0.10051521904804542
degarelix,entrectinib,lY2835219,0.10038377076763133
anastrozole,goserelin,panobinostat,0.1002234829617785
alpelisib,capecitabine,vinorelbine,0.10022200858248695
capecitabine,tucatinib,vinorelbine,0.1001897443088298
capecitabine,hydroxychloroquine,vinorelbine,0.10015605578563107
capecitabine,pF-03084014,vinorelbine,0.10015605578563107
canagliflozin,capecitabine,vinorelbine,0.10015605578563067
capecitabine,propofol,vinorelbine,0.10015605578563033
capecitabine,fentanyl,vinorelbine,0.10015605578563021
capecitabine,midazolam,vinorelbine,0.10015605578563014
anastrozole,goserelin,paclitaxel,0.09994579289542539
anastrozole,epirubicin,goserelin,0.09992999368924431
anastrozole,docetaxel,goserelin,0.09991121560892287
anastrozole,gemcitabine,goserelin,0.09987326775131798
anastrozole,goserelin,hydroxychloroquine,0.09986512110692128
anastrozole,goserelin,midazolam,0.09986512110692089
anastrozole,canagliflozin,goserelin,0.09986512110692064
anastrozole,fentanyl,goserelin,0.09986512110692045
anastrozole,goserelin,propofol,0.09986512110692039
anastrozole,goserelin,pF-03084014,0.09986512110691936
degarelix,eribulin,lY2835219,0.099830059253934
capecitabine,degarelix,lY2835219,0.09973947877943298
degarelix,lY2835219,panobinostat,0.09972759572871077
degarelix,epirubicin,lY2835219,0.09963463098592507
degarelix,lY2835219,paclitaxel,0.09963444240307075
degarelix,docetaxel,lY2835219,0.09963304721488578
degarelix,gemcitabine,lY2835219,0.0996307096866211
degarelix,lY2835219,midazolam,0.09963029039599104
degarelix,fentanyl,lY2835219,0.09963029039599092
degarelix,lY2835219,propofol,0.09963029039599075
degarelix,lY2835219,pF-03084014,0.09963029039599003
canagliflozin,degarelix,lY2835219,0.09963029039598956
degarelix,hydroxychloroquine,lY2835219,0.0996302903959894
anastrozole,everolimus,vinorelbine,0.09930067423666608
entrectinib,goserelin,tucatinib,0.09848955912585033
entrectinib,goserelin,lY2835219,0.09843194919984129
degarelix,entrectinib,goserelin,0.09840324474623828
lY2835219,lapatinib,letrozole,0.09835732862283152
entrectinib,fulvestrant,tucatinib,0.09783351664257832
fulvestrant,tucatinib,vinorelbine,0.09765346615698839
entrectinib,goserelin,vinorelbine,0.09758027729346051
fulvestrant,lapatinib,tucatinib,0.09752812334308848
entrectinib,goserelin,lapatinib,0.09639873162608792
eribulin,fulvestrant,tucatinib,0.09524479795144758
fulvestrant,panobinostat,tucatinib,0.09517981161706468
capecitabine,fulvestrant,tucatinib,0.0951300328283443
fulvestrant,paclitaxel,tucatinib,0.09503256885615252
epirubicin,fulvestrant,tucatinib,0.09503163686023335
docetaxel,fulvestrant,tucatinib,0.09503032117030047
fulvestrant,gemcitabine,tucatinib,0.09502776162570131
canagliflozin,fulvestrant,tucatinib,0.09502722163646735
fentanyl,fulvestrant,tucatinib,0.09502722163646735
fulvestrant,propofol,tucatinib,0.09502722163646735
fulvestrant,pF-03084014,tucatinib,0.0950272216364673
fulvestrant,hydroxychloroquine,tucatinib,0.09502722163646728
fulvestrant,midazolam,tucatinib,0.09502722163646724
entrectinib,eribulin,goserelin,0.09477679613833771
capecitabine,entrectinib,goserelin,0.09467193684011681
entrectinib,goserelin,panobinostat,0.09466894522845332
entrectinib,goserelin,paclitaxel,0.09457099218271564
entrectinib,epirubicin,goserelin,0.09457089416120643
docetaxel,entrectinib,goserelin,0.09456941091116174
entrectinib,gemcitabine,goserelin,0.09456706592156834
canagliflozin,entrectinib,goserelin,0.0945666248903449
entrectinib,goserelin,midazolam,0.09456662489034448
entrectinib,goserelin,propofol,0.09456662489034419
entrectinib,goserelin,hydroxychloroquine,0.09456662489034397
entrectinib,fentanyl,goserelin,0.09456662489034341
entrectinib,goserelin,pF-03084014,0.0945666248903433
everolimus,goserelin,lY2835219,0.09350465812640839
entrectinib,eribulin,letrozole,0.0933823249933874
degarelix,everolimus,exemestane,0.09291783267289391
alpelisib,entrectinib,letrozole,0.09192496976669216
fulvestrant,lY2835219,palbociclib,0.09099251806139981
entrectinib,letrozole,panobinostat,0.09034264587864158
entrectinib,letrozole,tucatinib,0.089865416094424
capecitabine,entrectinib,letrozole,0.08963831668010774
everolimus,exemestane,panobinostat,0.08825737512040176
degarelix,letrozole,vinorelbine,0.08790698607434956
entrectinib,letrozole,paclitaxel,0.08752408151735538
entrectinib,epirubicin,letrozole,0.08749729110203622
docetaxel,entrectinib,letrozole,0.08746966437499182
everolimus,exemestane,palbociclib,0.08741329855713786
entrectinib,gemcitabine,letrozole,0.08741182255816167
canagliflozin,entrectinib,letrozole,0.08739921267186469
entrectinib,letrozole,pF-03084014,0.08739921267186342
entrectinib,letrozole,propofol,0.08739921267186287
entrectinib,hydroxychloroquine,letrozole,0.08739921267186285
entrectinib,letrozole,midazolam,0.08739921267186225
entrectinib,fentanyl,letrozole,0.08739921267186167
alpelisib,goserelin,palbociclib,0.08709066428562065
everolimus,exemestane,vinorelbine,0.08705848398392993
degarelix,letrozole,palbociclib,0.08680789532815257
alpelisib,everolimus,exemestane,0.08659833600520707
entrectinib,everolimus,exemestane,0.08565539857342822
everolimus,exemestane,tucatinib,0.085544205304801
capecitabine,everolimus,exemestane,0.08448455126078264
anastrozole,entrectinib,lY2835219,0.08361726408214211
eribulin,everolimus,exemestane,0.08254568019780872
everolimus,exemestane,paclitaxel,0.08217120129726928
epirubicin,everolimus,exemestane,0.08215735388554336
docetaxel,everolimus,exemestane,0.08212497510093177
everolimus,exemestane,gemcitabine,0.08206714217358062
everolimus,exemestane,fentanyl,0.08205545336292745
everolimus,exemestane,midazolam,0.08205545336292697
everolimus,exemestane,propofol,0.08205545336292677
everolimus,exemestane,pF-03084014,0.0820554533629267
everolimus,exemestane,hydroxychloroquine,0.08205545336292569
canagliflozin,everolimus,exemestane,0.08205545336292516
anastrozole,eribulin,lY2835219,0.08191778728126103
anastrozole,lY2835219,lapatinib,0.08075567461867088
alpelisib,anastrozole,lY2835219,0.08041722098694001
anastrozole,lY2835219,tucatinib,0.07909753262554792
degarelix,everolimus,fulvestrant,0.07782849774932188
anastrozole,entrectinib,vinorelbine,0.07774394616911598
anastrozole,capecitabine,lY2835219,0.07735906044541321
anastrozole,lY2835219,panobinostat,0.07624693793854262
anastrozole,lapatinib,vinorelbine,0.07617700026219036
anastrozole,lY2835219,paclitaxel,0.07596417140625811
anastrozole,epirubicin,lY2835219,0.07594841408372872
anastrozole,docetaxel,lY2835219,0.075929920410279
anastrozole,gemcitabine,lY2835219,0.07589243529438502
anastrozole,lY2835219,propofol,0.07588437728083416
anastrozole,canagliflozin,lY2835219,0.07588437728083411
anastrozole,lY2835219,midazolam,0.07588437728083379
anastrozole,hydroxychloroquine,lY2835219,0.07588437728083373
anastrozole,fentanyl,lY2835219,0.0758843772808337
anastrozole,lY2835219,pF-03084014,0.07588437728083348
everolimus,goserelin,palbociclib,0.07555561702688388
everolimus,fulvestrant,panobinostat,0.07525034405058315
letrozole,panobinostat,vinorelbine,0.07514966084699928
alpelisib,everolimus,goserelin,0.07484439947131742
anastrozole,panobinostat,vinorelbine,0.0741886799671463
eribulin,letrozole,palbociclib,0.07414645103940641
anastrozole,epirubicin,vinorelbine,0.07411048145663147
anastrozole,paclitaxel,vinorelbine,0.07402040068214824
alpelisib,anastrozole,vinorelbine,0.07358114664340265
entrectinib,everolimus,fulvestrant,0.07301165350248623
alpelisib,letrozole,palbociclib,0.07291233162693567
anastrozole,docetaxel,vinorelbine,0.07265074005544139
everolimus,fulvestrant,vinorelbine,0.07251805339125082
anastrozole,tucatinib,vinorelbine,0.07245526298538817
epirubicin,letrozole,vinorelbine,0.07244896983940875
letrozole,paclitaxel,vinorelbine,0.0723704348599994
alpelisib,letrozole,vinorelbine,0.07221676349284963
capecitabine,everolimus,fulvestrant,0.07145895068679867
letrozole,palbociclib,panobinostat,0.07108169009635223
letrozole,palbociclib,tucatinib,0.07100898666729792
docetaxel,letrozole,vinorelbine,0.07097961468406722
letrozole,tucatinib,vinorelbine,0.07079555799430427
anastrozole,gemcitabine,vinorelbine,0.07044876141870642
capecitabine,letrozole,palbociclib,0.07037703560396029
anastrozole,hydroxychloroquine,vinorelbine,0.07004756435308765
anastrozole,pF-03084014,vinorelbine,0.07004756435308736
anastrozole,canagliflozin,vinorelbine,0.07004756435308666
anastrozole,fentanyl,vinorelbine,0.07004756435308634
anastrozole,propofol,vinorelbine,0.07004756435308589
anastrozole,midazolam,vinorelbine,0.07004756435308564
eribulin,everolimus,fulvestrant,0.06946193665326744
everolimus,fulvestrant,paclitaxel,0.06919191592854158
epirubicin,everolimus,fulvestrant,0.06917797421851624
docetaxel,everolimus,fulvestrant,0.06914629533822043
everolimus,fulvestrant,gemcitabine,0.06908948919950651
everolimus,fentanyl,fulvestrant,0.0690779837533807
everolimus,fulvestrant,midazolam,0.06907798375338026
everolimus,fulvestrant,propofol,0.06907798375337929
everolimus,fulvestrant,pF-03084014,0.06907798375337897
canagliflozin,everolimus,fulvestrant,0.06907798375337856
everolimus,fulvestrant,hydroxychloroquine,0.06907798375337834
gemcitabine,letrozole,vinorelbine,0.06875624649465031
canagliflozin,letrozole,vinorelbine,0.06835026995003823
hydroxychloroquine,letrozole,vinorelbine,0.06835026995003786
letrozole,pF-03084014,vinorelbine,0.06835026995003744
fentanyl,letrozole,vinorelbine,0.0683502699500365
letrozole,propofol,vinorelbine,0.06835026995003636
letrozole,midazolam,vinorelbine,0.06835026995003597
letrozole,paclitaxel,palbociclib,0.0682577524887721
epirubicin,letrozole,palbociclib,0.06823076353207262
anastrozole,everolimus,palbociclib,0.06822910825452505
docetaxel,letrozole,palbociclib,0.06820308955335103
gemcitabine,letrozole,palbociclib,0.06814506215559187
canagliflozin,letrozole,palbociclib,0.06813240381367698
letrozole,pF-03084014,palbociclib,0.06813240381367591
hydroxychloroquine,letrozole,palbociclib,0.06813240381367515
letrozole,midazolam,palbociclib,0.06813240381367515
fentanyl,letrozole,palbociclib,0.06813240381367504
letrozole,palbociclib,propofol,0.0681324038136737
everolimus,lY2835219,panobinostat,0.06575119991903287
degarelix,everolimus,letrozole,0.06554401944831316
degarelix,fulvestrant,goserelin,0.06443057237641335
degarelix,lapatinib,letrozole,0.06397058846381355
alpelisib,everolimus,lY2835219,0.062369705180633075
everolimus,lY2835219,palbociclib,0.06226911128930652
capecitabine,everolimus,lY2835219,0.061980123201319216
everolimus,lY2835219,vinorelbine,0.0618268141493518
everolimus,lY2835219,tucatinib,0.0616510117390769
entrectinib,everolimus,lY2835219,0.061450412405062826
eribulin,everolimus,lY2835219,0.05990861724346136
everolimus,lY2835219,paclitaxel,0.059749848909840704
epirubicin,everolimus,lY2835219,0.059736569309197005
docetaxel,everolimus,lY2835219,0.059705343486779264
everolimus,gemcitabine,lY2835219,0.059649612304548336
everolimus,fentanyl,lY2835219,0.05963835287185069
everolimus,lY2835219,midazolam,0.059638352871850514
everolimus,lY2835219,propofol,0.059638352871849744
canagliflozin,everolimus,lY2835219,0.059638352871848654
everolimus,lY2835219,pF-03084014,0.05963835287184863
everolimus,hydroxychloroquine,lY2835219,0.05963835287184777
fulvestrant,goserelin,vinorelbine,0.05931709910465839
fulvestrant,goserelin,lapatinib,0.058290475647062405
exemestane,goserelin,palbociclib,0.05693374268818257
fulvestrant,lY2835219,lapatinib,0.05687826623482335
fulvestrant,lY2835219,vinorelbine,0.05675032480034251
eribulin,lY2835219,letrozole,0.05653247551821303
eribulin,lapatinib,letrozole,0.056472246598233855
entrectinib,fulvestrant,lY2835219,0.056198593159408713
alpelisib,lY2835219,letrozole,0.05534245658547289
alpelisib,exemestane,goserelin,0.054775238356814415
eribulin,fulvestrant,goserelin,0.05470098795375218
everolimus,letrozole,panobinostat,0.054571490906932286
fulvestrant,goserelin,panobinostat,0.0545437029296263
capecitabine,fulvestrant,goserelin,0.05448845283771436
fulvestrant,goserelin,paclitaxel,0.0543135238980391
epirubicin,fulvestrant,goserelin,0.054312251064864155
docetaxel,fulvestrant,goserelin,0.05430983405638459
fulvestrant,gemcitabine,goserelin,0.054305381258562456
fulvestrant,goserelin,midazolam,0.0543044666076648
canagliflozin,fulvestrant,goserelin,0.05430446660766448
fulvestrant,goserelin,hydroxychloroquine,0.054304466607664394
fentanyl,fulvestrant,goserelin,0.05430446660766432
fulvestrant,goserelin,propofol,0.0543044666076642
fulvestrant,goserelin,pF-03084014,0.05430446660766247
lY2835219,letrozole,tucatinib,0.053727446383549926
lY2835219,letrozole,panobinostat,0.05349753756748151
eribulin,fulvestrant,lY2835219,0.05313217496806099
fulvestrant,lY2835219,panobinostat,0.05305736690166549
capecitabine,fulvestrant,lY2835219,0.052977468167442913
fulvestrant,lY2835219,paclitaxel,0.05282211140414688
epirubicin,fulvestrant,lY2835219,0.052820880454623666
docetaxel,fulvestrant,lY2835219,0.05281874785301578
fulvestrant,gemcitabine,lY2835219,0.05281475779690455
fulvestrant,lY2835219,propofol,0.05281393177685304
canagliflozin,fulvestrant,lY2835219,0.052813931776853014
fulvestrant,lY2835219,midazolam,0.052813931776852764
fentanyl,fulvestrant,lY2835219,0.05281393177685265
fulvestrant,hydroxychloroquine,lY2835219,0.052813931776851925
fulvestrant,lY2835219,pF-03084014,0.05281393177685166
capecitabine,lY2835219,letrozole,0.05275528331144306
eribulin,everolimus,letrozole,0.05174321339395259
epirubicin,lapatinib,letrozole,0.05123862001383752
alpelisib,everolimus,letrozole,0.051093483397859164
lapatinib,letrozole,paclitaxel,0.050665611865565174
lY2835219,letrozole,paclitaxel,0.05060382433319518
epirubicin,lY2835219,letrozole,0.05057652121559194
docetaxel,lY2835219,letrozole,0.05054841378799075
gemcitabine,lY2835219,letrozole,0.05048953911941482
canagliflozin,lY2835219,letrozole,0.05047670162687158
lY2835219,letrozole,propofol,0.050476701626870554
lY2835219,letrozole,midazolam,0.05047670162687002
hydroxychloroquine,lY2835219,letrozole,0.05047670162686989
fentanyl,lY2835219,letrozole,0.050476701626869784
lY2835219,letrozole,pF-03084014,0.050476701626869465
alpelisib,lapatinib,letrozole,0.050145046266763825
capecitabine,everolimus,letrozole,0.05011774202133194
docetaxel,lapatinib,letrozole,0.04933974111143487
everolimus,letrozole,tucatinib,0.04920973233582843
lapatinib,letrozole,tucatinib,0.048730238460289885
degarelix,goserelin,palbociclib,0.048377537355826374
goserelin,lY2835219,palbociclib,0.04808264091187305
goserelin,palbociclib,tucatinib,0.047903910799937104
exemestane,goserelin,lY2835219,0.04786815882715892
goserelin,palbociclib,vinorelbine,0.04690406971225515
alpelisib,goserelin,lY2835219,0.046839693023762265
anastrozole,entrectinib,palbociclib,0.04683330214600848
gemcitabine,lapatinib,letrozole,0.04673396435209223
alpelisib,degarelix,goserelin,0.0463712000498319
canagliflozin,lapatinib,letrozole,0.04629232808115055
lapatinib,letrozole,propofol,0.046292328081149144
fentanyl,lapatinib,letrozole,0.046292328081149116
lapatinib,letrozole,midazolam,0.04629232808114899
lapatinib,letrozole,pF-03084014,0.04629232808114889
hydroxychloroquine,lapatinib,letrozole,0.04629232808114835
everolimus,letrozole,paclitaxel,0.045854605048123005
epirubicin,everolimus,letrozole,0.04581459117001764
docetaxel,everolimus,letrozole,0.0457569374637285
everolimus,gemcitabine,letrozole,0.04564524671254989
everolimus,fentanyl,letrozole,0.04562172979393096
everolimus,letrozole,midazolam,0.04562172979393062
canagliflozin,everolimus,letrozole,0.045621729793930275
everolimus,letrozole,propofol,0.045621729793929935
everolimus,letrozole,pF-03084014,0.04562172979392991
everolimus,hydroxychloroquine,letrozole,0.04562172979392943
goserelin,lapatinib,palbociclib,0.0454526927646142
alpelisib,goserelin,vinorelbine,0.04502526468687032
anastrozole,eribulin,palbociclib,0.04446123728658385
degarelix,fulvestrant,palbociclib,0.04440405708824938
alpelisib,goserelin,lapatinib,0.044102831020851344
eribulin,goserelin,palbociclib,0.043811703285569555
capecitabine,goserelin,palbociclib,0.043681436865182194
goserelin,palbociclib,panobinostat,0.04367877054737682
goserelin,paclitaxel,palbociclib,0.043575444255345194
epirubicin,goserelin,palbociclib,0.043575147692455664
docetaxel,goserelin,palbociclib,0.04357361719073377
gemcitabine,goserelin,palbociclib,0.04357108662021139
goserelin,midazolam,palbociclib,0.04357059713337023
canagliflozin,goserelin,palbociclib,0.043570597133370026
fentanyl,goserelin,palbociclib,0.04357059713336962
goserelin,hydroxychloroquine,palbociclib,0.04357059713336913
goserelin,pF-03084014,palbociclib,0.043570597133368624
goserelin,palbociclib,propofol,0.04357059713336787
alpelisib,anastrozole,palbociclib,0.042916570512532226
alpelisib,eribulin,goserelin,0.04272799183662921
alpelisib,goserelin,panobinostat,0.04263365680229543
alpelisib,capecitabine,goserelin,0.04262837457956537
alpelisib,goserelin,paclitaxel,0.04254706557415938
alpelisib,epirubicin,goserelin,0.042546741944563087
alpelisib,docetaxel,goserelin,0.04254558123158725
alpelisib,gemcitabine,goserelin,0.042543606067264476
alpelisib,goserelin,midazolam,0.04254321746586808
alpelisib,goserelin,hydroxychloroquine,0.04254321746586768
alpelisib,fentanyl,goserelin,0.04254321746586751
alpelisib,canagliflozin,goserelin,0.0425432174658675
alpelisib,goserelin,propofol,0.04254321746586744
alpelisib,goserelin,pF-03084014,0.042543217465865986
anastrozole,lapatinib,palbociclib,0.04212467450979191
anastrozole,palbociclib,tucatinib,0.04130854739342533
entrectinib,fulvestrant,palbociclib,0.040915864007700614
exemestane,lY2835219,vinorelbine,0.04077590038189442
exemestane,lY2835219,palbociclib,0.04056012325670186
fulvestrant,palbociclib,vinorelbine,0.04040918269796322
exemestane,lY2835219,lapatinib,0.03992630227297808
anastrozole,capecitabine,palbociclib,0.039910287222059894
fulvestrant,lapatinib,palbociclib,0.03974849891036992
alpelisib,exemestane,lY2835219,0.039213430372226736
anastrozole,palbociclib,panobinostat,0.038760564951542786
anastrozole,paclitaxel,palbociclib,0.03854757404596446
anastrozole,epirubicin,palbociclib,0.03853213088433885
anastrozole,docetaxel,palbociclib,0.03851407065976873
anastrozole,gemcitabine,palbociclib,0.03847743281469151
anastrozole,pF-03084014,palbociclib,0.038469553951769354
anastrozole,canagliflozin,palbociclib,0.03846955395176895
anastrozole,hydroxychloroquine,palbociclib,0.03846955395176844
anastrozole,fentanyl,palbociclib,0.03846955395176841
anastrozole,midazolam,palbociclib,0.03846955395176835
anastrozole,palbociclib,propofol,0.038469553951766745
exemestane,lY2835219,tucatinib,0.03842804053192845
entrectinib,exemestane,lY2835219,0.03832748321922352
eribulin,fulvestrant,palbociclib,0.03717685775780933
fulvestrant,palbociclib,panobinostat,0.03707222669909118
capecitabine,fulvestrant,palbociclib,0.037029927728515113
fulvestrant,paclitaxel,palbociclib,0.036906746828278755
epirubicin,fulvestrant,palbociclib,0.036905830039659304
docetaxel,fulvestrant,palbociclib,0.036904130886931036
fulvestrant,gemcitabine,palbociclib,0.03690098810163657
canagliflozin,fulvestrant,palbociclib,0.03690034123221337
fulvestrant,pF-03084014,palbociclib,0.03690034123221306
fentanyl,fulvestrant,palbociclib,0.036900341232212856
fulvestrant,midazolam,palbociclib,0.03690034123221285
fulvestrant,hydroxychloroquine,palbociclib,0.03690034123221214
fulvestrant,palbociclib,propofol,0.036900341232211156
everolimus,goserelin,panobinostat,0.03674115477273014
anastrozole,entrectinib,everolimus,0.03668893610549855
degarelix,everolimus,goserelin,0.03668624489076023
eribulin,exemestane,lY2835219,0.03570106350147509
everolimus,goserelin,tucatinib,0.03567723988324087
exemestane,lY2835219,panobinostat,0.035549542960356915
capecitabine,exemestane,lY2835219,0.035488213730299686
exemestane,lY2835219,paclitaxel,0.035286541761747385
epirubicin,exemestane,lY2835219,0.0352854051105236
docetaxel,exemestane,lY2835219,0.03528257260459995
exemestane,gemcitabine,lY2835219,0.035277555759851496
exemestane,lY2835219,propofol,0.03527654637527333
canagliflozin,exemestane,lY2835219,0.03527654637527241
exemestane,lY2835219,midazolam,0.03527654637527229
exemestane,fentanyl,lY2835219,0.0352765463752722
exemestane,lY2835219,pF-03084014,0.035276546375272194
exemestane,hydroxychloroquine,lY2835219,0.0352765463752721
anastrozole,everolimus,panobinostat,0.03469852676773922
anastrozole,eribulin,everolimus,0.034506160646746414
everolimus,goserelin,vinorelbine,0.03389720727940414
alpelisib,anastrozole,everolimus,0.033545883289072084
capecitabine,everolimus,goserelin,0.03299472669732711
anastrozole,capecitabine,everolimus,0.03209915464504792
anastrozole,everolimus,tucatinib,0.031957454067572194
eribulin,everolimus,goserelin,0.03098104905488902
everolimus,goserelin,paclitaxel,0.03074488022946937
epirubicin,everolimus,goserelin,0.030731558745173946
docetaxel,everolimus,goserelin,0.03070004851588452
everolimus,gemcitabine,goserelin,0.030643854591942684
everolimus,goserelin,midazolam,0.03063250652839898
everolimus,fentanyl,goserelin,0.030632506528398815
everolimus,goserelin,propofol,0.03063250652839735
everolimus,goserelin,hydroxychloroquine,0.030632506528396688
canagliflozin,everolimus,goserelin,0.03063250652839658
everolimus,goserelin,pF-03084014,0.030632506528395897
anastrozole,everolimus,paclitaxel,0.028592587610931735
anastrozole,epirubicin,everolimus,0.02856411952790024
anastrozole,docetaxel,everolimus,0.028516079575762573
anastrozole,everolimus,gemcitabine,0.028425778377265898
anastrozole,everolimus,fentanyl,0.028407040937640703
anastrozole,everolimus,midazolam,0.028407040937640203
anastrozole,everolimus,pF-03084014,0.02840704093763973
anastrozole,everolimus,propofol,0.028407040937639336
anastrozole,everolimus,hydroxychloroquine,0.028407040937639096
anastrozole,canagliflozin,everolimus,0.028407040937638614
docetaxel,eribulin,paclitaxel,0.024876200501408666
docetaxel,paclitaxel,panobinostat,0.024865819837379278
degarelix,eribulin,letrozole,0.02363420444596227
capecitabine,everolimus,gemcitabine,0.022885286541726176
capecitabine,gemcitabine,letrozole,0.02282367595667378
docetaxel,lapatinib,paclitaxel,0.022274470317064667
anastrozole,capecitabine,gemcitabine,0.02201499795768641
degarelix,exemestane,goserelin,0.021595784808497994
docetaxel,paclitaxel,vinorelbine,0.02150328314635394
alpelisib,degarelix,letrozole,0.02149961200286165
capecitabine,exemestane,gemcitabine,0.020744933519162602
capecitabine,fulvestrant,gemcitabine,0.02069661919019867
capecitabine,gemcitabine,goserelin,0.020677715043126665
capecitabine,gemcitabine,lY2835219,0.020657176572821602
capecitabine,degarelix,gemcitabine,0.020641864453630143
capecitabine,gemcitabine,palbociclib,0.020623047527905107
capecitabine,entrectinib,gemcitabine,0.02061747129024789
alpelisib,capecitabine,gemcitabine,0.020597264024345186
capecitabine,gemcitabine,tucatinib,0.020596165343289695
capecitabine,gemcitabine,pF-03084014,0.020594716676188632
capecitabine,gemcitabine,propofol,0.020594716676188552
capecitabine,gemcitabine,midazolam,0.020594716676188497
capecitabine,fentanyl,gemcitabine,0.02059471667618843
canagliflozin,capecitabine,gemcitabine,0.020594716676188337
capecitabine,gemcitabine,hydroxychloroquine,0.020594716676188143
degarelix,letrozole,panobinostat,0.020517435758147205
epirubicin,eribulin,panobinostat,0.020478724111318413
degarelix,letrozole,tucatinib,0.020043488686333953
capecitabine,degarelix,letrozole,0.019846646640982735
degarelix,letrozole,paclitaxel,0.017708747582890094
degarelix,epirubicin,letrozole,0.017682201888282723
degarelix,docetaxel,letrozole,0.017654190233372054
degarelix,gemcitabine,letrozole,0.017595893136159686
degarelix,letrozole,pF-03084014,0.01758321635960833
degarelix,letrozole,midazolam,0.01758321635960821
canagliflozin,degarelix,letrozole,0.0175832163596082
degarelix,fentanyl,letrozole,0.0175832163596082
degarelix,hydroxychloroquine,letrozole,0.017583216359608092
degarelix,letrozole,propofol,0.017583216359607984
eribulin,gemcitabine,paclitaxel,0.01722676621208551
gemcitabine,paclitaxel,panobinostat,0.017220375349228014
epirubicin,eribulin,lapatinib,0.01660168797013662
eribulin,paclitaxel,panobinostat,0.01641996775477829
exemestane,goserelin,vinorelbine,0.015933407205850084
gemcitabine,lapatinib,paclitaxel,0.01585414277495027
exemestane,goserelin,tucatinib,0.01554138236999574
gemcitabine,paclitaxel,vinorelbine,0.015465364174165266
epirubicin,panobinostat,vinorelbine,0.01539024060218962
docetaxel,letrozole,paclitaxel,0.015242204640877782
docetaxel,everolimus,paclitaxel,0.015221856426354536
anastrozole,docetaxel,paclitaxel,0.015168707028301231
docetaxel,exemestane,paclitaxel,0.01505939138923471
docetaxel,fulvestrant,paclitaxel,0.015056365476889823
docetaxel,goserelin,paclitaxel,0.015054037405445076
docetaxel,lY2835219,paclitaxel,0.015052608369808334
degarelix,docetaxel,paclitaxel,0.015050278599408554
docetaxel,paclitaxel,palbociclib,0.015049807917134752
docetaxel,entrectinib,paclitaxel,0.015049094050984365
alpelisib,docetaxel,paclitaxel,0.01504815261180624
docetaxel,paclitaxel,tucatinib,0.015048059419868613
docetaxel,hydroxychloroquine,paclitaxel,0.015047989071621005
docetaxel,pF-03084014,paclitaxel,0.01504798907161992
canagliflozin,docetaxel,paclitaxel,0.015047989071619715
docetaxel,paclitaxel,propofol,0.0150479890716197
docetaxel,midazolam,paclitaxel,0.015047989071619347
docetaxel,fentanyl,paclitaxel,0.015047989071618927
degarelix,exemestane,vinorelbine,0.014653767454961011
eribulin,letrozole,panobinostat,0.014316632247643351
docetaxel,eribulin,panobinostat,0.014094595809873052
eribulin,lapatinib,paclitaxel,0.013971210654102914
exemestane,goserelin,lapatinib,0.013929244204856923
epirubicin,everolimus,panobinostat,0.013634772304947206
degarelix,exemestane,palbociclib,0.01362091299915652
epirubicin,eribulin,letrozole,0.013576935167577776
anastrozole,epirubicin,eribulin,0.013518788490834833
anastrozole,eribulin,lapatinib,0.013440553049193468
paclitaxel,panobinostat,vinorelbine,0.013256381038936603
anastrozole,entrectinib,eribulin,0.013062109648588597
epirubicin,lapatinib,vinorelbine,0.011696964780683137
degarelix,exemestane,lapatinib,0.011679807021142342
anastrozole,eribulin,panobinostat,0.01163599307382473
eribulin,everolimus,panobinostat,0.011623133834485759
everolimus,paclitaxel,panobinostat,0.011619461599208913
eribulin,letrozole,paclitaxel,0.01157350339488132
docetaxel,eribulin,lapatinib,0.011536325935553093
alpelisib,degarelix,exemestane,0.0115108306967977
anastrozole,eribulin,paclitaxel,0.01150381092306451
gemcitabine,letrozole,paclitaxel,0.011312819620582382
everolimus,gemcitabine,paclitaxel,0.011295614892404144
alpelisib,anastrozole,entrectinib,0.011294207060312473
anastrozole,gemcitabine,paclitaxel,0.011260711560687777
exemestane,gemcitabine,paclitaxel,0.01118386419276679
fulvestrant,gemcitabine,paclitaxel,0.011181865069059122
gemcitabine,goserelin,paclitaxel,0.011180149212386463
gemcitabine,lY2835219,paclitaxel,0.011179182918460628
degarelix,gemcitabine,paclitaxel,0.011177430719424418
gemcitabine,paclitaxel,palbociclib,0.01117722973660382
entrectinib,gemcitabine,paclitaxel,0.011176701451382437
alpelisib,gemcitabine,paclitaxel,0.01117612983747491
gemcitabine,paclitaxel,tucatinib,0.011176064480033
gemcitabine,hydroxychloroquine,paclitaxel,0.011176021170086679
gemcitabine,pF-03084014,paclitaxel,0.011176021170086488
canagliflozin,gemcitabine,paclitaxel,0.011176021170086427
fentanyl,gemcitabine,paclitaxel,0.011176021170086363
gemcitabine,midazolam,paclitaxel,0.011176021170086347
gemcitabine,paclitaxel,propofol,0.011176021170086219
degarelix,entrectinib,exemestane,0.01106467206412187
lapatinib,paclitaxel,vinorelbine,0.010991384257936537
degarelix,fulvestrant,vinorelbine,0.01097894115780403
degarelix,exemestane,tucatinib,0.010884327741894687
docetaxel,panobinostat,vinorelbine,0.010757775589056174
everolimus,panobinostat,vinorelbine,0.010737470949479999
anastrozole,entrectinib,lapatinib,0.010706492880502214
epirubicin,letrozole,panobinostat,0.010544364349748066
docetaxel,everolimus,panobinostat,0.010414008740866176
docetaxel,eribulin,letrozole,0.010355916723924313
anastrozole,docetaxel,eribulin,0.010307383801332837
exemestane,lapatinib,vinorelbine,0.010064856144036443
eribulin,exemestane,goserelin,0.00986060900680607
alpelisib,eribulin,letrozole,0.009760793571169631
exemestane,goserelin,panobinostat,0.009626611507957513
capecitabine,exemestane,goserelin,0.009589930920210913
anastrozole,entrectinib,tucatinib,0.009529975228575177
alpelisib,anastrozole,eribulin,0.009405518427757017
exemestane,goserelin,paclitaxel,0.009368686775279389
epirubicin,exemestane,goserelin,0.009367508240403881
docetaxel,exemestane,goserelin,0.009364391327608534
exemestane,gemcitabine,goserelin,0.00935891174114917
exemestane,goserelin,hydroxychloroquine,0.00935781372572434
exemestane,goserelin,propofol,0.009357813725724288
exemestane,goserelin,midazolam,0.009357813725724102
canagliflozin,exemestane,goserelin,0.00935781372572367
exemestane,fentanyl,goserelin,0.009357813725723649
exemestane,goserelin,pF-03084014,0.009357813725722796
degarelix,entrectinib,fulvestrant,0.009286531288701999
exemestane,palbociclib,vinorelbine,0.009077134277977428
degarelix,fulvestrant,lapatinib,0.008982520267382527
degarelix,eribulin,exemestane,0.008943037336406537
capecitabine,degarelix,exemestane,0.008719821967021568
degarelix,exemestane,panobinostat,0.00870968605820482
letrozole,paclitaxel,panobinostat,0.00854307716096931
anastrozole,capecitabine,entrectinib,0.008536566706231107
degarelix,exemestane,paclitaxel,0.008531709918624512
degarelix,epirubicin,exemestane,0.008531330690396592
degarelix,docetaxel,exemestane,0.008528593957163459
degarelix,exemestane,gemcitabine,0.008524154683778571
degarelix,exemestane,pF-03084014,0.008523306015193265
degarelix,exemestane,propofol,0.008523306015192965
degarelix,exemestane,fentanyl,0.008523306015192822
degarelix,exemestane,midazolam,0.00852330601519269
degarelix,exemestane,hydroxychloroquine,0.008523306015192507
canagliflozin,degarelix,exemestane,0.00852330601519124
docetaxel,lapatinib,vinorelbine,0.00838326603441153
eribulin,letrozole,tucatinib,0.008368151230792858
degarelix,everolimus,panobinostat,0.008365303799893541
anastrozole,eribulin,tucatinib,0.008308197927911097
exemestane,panobinostat,vinorelbine,0.008208513216499465
anastrozole,epirubicin,lapatinib,0.008193507569885915
epirubicin,exemestane,vinorelbine,0.0081647007109652
degarelix,goserelin,vinorelbine,0.008106796637359059
exemestane,paclitaxel,vinorelbine,0.008059999265176391
goserelin,lY2835219,tucatinib,0.007941274295793508
epirubicin,exemestane,lapatinib,0.007916788062111265
fulvestrant,lapatinib,vinorelbine,0.007916473721169565
alpelisib,exemestane,palbociclib,0.00785638868070677
epirubicin,eribulin,exemestane,0.007854717548967022
anastrozole,epirubicin,panobinostat,0.007850306281018236
epirubicin,eribulin,everolimus,0.0077898224964738855
epirubicin,eribulin,fulvestrant,0.007746533556492754
epirubicin,eribulin,goserelin,0.007710184934735416
epirubicin,exemestane,panobinostat,0.007705564140750658
alpelisib,everolimus,panobinostat,0.007692238788728664
entrectinib,exemestane,palbociclib,0.00768713006597772
epirubicin,fulvestrant,panobinostat,0.007674092622999062
degarelix,goserelin,tucatinib,0.007631668207258403
epirubicin,eribulin,lY2835219,0.007631071000428002
degarelix,epirubicin,eribulin,0.00762545113539202
epirubicin,lY2835219,panobinostat,0.00761280534519012
eribulin,exemestane,lapatinib,0.007610118734838003
epirubicin,goserelin,panobinostat,0.007609442321767147
anastrozole,lapatinib,paclitaxel,0.007608953626539707
epirubicin,eribulin,palbociclib,0.007587884464491282
entrectinib,epirubicin,eribulin,0.007556668272061407
epirubicin,palbociclib,panobinostat,0.0075397958169307455
entrectinib,epirubicin,panobinostat,0.007533661452809238
alpelisib,epirubicin,eribulin,0.007530526602662184
epirubicin,eribulin,tucatinib,0.007527870670194204
epirubicin,eribulin,midazolam,0.007526206343971103
epirubicin,eribulin,fentanyl,0.007526206343970999
epirubicin,eribulin,propofol,0.007526206343970435
canagliflozin,epirubicin,eribulin,0.007526206343970402
epirubicin,eribulin,pF-03084014,0.00752620634397036
epirubicin,eribulin,hydroxychloroquine,0.007526206343970216
degarelix,epirubicin,panobinostat,0.007525354743070593
alpelisib,epirubicin,panobinostat,0.007521035658960604
epirubicin,panobinostat,tucatinib,0.007519426746968944
epirubicin,fentanyl,panobinostat,0.007518257082803505
epirubicin,panobinostat,propofol,0.007518257082803348
epirubicin,midazolam,panobinostat,0.007518257082803184
canagliflozin,epirubicin,panobinostat,0.007518257082802734
epirubicin,pF-03084014,panobinostat,0.007518257082802179
epirubicin,hydroxychloroquine,panobinostat,0.007518257082801806
exemestane,lapatinib,palbociclib,0.007438910946986956
everolimus,palbociclib,panobinostat,0.007393810754372695
anastrozole,entrectinib,panobinostat,0.007386519141855906
epirubicin,fulvestrant,lapatinib,0.007329456564896359
docetaxel,letrozole,panobinostat,0.007326719180483587
exemestane,lapatinib,paclitaxel,0.0073176134474594685
entrectinib,everolimus,panobinostat,0.007215978263237334
everolimus,panobinostat,tucatinib,0.0071969602291950185
anastrozole,entrectinib,paclitaxel,0.007178901482571505
entrectinib,exemestane,vinorelbine,0.007171393533736239
anastrozole,entrectinib,epirubicin,0.007163656862326223
anastrozole,docetaxel,entrectinib,0.007145643889433285
anastrozole,entrectinib,gemcitabine,0.007109191625285074
anastrozole,entrectinib,pF-03084014,0.007101361217980625
anastrozole,canagliflozin,entrectinib,0.0071013612179804345
anastrozole,entrectinib,hydroxychloroquine,0.007101361217979902
anastrozole,entrectinib,propofol,0.007101361217979683
anastrozole,entrectinib,midazolam,0.007101361217979209
anastrozole,entrectinib,fentanyl,0.007101361217978807
alpelisib,exemestane,vinorelbine,0.0070945842562282445
goserelin,lY2835219,vinorelbine,0.006994822862793806
eribulin,fulvestrant,lapatinib,0.006918423360108932
alpelisib,anastrozole,lapatinib,0.006802805356142551
exemestane,palbociclib,tucatinib,0.006782664082693709
goserelin,lapatinib,vinorelbine,0.006775042787391887
alpelisib,letrozole,panobinostat,0.006734630331974411
fulvestrant,lapatinib,paclitaxel,0.0067303762485439915
degarelix,eribulin,fulvestrant,0.006724898087387362
docetaxel,exemestane,vinorelbine,0.006720620477301189
fulvestrant,panobinostat,vinorelbine,0.006615990773095896
epirubicin,fulvestrant,vinorelbine,0.006599829670353127
everolimus,gemcitabine,panobinostat,0.006586258521831697
degarelix,fulvestrant,panobinostat,0.006568259283908315
capecitabine,degarelix,fulvestrant,0.006559825688559726
eribulin,gemcitabine,panobinostat,0.006543652835465809
eribulin,gemcitabine,letrozole,0.006521033217372933
exemestane,tucatinib,vinorelbine,0.006502999119307581
fulvestrant,paclitaxel,vinorelbine,0.006495222522863748
anastrozole,eribulin,gemcitabine,0.006493889847463403
epirubicin,lY2835219,lapatinib,0.006439945908767831
epirubicin,goserelin,vinorelbine,0.006423522535127503
degarelix,fulvestrant,paclitaxel,0.006418028845418931
degarelix,epirubicin,fulvestrant,0.0064175553188915825
degarelix,docetaxel,fulvestrant,0.0064155184899742325
degarelix,fulvestrant,gemcitabine,0.006412106005226562
degarelix,fentanyl,fulvestrant,0.006411440701168198
degarelix,fulvestrant,midazolam,0.00641144070116809
degarelix,fulvestrant,pF-03084014,0.006411440701167646
degarelix,fulvestrant,propofol,0.006411440701167593
degarelix,fulvestrant,hydroxychloroquine,0.006411440701167266
canagliflozin,degarelix,fulvestrant,0.006411440701166762
goserelin,panobinostat,vinorelbine,0.0063769098333595646
epirubicin,goserelin,lapatinib,0.006362456269623095
goserelin,lY2835219,lapatinib,0.006332071137227005
goserelin,tucatinib,vinorelbine,0.006320650662279166
goserelin,paclitaxel,vinorelbine,0.0063182951619082045
anastrozole,docetaxel,lapatinib,0.006304242421634739
docetaxel,exemestane,lapatinib,0.006043184081386155
alpelisib,capecitabine,letrozole,0.006022027299047035
everolimus,fentanyl,panobinostat,0.006020886109792987
everolimus,midazolam,panobinostat,0.006020886109792365
everolimus,panobinostat,propofol,0.006020886109791872
everolimus,pF-03084014,panobinostat,0.006020886109790948
canagliflozin,everolimus,panobinostat,0.006020886109790226
everolimus,hydroxychloroquine,panobinostat,0.006020886109789991
alpelisib,entrectinib,exemestane,0.006016297393803856
alpelisib,exemestane,lapatinib,0.0059853042068597475
degarelix,epirubicin,vinorelbine,0.005976720655294572
canagliflozin,eribulin,letrozole,0.005953496559880384
eribulin,hydroxychloroquine,letrozole,0.005953496559880077
eribulin,letrozole,pF-03084014,0.005953496559879529
eribulin,letrozole,midazolam,0.00595349655987936
eribulin,letrozole,propofol,0.005953496559879355
eribulin,fentanyl,letrozole,0.005953496559879132
entrectinib,fulvestrant,vinorelbine,0.005942157089209305
eribulin,exemestane,panobinostat,0.005937536126976334
anastrozole,eribulin,hydroxychloroquine,0.005931132668964198
anastrozole,eribulin,pF-03084014,0.005931132668963809
anastrozole,eribulin,midazolam,0.0059311326689633894
anastrozole,eribulin,fentanyl,0.005931132668963333
anastrozole,eribulin,propofol,0.005931132668963207
anastrozole,canagliflozin,eribulin,0.0059311326689631795
eribulin,lY2835219,lapatinib,0.005916998203493567
eribulin,goserelin,lapatinib,0.005916950939799538
degarelix,paclitaxel,vinorelbine,0.005870693975427683
degarelix,panobinostat,vinorelbine,0.0058493600537812265
lY2835219,lapatinib,paclitaxel,0.005840203483033818
anastrozole,paclitaxel,panobinostat,0.005837473297165613
eribulin,exemestane,paclitaxel,0.005825119309891107
entrectinib,exemestane,lapatinib,0.005803001483014096
eribulin,fulvestrant,panobinostat,0.005801700731710574
lY2835219,lapatinib,vinorelbine,0.005777128732461234
eribulin,everolimus,paclitaxel,0.00577236720681789
goserelin,lapatinib,paclitaxel,0.0057627557275408085
eribulin,fulvestrant,paclitaxel,0.005717029615716271
eribulin,goserelin,panobinostat,0.005702578305442527
anastrozole,lapatinib,tucatinib,0.00568331939019948
eribulin,goserelin,paclitaxel,0.005680060768229011
exemestane,paclitaxel,panobinostat,0.005678110485592446
fulvestrant,paclitaxel,panobinostat,0.00564673326614028
eribulin,lY2835219,panobinostat,0.0056284989534147924
eribulin,lY2835219,paclitaxel,0.005600904950269874
degarelix,eribulin,paclitaxel,0.005594527662238027
lY2835219,paclitaxel,panobinostat,0.005584783878949692
goserelin,paclitaxel,panobinostat,0.005581462739178443
eribulin,paclitaxel,palbociclib,0.005557404253429392
entrectinib,fulvestrant,lapatinib,0.005551304581884327
degarelix,eribulin,panobinostat,0.005537096606353726
entrectinib,eribulin,paclitaxel,0.0055259895196191925
eribulin,palbociclib,panobinostat,0.005515222629868118
paclitaxel,palbociclib,panobinostat,0.005511460189786557
entrectinib,paclitaxel,panobinostat,0.005505127284284725
alpelisib,eribulin,paclitaxel,0.005500073458307055
eribulin,paclitaxel,tucatinib,0.005497405666432055
degarelix,paclitaxel,panobinostat,0.005496575853834303
eribulin,hydroxychloroquine,paclitaxel,0.005495755873742193
eribulin,midazolam,paclitaxel,0.005495755873741762
eribulin,pF-03084014,paclitaxel,0.00549575587374138
eribulin,paclitaxel,propofol,0.005495755873741353
canagliflozin,eribulin,paclitaxel,0.005495755873741276
eribulin,fentanyl,paclitaxel,0.005495755873741152
alpelisib,paclitaxel,panobinostat,0.005492727098523176
paclitaxel,panobinostat,tucatinib,0.005491106327124497
paclitaxel,panobinostat,propofol,0.005489951196491968
midazolam,paclitaxel,panobinostat,0.005489951196491544
hydroxychloroquine,paclitaxel,panobinostat,0.005489951196491487
fentanyl,paclitaxel,panobinostat,0.005489951196491357
canagliflozin,paclitaxel,panobinostat,0.005489951196491312
pF-03084014,paclitaxel,panobinostat,0.005489951196490902
entrectinib,eribulin,panobinostat,0.005478434649763989
docetaxel,fulvestrant,lapatinib,0.005456552488487031
alpelisib,eribulin,panobinostat,0.005441156770850201
eribulin,panobinostat,tucatinib,0.005436986932970525
eribulin,panobinostat,propofol,0.005434260684552352
eribulin,fentanyl,panobinostat,0.0054342606845522255
eribulin,midazolam,panobinostat,0.005434260684552163
eribulin,hydroxychloroquine,panobinostat,0.0054342606845517
eribulin,pF-03084014,panobinostat,0.005434260684551639
canagliflozin,eribulin,panobinostat,0.005434260684551403
goserelin,lapatinib,tucatinib,0.005404614688331616
exemestane,lapatinib,tucatinib,0.005400116762010503
epirubicin,lY2835219,vinorelbine,0.005346447282195409
letrozole,panobinostat,tucatinib,0.005343035012073959
degarelix,goserelin,lapatinib,0.005319682586889916
lY2835219,panobinostat,vinorelbine,0.00530486916270715
lY2835219,paclitaxel,vinorelbine,0.005241178025324385
epirubicin,lapatinib,palbociclib,0.005222309258629331
eribulin,gemcitabine,lapatinib,0.005210499907182711
entrectinib,epirubicin,lapatinib,0.005172039074905012
degarelix,everolimus,vinorelbine,0.00515864200543116
docetaxel,fulvestrant,vinorelbine,0.005156449341004898
docetaxel,goserelin,vinorelbine,0.004980310856785657
degarelix,epirubicin,lapatinib,0.004945856956964651
epirubicin,everolimus,vinorelbine,0.0049431656839431775
epirubicin,palbociclib,vinorelbine,0.004917435854131052
degarelix,lapatinib,vinorelbine,0.004914981273851657
alpelisib,epirubicin,lapatinib,0.004898801101977707
alpelisib,anastrozole,capecitabine,0.004885217526556584
epirubicin,lapatinib,tucatinib,0.004873979703412577
everolimus,paclitaxel,vinorelbine,0.004850607187574285
epirubicin,fentanyl,lapatinib,0.004849059668962326
epirubicin,lapatinib,midazolam,0.004849059668962079
canagliflozin,epirubicin,lapatinib,0.004849059668961901
epirubicin,lapatinib,propofol,0.004849059668961561
epirubicin,lapatinib,pF-03084014,0.004849059668961055
epirubicin,hydroxychloroquine,lapatinib,0.004849059668959836
gemcitabine,panobinostat,vinorelbine,0.004818347931783411
paclitaxel,palbociclib,vinorelbine,0.0048118524363562655
palbociclib,panobinostat,vinorelbine,0.004805767947032835
entrectinib,exemestane,tucatinib,0.00478636408316039
degarelix,everolimus,palbociclib,0.004783861814773918
capecitabine,degarelix,everolimus,0.004665692221053862
eribulin,lapatinib,palbociclib,0.004659094758067765
docetaxel,eribulin,exemestane,0.004658974026991091
anastrozole,docetaxel,panobinostat,0.004642274865905224
capecitabine,letrozole,tucatinib,0.004630900701537676
lapatinib,paclitaxel,palbociclib,0.0046222526719915565
entrectinib,epirubicin,vinorelbine,0.004597334390138405
entrectinib,eribulin,lapatinib,0.004578170958360823
entrectinib,lapatinib,paclitaxel,0.004571783946886913
docetaxel,lY2835219,lapatinib,0.004567494890236577
docetaxel,eribulin,everolimus,0.004565685658003873
docetaxel,eribulin,fulvestrant,0.004551489938832609
exemestane,gemcitabine,vinorelbine,0.004551110111711763
degarelix,docetaxel,vinorelbine,0.004533889156514939
docetaxel,eribulin,goserelin,0.00451530996808165
docetaxel,exemestane,panobinostat,0.004513193893163712
entrectinib,paclitaxel,vinorelbine,0.004491552430983294
docetaxel,goserelin,lapatinib,0.004489720844220151
docetaxel,fulvestrant,panobinostat,0.004482422279727899
entrectinib,panobinostat,vinorelbine,0.0044800946953659345
docetaxel,eribulin,lY2835219,0.004436480440645929
degarelix,docetaxel,eribulin,0.004430956348300469
docetaxel,lY2835219,panobinostat,0.00442158805979703
degarelix,eribulin,lapatinib,0.004418957506748845
docetaxel,goserelin,panobinostat,0.004417940629502365
docetaxel,eribulin,palbociclib,0.004393727353588804
eribulin,exemestane,palbociclib,0.004388122289685737
docetaxel,entrectinib,eribulin,0.004362558412836121
docetaxel,palbociclib,panobinostat,0.004349011980417251
degarelix,lapatinib,paclitaxel,0.004345357108234776
docetaxel,entrectinib,panobinostat,0.004342924867972935
alpelisib,docetaxel,eribulin,0.004336739280505759
degarelix,docetaxel,panobinostat,0.004334233230368027
docetaxel,eribulin,tucatinib,0.004334097022087134
docetaxel,eribulin,hydroxychloroquine,0.004332455556053711
docetaxel,eribulin,pF-03084014,0.0043324555560531495
docetaxel,eribulin,propofol,0.004332455556052574
docetaxel,eribulin,midazolam,0.0043324555560524565
canagliflozin,docetaxel,eribulin,0.0043324555560522995
docetaxel,eribulin,fentanyl,0.004332455556052288
alpelisib,docetaxel,panobinostat,0.004330621611193161
docetaxel,panobinostat,tucatinib,0.004329026373250857
docetaxel,panobinostat,propofol,0.00432787956927447
docetaxel,hydroxychloroquine,panobinostat,0.004327879569274286
docetaxel,pF-03084014,panobinostat,0.004327879569273952
docetaxel,fentanyl,panobinostat,0.0043278795692737754
canagliflozin,docetaxel,panobinostat,0.004327879569273614
docetaxel,midazolam,panobinostat,0.004327879569273521
alpelisib,lapatinib,paclitaxel,0.004298771582046694
alpelisib,eribulin,lapatinib,0.004280280900368367
lapatinib,paclitaxel,tucatinib,0.004273938324074545
eribulin,lapatinib,tucatinib,0.004252898575915218
canagliflozin,lapatinib,paclitaxel,0.004249032823156893
lapatinib,midazolam,paclitaxel,0.004249032823156854
lapatinib,paclitaxel,propofol,0.0042490328231565965
fentanyl,lapatinib,paclitaxel,0.004249032823156592
lapatinib,pF-03084014,paclitaxel,0.004249032823156192
hydroxychloroquine,lapatinib,paclitaxel,0.00424903282315593
eribulin,lapatinib,midazolam,0.00422642195721212
eribulin,fentanyl,lapatinib,0.0042264219572121075
canagliflozin,eribulin,lapatinib,0.004226421957211631
eribulin,lapatinib,propofol,0.004226421957211629
eribulin,lapatinib,pF-03084014,0.004226421957211577
eribulin,hydroxychloroquine,lapatinib,0.00422642195721079
exemestane,palbociclib,panobinostat,0.004206778756244909
capecitabine,exemestane,palbociclib,0.0041830492898341865
exemestane,pF-03084014,vinorelbine,0.004156961675064936
exemestane,hydroxychloroquine,vinorelbine,0.004156961675064854
exemestane,propofol,vinorelbine,0.00415696167506392
canagliflozin,exemestane,vinorelbine,0.004156961675063828
exemestane,fentanyl,vinorelbine,0.004156961675063693
exemestane,midazolam,vinorelbine,0.004156961675063013
lapatinib,palbociclib,vinorelbine,0.004133400394907793
alpelisib,degarelix,everolimus,0.004121066288216795
alpelisib,epirubicin,vinorelbine,0.004064984415857453
eribulin,goserelin,tucatinib,0.004051940970206634
epirubicin,tucatinib,vinorelbine,0.004033765325220903
exemestane,paclitaxel,palbociclib,0.004013553184341572
epirubicin,exemestane,palbociclib,0.004012730694021552
docetaxel,exemestane,palbociclib,0.00401033163697749
exemestane,gemcitabine,palbociclib,0.004006162063045806
exemestane,pF-03084014,palbociclib,0.004005331829095904
canagliflozin,exemestane,palbociclib,0.004005331829095082
exemestane,fentanyl,palbociclib,0.004005331829094716
exemestane,midazolam,palbociclib,0.004005331829094683
exemestane,hydroxychloroquine,palbociclib,0.004005331829094615
exemestane,palbociclib,propofol,0.0040053318290937615
epirubicin,fentanyl,vinorelbine,0.004001467625643644
epirubicin,pF-03084014,vinorelbine,0.004001467625643536
canagliflozin,epirubicin,vinorelbine,0.004001467625643514
epirubicin,hydroxychloroquine,vinorelbine,0.004001467625643284
epirubicin,midazolam,vinorelbine,0.00400146762564298
epirubicin,propofol,vinorelbine,0.004001467625642725
alpelisib,everolimus,palbociclib,0.00399803852856493
degarelix,eribulin,goserelin,0.003992712080410675
degarelix,palbociclib,vinorelbine,0.003980615693403463
alpelisib,paclitaxel,vinorelbine,0.003959428064789427
goserelin,panobinostat,tucatinib,0.003958652956349179
capecitabine,goserelin,tucatinib,0.003953839456010215
alpelisib,capecitabine,everolimus,0.00395081329412608
alpelisib,panobinostat,vinorelbine,0.003936608511570419
paclitaxel,tucatinib,vinorelbine,0.0039281971147458565
alpelisib,letrozole,paclitaxel,0.00392742778828985
panobinostat,tucatinib,vinorelbine,0.0039038755155221716
docetaxel,lY2835219,vinorelbine,0.003903520010725254
alpelisib,epirubicin,letrozole,0.003900411764883612
hydroxychloroquine,paclitaxel,vinorelbine,0.003895913948702365
pF-03084014,paclitaxel,vinorelbine,0.0038959139487016606
canagliflozin,paclitaxel,vinorelbine,0.003895913948701493
fentanyl,paclitaxel,vinorelbine,0.0038959139487008986
paclitaxel,propofol,vinorelbine,0.0038959139487007477
midazolam,paclitaxel,vinorelbine,0.0038959139487007434
goserelin,paclitaxel,tucatinib,0.0038735637742178084
epirubicin,goserelin,tucatinib,0.0038732520040285373
alpelisib,docetaxel,letrozole,0.00387310757490807
docetaxel,goserelin,tucatinib,0.0038721049651020494
fentanyl,panobinostat,vinorelbine,0.0038705158937498187
pF-03084014,panobinostat,vinorelbine,0.003870515893749764
hydroxychloroquine,panobinostat,vinorelbine,0.003870515893749717
panobinostat,propofol,vinorelbine,0.0038705158937495936
canagliflozin,panobinostat,vinorelbine,0.003870515893749463
midazolam,panobinostat,vinorelbine,0.0038705158937489903
gemcitabine,goserelin,tucatinib,0.003870157635274994
goserelin,midazolam,tucatinib,0.0038697750286234454
goserelin,hydroxychloroquine,tucatinib,0.0038697750286230837
fentanyl,goserelin,tucatinib,0.003869775028622937
goserelin,propofol,tucatinib,0.0038697750286228825
canagliflozin,goserelin,tucatinib,0.003869775028622835
goserelin,pF-03084014,tucatinib,0.0038697750286217354
capecitabine,degarelix,goserelin,0.0038443032904899
alpelisib,gemcitabine,letrozole,0.0038156355833485083
degarelix,goserelin,panobinostat,0.0038077715974570527
alpelisib,canagliflozin,letrozole,0.003803078126878028
alpelisib,hydroxychloroquine,letrozole,0.003803078126877266
alpelisib,letrozole,propofol,0.0038030781268768563
alpelisib,letrozole,pF-03084014,0.0038030781268768247
alpelisib,letrozole,midazolam,0.003803078126876555
alpelisib,fentanyl,letrozole,0.003803078126876495
entrectinib,everolimus,palbociclib,0.0037954342912688704
anastrozole,capecitabine,tucatinib,0.003789412769578078
entrectinib,lapatinib,vinorelbine,0.003763591323638081
alpelisib,anastrozole,panobinostat,0.003743443796574911
anastrozole,gemcitabine,lapatinib,0.0037198552149740557
degarelix,epirubicin,goserelin,0.0037198414369510268
degarelix,goserelin,paclitaxel,0.0037196947377484543
degarelix,docetaxel,goserelin,0.0037179732590400584
degarelix,gemcitabine,goserelin,0.0037151729890644775
degarelix,goserelin,midazolam,0.0037146650675885587
degarelix,fentanyl,goserelin,0.003714665067588045
degarelix,goserelin,propofol,0.0037146650675873856
degarelix,goserelin,hydroxychloroquine,0.003714665067587339
canagliflozin,degarelix,goserelin,0.003714665067586499
degarelix,goserelin,pF-03084014,0.0037146650675863114
gemcitabine,lapatinib,vinorelbine,0.0036689553231756236
capecitabine,everolimus,palbociclib,0.003660333800305545
degarelix,entrectinib,everolimus,0.0036415620329739557
alpelisib,entrectinib,everolimus,0.003571888394896705
degarelix,everolimus,tucatinib,0.003561259732055908
alpelisib,anastrozole,paclitaxel,0.00354718795489216
lY2835219,palbociclib,vinorelbine,0.0035354781577226348
alpelisib,anastrozole,epirubicin,0.0035317177265597913
eribulin,goserelin,lY2835219,0.0035166315439805656
alpelisib,anastrozole,docetaxel,0.0035140272907357157
gemcitabine,letrozole,panobinostat,0.003495825475104095
exemestane,gemcitabine,lapatinib,0.0034912651458710022
capecitabine,entrectinib,everolimus,0.003482826603028279
alpelisib,anastrozole,gemcitabine,0.0034779448518581007
docetaxel,palbociclib,vinorelbine,0.00347494203154049
docetaxel,everolimus,vinorelbine,0.003470692133785081
alpelisib,anastrozole,hydroxychloroquine,0.0034701668743805088
alpelisib,anastrozole,pF-03084014,0.0034701668743802247
alpelisib,anastrozole,canagliflozin,0.003470166874379946
alpelisib,anastrozole,propofol,0.0034701668743798313
alpelisib,anastrozole,fentanyl,0.003470166874379816
alpelisib,anastrozole,midazolam,0.003470166874379707
capecitabine,everolimus,tucatinib,0.003456003456983529
goserelin,lY2835219,panobinostat,0.0034135217981104866
capecitabine,goserelin,lY2835219,0.00337858835226935
docetaxel,lapatinib,palbociclib,0.0033502916889776697
alpelisib,lY2835219,palbociclib,0.0033177715704561187
docetaxel,entrectinib,lapatinib,0.003300068756930544
anastrozole,canagliflozin,lapatinib,0.0032829984230246883
anastrozole,fentanyl,lapatinib,0.0032829984230246666
anastrozole,lapatinib,pF-03084014,0.0032829984230245135
anastrozole,lapatinib,midazolam,0.0032829984230243747
anastrozole,lapatinib,propofol,0.0032829984230243444
anastrozole,hydroxychloroquine,lapatinib,0.003282998423023828
goserelin,lY2835219,paclitaxel,0.0032404198793726663
epirubicin,goserelin,lY2835219,0.003239809155579375
lY2835219,lapatinib,palbociclib,0.0032386661021585206
docetaxel,goserelin,lY2835219,0.003237845204977884
gemcitabine,goserelin,lY2835219,0.0032344673636387367
goserelin,lY2835219,midazolam,0.003233798726169499
goserelin,lY2835219,propofol,0.0032337987261690975
canagliflozin,goserelin,lY2835219,0.0032337987261690055
fentanyl,goserelin,lY2835219,0.0032337987261687596
goserelin,hydroxychloroquine,lY2835219,0.0032337987261682674
goserelin,lY2835219,pF-03084014,0.00323379872616658
alpelisib,eribulin,exemestane,0.0032006658443810526
entrectinib,lY2835219,palbociclib,0.003172157611935689
docetaxel,entrectinib,vinorelbine,0.003154887819225035
everolimus,palbociclib,vinorelbine,0.00311342308488664
degarelix,docetaxel,lapatinib,0.0030735017111239195
exemestane,lapatinib,propofol,0.003061456982894004
exemestane,lapatinib,pF-03084014,0.003061456982893704
exemestane,fentanyl,lapatinib,0.003061456982893623
canagliflozin,exemestane,lapatinib,0.0030614569828934634
exemestane,lapatinib,midazolam,0.0030614569828933597
exemestane,hydroxychloroquine,lapatinib,0.003061456982892654
alpelisib,exemestane,panobinostat,0.0030579200147991805
alpelisib,docetaxel,lapatinib,0.003027153321072101
alpelisib,capecitabine,exemestane,0.003026242007853023
docetaxel,lapatinib,tucatinib,0.0030023455965563248
entrectinib,eribulin,fulvestrant,0.0029987174206181915
everolimus,palbociclib,tucatinib,0.0029910103292939954
fulvestrant,gemcitabine,vinorelbine,0.002987965764052693
docetaxel,lapatinib,pF-03084014,0.002977448422294664
canagliflozin,docetaxel,lapatinib,0.0029774484222946157
docetaxel,lapatinib,propofol,0.002977448422294518
docetaxel,fentanyl,lapatinib,0.002977448422294431
docetaxel,lapatinib,midazolam,0.002977448422294251
docetaxel,hydroxychloroquine,lapatinib,0.00297744842229415
alpelisib,entrectinib,palbociclib,0.0029619156306081107
alpelisib,lapatinib,vinorelbine,0.0029594929607638957
canagliflozin,letrozole,panobinostat,0.002928875003219078
letrozole,panobinostat,propofol,0.0029288750032186303
hydroxychloroquine,letrozole,panobinostat,0.0029288750032180305
fentanyl,letrozole,panobinostat,0.0029288750032179984
letrozole,midazolam,panobinostat,0.0029288750032178024
letrozole,pF-03084014,panobinostat,0.0029288750032177104
entrectinib,fulvestrant,panobinostat,0.0029191681902084017
fulvestrant,gemcitabine,lapatinib,0.0029056603416090982
lapatinib,tucatinib,vinorelbine,0.0029035474781421767
alpelisib,exemestane,paclitaxel,0.0028814295067914227
alpelisib,epirubicin,exemestane,0.0028805799497646422
alpelisib,docetaxel,exemestane,0.0028785506814666332
capecitabine,entrectinib,fulvestrant,0.0028771945134904342
alpelisib,exemestane,gemcitabine,0.00287493651373455
alpelisib,exemestane,propofol,0.002874207165228995
alpelisib,exemestane,pF-03084014,0.0028742071652289184
alpelisib,exemestane,hydroxychloroquine,0.002874207165228836
alpelisib,exemestane,fentanyl,0.002874207165228276
alpelisib,canagliflozin,exemestane,0.002874207165228223
alpelisib,exemestane,midazolam,0.002874207165228195
lapatinib,pF-03084014,vinorelbine,0.0028464374860850132
fentanyl,lapatinib,vinorelbine,0.002846437486085012
canagliflozin,lapatinib,vinorelbine,0.002846437486085003
lapatinib,midazolam,vinorelbine,0.0028464374860842573
lapatinib,propofol,vinorelbine,0.002846437486084179
hydroxychloroquine,lapatinib,vinorelbine,0.0028464374860841194
gemcitabine,goserelin,vinorelbine,0.00281243949460554
entrectinib,palbociclib,vinorelbine,0.002772248348139329
entrectinib,eribulin,exemestane,0.00277126681700732
entrectinib,fulvestrant,paclitaxel,0.0027590615656899174
entrectinib,epirubicin,fulvestrant,0.002758343318450792
docetaxel,entrectinib,fulvestrant,0.0027566914173997067
entrectinib,fulvestrant,gemcitabine,0.002753734213034245
canagliflozin,entrectinib,fulvestrant,0.0027531357992289646
entrectinib,fulvestrant,pF-03084014,0.0027531357992284316
entrectinib,fulvestrant,propofol,0.002753135799228205
entrectinib,fulvestrant,midazolam,0.0027531357992278275
entrectinib,fulvestrant,hydroxychloroquine,0.002753135799227719
entrectinib,fentanyl,fulvestrant,0.0027531357992273725
alpelisib,lY2835219,lapatinib,0.0027006158052886808
degarelix,entrectinib,vinorelbine,0.0026904751510719604
anastrozole,panobinostat,tucatinib,0.0026471703172053123
eribulin,exemestane,tucatinib,0.0026376438656289585
alpelisib,docetaxel,vinorelbine,0.002622860382012945
entrectinib,everolimus,vinorelbine,0.002621623493880141
entrectinib,exemestane,panobinostat,0.00261500511187486
degarelix,eribulin,everolimus,0.0026045518614055724
fulvestrant,hydroxychloroquine,vinorelbine,0.002594000691932548
canagliflozin,fulvestrant,vinorelbine,0.002594000691932287
fulvestrant,pF-03084014,vinorelbine,0.0025940006919322567
fentanyl,fulvestrant,vinorelbine,0.002594000691932006
fulvestrant,propofol,vinorelbine,0.002594000691931486
fulvestrant,midazolam,vinorelbine,0.0025940006919313507
docetaxel,tucatinib,vinorelbine,0.0025916549654257486
capecitabine,entrectinib,exemestane,0.0025916009393222314
lY2835219,palbociclib,tucatinib,0.0025794842312929643
alpelisib,everolimus,vinorelbine,0.0025781598389391547
entrectinib,lY2835219,vinorelbine,0.0025689385129474356
docetaxel,hydroxychloroquine,vinorelbine,0.0025593801260386964
docetaxel,pF-03084014,vinorelbine,0.0025593801260382428
canagliflozin,docetaxel,vinorelbine,0.0025593801260373277
docetaxel,fentanyl,vinorelbine,0.0025593801260368485
docetaxel,propofol,vinorelbine,0.0025593801260367813
docetaxel,midazolam,vinorelbine,0.0025593801260362513
entrectinib,lY2835219,lapatinib,0.0025419577376516486
letrozole,paclitaxel,tucatinib,0.002537334514394075
epirubicin,letrozole,tucatinib,0.0025103303503948566
exemestane,panobinostat,tucatinib,0.002495945056523408
docetaxel,letrozole,tucatinib,0.0024830398344686693
degarelix,entrectinib,palbociclib,0.002476616919448277
fentanyl,fulvestrant,lapatinib,0.002476035543159102
canagliflozin,fulvestrant,lapatinib,0.0024760355431590894
fulvestrant,lapatinib,midazolam,0.0024760355431588635
fulvestrant,lapatinib,propofol,0.0024760355431587373
fulvestrant,lapatinib,pF-03084014,0.002476035543158191
fulvestrant,hydroxychloroquine,lapatinib,0.002476035543157516
alpelisib,lY2835219,vinorelbine,0.002468484579230821
capecitabine,exemestane,tucatinib,0.002464735771968346
anastrozole,paclitaxel,tucatinib,0.0024524165215272374
lY2835219,lapatinib,tucatinib,0.0024508656192893416
degarelix,everolimus,paclitaxel,0.002448977849730589
anastrozole,epirubicin,tucatinib,0.0024369581526018885
degarelix,epirubicin,everolimus,0.002436455672082753
entrectinib,exemestane,paclitaxel,0.0024271527862654526
entrectinib,epirubicin,exemestane,0.0024265288373257576
gemcitabine,letrozole,tucatinib,0.0024255956774048267
docetaxel,entrectinib,exemestane,0.002424177031958888
entrectinib,exemestane,gemcitabine,0.0024201930389562074
entrectinib,exemestane,pF-03084014,0.002419411260624004
entrectinib,exemestane,propofol,0.0024194112606235317
canagliflozin,entrectinib,exemestane,0.0024194112606233968
entrectinib,exemestane,hydroxychloroquine,0.0024194112606229154
entrectinib,exemestane,midazolam,0.002419411260622381
entrectinib,exemestane,fentanyl,0.002419411260621952
anastrozole,docetaxel,tucatinib,0.002419281390827168
goserelin,hydroxychloroquine,vinorelbine,0.002418631805067554
canagliflozin,goserelin,vinorelbine,0.0024186318050669568
fentanyl,goserelin,vinorelbine,0.0024186318050667855
goserelin,midazolam,vinorelbine,0.00241863180506675
goserelin,propofol,vinorelbine,0.0024186318050662113
goserelin,pF-03084014,vinorelbine,0.002418631805065853
alpelisib,entrectinib,lY2835219,0.0024168813830191945
canagliflozin,letrozole,tucatinib,0.0024130442156791625
hydroxychloroquine,letrozole,tucatinib,0.0024130442156784634
letrozole,pF-03084014,tucatinib,0.002413044215678377
letrozole,propofol,tucatinib,0.0024130442156781043
letrozole,midazolam,tucatinib,0.0024130442156777205
fentanyl,letrozole,tucatinib,0.002413044215677716
entrectinib,everolimus,tucatinib,0.0024086514829953633
degarelix,docetaxel,everolimus,0.0024053256223555363
anastrozole,gemcitabine,tucatinib,0.0023832267864452726
anastrozole,pF-03084014,tucatinib,0.00237545480371263
anastrozole,hydroxychloroquine,tucatinib,0.0023754548037125582
anastrozole,propofol,tucatinib,0.002375454803711933
anastrozole,canagliflozin,tucatinib,0.002375454803711932
anastrozole,fentanyl,tucatinib,0.0023754548037118895
anastrozole,midazolam,tucatinib,0.0023754548037117247
degarelix,gemcitabine,vinorelbine,0.0023670581074092963
degarelix,everolimus,gemcitabine,0.0023501720114881774
degarelix,everolimus,fentanyl,0.0023390732947840788
degarelix,everolimus,midazolam,0.002339073294783661
degarelix,everolimus,pF-03084014,0.0023390732947824555
degarelix,everolimus,propofol,0.0023390732947821164
degarelix,everolimus,hydroxychloroquine,0.002339073294780945
canagliflozin,degarelix,everolimus,0.00233907329478024
exemestane,paclitaxel,tucatinib,0.0023209565945203274
epirubicin,exemestane,tucatinib,0.0023201188969005663
docetaxel,exemestane,tucatinib,0.0023181033026519124
exemestane,gemcitabine,tucatinib,0.0023145169694155487
exemestane,pF-03084014,tucatinib,0.00231379361565515
exemestane,propofol,tucatinib,0.0023137936156549226
exemestane,hydroxychloroquine,tucatinib,0.0023137936156547136
exemestane,fentanyl,tucatinib,0.0023137936156541763
exemestane,midazolam,tucatinib,0.0023137936156540397
canagliflozin,exemestane,tucatinib,0.002313793615654037
capecitabine,everolimus,midazolam,0.0022796004361543974
capecitabine,everolimus,fentanyl,0.002279600436154268
capecitabine,everolimus,propofol,0.002279600436153492
capecitabine,everolimus,pF-03084014,0.0022796004361531233
canagliflozin,capecitabine,everolimus,0.0022796004361522976
capecitabine,everolimus,hydroxychloroquine,0.0022796004361522394
canagliflozin,capecitabine,letrozole,0.0022164117912563553
capecitabine,hydroxychloroquine,letrozole,0.0022164117912554853
capecitabine,letrozole,propofol,0.0022164117912554563
capecitabine,letrozole,pF-03084014,0.002216411791255093
capecitabine,letrozole,midazolam,0.002216411791255042
capecitabine,fentanyl,letrozole,0.0022164117912544857
lY2835219,tucatinib,vinorelbine,0.002212336701160061
alpelisib,degarelix,palbociclib,0.0021824423576413165
alpelisib,degarelix,vinorelbine,0.002150232697027955
everolimus,tucatinib,vinorelbine,0.002053271100760616
degarelix,tucatinib,vinorelbine,0.002052971704352466
gemcitabine,lY2835219,lapatinib,0.0020176776998416406
degarelix,pF-03084014,vinorelbine,0.001973499764710677
degarelix,fentanyl,vinorelbine,0.0019734997647103156
degarelix,hydroxychloroquine,vinorelbine,0.001973499764710077
degarelix,midazolam,vinorelbine,0.0019734997647096932
degarelix,propofol,vinorelbine,0.001973499764709243
canagliflozin,degarelix,vinorelbine,0.0019734997647088827
entrectinib,lapatinib,palbociclib,0.0019566423507694007
alpelisib,palbociclib,vinorelbine,0.001955105876148543
gemcitabine,goserelin,lapatinib,0.0019394409121143077
alpelisib,eribulin,everolimus,0.001840881401620852
entrectinib,palbociclib,tucatinib,0.0017790848210997737
alpelisib,everolimus,paclitaxel,0.0017773984701382644
alpelisib,epirubicin,everolimus,0.0017644059636915664
gemcitabine,lY2835219,vinorelbine,0.0017361113902560447
alpelisib,docetaxel,everolimus,0.0017339833788994742
alpelisib,everolimus,gemcitabine,0.0016796548736849218
alpelisib,everolimus,fentanyl,0.0016686754770602955
alpelisib,everolimus,midazolam,0.0016686754770599286
alpelisib,everolimus,propofol,0.0016686754770589107
alpelisib,everolimus,pF-03084014,0.0016686754770588734
alpelisib,everolimus,hydroxychloroquine,0.0016686754770580388
alpelisib,canagliflozin,everolimus,0.0016686754770579883
degarelix,palbociclib,tucatinib,0.0016030419038734326
lY2835219,lapatinib,propofol,0.0015882989148198847
canagliflozin,lY2835219,lapatinib,0.0015882989148198715
lY2835219,lapatinib,midazolam,0.0015882989148198272
fentanyl,lY2835219,lapatinib,0.0015882989148198064
lY2835219,lapatinib,pF-03084014,0.00158829891481856
hydroxychloroquine,lY2835219,lapatinib,0.001588298914817653
eribulin,everolimus,palbociclib,0.0015810510711238384
degarelix,lapatinib,palbociclib,0.0015594413129370068
entrectinib,lY2835219,tucatinib,0.001522385331225632
goserelin,lapatinib,midazolam,0.001509973496246625
fentanyl,goserelin,lapatinib,0.0015099734962462437
canagliflozin,goserelin,lapatinib,0.001509973496246121
goserelin,lapatinib,propofol,0.0015099734962458248
goserelin,hydroxychloroquine,lapatinib,0.0015099734962448835
goserelin,lapatinib,pF-03084014,0.0015099734962441495
everolimus,paclitaxel,palbociclib,0.001462235371886716
epirubicin,everolimus,palbociclib,0.0014492699321467784
eribulin,lY2835219,palbociclib,0.0014410730496617174
docetaxel,everolimus,palbociclib,0.001418477558608633
anastrozole,capecitabine,hydroxychloroquine,0.0014125132712617693
anastrozole,capecitabine,pF-03084014,0.0014125132712615347
anastrozole,capecitabine,propofol,0.001412513271261473
anastrozole,canagliflozin,capecitabine,0.0014125132712613148
anastrozole,capecitabine,midazolam,0.0014125132712612355
anastrozole,capecitabine,fentanyl,0.0014125132712608484
palbociclib,tucatinib,vinorelbine,0.0014106232403630092
alpelisib,lapatinib,palbociclib,0.001398611880132261
lY2835219,palbociclib,panobinostat,0.0013906172691993686
alpelisib,entrectinib,vinorelbine,0.001381114981948779
entrectinib,eribulin,everolimus,0.0013781367516801095
capecitabine,lY2835219,palbociclib,0.0013686349446941103
everolimus,gemcitabine,palbociclib,0.00136359364719448
entrectinib,eribulin,palbociclib,0.001352553403768822
everolimus,fentanyl,palbociclib,0.0013525133651250381
everolimus,midazolam,palbociclib,0.0013525133651247185
everolimus,pF-03084014,palbociclib,0.0013525133651241617
canagliflozin,everolimus,palbociclib,0.0013525133651231488
everolimus,hydroxychloroquine,palbociclib,0.0013525133651221184
everolimus,palbociclib,propofol,0.0013525133651219787
eribulin,everolimus,tucatinib,0.0013445558216108838
canagliflozin,lY2835219,vinorelbine,0.0013423923315638785
fentanyl,lY2835219,vinorelbine,0.0013423923315635197
hydroxychloroquine,lY2835219,vinorelbine,0.0013423923315634945
lY2835219,propofol,vinorelbine,0.001342392331563443
lY2835219,pF-03084014,vinorelbine,0.001342392331563435
lY2835219,midazolam,vinorelbine,0.001342392331563123
capecitabine,entrectinib,palbociclib,0.0013132991922915358
gemcitabine,palbociclib,vinorelbine,0.001308380681888053
entrectinib,palbociclib,panobinostat,0.0012973564592921871
entrectinib,everolimus,paclitaxel,0.0012897761270452854
everolimus,paclitaxel,tucatinib,0.0012836219566092957
lY2835219,paclitaxel,palbociclib,0.001282214511236339
epirubicin,lY2835219,palbociclib,0.0012819598319985346
docetaxel,lY2835219,palbociclib,0.0012807137371483289
gemcitabine,lY2835219,palbociclib,0.0012786459083368607
canagliflozin,lY2835219,palbociclib,0.0012782450523419057
lY2835219,midazolam,palbociclib,0.0012782450523415654
fentanyl,lY2835219,palbociclib,0.001278245052341315
lY2835219,pF-03084014,palbociclib,0.0012782450523411756
lY2835219,palbociclib,propofol,0.0012782450523400569
hydroxychloroquine,lY2835219,palbociclib,0.001278245052340029
entrectinib,epirubicin,everolimus,0.0012770092286856721
epirubicin,everolimus,tucatinib,0.0012706413095696166
entrectinib,epirubicin,palbociclib,0.0012643605973755633
entrectinib,paclitaxel,palbociclib,0.001264102574329282
docetaxel,entrectinib,palbociclib,0.0012635952030821444
entrectinib,gemcitabine,palbociclib,0.001262560226016452
entrectinib,pF-03084014,palbociclib,0.0012623869762678598
canagliflozin,entrectinib,palbociclib,0.0012623869762677705
entrectinib,midazolam,palbociclib,0.0012623869762665282
entrectinib,fentanyl,palbociclib,0.0012623869762659428
entrectinib,hydroxychloroquine,palbociclib,0.0012623869762657218
entrectinib,palbociclib,propofol,0.001262386976265126
everolimus,gemcitabine,vinorelbine,0.0012504674307131875
degarelix,eribulin,palbociclib,0.0012503173472074001
docetaxel,entrectinib,everolimus,0.0012462641068247194
docetaxel,everolimus,tucatinib,0.001240232398826879
entrectinib,everolimus,gemcitabine,0.0011915657763395696
everolimus,gemcitabine,tucatinib,0.0011859317281080466
entrectinib,everolimus,midazolam,0.001180533949887106
entrectinib,everolimus,fentanyl,0.0011805339498869624
entrectinib,everolimus,pF-03084014,0.00118053394988695
entrectinib,everolimus,propofol,0.001180533949886438
canagliflozin,entrectinib,everolimus,0.0011805339498861527
entrectinib,everolimus,hydroxychloroquine,0.0011805339498851082
everolimus,fentanyl,tucatinib,0.0011749583262283226
everolimus,midazolam,tucatinib,0.0011749583262279002
everolimus,pF-03084014,tucatinib,0.0011749583262272317
everolimus,propofol,tucatinib,0.0011749583262269645
everolimus,hydroxychloroquine,tucatinib,0.0011749583262260419
canagliflozin,everolimus,tucatinib,0.001174958326225928
alpelisib,eribulin,lY2835219,0.001169173047614402
capecitabine,degarelix,palbociclib,0.0011675136440302339
alpelisib,lY2835219,panobinostat,0.0011573149710110099
alpelisib,capecitabine,lY2835219,0.0011273841059703173
degarelix,palbociclib,panobinostat,0.001118030829661508
degarelix,epirubicin,palbociclib,0.0010951558744857598
degarelix,paclitaxel,palbociclib,0.001094653130727701
alpelisib,entrectinib,lapatinib,0.0010944522662008245
degarelix,docetaxel,palbociclib,0.0010940055523260767
degarelix,gemcitabine,palbociclib,0.0010925152948781755
degarelix,pF-03084014,palbociclib,0.00109227515487648
degarelix,midazolam,palbociclib,0.0010922751548761986
degarelix,fentanyl,palbociclib,0.0010922751548761741
canagliflozin,degarelix,palbociclib,0.001092275154874973
degarelix,hydroxychloroquine,palbociclib,0.0010922751548746743
degarelix,palbociclib,propofol,0.0010922751548739199
alpelisib,lY2835219,paclitaxel,0.001065647276943559
alpelisib,epirubicin,lY2835219,0.0010653655309989934
alpelisib,docetaxel,lY2835219,0.0010644892248948415
alpelisib,gemcitabine,lY2835219,0.001062976802282974
alpelisib,lY2835219,propofol,0.00106267683173266
alpelisib,lY2835219,midazolam,0.0010626768317324468
alpelisib,canagliflozin,lY2835219,0.0010626768317324165
alpelisib,fentanyl,lY2835219,0.0010626768317322439
alpelisib,hydroxychloroquine,lY2835219,0.0010626768317316207
alpelisib,lY2835219,pF-03084014,0.0010626768317315584
alpelisib,eribulin,palbociclib,0.0010416192366597642
alpelisib,capecitabine,palbociclib,0.0010076070663395374
alpelisib,palbociclib,panobinostat,0.000999938167733717
entrectinib,gemcitabine,vinorelbine,0.0009885120505016022
alpelisib,epirubicin,palbociclib,0.0009780785153316572
alpelisib,paclitaxel,palbociclib,0.000978046100372461
alpelisib,docetaxel,palbociclib,0.000977635658107099
alpelisib,gemcitabine,palbociclib,0.0009769705063120042
alpelisib,pF-03084014,palbociclib,0.0009768496863899827
alpelisib,canagliflozin,palbociclib,0.0009768496863898058
alpelisib,midazolam,palbociclib,0.0009768496863895504
alpelisib,fentanyl,palbociclib,0.0009768496863894758
alpelisib,hydroxychloroquine,palbociclib,0.0009768496863888521
alpelisib,palbociclib,propofol,0.0009768496863877985
alpelisib,degarelix,entrectinib,0.0009579512726480895
eribulin,lY2835219,tucatinib,0.0009415883277122127
lY2835219,panobinostat,tucatinib,0.0009307772715851422
pF-03084014,palbociclib,vinorelbine,0.000914840773824837
canagliflozin,palbociclib,vinorelbine,0.0009148407738242456
fentanyl,palbociclib,vinorelbine,0.0009148407738237294
hydroxychloroquine,palbociclib,vinorelbine,0.000914840773823704
midazolam,palbociclib,vinorelbine,0.0009148407738232045
palbociclib,propofol,vinorelbine,0.0009148407738215594
capecitabine,lY2835219,tucatinib,0.0009013151289355446
eribulin,exemestane,gemcitabine,0.0008779483442671886
lapatinib,palbociclib,tucatinib,0.0008605269364181468
everolimus,fentanyl,vinorelbine,0.0008460689459467662
everolimus,pF-03084014,vinorelbine,0.0008460689459459448
everolimus,midazolam,vinorelbine,0.0008460689459457997
everolimus,hydroxychloroquine,vinorelbine,0.0008460689459451075
everolimus,propofol,vinorelbine,0.0008460689459448886
canagliflozin,everolimus,vinorelbine,0.0008460689459446448
lY2835219,paclitaxel,tucatinib,0.0008406116235223685
epirubicin,lY2835219,tucatinib,0.0008403417369848224
docetaxel,lY2835219,tucatinib,0.0008394791049300249
gemcitabine,lY2835219,tucatinib,0.0008379945168138773
lY2835219,propofol,tucatinib,0.0008377005410084922
lY2835219,midazolam,tucatinib,0.0008377005410081968
canagliflozin,lY2835219,tucatinib,0.0008377005410081348
fentanyl,lY2835219,tucatinib,0.0008377005410080493
lY2835219,pF-03084014,tucatinib,0.0008377005410076952
hydroxychloroquine,lY2835219,tucatinib,0.0008377005410074022
anastrozole,gemcitabine,panobinostat,0.0008327707132076805
gemcitabine,lapatinib,palbociclib,0.0008013217693995064
eribulin,fulvestrant,gemcitabine,0.0007714910447459265
entrectinib,eribulin,lY2835219,0.000763418676449288
alpelisib,entrectinib,eribulin,0.0007565136140227703
entrectinib,gemcitabine,lapatinib,0.0007512844182813837
alpelisib,capecitabine,entrectinib,0.0007479085658690062
alpelisib,entrectinib,panobinostat,0.0007399143734050916
entrectinib,lY2835219,panobinostat,0.0007380447242953083
exemestane,gemcitabine,panobinostat,0.0007361580116116999
eribulin,gemcitabine,goserelin,0.000735923288767057
eribulin,everolimus,gemcitabine,0.0007339456377975016
alpelisib,entrectinib,epirubicin,0.0007236265086772858
alpelisib,entrectinib,paclitaxel,0.0007233955523377651
alpelisib,docetaxel,entrectinib,0.0007232309031299201
alpelisib,entrectinib,gemcitabine,0.0007227513322638285
alpelisib,canagliflozin,entrectinib,0.0007226789679595444
alpelisib,entrectinib,pF-03084014,0.0007226789679595061
alpelisib,entrectinib,propofol,0.0007226789679589923
alpelisib,entrectinib,midazolam,0.0007226789679586726
alpelisib,entrectinib,hydroxychloroquine,0.0007226789679585766
alpelisib,entrectinib,fentanyl,0.0007226789679581351
capecitabine,entrectinib,lY2835219,0.000716387693648144
fulvestrant,gemcitabine,panobinostat,0.0007064131868131068
entrectinib,tucatinib,vinorelbine,0.0006804236335328363
eribulin,gemcitabine,lY2835219,0.0006575565030422427
degarelix,eribulin,gemcitabine,0.0006526099820603498
gemcitabine,lY2835219,panobinostat,0.0006466539233652333
gemcitabine,goserelin,panobinostat,0.0006425437513596621
entrectinib,lY2835219,paclitaxel,0.000635015212626208
entrectinib,epirubicin,lY2835219,0.0006349590747687278
docetaxel,entrectinib,lY2835219,0.0006337602315957149
entrectinib,gemcitabine,lY2835219,0.0006318779837132499
canagliflozin,entrectinib,lY2835219,0.0006315255833362091
entrectinib,lY2835219,propofol,0.0006315255833358153
entrectinib,lY2835219,pF-03084014,0.0006315255833352636
entrectinib,lY2835219,midazolam,0.0006315255833352525
entrectinib,fentanyl,lY2835219,0.000631525583334539
entrectinib,hydroxychloroquine,lY2835219,0.0006315255833343182
eribulin,gemcitabine,palbociclib,0.0006156506868018903
entrectinib,pF-03084014,vinorelbine,0.0005950205980560854
canagliflozin,entrectinib,vinorelbine,0.0005950205980557092
entrectinib,hydroxychloroquine,vinorelbine,0.0005950205980551535
entrectinib,propofol,vinorelbine,0.0005950205980544784
entrectinib,fentanyl,vinorelbine,0.0005950205980541135
entrectinib,midazolam,vinorelbine,0.0005950205980540517
entrectinib,eribulin,gemcitabine,0.0005846673269782103
gemcitabine,palbociclib,panobinostat,0.0005749251148022259
entrectinib,gemcitabine,panobinostat,0.0005690235832869147
degarelix,gemcitabine,panobinostat,0.0005598766652997969
alpelisib,eribulin,gemcitabine,0.0005592180199184459
alpelisib,gemcitabine,panobinostat,0.0005570901517777377
eribulin,gemcitabine,tucatinib,0.0005566035959955398
gemcitabine,panobinostat,tucatinib,0.0005555227483311536
eribulin,fentanyl,gemcitabine,0.0005549891682637417
eribulin,gemcitabine,pF-03084014,0.0005549891682637356
eribulin,gemcitabine,midazolam,0.0005549891682634766
eribulin,gemcitabine,hydroxychloroquine,0.0005549891682634011
eribulin,gemcitabine,propofol,0.0005549891682631136
canagliflozin,eribulin,gemcitabine,0.0005549891682630299
fentanyl,gemcitabine,panobinostat,0.0005544029826571195
gemcitabine,panobinostat,propofol,0.0005544029826569007
gemcitabine,midazolam,panobinostat,0.0005544029826564315
gemcitabine,pF-03084014,panobinostat,0.000554402982656428
canagliflozin,gemcitabine,panobinostat,0.0005544029826562357
gemcitabine,hydroxychloroquine,panobinostat,0.0005544029826558662
degarelix,entrectinib,lapatinib,0.0005391320508738325
eribulin,palbociclib,tucatinib,0.0005256997590428
degarelix,gemcitabine,lapatinib,0.0005242620920925509
capecitabine,palbociclib,tucatinib,0.0004932033315899897
palbociclib,panobinostat,tucatinib,0.00048506571059307447
alpelisib,gemcitabine,lapatinib,0.0004787388076935375
epirubicin,palbociclib,tucatinib,0.0004647199636027114
paclitaxel,palbociclib,tucatinib,0.00046467568923649574
docetaxel,palbociclib,tucatinib,0.00046429078042750757
gemcitabine,palbociclib,tucatinib,0.00046365346312813275
pF-03084014,palbociclib,tucatinib,0.00046353863795134447
canagliflozin,palbociclib,tucatinib,0.0004635386379507494
midazolam,palbociclib,tucatinib,0.0004635386379505256
fentanyl,palbociclib,tucatinib,0.00046353863795050643
hydroxychloroquine,palbociclib,tucatinib,0.00046353863794985927
palbociclib,propofol,tucatinib,0.00046353863794885606
alpelisib,gemcitabine,vinorelbine,0.00045685443856010905
gemcitabine,lapatinib,tucatinib,0.00045395891767348155
fentanyl,gemcitabine,lapatinib,0.0004290887817146356
canagliflozin,gemcitabine,lapatinib,0.00042908878171409726
gemcitabine,lapatinib,midazolam,0.0004290887817140212
gemcitabine,lapatinib,pF-03084014,0.00042908878171399957
gemcitabine,lapatinib,propofol,0.0004290887817138088
gemcitabine,hydroxychloroquine,lapatinib,0.0004290887817125909
gemcitabine,tucatinib,vinorelbine,0.00042567685646863266
entrectinib,lapatinib,tucatinib,0.00040015860985630214
gemcitabine,pF-03084014,vinorelbine,0.00039342905538330606
gemcitabine,hydroxychloroquine,vinorelbine,0.0003934290553828641
fentanyl,gemcitabine,vinorelbine,0.0003934290553827803
canagliflozin,gemcitabine,vinorelbine,0.00039342905538253573
gemcitabine,propofol,vinorelbine,0.00039342905538179837
gemcitabine,midazolam,vinorelbine,0.00039342905538174855
canagliflozin,lapatinib,palbociclib,0.00037212213500609605
fentanyl,lapatinib,palbociclib,0.00037212213500587384
lapatinib,pF-03084014,palbociclib,0.0003721221350058196
lapatinib,midazolam,palbociclib,0.000372122135005766
lapatinib,palbociclib,propofol,0.0003721221350038589
hydroxychloroquine,lapatinib,palbociclib,0.00037212213500371986
eribulin,exemestane,hydroxychloroquine,0.00032223979473986137
eribulin,exemestane,pF-03084014,0.000322239794739838
eribulin,exemestane,propofol,0.0003222397947397074
eribulin,exemestane,midazolam,0.0003222397947392127
eribulin,exemestane,fentanyl,0.0003222397947391267
canagliflozin,eribulin,exemestane,0.00032223979473879294
canagliflozin,entrectinib,lapatinib,0.00032213323950588756
entrectinib,lapatinib,pF-03084014,0.00032213323950539593
entrectinib,lapatinib,propofol,0.00032213323950510574
entrectinib,lapatinib,midazolam,0.0003221332395049413
entrectinib,fentanyl,lapatinib,0.000322133239504586
entrectinib,hydroxychloroquine,lapatinib,0.00032213323950349733
anastrozole,panobinostat,propofol,0.0002705997203155972
anastrozole,fentanyl,panobinostat,0.0002705997203153111
anastrozole,hydroxychloroquine,panobinostat,0.00027059972031526463
anastrozole,pF-03084014,panobinostat,0.00027059972031510325
anastrozole,canagliflozin,panobinostat,0.00027059972031498767
anastrozole,midazolam,panobinostat,0.00027059972031494577
alpelisib,degarelix,lapatinib,0.00025800159818347346
degarelix,entrectinib,eribulin,0.00024906207643866885
degarelix,entrectinib,tucatinib,0.00022234210624979755
eribulin,fulvestrant,hydroxychloroquine,0.0002159658597453649
eribulin,fulvestrant,midazolam,0.00021596585974535776
eribulin,fentanyl,fulvestrant,0.00021596585974524693
eribulin,fulvestrant,propofol,0.00021596585974508059
canagliflozin,eribulin,fulvestrant,0.00021596585974506034
eribulin,fulvestrant,pF-03084014,0.0002159658597449655
alpelisib,degarelix,eribulin,0.00021502792727639164
capecitabine,degarelix,entrectinib,0.0001916654954279654
exemestane,panobinostat,propofol,0.00018103564769233078
exemestane,pF-03084014,panobinostat,0.0001810356476913667
exemestane,fentanyl,panobinostat,0.0001810356476913409
exemestane,hydroxychloroquine,panobinostat,0.00018103564769116298
exemestane,midazolam,panobinostat,0.00018103564769100396
canagliflozin,exemestane,panobinostat,0.000181035647690835
eribulin,goserelin,midazolam,0.00018055548634904081
eribulin,goserelin,hydroxychloroquine,0.00018055548634865397
eribulin,fentanyl,goserelin,0.00018055548634831014
eribulin,goserelin,propofol,0.0001805554863480898
canagliflozin,eribulin,goserelin,0.00018055548634801386
eribulin,goserelin,pF-03084014,0.00018055548634684596
eribulin,everolimus,fentanyl,0.00016798704015108805
eribulin,everolimus,midazolam,0.00016798704015088807
eribulin,everolimus,pF-03084014,0.0001679870401497348
eribulin,everolimus,propofol,0.00016798704014956426
eribulin,everolimus,hydroxychloroquine,0.00016798704014900484
canagliflozin,eribulin,everolimus,0.00016798704014849944
degarelix,lapatinib,tucatinib,0.00016713829757940502
alpelisib,capecitabine,degarelix,0.00016287338742274746
fulvestrant,panobinostat,propofol,0.0001514741874203732
fentanyl,fulvestrant,panobinostat,0.0001514741874201302
fulvestrant,midazolam,panobinostat,0.00015147418741981832
canagliflozin,fulvestrant,panobinostat,0.0001514741874197716
fulvestrant,hydroxychloroquine,panobinostat,0.00015147418741933566
fulvestrant,pF-03084014,panobinostat,0.0001514741874191634
capecitabine,exemestane,propofol,0.00014949746171037773
capecitabine,exemestane,pF-03084014,0.00014949746170996926
capecitabine,exemestane,hydroxychloroquine,0.00014949746170983866
capecitabine,exemestane,midazolam,0.00014949746170946461
canagliflozin,capecitabine,exemestane,0.00014949746170933313
capecitabine,exemestane,fentanyl,0.00014949746170904923
degarelix,eribulin,tucatinib,0.00014633009276947306
degarelix,entrectinib,panobinostat,0.00014185738720114553
degarelix,entrectinib,epirubicin,0.00012455421969965094
canagliflozin,letrozole,paclitaxel,0.00012425096126753843
hydroxychloroquine,letrozole,paclitaxel,0.00012425096126710916
letrozole,paclitaxel,propofol,0.00012425096126621508
letrozole,pF-03084014,paclitaxel,0.00012425096126603827
letrozole,midazolam,paclitaxel,0.00012425096126598536
fentanyl,letrozole,paclitaxel,0.0001242509612655087
degarelix,entrectinib,paclitaxel,0.00012385293456126752
degarelix,docetaxel,entrectinib,0.0001234511492171603
degarelix,entrectinib,gemcitabine,0.0001221464726982624
degarelix,entrectinib,pF-03084014,0.00012195478831426596
degarelix,entrectinib,midazolam,0.00012195478831358337
degarelix,entrectinib,propofol,0.00012195478831337617
degarelix,entrectinib,fentanyl,0.00012195478831309585
canagliflozin,degarelix,entrectinib,0.00012195478831297423
degarelix,entrectinib,hydroxychloroquine,0.00012195478831266125
alpelisib,degarelix,panobinostat,0.00012133911358945567
alpelisib,degarelix,epirubicin,0.00011517215560252543
alpelisib,degarelix,paclitaxel,0.00011469647855122717
alpelisib,degarelix,docetaxel,0.00011439162218889567
alpelisib,degarelix,gemcitabine,0.00011345677094059518
alpelisib,degarelix,fentanyl,0.00011331751638340942
alpelisib,degarelix,midazolam,0.00011331751638338661
alpelisib,degarelix,pF-03084014,0.00011331751638316977
alpelisib,degarelix,propofol,0.00011331751638282956
alpelisib,degarelix,hydroxychloroquine,0.00011331751638257232
alpelisib,canagliflozin,degarelix,0.00011331751638179037
everolimus,midazolam,paclitaxel,0.00010862429293470836
everolimus,fentanyl,paclitaxel,0.00010862429293465813
everolimus,paclitaxel,propofol,0.00010862429293361813
everolimus,pF-03084014,paclitaxel,0.00010862429293343641
everolimus,hydroxychloroquine,paclitaxel,0.00010862429293323056
canagliflozin,everolimus,paclitaxel,0.00010862429293284715
eribulin,lY2835219,midazolam,0.0001022773314700952
eribulin,lY2835219,propofol,0.00010227733147000247
eribulin,fentanyl,lY2835219,0.00010227733146972528
canagliflozin,eribulin,lY2835219,0.00010227733146961675
eribulin,hydroxychloroquine,lY2835219,0.0001022773314692757
eribulin,lY2835219,pF-03084014,0.00010227733146910883
capecitabine,fulvestrant,propofol,0.0001013664972730819
capecitabine,fulvestrant,midazolam,0.00010136649727294073
canagliflozin,capecitabine,fulvestrant,0.00010136649727293148
capecitabine,fulvestrant,hydroxychloroquine,0.00010136649727267309
capecitabine,fentanyl,fulvestrant,0.00010136649727250032
capecitabine,fulvestrant,pF-03084014,0.00010136649727242775
degarelix,eribulin,midazolam,9.74915264815207e-05
degarelix,eribulin,fentanyl,9.749152648137668e-05
degarelix,eribulin,pF-03084014,9.74915264812058e-05
degarelix,eribulin,hydroxychloroquine,9.749152648071324e-05
degarelix,eribulin,propofol,9.749152648065789e-05
canagliflozin,degarelix,eribulin,9.749152647947637e-05
canagliflozin,epirubicin,letrozole,9.723226373529498e-05
epirubicin,fentanyl,letrozole,9.723226373398998e-05
epirubicin,letrozole,midazolam,9.723226373395783e-05
epirubicin,letrozole,propofol,9.723226373392801e-05
epirubicin,hydroxychloroquine,letrozole,9.723226373376343e-05
epirubicin,letrozole,pF-03084014,9.723226373364935e-05
capecitabine,degarelix,tucatinib,9.569129578324531e-05
epirubicin,everolimus,fentanyl,9.562911236267929e-05
epirubicin,everolimus,midazolam,9.562911236222075e-05
epirubicin,everolimus,propofol,9.5629112360871e-05
epirubicin,everolimus,pF-03084014,9.562911236058742e-05
canagliflozin,epirubicin,everolimus,9.562911236014361e-05
epirubicin,everolimus,hydroxychloroquine,9.562911235942474e-05
degarelix,fentanyl,lapatinib,9.50440230642609e-05
degarelix,lapatinib,midazolam,9.504402306405562e-05
degarelix,lapatinib,pF-03084014,9.504402306346006e-05
degarelix,lapatinib,propofol,9.504402306334336e-05
canagliflozin,degarelix,lapatinib,9.504402306253405e-05
degarelix,hydroxychloroquine,lapatinib,9.504402306189344e-05
lY2835219,panobinostat,propofol,9.196093740110535e-05
fentanyl,lY2835219,panobinostat,9.196093740041893e-05
lY2835219,midazolam,panobinostat,9.196093740036605e-05
canagliflozin,lY2835219,panobinostat,9.196093740013833e-05
lY2835219,pF-03084014,panobinostat,9.196093739911702e-05
hydroxychloroquine,lY2835219,panobinostat,9.196093739905682e-05
goserelin,midazolam,panobinostat,8.776213454892616e-05
goserelin,panobinostat,propofol,8.77621345488072e-05
fentanyl,goserelin,panobinostat,8.776213454861829e-05
canagliflozin,goserelin,panobinostat,8.776213454814996e-05
goserelin,hydroxychloroquine,panobinostat,8.776213454804955e-05
goserelin,pF-03084014,panobinostat,8.776213454646866e-05
entrectinib,eribulin,tucatinib,8.4385423775398e-05
capecitabine,goserelin,midazolam,8.261973278348559e-05
capecitabine,goserelin,propofol,8.261973278295293e-05
capecitabine,goserelin,hydroxychloroquine,8.261973278282399e-05
canagliflozin,capecitabine,goserelin,8.261973278274687e-05
capecitabine,fentanyl,goserelin,8.261973278242543e-05
capecitabine,goserelin,pF-03084014,8.261973278117002e-05
capecitabine,entrectinib,tucatinib,7.729611848905039e-05
anastrozole,hydroxychloroquine,paclitaxel,7.692238036615266e-05
anastrozole,canagliflozin,paclitaxel,7.692238036525717e-05
anastrozole,pF-03084014,paclitaxel,7.692238036524003e-05
anastrozole,paclitaxel,propofol,7.692238036499161e-05
anastrozole,midazolam,paclitaxel,7.692238036493862e-05
anastrozole,fentanyl,paclitaxel,7.692238036463095e-05
docetaxel,hydroxychloroquine,letrozole,6.996460799814298e-05
canagliflozin,docetaxel,letrozole,6.996460799807578e-05
docetaxel,letrozole,pF-03084014,6.996460799732302e-05
docetaxel,letrozole,propofol,6.996460799695107e-05
docetaxel,letrozole,midazolam,6.996460799619653e-05
docetaxel,fentanyl,letrozole,6.99646079961621e-05
entrectinib,panobinostat,tucatinib,6.88332036340413e-05
docetaxel,everolimus,fentanyl,6.524306180830088e-05
docetaxel,everolimus,midazolam,6.524306180790889e-05
docetaxel,everolimus,pF-03084014,6.524306180771052e-05
docetaxel,everolimus,propofol,6.524306180734346e-05
docetaxel,everolimus,hydroxychloroquine,6.524306180725372e-05
canagliflozin,docetaxel,everolimus,6.524306180637386e-05
alpelisib,hydroxychloroquine,vinorelbine,6.341541594123872e-05
alpelisib,pF-03084014,vinorelbine,6.341541594116336e-05
alpelisib,canagliflozin,vinorelbine,6.341541594069943e-05
alpelisib,fentanyl,vinorelbine,6.341541594060127e-05
alpelisib,propofol,vinorelbine,6.341541594010585e-05
alpelisib,midazolam,vinorelbine,6.341541594002908e-05
capecitabine,lY2835219,propofol,6.2169893324617e-05
capecitabine,lY2835219,midazolam,6.216989332429139e-05
canagliflozin,capecitabine,lY2835219,6.216989332410117e-05
capecitabine,fentanyl,lY2835219,6.216989332359199e-05
capecitabine,hydroxychloroquine,lY2835219,6.216989332319719e-05
capecitabine,lY2835219,pF-03084014,6.216989332318429e-05
anastrozole,epirubicin,fentanyl,6.1449477906982e-05
anastrozole,canagliflozin,epirubicin,6.144947790688354e-05
anastrozole,epirubicin,midazolam,6.144947790678091e-05
anastrozole,epirubicin,pF-03084014,6.144947790672093e-05
anastrozole,epirubicin,hydroxychloroquine,6.144947790667672e-05
anastrozole,epirubicin,propofol,6.144947790657435e-05
eribulin,pF-03084014,palbociclib,6.0550665858150486e-05
eribulin,midazolam,palbociclib,6.0550665857816314e-05
canagliflozin,eribulin,palbociclib,6.0550665857623556e-05
eribulin,fentanyl,palbociclib,6.055066585757476e-05
eribulin,hydroxychloroquine,palbociclib,6.0550665857124884e-05
eribulin,palbociclib,propofol,6.055066585575863e-05
entrectinib,epirubicin,tucatinib,5.405924431793175e-05
entrectinib,paclitaxel,tucatinib,5.381642857139174e-05
degarelix,panobinostat,tucatinib,5.368829955885897e-05
docetaxel,entrectinib,tucatinib,5.367731281992063e-05
entrectinib,gemcitabine,tucatinib,5.3225576449548854e-05
entrectinib,pF-03084014,tucatinib,5.31592068904597e-05
canagliflozin,entrectinib,tucatinib,5.315920689007972e-05
entrectinib,propofol,tucatinib,5.31592068896418e-05
entrectinib,midazolam,tucatinib,5.3159206889239644e-05
entrectinib,hydroxychloroquine,tucatinib,5.315920688917545e-05
entrectinib,fentanyl,tucatinib,5.31592068887574e-05
alpelisib,fentanyl,lapatinib,4.964005874472056e-05
alpelisib,lapatinib,midazolam,4.964005874456553e-05
alpelisib,canagliflozin,lapatinib,4.964005874452479e-05
alpelisib,lapatinib,propofol,4.964005874438017e-05
alpelisib,lapatinib,pF-03084014,4.964005874412076e-05
alpelisib,hydroxychloroquine,lapatinib,4.9640058743229464e-05
degarelix,epirubicin,tucatinib,4.903524698362508e-05
degarelix,paclitaxel,tucatinib,4.8547710525307455e-05
degarelix,docetaxel,tucatinib,4.8268387619349764e-05
degarelix,gemcitabine,tucatinib,4.736137086676921e-05
degarelix,pF-03084014,tucatinib,4.722811105457707e-05
degarelix,fentanyl,tucatinib,4.7228111054485536e-05
degarelix,midazolam,tucatinib,4.722811105440717e-05
degarelix,propofol,tucatinib,4.7228111053932607e-05
degarelix,hydroxychloroquine,tucatinib,4.722811105362476e-05
canagliflozin,degarelix,tucatinib,4.722811105277935e-05
capecitabine,degarelix,midazolam,4.70184901261574e-05
capecitabine,degarelix,pF-03084014,4.70184901257218e-05
capecitabine,degarelix,propofol,4.701849012571294e-05
capecitabine,degarelix,fentanyl,4.7018490125683884e-05
capecitabine,degarelix,hydroxychloroquine,4.7018490125075226e-05
canagliflozin,capecitabine,degarelix,4.701849012440128e-05
anastrozole,docetaxel,hydroxychloroquine,4.3795576322522654e-05
anastrozole,docetaxel,pF-03084014,4.3795576321860986e-05
anastrozole,canagliflozin,docetaxel,4.3795576321130735e-05
anastrozole,docetaxel,propofol,4.3795576321063765e-05
anastrozole,docetaxel,fentanyl,4.379557632062054e-05
anastrozole,docetaxel,midazolam,4.379557632048601e-05
pF-03084014,tucatinib,vinorelbine,3.2243828594920266e-05
hydroxychloroquine,tucatinib,vinorelbine,3.224382859464076e-05
canagliflozin,tucatinib,vinorelbine,3.224382859403805e-05
fentanyl,tucatinib,vinorelbine,3.2243828594027006e-05
propofol,tucatinib,vinorelbine,3.224382859355852e-05
midazolam,tucatinib,vinorelbine,3.224382859339929e-05
entrectinib,eribulin,pF-03084014,2.9615761652169418e-05
canagliflozin,entrectinib,eribulin,2.961576165185774e-05
entrectinib,eribulin,propofol,2.9615761651448075e-05
entrectinib,eribulin,midazolam,2.9615761651434173e-05
entrectinib,eribulin,hydroxychloroquine,2.9615761651344943e-05
entrectinib,eribulin,fentanyl,2.9615761650729543e-05
capecitabine,pF-03084014,palbociclib,2.8219999036083876e-05
canagliflozin,capecitabine,palbociclib,2.8219999035965878e-05
capecitabine,midazolam,palbociclib,2.8219999035870407e-05
capecitabine,fentanyl,palbociclib,2.8219999035299378e-05
capecitabine,hydroxychloroquine,palbociclib,2.8219999034904267e-05
capecitabine,palbociclib,propofol,2.821999903423107e-05
fentanyl,lapatinib,tucatinib,2.4866163469566637e-05
lapatinib,midazolam,tucatinib,2.486616346935609e-05
lapatinib,pF-03084014,tucatinib,2.4866163469298006e-05
canagliflozin,lapatinib,tucatinib,2.4866163469283732e-05
lapatinib,propofol,tucatinib,2.4866163469253188e-05
hydroxychloroquine,lapatinib,tucatinib,2.4866163468051855e-05
canagliflozin,capecitabine,entrectinib,2.2692216996662744e-05
capecitabine,entrectinib,pF-03084014,2.2692216996565518e-05
capecitabine,entrectinib,propofol,2.2692216996383226e-05
capecitabine,entrectinib,midazolam,2.269221699595096e-05
capecitabine,entrectinib,hydroxychloroquine,2.269221699558703e-05
capecitabine,entrectinib,fentanyl,2.2692216994916846e-05
fentanyl,palbociclib,panobinostat,2.0411279465613345e-05
pF-03084014,palbociclib,panobinostat,2.041127946550362e-05
canagliflozin,palbociclib,panobinostat,2.041127946549007e-05
midazolam,palbociclib,panobinostat,2.0411279465432087e-05
hydroxychloroquine,palbociclib,panobinostat,2.0411279464250926e-05
palbociclib,panobinostat,propofol,2.0411279464206447e-05
entrectinib,panobinostat,propofol,1.4558203568264722e-05
canagliflozin,entrectinib,panobinostat,1.4558203568093064e-05
entrectinib,pF-03084014,panobinostat,1.4558203567891378e-05
entrectinib,midazolam,panobinostat,1.455820356741877e-05
entrectinib,fentanyl,panobinostat,1.4558203567136934e-05
entrectinib,hydroxychloroquine,panobinostat,1.4558203566839812e-05
canagliflozin,gemcitabine,letrozole,1.2547489236557787e-05
gemcitabine,letrozole,pF-03084014,1.2547489235660073e-05
gemcitabine,hydroxychloroquine,letrozole,1.2547489235584679e-05
fentanyl,gemcitabine,letrozole,1.254748923536714e-05
gemcitabine,letrozole,propofol,1.2547489235242159e-05
gemcitabine,letrozole,midazolam,1.2547489234967198e-05
everolimus,fentanyl,gemcitabine,1.0969429392515718e-05
everolimus,gemcitabine,midazolam,1.0969429391689364e-05
everolimus,gemcitabine,pF-03084014,1.096942939105738e-05
everolimus,gemcitabine,propofol,1.096942939064436e-05
canagliflozin,everolimus,gemcitabine,1.0969429389865662e-05
everolimus,gemcitabine,hydroxychloroquine,1.096942938970522e-05
anastrozole,gemcitabine,pF-03084014,7.768010242144863e-06
anastrozole,gemcitabine,hydroxychloroquine,7.768010241911171e-06
anastrozole,fentanyl,gemcitabine,7.768010241772407e-06
anastrozole,canagliflozin,gemcitabine,7.768010241559563e-06
anastrozole,gemcitabine,propofol,7.768010241301689e-06
anastrozole,gemcitabine,midazolam,7.768010241203496e-06
exemestane,hydroxychloroquine,paclitaxel,7.123641417044774e-06
exemestane,paclitaxel,propofol,7.1236414167189465e-06
exemestane,pF-03084014,paclitaxel,7.123641416497252e-06
canagliflozin,exemestane,paclitaxel,7.123641416098288e-06
exemestane,midazolam,paclitaxel,7.123641415990575e-06
exemestane,fentanyl,paclitaxel,7.1236414156544565e-06
epirubicin,exemestane,propofol,6.271410263889306e-06
epirubicin,exemestane,fentanyl,6.271410263593135e-06
epirubicin,exemestane,pF-03084014,6.271410263565762e-06
epirubicin,exemestane,midazolam,6.27141026342048e-06
canagliflozin,epirubicin,exemestane,6.271410263312282e-06
epirubicin,exemestane,hydroxychloroquine,6.271410263156455e-06
degarelix,fentanyl,panobinostat,5.344395328526714e-06
degarelix,midazolam,panobinostat,5.344395328247958e-06
degarelix,panobinostat,propofol,5.344395328217177e-06
degarelix,pF-03084014,panobinostat,5.344395327670414e-06
degarelix,hydroxychloroquine,panobinostat,5.344395326950768e-06
canagliflozin,degarelix,panobinostat,5.344395326454345e-06
fulvestrant,hydroxychloroquine,paclitaxel,5.3078822361415764e-06
canagliflozin,fulvestrant,paclitaxel,5.307882235958986e-06
fulvestrant,midazolam,paclitaxel,5.307882235729033e-06
fulvestrant,paclitaxel,propofol,5.307882235685448e-06
fentanyl,fulvestrant,paclitaxel,5.307882235367893e-06
fulvestrant,pF-03084014,paclitaxel,5.307882235218102e-06
epirubicin,fentanyl,fulvestrant,4.361352783876504e-06
canagliflozin,epirubicin,fulvestrant,4.361352783742911e-06
epirubicin,fulvestrant,midazolam,4.36135278372887e-06
epirubicin,fulvestrant,propofol,4.361352783425741e-06
epirubicin,fulvestrant,pF-03084014,4.3613527828565454e-06
epirubicin,fulvestrant,hydroxychloroquine,4.36135278282319e-06
docetaxel,exemestane,hydroxychloroquine,4.278676205068868e-06
docetaxel,exemestane,pF-03084014,4.2786762047722966e-06
docetaxel,exemestane,propofol,4.278676204445206e-06
canagliflozin,docetaxel,exemestane,4.2786762036259535e-06
docetaxel,exemestane,fentanyl,4.278676203298149e-06
docetaxel,exemestane,midazolam,4.278676203192056e-06
alpelisib,eribulin,hydroxychloroquine,4.2188844191588e-06
alpelisib,eribulin,midazolam,4.218884419140153e-06
alpelisib,eribulin,pF-03084014,4.2188844189760255e-06
alpelisib,eribulin,fentanyl,4.218884418945868e-06
alpelisib,eribulin,propofol,4.218884418804226e-06
alpelisib,canagliflozin,eribulin,4.218884418576653e-06
goserelin,hydroxychloroquine,paclitaxel,3.749408145642546e-06
goserelin,midazolam,paclitaxel,3.7494081456239662e-06
canagliflozin,goserelin,paclitaxel,3.749408145124443e-06
goserelin,paclitaxel,propofol,3.749408144906557e-06
fentanyl,goserelin,paclitaxel,3.7494081446430568e-06
goserelin,pF-03084014,paclitaxel,3.749408143310422e-06
epirubicin,goserelin,midazolam,3.4231044235437807e-06
epirubicin,fentanyl,goserelin,3.423104423071647e-06
canagliflozin,epirubicin,goserelin,3.423104422828347e-06
epirubicin,goserelin,propofol,3.423104422566829e-06
epirubicin,goserelin,hydroxychloroquine,3.4231044222441382e-06
epirubicin,goserelin,pF-03084014,3.4231044208688447e-06
docetaxel,fulvestrant,hydroxychloroquine,3.0685230405190322e-06
docetaxel,fulvestrant,pF-03084014,3.0685230398465067e-06
canagliflozin,docetaxel,fulvestrant,3.0685230398400125e-06
docetaxel,fulvestrant,propofol,3.0685230397650687e-06
docetaxel,fentanyl,fulvestrant,3.068523039364947e-06
docetaxel,fulvestrant,midazolam,3.0685230392838727e-06
lY2835219,paclitaxel,propofol,2.8717450658006777e-06
canagliflozin,lY2835219,paclitaxel,2.8717450657087877e-06
lY2835219,midazolam,paclitaxel,2.8717450656598144e-06
hydroxychloroquine,lY2835219,paclitaxel,2.8717450652457758e-06
fentanyl,lY2835219,paclitaxel,2.8717450650396643e-06
lY2835219,pF-03084014,paclitaxel,2.8717450645547638e-06
alpelisib,panobinostat,propofol,2.677201886208283e-06
alpelisib,fentanyl,panobinostat,2.6772018859406724e-06
alpelisib,midazolam,panobinostat,2.6772018857121594e-06
alpelisib,canagliflozin,panobinostat,2.6772018853993887e-06
alpelisib,pF-03084014,panobinostat,2.677201885285397e-06
alpelisib,hydroxychloroquine,panobinostat,2.677201885241076e-06
epirubicin,lY2835219,midazolam,2.587324995304952e-06
epirubicin,fentanyl,lY2835219,2.5873249951935766e-06
epirubicin,lY2835219,propofol,2.5873249951862726e-06
canagliflozin,epirubicin,lY2835219,2.5873249951380138e-06
epirubicin,lY2835219,pF-03084014,2.587324993838508e-06
epirubicin,hydroxychloroquine,lY2835219,2.58732499357269e-06
alpelisib,capecitabine,propofol,2.5373809207986736e-06
alpelisib,capecitabine,midazolam,2.5373809207162425e-06
alpelisib,capecitabine,hydroxychloroquine,2.5373809204601836e-06
alpelisib,canagliflozin,capecitabine,2.5373809204409555e-06
alpelisib,capecitabine,pF-03084014,2.5373809204314187e-06
alpelisib,capecitabine,fentanyl,2.5373809201924724e-06
docetaxel,goserelin,hydroxychloroquine,2.2989256863223023e-06
docetaxel,goserelin,midazolam,2.2989256854811063e-06
canagliflozin,docetaxel,goserelin,2.2989256853077703e-06
docetaxel,goserelin,propofol,2.298925685288479e-06
docetaxel,fentanyl,goserelin,2.298925684942412e-06
docetaxel,goserelin,pF-03084014,2.298925684241128e-06
degarelix,epirubicin,fentanyl,1.753264948387306e-06
degarelix,epirubicin,midazolam,1.7532649482728093e-06
degarelix,epirubicin,pF-03084014,1.753264947477847e-06
degarelix,epirubicin,propofol,1.7532649473840365e-06
degarelix,epirubicin,hydroxychloroquine,1.7532649465525777e-06
canagliflozin,degarelix,epirubicin,1.7532649465399713e-06
docetaxel,lY2835219,propofol,1.7475531295987252e-06
docetaxel,hydroxychloroquine,lY2835219,1.7475531293416574e-06
canagliflozin,docetaxel,lY2835219,1.7475531293082399e-06
docetaxel,lY2835219,midazolam,1.7475531289330805e-06
docetaxel,lY2835219,pF-03084014,1.7475531289015948e-06
docetaxel,fentanyl,lY2835219,1.7475531287551447e-06
eribulin,pF-03084014,tucatinib,1.6104552413031815e-06
eribulin,hydroxychloroquine,tucatinib,1.6104552411310957e-06
eribulin,midazolam,tucatinib,1.610455241080616e-06
eribulin,fentanyl,tucatinib,1.6104552409418514e-06
eribulin,propofol,tucatinib,1.6104552408271507e-06
canagliflozin,eribulin,tucatinib,1.6104552404855044e-06
capecitabine,propofol,tucatinib,1.444694610238078e-06
capecitabine,pF-03084014,tucatinib,1.4446946101750553e-06
capecitabine,midazolam,tucatinib,1.4446946100731837e-06
capecitabine,hydroxychloroquine,tucatinib,1.4446946098489588e-06
canagliflozin,capecitabine,tucatinib,1.4446946097662865e-06
capecitabine,fentanyl,tucatinib,1.4446946096049363e-06
degarelix,midazolam,paclitaxel,1.2802620227639235e-06
degarelix,fentanyl,paclitaxel,1.2802620223696455e-06
degarelix,hydroxychloroquine,paclitaxel,1.2802620223619157e-06
degarelix,pF-03084014,paclitaxel,1.2802620223303548e-06
degarelix,paclitaxel,propofol,1.2802620221346934e-06
canagliflozin,degarelix,paclitaxel,1.280262021246997e-06
canagliflozin,epirubicin,palbociclib,1.1274546704464835e-06
epirubicin,fentanyl,palbociclib,1.1274546703447224e-06
epirubicin,midazolam,palbociclib,1.1274546703277256e-06
epirubicin,pF-03084014,palbociclib,1.1274546701818445e-06
epirubicin,hydroxychloroquine,palbociclib,1.1274546687235246e-06
epirubicin,palbociclib,propofol,1.1274546682440913e-06
panobinostat,propofol,tucatinib,1.1157931845531202e-06
fentanyl,panobinostat,tucatinib,1.1157931842585691e-06
midazolam,panobinostat,tucatinib,1.1157931839745338e-06
pF-03084014,panobinostat,tucatinib,1.1157931839344655e-06
canagliflozin,panobinostat,tucatinib,1.1157931836301526e-06
hydroxychloroquine,panobinostat,tucatinib,1.1157931835352839e-06
canagliflozin,paclitaxel,palbociclib,1.09771383725551e-06
pF-03084014,paclitaxel,palbociclib,1.0977138371363535e-06
midazolam,paclitaxel,palbociclib,1.0977138369208407e-06
hydroxychloroquine,paclitaxel,palbociclib,1.0977138366348636e-06
fentanyl,paclitaxel,palbociclib,1.0977138364290636e-06
paclitaxel,palbociclib,propofol,1.0977138350967494e-06
degarelix,docetaxel,pF-03084014,1.0092657730631718e-06
degarelix,docetaxel,hydroxychloroquine,1.0092657728437833e-06
degarelix,docetaxel,fentanyl,1.0092657724711116e-06
degarelix,docetaxel,midazolam,1.0092657724231753e-06
degarelix,docetaxel,propofol,1.0092657723187268e-06
canagliflozin,degarelix,docetaxel,1.0092657712324354e-06
canagliflozin,entrectinib,epirubicin,8.461664473030495e-07
entrectinib,epirubicin,pF-03084014,8.461664468231717e-07
entrectinib,epirubicin,midazolam,8.461664465679806e-07
entrectinib,epirubicin,propofol,8.461664465559412e-07
entrectinib,epirubicin,fentanyl,8.461664461218871e-07
entrectinib,epirubicin,hydroxychloroquine,8.461664455659825e-07
docetaxel,pF-03084014,palbociclib,7.211316848386628e-07
canagliflozin,docetaxel,palbociclib,7.21131684210441e-07
docetaxel,hydroxychloroquine,palbociclib,7.211316840862236e-07
docetaxel,midazolam,palbociclib,7.21131683549585e-07
docetaxel,fentanyl,palbociclib,7.21131683500022e-07
docetaxel,palbociclib,propofol,7.211316822502751e-07
exemestane,gemcitabine,pF-03084014,7.193812705881972e-07
exemestane,gemcitabine,propofol,7.193812702151455e-07
exemestane,gemcitabine,hydroxychloroquine,7.193812699894124e-07
exemestane,fentanyl,gemcitabine,7.193812699820353e-07
canagliflozin,exemestane,gemcitabine,7.193812695868018e-07
exemestane,gemcitabine,midazolam,7.193812694415693e-07
canagliflozin,entrectinib,paclitaxel,6.178842337877004e-07
entrectinib,pF-03084014,paclitaxel,6.178842334533047e-07
entrectinib,hydroxychloroquine,paclitaxel,6.178842331529456e-07
entrectinib,paclitaxel,propofol,6.178842330842237e-07
entrectinib,midazolam,paclitaxel,6.178842328367201e-07
entrectinib,fentanyl,paclitaxel,6.178842318818524e-07
fentanyl,fulvestrant,gemcitabine,5.360167432689281e-07
canagliflozin,fulvestrant,gemcitabine,5.360167430209565e-07
fulvestrant,gemcitabine,pF-03084014,5.36016742882504e-07
fulvestrant,gemcitabine,propofol,5.360167427551046e-07
fulvestrant,gemcitabine,midazolam,5.360167427534829e-07
fulvestrant,gemcitabine,hydroxychloroquine,5.36016742659672e-07
docetaxel,entrectinib,pF-03084014,4.870951386726826e-07
canagliflozin,docetaxel,entrectinib,4.870951382596998e-07
docetaxel,entrectinib,hydroxychloroquine,4.870951381213739e-07
docetaxel,entrectinib,propofol,4.870951377548177e-07
docetaxel,entrectinib,midazolam,4.870951369825327e-07
docetaxel,entrectinib,fentanyl,4.870951364698791e-07
gemcitabine,goserelin,midazolam,3.7863416103921366e-07
fentanyl,gemcitabine,goserelin,3.786341609348914e-07
canagliflozin,gemcitabine,goserelin,3.786341605772124e-07
gemcitabine,goserelin,hydroxychloroquine,3.7863416055144005e-07
gemcitabine,goserelin,propofol,3.786341603670122e-07
gemcitabine,goserelin,pF-03084014,3.78634159365623e-07
fentanyl,gemcitabine,lY2835219,2.900033156548569e-07
gemcitabine,lY2835219,propofol,2.9000331558449126e-07
canagliflozin,gemcitabine,lY2835219,2.900033154849146e-07
gemcitabine,lY2835219,midazolam,2.900033153984208e-07
gemcitabine,lY2835219,pF-03084014,2.9000331493332245e-07
gemcitabine,hydroxychloroquine,lY2835219,2.900033144780278e-07
degarelix,fentanyl,gemcitabine,1.292873229379016e-07
degarelix,gemcitabine,pF-03084014,1.2928732266197723e-07
degarelix,gemcitabine,midazolam,1.292873224555935e-07
degarelix,gemcitabine,propofol,1.292873218715708e-07
degarelix,gemcitabine,hydroxychloroquine,1.2928732154723134e-07
canagliflozin,degarelix,gemcitabine,1.2928732097618793e-07
gemcitabine,pF-03084014,palbociclib,1.1085268764314208e-07
fentanyl,gemcitabine,palbociclib,1.108526871724857e-07
canagliflozin,gemcitabine,palbociclib,1.1085268715986729e-07
gemcitabine,midazolam,palbociclib,1.1085268678767704e-07
gemcitabine,hydroxychloroquine,palbociclib,1.1085268599534544e-07
gemcitabine,palbociclib,propofol,1.1085268500879293e-07
alpelisib,epirubicin,fentanyl,1.0137427948999535e-07
alpelisib,epirubicin,midazolam,1.0137427942574135e-07
alpelisib,canagliflozin,epirubicin,1.0137427917374394e-07
alpelisib,epirubicin,propofol,1.013742790638728e-07
alpelisib,epirubicin,pF-03084014,1.0137427878156006e-07
alpelisib,epirubicin,hydroxychloroquine,1.013742785316161e-07
alpelisib,hydroxychloroquine,paclitaxel,9.870015320370515e-08
alpelisib,midazolam,paclitaxel,9.87001527796066e-08
alpelisib,canagliflozin,paclitaxel,9.870015274352069e-08
alpelisib,paclitaxel,propofol,9.87001526772811e-08
alpelisib,pF-03084014,paclitaxel,9.870015249681917e-08
alpelisib,fentanyl,paclitaxel,9.870015233508646e-08
alpelisib,docetaxel,hydroxychloroquine,6.484003994785284e-08
alpelisib,docetaxel,pF-03084014,6.484003949191617e-08
alpelisib,docetaxel,propofol,6.484003912359476e-08
alpelisib,canagliflozin,docetaxel,6.484003899123946e-08
alpelisib,docetaxel,midazolam,6.484003870113868e-08
alpelisib,docetaxel,fentanyl,6.48400386988327e-08
entrectinib,gemcitabine,pF-03084014,6.23970704802741e-08
canagliflozin,entrectinib,gemcitabine,6.23970702122384e-08
entrectinib,gemcitabine,propofol,6.239706951644795e-08
entrectinib,gemcitabine,midazolam,6.239706922373711e-08
entrectinib,fentanyl,gemcitabine,6.239706914545524e-08
entrectinib,gemcitabine,hydroxychloroquine,6.239706903360815e-08
epirubicin,fentanyl,tucatinib,5.3870989504221786e-08
epirubicin,midazolam,tucatinib,5.3870989384445265e-08
epirubicin,pF-03084014,tucatinib,5.38709891269589e-08
epirubicin,propofol,tucatinib,5.3870989105039755e-08
canagliflozin,epirubicin,tucatinib,5.387098910083788e-08
epirubicin,hydroxychloroquine,tucatinib,5.387098852215422e-08
hydroxychloroquine,paclitaxel,tucatinib,3.933745617489398e-08
pF-03084014,paclitaxel,tucatinib,3.933745582286876e-08
midazolam,paclitaxel,tucatinib,3.933745571896125e-08
paclitaxel,propofol,tucatinib,3.933745569909882e-08
canagliflozin,paclitaxel,tucatinib,3.9337455651265355e-08
fentanyl,paclitaxel,tucatinib,3.9337455329963636e-08
docetaxel,hydroxychloroquine,tucatinib,3.101079929284101e-08
docetaxel,pF-03084014,tucatinib,3.101079919176506e-08
docetaxel,propofol,tucatinib,3.1010798519211775e-08
canagliflozin,docetaxel,tucatinib,3.1010798272783434e-08
docetaxel,fentanyl,tucatinib,3.101079806750917e-08
docetaxel,midazolam,tucatinib,3.101079801429263e-08
alpelisib,fentanyl,gemcitabine,9.967241971827066e-09
alpelisib,gemcitabine,pF-03084014,9.967241896926154e-09
alpelisib,canagliflozin,gemcitabine,9.967241541196384e-09
alpelisib,gemcitabine,midazolam,9.967241539761331e-09
alpelisib,gemcitabine,propofol,9.967241482643153e-09
alpelisib,gemcitabine,hydroxychloroquine,9.967241457505358e-09
gemcitabine,pF-03084014,tucatinib,3.9724973167188575e-09
fentanyl,gemcitabine,tucatinib,3.972497060447364e-09
gemcitabine,propofol,tucatinib,3.972496598203991e-09
gemcitabine,midazolam,tucatinib,3.972496572859102e-09
canagliflozin,gemcitabine,tucatinib,3.972496542684182e-09
gemcitabine,hydroxychloroquine,tucatinib,3.972496522437341e-09
everolimus,fentanyl,pF-03084014,6.281532645692703e-15
degarelix,fentanyl,pF-03084014,5.326587682668884e-15
canagliflozin,entrectinib,pF-03084014,5.114150232181347e-15
fentanyl,lapatinib,pF-03084014,5.032989986998263e-15
fentanyl,pF-03084014,palbociclib,4.965173866251562e-15
epirubicin,fentanyl,pF-03084014,4.768265594570475e-15
entrectinib,fentanyl,pF-03084014,4.637113954139957e-15
fentanyl,pF-03084014,panobinostat,4.481281960285469e-15
everolimus,fentanyl,hydroxychloroquine,4.364850866286465e-15
fentanyl,gemcitabine,pF-03084014,4.364481894055107e-15
canagliflozin,pF-03084014,palbociclib,4.362808575654959e-15
fentanyl,pF-03084014,tucatinib,4.3564223785558184e-15
canagliflozin,entrectinib,propofol,4.347045156489093e-15
entrectinib,pF-03084014,propofol,4.279162079609392e-15
canagliflozin,lapatinib,midazolam,4.212254384904523e-15
exemestane,fentanyl,pF-03084014,4.1639249819942056e-15
canagliflozin,entrectinib,midazolam,4.143470229763443e-15
canagliflozin,lY2835219,propofol,4.141820298985507e-15
canagliflozin,letrozole,pF-03084014,4.0985126909776944e-15
eribulin,fentanyl,pF-03084014,4.085895408364643e-15
fentanyl,lY2835219,pF-03084014,4.053619621658124e-15
canagliflozin,lY2835219,midazolam,4.044885780269131e-15
alpelisib,fentanyl,pF-03084014,4.034554227573704e-15
canagliflozin,epirubicin,midazolam,4.026458142151847e-15
everolimus,hydroxychloroquine,midazolam,3.991565327918828e-15
canagliflozin,everolimus,midazolam,3.959570372758425e-15
canagliflozin,fentanyl,lapatinib,3.918645711493004e-15
canagliflozin,lapatinib,propofol,3.910764471482802e-15
canagliflozin,lapatinib,pF-03084014,3.904809235241272e-15
canagliflozin,everolimus,fentanyl,3.8778079764321306e-15
canagliflozin,letrozole,propofol,3.877316601236089e-15
fentanyl,fulvestrant,pF-03084014,3.840615492091425e-15
hydroxychloroquine,midazolam,paclitaxel,3.827322508749567e-15
hydroxychloroquine,paclitaxel,propofol,3.806807161990959e-15
exemestane,hydroxychloroquine,propofol,3.7955927583682255e-15
canagliflozin,midazolam,palbociclib,3.793200522146304e-15
canagliflozin,fentanyl,pF-03084014,3.777434481134951e-15
fentanyl,pF-03084014,paclitaxel,3.7641436085592e-15
anastrozole,fentanyl,pF-03084014,3.7102978340855966e-15
hydroxychloroquine,panobinostat,propofol,3.698154564159605e-15
canagliflozin,letrozole,midazolam,3.691495195908161e-15
everolimus,pF-03084014,propofol,3.681226380597305e-15
canagliflozin,panobinostat,propofol,3.677023622806946e-15
exemestane,pF-03084014,propofol,3.668090617036885e-15
fentanyl,pF-03084014,vinorelbine,3.648666164809833e-15
degarelix,fentanyl,hydroxychloroquine,3.647317406968507e-15
canagliflozin,epirubicin,fentanyl,3.642077195353337e-15
degarelix,hydroxychloroquine,midazolam,3.618078499506618e-15
entrectinib,hydroxychloroquine,propofol,3.558783070786831e-15
canagliflozin,epirubicin,propofol,3.5484662213003285e-15
pF-03084014,panobinostat,propofol,3.5334783065173336e-15
degarelix,pF-03084014,propofol,3.5313122893449904e-15
hydroxychloroquine,lY2835219,propofol,3.52530161833016e-15
canagliflozin,epirubicin,pF-03084014,3.519604753160183e-15
fentanyl,letrozole,pF-03084014,3.4976133461426463e-15
capecitabine,fentanyl,pF-03084014,3.4926977214801623e-15
lapatinib,pF-03084014,propofol,3.477182973747175e-15
epirubicin,fentanyl,hydroxychloroquine,3.4365074352615736e-15
goserelin,hydroxychloroquine,midazolam,3.4351953493716415e-15
canagliflozin,fentanyl,lY2835219,3.3932047849564812e-15
fentanyl,hydroxychloroquine,paclitaxel,3.3892153608839616e-15
canagliflozin,midazolam,paclitaxel,3.3856279080328437e-15
eribulin,hydroxychloroquine,midazolam,3.3747305762965416e-15
epirubicin,hydroxychloroquine,midazolam,3.3658404473661534e-15
fentanyl,hydroxychloroquine,panobinostat,3.355146888091265e-15
canagliflozin,midazolam,panobinostat,3.2970235995240737e-15
hydroxychloroquine,letrozole,propofol,3.2945756727811165e-15
canagliflozin,lY2835219,pF-03084014,3.293930466985005e-15
canagliflozin,fentanyl,palbociclib,3.2698921027300594e-15
canagliflozin,goserelin,midazolam,3.268533075609771e-15
lY2835219,pF-03084014,propofol,3.2543093624462635e-15
canagliflozin,pF-03084014,tucatinib,3.2489123109055265e-15
canagliflozin,pF-03084014,paclitaxel,3.240168387535279e-15
hydroxychloroquine,lY2835219,midazolam,3.230433608324265e-15
docetaxel,fentanyl,pF-03084014,3.192185750782447e-15
eribulin,fentanyl,hydroxychloroquine,3.1868563129465605e-15
canagliflozin,fentanyl,letrozole,3.1833216705893863e-15
canagliflozin,exemestane,pF-03084014,3.178944682804907e-15
canagliflozin,paclitaxel,propofol,3.167179069984718e-15
pF-03084014,propofol,tucatinib,3.1652344077795076e-15
canagliflozin,fulvestrant,midazolam,3.159732856555425e-15
entrectinib,hydroxychloroquine,midazolam,3.1572746527716644e-15
canagliflozin,entrectinib,fentanyl,3.1570712577787704e-15
degarelix,hydroxychloroquine,propofol,3.142853343481089e-15
epirubicin,pF-03084014,propofol,3.126728847276581e-15
capecitabine,hydroxychloroquine,propofol,3.1212459155763843e-15
eribulin,hydroxychloroquine,propofol,3.1206120977703687e-15
hydroxychloroquine,midazolam,panobinostat,3.1202210495872126e-15
alpelisib,hydroxychloroquine,propofol,3.103291878958743e-15
fulvestrant,hydroxychloroquine,propofol,3.1013022855607138e-15
hydroxychloroquine,propofol,tucatinib,3.097239846051683e-15
everolimus,midazolam,pF-03084014,3.0943444178240227e-15
epirubicin,hydroxychloroquine,propofol,3.085782017804154e-15
canagliflozin,fentanyl,panobinostat,3.0769015033341953e-15
canagliflozin,fulvestrant,propofol,3.0722185984288824e-15
docetaxel,hydroxychloroquine,propofol,3.066467438275488e-15
fentanyl,hydroxychloroquine,lapatinib,3.0598787107282442e-15
everolimus,hydroxychloroquine,propofol,3.055355931027541e-15
fentanyl,fulvestrant,hydroxychloroquine,3.053259074851708e-15
alpelisib,hydroxychloroquine,midazolam,3.051612500060165e-15
canagliflozin,everolimus,pF-03084014,3.0417292194594965e-15
fentanyl,hydroxychloroquine,lY2835219,3.0338005477055456e-15
alpelisib,fentanyl,hydroxychloroquine,3.0306090581321994e-15
alpelisib,canagliflozin,pF-03084014,3.0141766613347446e-15
canagliflozin,pF-03084014,panobinostat,3.007588507447991e-15
anastrozole,hydroxychloroquine,propofol,3.00323140525796e-15
canagliflozin,fulvestrant,pF-03084014,3.002897040023573e-15
canagliflozin,exemestane,propofol,3.002614013661575e-15
canagliflozin,gemcitabine,pF-03084014,3.0014417654851907e-15
exemestane,fentanyl,hydroxychloroquine,3.0006157934890712e-15
fentanyl,hydroxychloroquine,tucatinib,2.997616486991519e-15
fulvestrant,hydroxychloroquine,midazolam,2.9908830523977376e-15
hydroxychloroquine,midazolam,tucatinib,2.963097400089185e-15
capecitabine,hydroxychloroquine,midazolam,2.9570047662655925e-15
canagliflozin,capecitabine,midazolam,2.9562666404229324e-15
alpelisib,canagliflozin,midazolam,2.9428688497402055e-15
canagliflozin,capecitabine,propofol,2.9225742984442055e-15
exemestane,hydroxychloroquine,midazolam,2.913218982412795e-15
anastrozole,fentanyl,hydroxychloroquine,2.9120819417403197e-15
canagliflozin,hydroxychloroquine,letrozole,2.9120602624017507e-15
hydroxychloroquine,letrozole,midazolam,2.9108207761636697e-15
anastrozole,canagliflozin,pF-03084014,2.907708058423763e-15
hydroxychloroquine,lapatinib,midazolam,2.8984394494458326e-15
canagliflozin,pF-03084014,propofol,2.891817570337369e-15
pF-03084014,paclitaxel,propofol,2.8909240798297225e-15
capecitabine,pF-03084014,propofol,2.883484631540924e-15
fentanyl,hydroxychloroquine,pF-03084014,2.8789854405099003e-15
fentanyl,goserelin,hydroxychloroquine,2.8778038398167816e-15
goserelin,hydroxychloroquine,propofol,2.8717914660623686e-15
fentanyl,hydroxychloroquine,letrozole,2.857695185538825e-15
canagliflozin,degarelix,midazolam,2.8546004178365898e-15
fentanyl,gemcitabine,hydroxychloroquine,2.8432468996417096e-15
canagliflozin,everolimus,propofol,2.8254274845776193e-15
hydroxychloroquine,midazolam,palbociclib,2.8211133119507465e-15
alpelisib,pF-03084014,propofol,2.8164257185637725e-15
canagliflozin,pF-03084014,vinorelbine,2.814430798030141e-15
canagliflozin,eribulin,midazolam,2.8110733055087667e-15
canagliflozin,capecitabine,pF-03084014,2.808771100535683e-15
alpelisib,canagliflozin,propofol,2.796614737349265e-15
anastrozole,hydroxychloroquine,midazolam,2.7962406287626024e-15
hydroxychloroquine,lapatinib,propofol,2.7948830273136304e-15
canagliflozin,midazolam,tucatinib,2.7909095658710522e-15
canagliflozin,eribulin,pF-03084014,2.7842716411415838e-15
canagliflozin,degarelix,pF-03084014,2.77512715751618e-15
canagliflozin,fentanyl,fulvestrant,2.7670609443154654e-15
fentanyl,hydroxychloroquine,palbociclib,2.7528528272284323e-15
eribulin,pF-03084014,propofol,2.7288398633519765e-15
canagliflozin,propofol,tucatinib,2.7271185205440315e-15
entrectinib,hydroxychloroquine,pF-03084014,2.684203872008412e-15
gemcitabine,pF-03084014,propofol,2.659883807161236e-15
letrozole,pF-03084014,propofol,2.643682503548463e-15
fentanyl,hydroxychloroquine,vinorelbine,2.6422066407115725e-15
entrectinib,fentanyl,hydroxychloroquine,2.6259236154809216e-15
fulvestrant,pF-03084014,propofol,2.5978473729639558e-15
docetaxel,fentanyl,hydroxychloroquine,2.5663082219904247e-15
docetaxel,hydroxychloroquine,midazolam,2.562201213868594e-15
canagliflozin,entrectinib,hydroxychloroquine,2.556425625550189e-15
canagliflozin,docetaxel,pF-03084014,2.552183063802536e-15
anastrozole,pF-03084014,propofol,2.510635967766762e-15
canagliflozin,goserelin,propofol,2.5071957010109795e-15
canagliflozin,gemcitabine,midazolam,2.5069490437399154e-15
canagliflozin,fentanyl,paclitaxel,2.492472825473308e-15
canagliflozin,fentanyl,gemcitabine,2.490379831162774e-15
degarelix,midazolam,pF-03084014,2.4834460857059505e-15
alpelisib,canagliflozin,fentanyl,2.4668174731183097e-15
capecitabine,fentanyl,hydroxychloroquine,2.4396476756791482e-15
gemcitabine,hydroxychloroquine,propofol,2.4294601425843137e-15
canagliflozin,degarelix,fentanyl,2.428791390604548e-15
gemcitabine,hydroxychloroquine,midazolam,2.4047681775249203e-15
docetaxel,pF-03084014,propofol,2.4015336372310354e-15
canagliflozin,fentanyl,tucatinib,2.3703807180794557e-15
canagliflozin,eribulin,propofol,2.3590213356930754e-15
entrectinib,midazolam,pF-03084014,2.3545623019296553e-15
canagliflozin,gemcitabine,propofol,2.33370751750979e-15
exemestane,hydroxychloroquine,pF-03084014,2.330239153040884e-15
canagliflozin,hydroxychloroquine,paclitaxel,2.318705871887919e-15
canagliflozin,exemestane,midazolam,2.3181737289956634e-15
anastrozole,canagliflozin,propofol,2.2612536202191353e-15
fentanyl,goserelin,pF-03084014,2.2565111799461845e-15
canagliflozin,fentanyl,goserelin,2.2560936313609808e-15
anastrozole,canagliflozin,midazolam,2.252196335013296e-15
hydroxychloroquine,pF-03084014,paclitaxel,2.2381122050708468e-15
hydroxychloroquine,propofol,vinorelbine,2.2221723291392486e-15
midazolam,pF-03084014,palbociclib,2.2195316614728318e-15
canagliflozin,degarelix,propofol,2.1814417705215415e-15
canagliflozin,eribulin,fentanyl,2.1681511074648552e-15
degarelix,hydroxychloroquine,pF-03084014,2.0948544560050535e-15
pF-03084014,palbociclib,propofol,2.072536496594266e-15
hydroxychloroquine,midazolam,vinorelbine,2.0636036221852875e-15
lapatinib,midazolam,pF-03084014,2.057648036214808e-15
docetaxel,hydroxychloroquine,pF-03084014,2.0465558309247266e-15
anastrozole,hydroxychloroquine,pF-03084014,2.008001568991914e-15
canagliflozin,capecitabine,fentanyl,1.9838616151425578e-15
hydroxychloroquine,pF-03084014,tucatinib,1.977349361942504e-15
canagliflozin,exemestane,fentanyl,1.950522605378009e-15
hydroxychloroquine,pF-03084014,palbociclib,1.9469705822782457e-15
pF-03084014,propofol,vinorelbine,1.9378205234010345e-15
canagliflozin,docetaxel,propofol,1.9304103966826242e-15
canagliflozin,palbociclib,propofol,1.9251805063136504e-15
anastrozole,canagliflozin,fentanyl,1.9129897132970832e-15
eribulin,hydroxychloroquine,pF-03084014,1.9041781287482032e-15
hydroxychloroquine,pF-03084014,vinorelbine,1.891455192442533e-15
epirubicin,midazolam,pF-03084014,1.883695917174011e-15
hydroxychloroquine,letrozole,pF-03084014,1.874087488052047e-15
hydroxychloroquine,pF-03084014,propofol,1.7362540863079062e-15
canagliflozin,hydroxychloroquine,lY2835219,1.7275771250603048e-15
alpelisib,hydroxychloroquine,pF-03084014,1.6791695284735491e-15
canagliflozin,fulvestrant,hydroxychloroquine,1.669006354811734e-15
canagliflozin,fentanyl,vinorelbine,1.666383528424095e-15
canagliflozin,epirubicin,hydroxychloroquine,1.641312325879159e-15
everolimus,hydroxychloroquine,pF-03084014,1.6299733914387448e-15
canagliflozin,docetaxel,midazolam,1.624077663565248e-15
canagliflozin,hydroxychloroquine,midazolam,1.6147792322758599e-15
canagliflozin,hydroxychloroquine,palbociclib,1.6039532686597071e-15
anastrozole,canagliflozin,hydroxychloroquine,1.562957898106364e-15
canagliflozin,hydroxychloroquine,propofol,1.5503352624300658e-15
canagliflozin,midazolam,vinorelbine,1.5428284445917408e-15
midazolam,pF-03084014,tucatinib,1.5080006021524403e-15
canagliflozin,propofol,vinorelbine,1.5034636602561829e-15
canagliflozin,exemestane,hydroxychloroquine,1.4691012263276509e-15
alpelisib,canagliflozin,hydroxychloroquine,1.4636972239211187e-15
eribulin,midazolam,pF-03084014,1.4598669822135795e-15
gemcitabine,hydroxychloroquine,pF-03084014,1.4555101160890405e-15
lY2835219,midazolam,pF-03084014,1.436349992775799e-15
canagliflozin,midazolam,pF-03084014,1.433170180518594e-15
midazolam,pF-03084014,panobinostat,1.4324534322803725e-15
epirubicin,hydroxychloroquine,pF-03084014,1.4152362751933342e-15
fulvestrant,hydroxychloroquine,pF-03084014,1.39029645268473e-15
midazolam,pF-03084014,paclitaxel,1.3883480669237609e-15
hydroxychloroquine,pF-03084014,panobinostat,1.3870351743299747e-15
canagliflozin,hydroxychloroquine,lapatinib,1.3851636909991313e-15
canagliflozin,goserelin,hydroxychloroquine,1.3838437930374128e-15
canagliflozin,docetaxel,hydroxychloroquine,1.3797712670383924e-15
capecitabine,hydroxychloroquine,pF-03084014,1.3657584431971882e-15
canagliflozin,hydroxychloroquine,tucatinib,1.3435721513691048e-15
canagliflozin,eribulin,hydroxychloroquine,1.3386982777513794e-15
canagliflozin,hydroxychloroquine,panobinostat,1.334919167281665e-15
canagliflozin,goserelin,pF-03084014,1.309085401138938e-15
exemestane,midazolam,pF-03084014,1.2626254814168853e-15
canagliflozin,hydroxychloroquine,vinorelbine,1.2614370059597585e-15
alpelisib,midazolam,pF-03084014,1.2416549800006246e-15
canagliflozin,capecitabine,hydroxychloroquine,1.209186786762547e-15
capecitabine,midazolam,pF-03084014,1.1961521225655626e-15
canagliflozin,docetaxel,fentanyl,1.1731367369931491e-15
hydroxychloroquine,palbociclib,propofol,1.1510267874076109e-15
hydroxychloroquine,lapatinib,pF-03084014,1.1472435166014271e-15
canagliflozin,fentanyl,hydroxychloroquine,1.1451408433911732e-15
gemcitabine,midazolam,pF-03084014,1.1121004824372735e-15
hydroxychloroquine,lY2835219,pF-03084014,1.0357275118589839e-15
fulvestrant,midazolam,pF-03084014,9.643367801364106e-16
goserelin,pF-03084014,propofol,9.59687476355297e-16
canagliflozin,gemcitabine,hydroxychloroquine,9.336725030996711e-16
anastrozole,midazolam,pF-03084014,7.805538316068351e-16
letrozole,midazolam,pF-03084014,7.368362472664462e-16
canagliflozin,everolimus,hydroxychloroquine,5.78513172081136e-16
canagliflozin,degarelix,hydroxychloroquine,5.493226138436817e-16
canagliflozin,hydroxychloroquine,pF-03084014,3.796641597294573e-16
docetaxel,midazolam,pF-03084014,3.741760531595709e-16
midazolam,pF-03084014,vinorelbine,2.5616045678250406e-16
hydroxychloroquine,midazolam,pF-03084014,7.967320519961193e-17
goserelin,hydroxychloroquine,pF-03084014,3.199689171965305e-17
goserelin,midazolam,pF-03084014,0.0
